date,year,month,n_orders,n_trades,n_bids,n_offers,n_active,n_withdrawn,n_inactive,trade_vol,trade_px_avg,trade_px_min,trade_px_max,trade_px_range,unmatched_bids,unmatched_offers,moc_orders,moc_trades,moc_vol,moc_avg_px,moc_net_bid,top_buyer,top_buyer_n,top_seller,top_seller_n,all_buyers,all_sellers,top_mm_bid,top_mm_offer,strips,vol_zscore,price_range_norm,bid_imbal,unmatched_frac,seller_conc,severity_score,event_type,m_fly,m_fly_chg,k_fly,k_fly_chg
2017-01-03,2017,1,85,6,23,62,76,3,0,600,56.735,56.39,56.88,0.49,2,5,85,6,600,56.735,-200,GUNVORSA,5,VITOL,4,"GUNVORSA, SCRTUKLtd","VITOL, STASCO, TOTSA",SCRTUKLtd,VITOL,"Apr17, Mar17",-0.10815966809526345,0.008081807685964044,0.9176470588235294,0.16666666666666666,1.1428571428571428,1.12,BUYER_DOMINANT,,,,
2017-01-04,2017,1,59,6,0,59,51,2,0,600,56.095,55.86,56.54,0.68,0,6,59,6,600,56.095,-600,TOTSA,2,STASCO,3,"STASCO, TOTSA, GUNVORSA, SCRTUKLtd, MERCURIASA","VITOL, STASCO, TRAFI",,VITOL,"Apr17, Mar17",-0.10815966809526345,0.011215569849909287,2.0,0.0,0.8571428571428571,1.44,OFFER_PRESSURE,,,,
2017-01-05,2017,1,112,4,34,78,107,1,0,400,56.322,56.16,56.75,0.59,1,3,112,4,400,56.322,-200,VITOL,2,SCRTUKLtd,3,"SCRTUKLtd, VITOL, TOTSA","HARTREE, SCRTUKLtd",TOTSA,SCRTUKLtd,"Apr17, Mar17",-0.4669871849139039,0.009731156193303643,0.7857142857142857,0.05714285714285714,1.2,1.03,SELLER_DOMINANT,,,,
2017-01-06,2017,1,126,0,124,2,120,6,0,0,,,,,5,1,126,0,0,,0,,0,,0,,,TRAFI,SCRTUKLtd,"Apr17, Mar17",-1.1846422185511847,0.0,1.9365079365079365,0.08,0.0,1.01,BID_PRESSURE,,,,
2017-01-09,2017,1,132,11,85,47,114,7,0,1100,55.592,55.55,55.64,0.09,8,7,132,11,1100,55.592,300,GUNVORSA,6,SCRTUKLtd,7,"VITOL, MERCURIASA, GUNVORSA","HARTREE, TOTSA, SCRTUKLtd",VITOL,TOTSA,Mar17,0.7889091239513376,0.0014844136566056407,0.5757575757575758,0.18604651162790697,1.1666666666666667,1.6,NORMAL,,,,
2017-01-10,2017,1,31,2,0,31,27,1,1,200,54.405,54.39,54.42,0.03,0,3,31,2,200,54.405,-200,STASCO,2,SCRTUKLtd,2,STASCO,SCRTUKLtd,,SCRTUKLtd,Mar17,-0.8258147017325443,0.0004948045522018802,2.0,0.0,1.3333333333333333,1.67,SELLER_DOMINANT,,,,
2017-01-11,2017,1,48,2,0,48,44,2,0,200,55.09,55.09,55.09,0.0,0,3,48,2,200,55.09,-200,CCMA,1,HARTREE,2,"CCMA, SCRTUKLtd",HARTREE,,HARTREE,Mar17,-0.8258147017325443,0.0,2.0,0.0,1.3333333333333333,1.67,SELLER_DOMINANT,,,,
2017-01-12,2017,1,46,5,32,14,39,2,0,500,55.986,55.98,56.01,0.03,5,1,46,5,500,55.986,300,VITOL,5,SCRTUKLtd,4,VITOL,"SCRTUKLtd, TOTSA",VITOL,TOTSA,Mar17,-0.2875734265045837,0.0004948045522018802,0.782608695652174,0.30303030303030304,1.3333333333333333,1.21,SELLER_DOMINANT,,,,
2017-01-13,2017,1,71,5,28,43,63,3,0,500,55.61,55.61,55.61,0.0,4,4,71,5,500,55.61,300,VITOL,5,STASCO,4,VITOL,"STASCO, MERCURIASA",VITOL,SCRTUKLtd,"Apr17, Mar17",-0.2875734265045837,0.0,0.4225352112676056,0.27586206896551724,1.3333333333333333,1.02,SELLER_DOMINANT,,,,
2017-01-16,2017,1,105,6,21,84,93,6,0,600,55.463,55.46,55.47,0.01,4,7,97,6,600,55.463,-400,GUNVORSA,2,STASCO,4,"GUNVORSA, VITOL, MERCURIASA, EQUINOR","STASCO, SCRTUKLtd",EQUINOR,TOTSA,"Apr17, Mar17",-0.10815966809526345,0.00016493485073396007,1.2,0.36363636363636365,1.1428571428571428,1.35,OFFER_PRESSURE,,,,
2017-01-17,2017,1,111,2,55,56,99,10,0,200,55.935,55.93,55.94,0.01,7,4,111,2,200,55.935,200,STASCO,1,MERCURIASA,1,"STASCO, EQUINOR","MERCURIASA, TOTSA",TRAFI,HARTREE,Mar17,-0.8258147017325443,0.00016493485073396007,0.018018018018018018,0.25,0.6666666666666666,0.47,NORMAL,,,,
2017-01-18,2017,1,59,2,29,30,43,14,0,200,55.19,55.19,55.19,0.0,8,7,43,2,200,55.19,-200,STASCO,2,TOTSA,2,STASCO,TOTSA,EQUINOR,TOTSA,Mar17,-0.8258147017325443,0.0,0.03389830508474576,0.5333333333333333,1.3333333333333333,0.95,SELLER_DOMINANT,,,,
2017-01-19,2017,1,11,1,11,0,10,0,0,100,54.26,54.26,54.26,0.0,1,0,11,1,100,54.26,100,STASCO,1,GUNVORSA,1,STASCO,GUNVORSA,STASCO,,Mar17,-1.0052284601418646,0.0,2.0,0.16666666666666666,1.0,1.58,SELLER_DOMINANT,,,,
2017-01-20,2017,1,27,1,0,27,22,4,0,100,56.07,56.07,56.07,0.0,0,2,27,1,100,56.07,-100,STASCO,1,HARTREE,1,STASCO,HARTREE,,HARTREE,Apr17,-1.0052284601418646,0.0,2.0,0.0,1.0,1.5,SELLER_DOMINANT,,,,
2017-01-23,2017,1,57,4,57,0,48,5,0,400,55.848,55.48,55.97,0.49,7,0,57,4,400,55.848,400,SCRTUKLtd,3,MERCURIASA,2,"STASCO, SCRTUKLtd","CCMA, MERCURIASA, HARTREE",SCRTUKLtd,,"Apr17, Mar17",-0.4669871849139039,0.008081807685964044,2.0,0.2413793103448276,0.8,1.53,BUYER_DOMINANT,,,,
2017-01-24,2017,1,98,8,56,42,84,6,0,800,56.08,55.75,56.21,0.46,6,7,98,8,800,56.08,-200,VITOL,4,HARTREE,4,"MERCURIASA, STASCO, VITOL, NOBLECF","HARTREE, GLENCORE, GUNVORSA",VITOL,HARTREE,"Apr17, Mar17",0.250667848723377,0.007587003133762164,0.2857142857142857,0.21052631578947367,0.8888888888888888,0.9,NORMAL,,,,
2017-01-25,2017,1,38,2,38,0,34,2,0,200,55.815,55.64,55.99,0.35,3,0,38,2,200,55.815,200,SCRTUKLtd,1,HARTREE,1,"SCRTUKLtd, STASCO","HARTREE, TOTSA",SCRTUKLtd,,"Apr17, Mar17",-0.8258147017325443,0.005772719775688603,2.0,0.15384615384615385,0.6666666666666666,1.41,BID_PRESSURE,,,,
2017-01-26,2017,1,13,3,0,13,7,3,0,300,56.75,56.75,56.75,0.0,0,4,13,3,300,56.75,-300,HARTREE,2,STASCO,3,"HARTREE, TOTSA",STASCO,,STASCO,Apr17,-0.6464009433232241,0.0,2.0,0.0,1.5,1.75,SELLER_DOMINANT,,,,
2017-01-27,2017,1,2,0,2,0,1,1,0,0,,,,,1,0,2,0,0,,0,,0,,0,,,TOTSA,,Mar17,-1.1846422185511847,0.0,2.0,0.6666666666666666,0.0,1.33,BID_PRESSURE,,,,
2017-01-30,2017,1,84,5,82,2,74,5,0,500,55.612,55.6,55.63,0.03,7,1,84,5,500,55.612,500,STASCO,3,HARTREE,2,"STASCO, TOTSA","HARTREE, GUNVORSA, MERCURIASA",STASCO,HARTREE,Apr17,-0.2875734265045837,0.0004948045522018802,1.9047619047619047,0.1686746987951807,0.6666666666666666,1.37,BID_PRESSURE,,,,
2017-01-31,2017,1,48,4,48,0,44,0,0,400,56.52,56.51,56.53,0.02,4,0,48,4,400,56.52,400,TRAFI,2,CHEVUK,2,"TRAFI, STASCO","CHEVUK, HARTREE",TRAFI,,Apr17,-0.4669871849139039,0.00032986970146792015,2.0,0.16326530612244897,0.8,1.48,BID_PRESSURE,,,,
2017-02-01,2017,2,105,6,73,32,94,5,0,600,56.702,56.66,56.73,0.07,8,2,105,6,600,56.702,400,STASCO,3,PSX,2,"STASCO, GUNVORSA","CHEVUK, TOTSA, PSX, NOBLECF, MERCURIASA",GUNVORSA,PSX,Apr17,-0.18414582156353734,0.0011545439551377207,0.780952380952381,0.21621621621621623,0.5714285714285714,0.78,BID_PRESSURE,,,,
2017-02-02,2017,2,87,8,87,0,75,3,1,800,57.149,57.14,57.15,0.01,10,0,87,8,800,57.149,800,GUNVORSA,5,HARTREE,3,"GUNVORSA, STASCO, TRAFI","MERCURIASA, TOTSA, HARTREE, CHEVUK, GLENCORE",TRAFI,,Apr17,0.16339699659863158,0.00016493485073396007,2.0,0.22727272727272727,0.6666666666666666,1.58,BID_PRESSURE,,,,
2017-02-03,2017,2,63,5,63,0,54,4,0,500,57.126,57.12,57.13,0.01,7,0,63,5,500,57.126,500,TRAFI,3,SCRTUKLtd,2,"TRAFI, GUNVORSA","SCRTUKLtd, MERCURIASA, GLENCORE",TRAFI,,Apr17,-0.3579172306446218,0.00016493485073396007,2.0,0.21875,0.6666666666666666,1.44,BID_PRESSURE,,,,
2017-02-06,2017,2,66,5,23,43,58,3,0,500,56.364,56.19,56.61,0.42,3,5,66,5,500,56.364,-100,GUNVORSA,4,STASCO,2,"GUNVORSA, MERCURIASA","STASCO, MERCURIASA, GLENCORE",GUNVORSA,STASCO,"Apr17, May17",-0.3579172306446218,0.006927263730826323,0.6060606060606061,0.25,0.6666666666666666,0.77,BUYER_DOMINANT,,,,
2017-02-07,2017,2,28,3,28,0,23,2,0,300,55.037,55.03,55.04,0.01,4,0,28,3,300,55.037,300,STASCO,2,TOTSA,1,"STASCO, MERCURIASA","TOTSA, GUNVORSA, HARTREE",MERCURIASA,,Apr17,-0.7054600488067907,0.00016493485073396007,2.0,0.27586206896551724,0.5,1.39,BID_PRESSURE,,,,
2017-02-08,2017,2,50,3,22,28,44,3,0,300,55.44,55.44,55.44,0.0,2,3,50,3,300,55.44,100,MERCURIASA,2,STASCO,3,"MERCURIASA, HARTREE",STASCO,MERCURIASA,STASCO,Apr17,-0.7054600488067907,0.0,0.24,0.17391304347826086,1.5,0.96,SELLER_DOMINANT,,,,
2017-02-09,2017,2,43,4,0,43,36,3,0,400,55.57,55.56,55.6,0.04,0,6,43,4,400,55.57,-400,HARTREE,2,STASCO,3,"TOTSA, HARTREE, GUNVORSA","STASCO, GLENCORE",,STASCO,Apr17,-0.5316886397257062,0.0006597394029358403,2.0,0.0,1.2,1.6,SELLER_DOMINANT,,,,
2017-02-10,2017,2,27,1,0,27,24,2,0,100,56.89,56.89,56.89,0.0,0,3,27,1,100,56.89,-100,MERCURIASA,1,STASCO,1,MERCURIASA,STASCO,,STASCO,Apr17,-1.0530028669689597,0.0,2.0,0.0,1.0,1.5,SELLER_DOMINANT,,,,
2017-02-13,2017,2,79,4,24,55,69,6,0,400,55.718,55.65,55.92,0.27,4,5,79,4,400,55.718,0,GLENCORE,2,CHEVUK,3,"STASCO, TOTSA, GLENCORE","SCRTUKLtd, CHEVUK",GLENCORE,SCRTUKLtd,"Apr17, May17",-0.5316886397257062,0.004453240969816923,0.7848101265822784,0.32,1.2,1.16,SELLER_DOMINANT,,,,
2017-02-14,2017,2,115,8,2,113,101,6,0,800,56.504,56.49,56.53,0.04,1,11,115,8,800,56.504,-800,SCRTUKLtd,2,VITOL,4,"MERCURIASA, HARTREE, SCRTUKLtd, PSX, GUNVORSA","VITOL, CHEVUK",GLENCORE,VITOL,"Apr17, May17",0.16339699659863158,0.0006597394029358403,1.9304347826086956,0.6666666666666666,0.8888888888888888,1.87,OFFER_PRESSURE,,,,
2017-02-15,2017,2,92,7,14,78,81,4,0,700,56.1,55.85,56.16,0.31,2,6,92,7,700,56.1,-300,GLENCORE,2,MERCURIASA,3,"GLENCORE, SCRTUKLtd, STASCO, HARTREE, PSX","MERCURIASA, CHEVUK, GLENCORE",GLENCORE,CHEVUK,"Apr17, May17",-0.01037441248245289,0.005112980372752762,1.391304347826087,0.26666666666666666,0.75,1.21,OFFER_PRESSURE,,,,
2017-02-16,2017,2,126,15,60,66,108,3,0,1800,55.459,55.34,55.85,0.51,7,11,126,15,1800,55.459,-600,STASCO,4,CHEVUK,6,"PSX, SCRTUKLtd, HARTREE, GLENCORE, STASCO","GUNVORSA, MERCURIASA, HARTREE, CHEVUK, TRAFI",SCRTUKLtd,GUNVORSA,"Apr17, May17",1.9011110874094759,0.008411677387431964,0.09523809523809523,0.22950819672131148,0.75,2.06,VOL_SPIKE,,,,
2017-02-17,2017,2,139,6,56,83,119,14,0,600,55.578,55.49,55.78,0.29,8,10,139,6,600,55.578,200,SCRTUKLtd,5,MERCURIASA,2,"SCRTUKLtd, GUNVORSA","MERCURIASA, STASCO, GUNVORSA, HARTREE, GLENCORE",SCRTUKLtd,VITOL,"Apr17, May17",-0.18414582156353734,0.004783110671284842,0.38848920863309355,0.2807017543859649,0.5714285714285714,0.62,BUYER_DOMINANT,,,,
2017-02-20,2017,2,73,3,26,47,68,2,0,300,56.367,56.3,56.4,0.1,1,4,73,3,300,56.367,-100,HARTREE,1,VITOL,2,"HARTREE, STASCO, SCRTUKLtd","VITOL, MERCURIASA",SCRTUKLtd,VITOL,"Apr17, May17",-0.7054600488067907,0.0016493485073396008,0.5753424657534246,0.07407407407407407,1.0,0.83,NORMAL,,,,
2017-02-21,2017,2,97,4,60,37,90,3,0,400,57.122,57.03,57.16,0.13,4,3,95,4,400,57.122,200,STASCO,3,VITOL,3,"STASCO, MERCURIASA","TRAFI, VITOL",MERCURIASA,TRAFI,"Apr17, May17",-0.5316886397257062,0.002144153059541481,0.4742268041237113,0.13114754098360656,1.2,0.9,SELLER_DOMINANT,,,,
2017-02-22,2017,2,59,1,0,59,56,2,0,100,55.96,55.96,55.96,0.0,0,3,59,1,100,55.96,-100,STASCO,1,HARTREE,1,STASCO,HARTREE,,HARTREE,"Apr17, May17",-1.0530028669689597,0.0,2.0,0.0,1.0,1.5,SELLER_DOMINANT,,,,
2017-02-23,2017,2,69,5,46,23,62,2,0,500,56.988,56.76,57.06,0.3,3,4,69,5,500,56.988,-100,GUNVORSA,4,HARTREE,4,"GUNVORSA, HARTREE","HARTREE, SCRTUKLtd",HARTREE,HARTREE,"Apr17, May17",-0.3579172306446218,0.004948045522018802,0.6666666666666666,0.1276595744680851,1.3333333333333333,1.07,SELLER_DOMINANT,,,,
2017-02-24,2017,2,54,5,0,54,46,3,0,500,56.464,56.46,56.48,0.02,0,7,54,5,500,56.464,-500,GUNVORSA,4,VITOL,5,"CHEVUK, GUNVORSA",VITOL,,VITOL,May17,-0.3579172306446218,0.00032986970146792015,2.0,0.0,1.6666666666666667,1.83,SELLER_DOMINANT,,,,
2017-02-27,2017,2,42,2,3,39,35,4,1,200,56.55,56.55,56.55,0.0,1,3,42,2,200,56.55,-200,PSX,1,HARTREE,2,"PSX, STASCO",HARTREE,TRAFI,HARTREE,May17,-0.8792314578878752,0.0,1.7142857142857142,0.5,1.3333333333333333,1.77,SELLER_DOMINANT,,,,
2017-02-28,2017,2,67,3,0,67,58,6,0,300,55.763,55.73,55.83,0.1,0,8,63,3,300,55.763,-300,SCRTUKLtd,1,VITOL,2,"SCRTUKLtd, HARTREE, STASCO","VITOL, PSX",,VITOL,May17,-0.7054600488067907,0.0016493485073396008,2.0,0.0,1.0,1.5,OFFER_PRESSURE,,,,
2017-03-01,2017,3,76,2,17,59,70,4,0,200,56.655,56.61,56.7,0.09,1,4,76,2,200,56.655,-200,HARTREE,1,NOBLECF,1,"HARTREE, STASCO","NOBLECF, VITOL",HARTREE,VITOL,May17,-0.8924509099394579,0.0014844136566056407,1.105263157894737,0.1111111111111111,0.6666666666666666,0.94,OFFER_PRESSURE,,,-0.13,
2017-03-02,2017,3,99,1,22,77,93,5,0,100,55.46,55.46,55.46,0.0,2,4,99,1,100,55.46,100,HARTREE,1,VITOL,1,HARTREE,VITOL,MERCURIASA,NOBLECF,May17,-1.194490191863838,0.0,1.1111111111111112,0.17391304347826086,1.0,1.14,SELLER_DOMINANT,,,-0.1,0.03
2017-03-03,2017,3,106,1,27,79,98,7,0,100,55.61,55.61,55.61,0.0,2,6,106,1,100,55.61,-100,SCRTUKLtd,1,GUNVORSA,1,SCRTUKLtd,GUNVORSA,MERCURIASA,NOBLECF,May17,-1.194490191863838,0.0,0.9811320754716981,0.14285714285714285,1.0,1.06,SELLER_DOMINANT,,,-0.06,0.04
2017-03-06,2017,3,116,8,52,64,101,7,0,800,56.001,55.96,56.21,0.25,6,8,116,8,800,56.001,-200,MERCURIASA,3,GUNVORSA,7,"MERCURIASA, HARTREE, STASCO, TRAFI","GUNVORSA, VITOL",MERCURIASA,VITOL,"Jul17, Jun17, May17",0.9197847816068226,0.004123371268349002,0.20689655172413793,0.22641509433962265,1.5555555555555556,1.73,SELLER_DOMINANT,,,-0.06,0.0
2017-03-07,2017,3,123,3,59,64,113,7,0,300,56.35,56.35,56.35,0.0,5,3,123,3,300,56.35,300,STASCO,3,GUNVORSA,3,STASCO,GUNVORSA,MERCURIASA,GUNVORSA,"Jun17, May17",-0.5904116280150777,0.0,0.08130081300813008,0.16666666666666666,1.5,0.87,SELLER_DOMINANT,,,-0.04,0.02
2017-03-08,2017,3,128,3,28,100,120,5,0,300,55.203,55.11,55.39,0.28,2,6,128,3,300,55.203,100,MERCURIASA,2,HARTREE,2,"STASCO, MERCURIASA","GUNVORSA, HARTREE",MERCURIASA,HARTREE,"Jun17, May17",-0.5904116280150777,0.004618175820550883,1.125,0.13793103448275862,1.0,1.13,OFFER_PRESSURE,,,-0.06,-0.02
2017-03-09,2017,3,56,1,0,56,52,3,0,100,52.0,52.0,52.0,0.0,0,4,56,1,100,52.0,-100,SCRTUKLtd,1,MERCURIASA,1,SCRTUKLtd,MERCURIASA,,NOBLECF,"Jun17, May17",-1.194490191863838,0.0,2.0,0.0,1.0,1.5,SELLER_DOMINANT,,,-0.05,0.01
2017-03-10,2017,3,81,1,9,72,75,5,0,100,52.14,52.14,52.14,0.0,2,4,81,1,100,52.14,100,STASCO,1,MERCURIASA,1,STASCO,MERCURIASA,STASCO,NOBLECF,"Jun17, May17",-1.194490191863838,0.0,1.5555555555555556,0.4,1.0,1.48,SELLER_DOMINANT,,,-0.06,-0.01
2017-03-13,2017,3,196,12,105,91,176,8,0,1200,51.652,51.52,51.77,0.25,7,14,196,12,1200,51.652,-1000,MERCURIASA,7,HARTREE,4,"STASCO, MERCURIASA, TOTSA","HARTREE, VITOL, GUNVORSA, NOBLECF",MERCURIASA,HARTREE,"Jun17, May17, May17/Jun17",2.127941909304343,0.004123371268349002,0.14285714285714285,0.1320754716981132,0.6153846153846154,2.05,VOL_SPIKE,,,-0.04,0.02
2017-03-14,2017,3,81,3,7,74,73,5,0,300,50.537,50.48,50.65,0.17,2,7,81,3,300,50.537,-300,SCRTUKLtd,2,GUNVORSA,2,"STASCO, SCRTUKLtd","VITOL, GUNVORSA",TOTSA,VITOL,"Jun17, May17, May17/Jun17",-0.5904116280150777,0.0028038924624773217,1.654320987654321,0.5,1.0,1.58,OFFER_PRESSURE,,,0.01,0.05
2017-03-15,2017,3,41,2,11,30,35,3,1,200,51.84,51.84,51.84,0.0,2,4,39,2,200,51.84,-200,MERCURIASA,1,GUNVORSA,2,"MERCURIASA, SCRTUKLtd",GUNVORSA,TOTSA,GUNVORSA,"Jun17, May17, May17/Jun17",-0.8924509099394579,0.0,0.926829268292683,0.3333333333333333,1.3333333333333333,1.3,SELLER_DOMINANT,,,0.01,0.0
2017-03-16,2017,3,119,8,39,80,106,5,0,800,51.755,51.72,51.78,0.06,2,11,119,8,800,51.755,-800,SCRTUKLtd,6,GUNVORSA,4,"SCRTUKLtd, MERCURIASA, STASCO","GUNVORSA, VITOL",SCRTUKLtd,VITOL,"Jun17, May17/Jun17",0.9197847816068226,0.0009896091044037604,0.6890756302521008,0.1,0.8888888888888888,1.58,BUYER_DOMINANT,,,0.01,0.0
2017-03-17,2017,3,135,14,60,75,116,5,0,1400,51.914,51.79,51.95,0.16,7,11,135,14,1400,51.914,-400,SCRTUKLtd,9,VITOL,8,"SCRTUKLtd, VITOL, STASCO","VITOL, GUNVORSA, TRAFI, NOBLECF, MERCURIASA",SCRTUKLtd,NOBLECF,"Jun17, May17, May17/Jun17",2.7320204731531033,0.002638957611743361,0.2222222222222222,0.22950819672131148,1.0666666666666667,2.36,VOL_SPIKE,,,0.01,0.0
2017-03-20,2017,3,144,4,120,24,130,10,0,400,51.995,51.95,52.01,0.06,8,3,144,4,400,51.995,-200,SCRTUKLtd,2,VITOL,3,"TOTSA, SCRTUKLtd, HARTREE","NOBLECF, VITOL",TOTSA,VITOL,"Jun17, May17",-0.2883723460906977,0.0009896091044037604,1.3333333333333333,0.1322314049586777,1.2,1.33,SELLER_DOMINANT,,,0.02,0.01
2017-03-21,2017,3,55,2,0,55,49,4,0,200,51.11,51.11,51.11,0.0,0,4,55,2,200,51.11,-200,TRAFI,1,STASCO,2,"TRAFI, MERCURIASA",STASCO,,NOBLECF,"Jun17, May17",-0.8924509099394579,0.0,2.0,0.0,1.3333333333333333,1.67,SELLER_DOMINANT,,,0.02,0.0
2017-03-22,2017,3,123,4,59,64,113,6,0,400,50.31,50.3,50.32,0.02,4,5,123,4,400,50.31,0,VITOL,2,TRAFI,2,"VITOL, MERCURIASA","TRAFI, GUNVORSA, NOBLECF",VITOL,NOBLECF,"Jun17, May17",-0.2883723460906977,0.00032986970146792015,0.08130081300813008,0.13333333333333333,0.8,0.51,NORMAL,,,0.02,0.0
2017-03-23,2017,3,132,6,21,111,121,5,0,600,50.757,50.72,50.82,0.1,1,9,132,6,600,50.757,-600,VITOL,3,MERCURIASA,2,"SCRTUKLtd, VITOL, MERCURIASA","STASCO, HARTREE, VITOL, GUNVORSA, MERCURIASA",VITOL,MERCURIASA,"Jun17, May17",0.31570621775806246,0.0016493485073396008,1.3636363636363635,0.09090909090909091,0.5714285714285714,1.27,OFFER_PRESSURE,,,0.1,0.08
2017-03-24,2017,3,78,3,60,18,72,3,0,400,50.663,50.65,50.67,0.02,4,2,78,3,400,50.663,0,VITOL,2,TRAFI,2,"VITOL, MERCURIASA","HARTREE, TRAFI",VITOL,TRAFI,"Jun17, May17",-0.2883723460906977,0.00032986970146792015,1.0769230769230769,0.13114754098360656,1.0,1.1,BID_PRESSURE,,,0.12,0.02
2017-03-27,2017,3,178,6,114,64,158,14,0,600,50.862,50.76,50.97,0.21,8,12,178,6,600,50.862,-200,VITOL,2,GUNVORSA,3,"VITOL, SCRTUKLtd, PSX, HARTREE","GUNVORSA, BP",SCRTUKLtd,NOBLECF,"Jun17, May17",0.31570621775806246,0.0034636318654131617,0.5617977528089888,0.1391304347826087,0.8571428571428571,1.03,NORMAL,,,0.12,0.0
2017-03-28,2017,3,111,10,51,60,95,6,0,1000,51.627,51.57,51.79,0.22,9,7,111,10,1000,51.627,200,GUNVORSA,8,SCRTUKLtd,8,"BP, GUNVORSA","HARTREE, SCRTUKLtd, STASCO",GUNVORSA,SCRTUKLtd,"Jun17, May17",1.5238633454555828,0.003628566716147122,0.16216216216216217,0.34615384615384615,1.4545454545454546,2.2,SELLER_DOMINANT,,,0.15,0.03
2017-03-29,2017,3,113,5,108,5,101,7,0,500,52.354,52.33,52.37,0.04,9,2,113,5,500,52.354,500,GUNVORSA,3,MERCURIASA,2,"GUNVORSA, BP","MERCURIASA, HARTREE, TRAFI",GUNVORSA,GUNVORSA,"Jun17, May17, May17/Jun17",0.013666935833682394,0.0006597394029358403,1.823008849557522,0.1651376146788991,0.6666666666666666,1.34,BID_PRESSURE,,,0.12,-0.03
2017-03-30,2017,3,120,4,62,58,113,2,1,400,53.24,53.22,53.25,0.03,3,3,120,4,400,53.24,0,STASCO,2,MERCURIASA,2,"PTRIN, STASCO, TOTSA","MERCURIASA, NOBLECF",TOTSA,NOBLECF,Jun17,-0.2883723460906977,0.0004948045522018802,0.06666666666666667,0.09523809523809523,0.8,0.48,NORMAL,,,0.09,-0.03
2017-03-31,2017,3,117,6,51,66,107,4,0,600,53.028,53.02,53.05,0.03,4,6,117,6,600,53.028,-200,STASCO,4,SCRTUKLtd,4,"STASCO, PTRIN","HARTREE, SCRTUKLtd",PTRIN,SCRTUKLtd,Jun17,0.31570621775806246,0.0004948045522018802,0.2564102564102564,0.15384615384615385,1.1428571428571428,1.03,NORMAL,,,-0.44,-0.53
2017-04-03,2017,4,87,5,40,47,75,7,0,500,53.218,53.2,53.23,0.03,5,5,81,5,500,53.218,100,STASCO,2,MERCURIASA,2,"STASCO, GUNVORSA, SCRTUKLtd","MERCURIASA, NOBLECF, SCRTUKLtd",GUNVORSA,NOBLECF,Jun17,-0.24674121910854602,0.0004948045522018802,0.16091954022988506,0.24390243902439024,0.6666666666666666,0.54,NORMAL,-0.06,,,
2017-04-04,2017,4,170,10,110,60,157,3,0,1000,54.134,54.1,54.41,0.31,8,6,170,10,1000,54.134,400,GUNVORSA,4,MERCURIASA,5,"GUNVORSA, TOTSA, PTRIN","MERCURIASA, NOBLECF, SCRTUKLtd",PTRIN,NOBLECF,"Jul17, Jun17",0.6000884004800177,0.005112980372752762,0.5882352941176471,0.14414414414414414,0.9090909090909091,1.3,NORMAL,-0.06,0.0,,
2017-04-05,2017,4,63,0,32,31,60,3,0,0,,,,,1,2,63,0,0,,0,,0,,0,,,MERCURIASA,NOBLECF,"Jul17, Jun17",-1.0935708386971097,0.0,0.031746031746031744,0.06060606060606061,0.0,0.05,NORMAL,-0.07,-0.01,,
2017-04-06,2017,4,142,4,125,17,136,2,0,400,54.857,54.76,55.15,0.39,5,2,142,4,400,54.857,200,STASCO,2,NOBLECF,2,"PTRIN, SCRTUKLtd, STASCO","MERCURIASA, STASCO, NOBLECF",TRAFI,NOBLECF,"Jul17, Jun17",-0.41610714302625873,0.006432459178624443,1.5211267605633803,0.07936507936507936,0.8,1.2,BID_PRESSURE,-0.1,-0.03,,
2017-04-07,2017,4,41,4,30,11,37,0,0,400,55.143,55.13,55.16,0.03,3,1,41,4,400,55.143,200,VITOL,4,MERCURIASA,3,VITOL,"STASCO, MERCURIASA",VITOL,STASCO,Jun17,-0.41610714302625873,0.0004948045522018802,0.926829268292683,0.1935483870967742,1.2,1.16,SELLER_DOMINANT,-0.1,0.0,,
2017-04-10,2017,4,4,0,2,2,2,2,0,0,,,,,1,1,4,0,0,,0,,0,,0,,,VITOL,STASCO,Jun17,-1.0935708386971097,0.0,0.0,0.6666666666666666,0.0,0.33,NORMAL,-0.12,-0.02,,
2017-04-11,2017,4,158,8,95,63,146,4,0,800,55.721,55.59,56.23,0.64,6,6,158,8,800,55.721,0,TOTSA,3,SCRTUKLtd,6,"HARTREE, TOTSA, TRAFI, GUNVORSA, PTRIN","SCRTUKLtd, NOBLECF, STASCO",PTRIN,NOBLECF,"Jul17, Jun17",0.2613565526445922,0.010555830446973445,0.4050632911392405,0.125,1.3333333333333333,1.15,SELLER_DOMINANT,-0.13,-0.01,,
2017-04-12,2017,4,153,3,83,70,141,9,0,300,56.337,55.99,56.51,0.52,7,5,153,3,300,56.337,300,GUNVORSA,2,MERCURIASA,2,"GUNVORSA, PTRIN","MERCURIASA, HARTREE",PTRIN,NOBLECF,"Jul17, Jun17",-0.5854730669439715,0.008576612238165924,0.16993464052287582,0.16666666666666666,1.0,0.67,NORMAL,-0.14,-0.01,,
2017-04-13,2017,4,166,7,63,103,153,6,0,700,55.914,55.9,55.92,0.02,7,6,0,0,0,,0,GUNVORSA,6,SCRTUKLtd,5,"GUNVORSA, PTRIN","STASCO, SCRTUKLtd, HARTREE",GUNVORSA,SCRTUKLtd,Jun17,0.09199062872687946,0.00032986970146792015,0.4819277108433735,0.21875,1.25,1.05,SELLER_DOMINANT,-0.16,-0.02,,
2017-04-18,2017,4,127,2,0,127,117,8,0,200,55.565,55.56,55.57,0.01,0,9,127,2,200,55.565,-200,SCRTUKLtd,2,HARTREE,1,SCRTUKLtd,"HARTREE, VITOL",,VITOL,"Jul17, Jun17",-0.7548389908616843,0.00016493485073396007,2.0,0.0,0.6666666666666666,1.33,BUYER_DOMINANT,-0.19,-0.02,,
2017-04-19,2017,4,136,6,2,134,124,6,0,600,54.752,54.42,54.94,0.52,1,8,136,6,600,54.752,-600,MERCURIASA,2,VITOL,3,"MERCURIASA, PSX, SCRTUKLtd, HARTREE","STASCO, VITOL, TOTSA",GUNVORSA,VITOL,"Jul17, Jun17",-0.07737529519083328,0.008576612238165924,1.9411764705882353,0.6666666666666666,0.8571428571428571,1.74,OFFER_PRESSURE,-0.16,0.03,,
2017-04-20,2017,4,173,9,73,100,157,7,0,900,53.329,53.05,53.48,0.43,4,11,173,9,900,53.329,-100,HARTREE,3,STASCO,3,"HARTREE, PSX, SCRTUKLtd, STASCO, MERCURIASA","STASCO, VITOL, TOTSA, HARTREE",PSX,HARTREE,"Jul17, Jun17",0.43072247656230495,0.0070921985815602835,0.31213872832369943,0.10810810810810811,0.6,0.86,NORMAL,-0.14,0.02,,
2017-04-21,2017,4,142,3,17,125,134,5,0,300,52.377,52.36,52.41,0.05,1,7,142,3,300,52.377,-300,STASCO,2,VITOL,2,"STASCO, MERCURIASA","VITOL, SCRTUKLtd",PTRIN,VITOL,"Jul17, Jun17",-0.5854730669439715,0.0008246742536698004,1.5211267605633803,0.1111111111111111,1.0,1.32,OFFER_PRESSURE,-0.12,0.02,,
2017-04-24,2017,4,112,5,0,112,101,6,0,500,52.082,52.08,52.09,0.01,0,10,112,5,500,52.082,-500,SCRTUKLtd,2,GUNVORSA,4,"PSX, SCRTUKLtd, VITOL","GUNVORSA, STASCO",,GUNVORSA,"Jul17, Jun17",-0.24674121910854602,0.00016493485073396007,2.0,0.0,1.3333333333333333,1.67,SELLER_DOMINANT,-0.19,-0.07,,
2017-04-25,2017,4,118,1,116,2,109,7,1,100,51.64,51.64,51.64,0.0,7,1,116,1,100,51.64,100,NOBLECF,1,PSX,1,NOBLECF,PSX,NOBLECF,STASCO,"Jul17, Jun17",-0.9242049147793969,0.0,1.9322033898305084,0.11965811965811966,1.0,1.53,SELLER_DOMINANT,-0.18,0.01,,
2017-04-26,2017,4,165,4,125,40,152,9,0,400,52.56,52.31,52.81,0.5,8,5,165,4,400,52.56,0,VITOL,2,GUNVORSA,4,"VITOL, HARTREE",GUNVORSA,VITOL,GUNVORSA,"Jul17, Jun17",-0.41610714302625873,0.008246742536698003,1.0303030303030303,0.12698412698412698,1.6,1.38,SELLER_DOMINANT,-0.26,-0.08,,
2017-04-27,2017,4,104,4,26,78,94,6,0,400,51.17,51.17,51.17,0.0,4,6,104,4,400,51.17,-400,GUNVORSA,3,HARTREE,3,"GUNVORSA, MERCURIASA","HARTREE, NOBLECF",MERCURIASA,NOBLECF,"Jul17, Jun17",-0.41610714302625873,0.0,1.0,0.2962962962962963,1.2,1.25,SELLER_DOMINANT,-0.07,0.19,,
2017-04-28,2017,4,51,2,2,49,42,6,1,200,52.0,52.0,52.0,0.0,1,4,51,2,200,52.0,-200,MERCURIASA,2,VITOL,2,MERCURIASA,VITOL,STASCO,VITOL,Jul17,-0.7548389908616843,0.0,1.8431372549019607,0.6666666666666666,1.3333333333333333,1.92,SELLER_DOMINANT,0.0,0.07,,
2017-05-02,2017,5,164,9,30,134,149,6,0,900,51.181,51.13,51.55,0.42,2,10,164,9,900,51.181,-700,SCRTUKLtd,5,STASCO,4,"SCRTUKLtd, MERCURIASA, NOBLECF","TRAFI, STASCO, VITOL, PTRIN",NOBLECF,VITOL,"Aug17, Jul17",0.5725937365960727,0.006927263730826323,1.2682926829268293,0.12903225806451613,0.8,1.56,OFFER_PRESSURE,,,,
2017-05-03,2017,5,105,6,0,105,97,2,0,600,50.498,50.37,50.62,0.25,0,8,105,6,600,50.498,-600,GUNVORSA,3,STASCO,3,"GUNVORSA, CHEVUK, SCRTUKLtd","STASCO, VITOL, NOBLECF",,VITOL,"Aug17, Jul17",-0.14051380039167433,0.004123371268349002,2.0,0.0,0.8571428571428571,1.43,OFFER_PRESSURE,,,,
2017-05-04,2017,5,193,11,51,142,174,8,0,1100,49.084,48.99,49.25,0.26,4,11,193,11,1100,49.084,-700,HARTREE,4,STASCO,5,"GUNVORSA, HARTREE, NOBLECF, MERCURIASA, SCRTUKLtd","VITOL, STASCO, TRAFI, NOBLECF",NOBLECF,STASCO,"Aug17, Jul17",1.0479987612545707,0.004288306119082962,0.9430051813471503,0.15384615384615385,0.8333333333333334,1.81,OFFER_PRESSURE,,,,
2017-05-05,2017,5,177,5,42,135,166,6,0,500,49.338,49.21,49.53,0.32,2,7,177,5,500,49.338,-500,NOBLECF,2,STASCO,2,"MERCURIASA, NOBLECF, SCRTUKLtd","STASCO, VITOL, GUNVORSA",PSX,NOBLECF,"Aug17, Jul17",-0.3782163127209233,0.005277915223486722,1.0508474576271187,0.09302325581395349,0.6666666666666666,0.91,OFFER_PRESSURE,,,,
2017-05-08,2017,5,220,9,59,161,198,13,0,900,48.772,48.61,49.1,0.49,3,14,220,9,900,48.772,-700,SCRTUKLtd,4,GUNVORSA,5,"CCMA, NOBLECF, SCRTUKLtd","STASCO, VITOL, GUNVORSA",NOBLECF,GUNVORSA,"Aug17, Jul17",0.5725937365960727,0.008081807685964044,0.9272727272727272,0.1,1.0,1.48,OFFER_PRESSURE,,,,
2017-05-09,2017,5,138,13,78,60,123,2,0,1300,49.112,48.84,49.28,0.44,9,6,138,13,1300,49.112,300,HARTREE,7,VITOL,8,"NOBLECF, HARTREE, PSX, MERCURIASA, SCRTUKLtd","STASCO, VITOL, PTRIN",HARTREE,PTRIN,"Aug17, Jul17",1.5234037859130687,0.007257133432294244,0.2608695652173913,0.22784810126582278,1.1428571428571428,2.04,VOL_SPIKE,,,,
2017-05-10,2017,5,165,4,87,78,153,8,0,400,50.262,50.08,50.45,0.37,5,6,165,4,400,50.262,-200,SCRTUKLtd,1,VITOL,2,"SCRTUKLtd, STASCO, MERCURIASA, NOBLECF","STASCO, VITOL, HARTREE",NOBLECF,VITOL,"Aug17, Jul17",-0.6159188250501724,0.006102589477156523,0.10909090909090909,0.11363636363636363,0.8,0.52,NORMAL,,,,
2017-05-11,2017,5,119,4,41,78,109,6,0,400,51.152,50.92,51.23,0.31,2,7,119,4,400,51.152,-400,MERCURIASA,2,HARTREE,3,"MERCURIASA, STASCO","HARTREE, STASCO",NOBLECF,HARTREE,"Aug17, Jul17",-0.6159188250501724,0.005112980372752762,0.6218487394957983,0.09523809523809523,1.2,0.96,SELLER_DOMINANT,,,,
2017-05-12,2017,5,36,2,2,34,31,3,0,200,50.57,50.57,50.57,0.0,1,3,36,2,200,50.57,-200,SCRTUKLtd,2,STASCO,2,SCRTUKLtd,STASCO,SCRTUKLtd,STASCO,Jul17,-1.0913238497086704,0.0,1.7777777777777777,0.6666666666666666,1.3333333333333333,1.89,SELLER_DOMINANT,,,,
2017-05-15,2017,5,77,5,27,50,63,7,2,500,52.272,52.26,52.29,0.03,3,4,77,5,500,52.272,100,VITOL,3,PSX,2,"VITOL, SCRTUKLtd, HARTREE","PSX, VITOL, GUNVORSA",VITOL,VITOL,"Aug17, Jul17",-0.3782163127209233,0.0004948045522018802,0.5974025974025974,0.21428571428571427,0.6666666666666666,0.74,NORMAL,,,,
2017-05-16,2017,5,153,11,66,87,140,2,0,1100,52.117,51.94,52.18,0.24,5,7,153,11,1100,52.117,-300,HARTREE,3,VITOL,5,"HARTREE, MERCURIASA, STASCO, GUNVORSA, VITOL","VITOL, STASCO, TRAFI, BP, GUNVORSA",MERCURIASA,VITOL,"Aug17, Jul17",1.0479987612545707,0.003958436417615042,0.27450980392156865,0.14925373134328357,0.8333333333333334,1.47,NORMAL,,,,
2017-05-17,2017,5,137,9,77,60,124,4,0,900,52.572,52.46,52.69,0.23,5,7,137,9,900,52.572,-300,TRAFI,4,STASCO,5,"TRAFI, GUNVORSA, HARTREE, BP, SCRTUKLtd","VITOL, STASCO",TRAFI,STASCO,"Aug17, Jul17",0.5725937365960727,0.003793501566881082,0.24817518248175183,0.1282051282051282,1.0,1.15,NORMAL,,,,
2017-05-18,2017,5,157,9,130,27,143,4,1,900,52.607,52.53,52.74,0.21,9,4,157,9,900,52.607,500,SCRTUKLtd,3,GUNVORSA,6,"TRAFI, GUNVORSA, SCRTUKLtd, VITOL, BP","VITOL, GUNVORSA",SCRTUKLtd,VITOL,"Aug17, Jul17",0.5725937365960727,0.0034636318654131617,1.3121019108280254,0.13740458015267176,1.2,1.78,BID_PRESSURE,,,,
2017-05-19,2017,5,66,8,7,59,56,2,0,800,53.634,53.6,53.65,0.05,1,7,66,8,800,53.634,-600,SCRTUKLtd,4,VITOL,4,"HARTREE, GLENCORE, SCRTUKLtd","STASCO, GUNVORSA, VITOL",GLENCORE,VITOL,Aug17,0.3348912242668237,0.0008246742536698004,1.5757575757575757,0.25,0.8888888888888888,1.63,OFFER_PRESSURE,,,,
2017-05-22,2017,5,130,5,100,30,114,9,2,500,54.158,54.11,54.24,0.13,7,4,130,5,500,54.158,300,VITOL,2,VITOL,2,"VITOL, SCRTUKLtd, TRAFI, MERCURIASA","MERCURIASA, VITOL, TRAFI, STASCO",VITOL,VITOL,"Aug17, Jul17",-0.3782163127209233,0.002144153059541481,1.0769230769230769,0.13861386138613863,0.6666666666666666,0.94,BID_PRESSURE,,,,
2017-05-23,2017,5,110,4,55,55,90,13,3,400,54.115,54.04,54.34,0.3,9,7,108,4,400,54.115,-200,GUNVORSA,2,HARTREE,3,"SCRTUKLtd, GUNVORSA, MERCURIASA","HARTREE, VITOL",GLENCORE,VITOL,"Aug17, Aug17/Sep17, Jul17",-0.6159188250501724,0.004948045522018802,0.0,0.32142857142857145,1.2,0.76,SELLER_DOMINANT,,,,
2017-05-24,2017,5,85,3,40,45,78,3,1,300,54.233,54.13,54.44,0.31,2,3,85,3,300,54.233,-300,SCRTUKLtd,2,HARTREE,2,"SCRTUKLtd, STASCO","HARTREE, VITOL",TRAFI,VITOL,"Aug17, Jul17",-0.8536213373794214,0.005112980372752762,0.11764705882352941,0.0975609756097561,1.0,0.61,NORMAL,,,,
2017-05-25,2017,5,25,2,0,25,21,2,0,200,53.41,53.41,53.41,0.0,0,2,25,2,200,53.41,-200,HARTREE,1,STASCO,2,"HARTREE, SCRTUKLtd",STASCO,,STASCO,Aug17,-1.0913238497086704,0.0,2.0,0.0,1.3333333333333333,1.67,SELLER_DOMINANT,,,,
2017-05-26,2017,5,31,0,21,10,27,3,1,0,,,,,2,1,31,0,0,,0,,0,,0,,,TOTSA,HARTREE,Aug17,-1.5667288743671683,0.0,0.7096774193548387,0.18181818181818182,0.0,0.45,BID_PRESSURE,,,,
2017-05-30,2017,5,50,6,2,48,40,4,0,600,51.75,51.75,51.75,0.0,1,7,50,6,600,51.75,-600,SCRTUKLtd,4,STASCO,5,"MERCURIASA, SCRTUKLtd, GUNVORSA","STASCO, TRAFI",HARTREE,STASCO,Aug17,-0.14051380039167433,0.0,1.84,0.6666666666666666,1.4285714285714286,1.97,SELLER_DOMINANT,,,,
2017-05-31,2017,5,40,1,8,32,35,3,1,100,50.37,50.37,50.37,0.0,1,3,40,1,100,50.37,-100,GLENCORE,1,PTRIN,1,GLENCORE,PTRIN,HARTREE,PTRIN,Aug17,-1.3290263620379192,0.0,1.2,0.2222222222222222,1.0,1.21,SELLER_DOMINANT,,,,
2017-06-01,2017,6,98,1,82,16,89,5,3,100,51.3,51.3,51.3,0.0,5,1,98,1,100,51.3,-100,HARTREE,1,PTRIN,1,HARTREE,PTRIN,MERCURIASA,PTRIN,Aug17,-1.0784742714327045,0.0,1.346938775510204,0.12048192771084337,1.0,1.23,SELLER_DOMINANT,,,,
2017-06-02,2017,6,110,4,74,36,99,7,0,400,49.96,49.95,49.98,0.03,6,3,110,4,400,49.96,200,SCRTUKLtd,2,HARTREE,2,"SCRTUKLtd, STASCO","HARTREE, BP, TRAFI",SCRTUKLtd,BP,Aug17,-0.5350570028813417,0.0004948045522018802,0.6909090909090909,0.16,0.8,0.83,BID_PRESSURE,,,,
2017-06-05,2017,6,66,2,0,66,62,2,0,200,49.13,49.1,49.16,0.06,0,4,66,2,200,49.13,-200,SCRTUKLtd,1,BP,2,"SCRTUKLtd, STASCO",BP,,BP,Aug17,-0.8973351819155835,0.0009896091044037604,2.0,0.0,1.3333333333333333,1.67,SELLER_DOMINANT,,,,
2017-06-06,2017,6,40,0,28,12,36,2,2,0,,,,,1,1,40,0,0,,0,,0,,0,,,MERCURIASA,TRAFI,Aug17,-1.2596133609498252,0.0,0.8,0.06896551724137931,0.0,0.43,BID_PRESSURE,,,,
2017-06-07,2017,6,46,1,17,29,42,3,0,100,48.43,48.43,48.43,0.0,1,2,46,1,100,48.43,-100,STASCO,1,BP,1,STASCO,BP,SCRTUKLtd,BP,Aug17,-1.0784742714327045,0.0,0.5217391304347826,0.1111111111111111,1.0,0.82,SELLER_DOMINANT,,,,
2017-06-08,2017,6,83,1,19,64,77,3,2,100,47.99,47.99,47.99,0.0,1,3,83,1,100,47.99,-100,SCRTUKLtd,1,BP,1,SCRTUKLtd,BP,SCRTUKLtd,BP,Aug17,-1.0784742714327045,0.0,1.0843373493975903,0.1,1.0,1.09,SELLER_DOMINANT,,,,
2017-06-09,2017,6,17,0,0,17,13,2,2,0,,,,,0,2,17,0,0,,0,,0,,0,,,,MERCURIASA,Aug17,-1.2596133609498252,0.0,2.0,0.0,0.0,1.0,OFFER_PRESSURE,,,,
2017-06-12,2017,6,127,7,4,123,112,7,1,700,49.0,48.79,49.15,0.36,2,10,127,7,700,49.0,-700,VITOL,3,STASCO,4,"GLENCORE, VITOL, MERCURIASA, HARTREE","STASCO, BP, SCRTUKLtd",BP,SCRTUKLtd,"Aug17, Aug17/Sep17, Sep17",0.008360265670021013,0.005937654626422563,1.874015748031496,0.8,1.0,1.85,OFFER_PRESSURE,,,,
2017-06-13,2017,6,146,9,111,35,129,7,1,900,48.288,48.18,48.49,0.31,6,8,146,9,900,48.288,-500,VITOL,3,BP,5,"MERCURIASA, VITOL, HARTREE, SCRTUKLtd","STASCO, BP, MERCURIASA",SCRTUKLtd,BP,"Aug17, Aug17/Sep17, Sep17",0.3706384447042628,0.005112980372752762,1.0410958904109588,0.10714285714285714,1.0,1.37,BID_PRESSURE,,,,
2017-06-14,2017,6,78,4,26,52,72,1,1,400,46.982,46.87,47.09,0.22,2,3,78,4,400,46.982,-200,SCRTUKLtd,2,STASCO,2,"SCRTUKLtd, MERCURIASA, GLENCORE","STASCO, BP",GLENCORE,BP,"Aug17, Sep17",-0.5350570028813417,0.003628566716147122,0.6666666666666666,0.14814814814814814,0.8,0.81,NORMAL,,,,
2017-06-15,2017,6,76,1,32,44,66,6,3,100,47.26,47.26,47.26,0.0,2,4,76,1,100,47.26,-100,BP,1,VITOL,1,BP,VITOL,TRAFI,BP,"Aug17, Aug17/Sep17, Sep17",-1.0784742714327045,0.0,0.3157894736842105,0.12121212121212122,1.0,0.72,SELLER_DOMINANT,,,,
2017-06-16,2017,6,141,6,25,116,120,12,3,600,47.42,47.38,47.46,0.08,3,11,137,6,600,47.42,-600,SCRTUKLtd,2,GUNVORSA,3,"SCRTUKLtd, BP, TRAFI, HARTREE","GUNVORSA, STASCO",HARTREE,SCRTUKLtd,"Aug17, Sep17",-0.1727788238470999,0.0013194788058716806,1.2907801418439717,0.23076923076923078,0.8571428571428571,1.19,OFFER_PRESSURE,,,,
2017-06-19,2017,6,100,7,2,98,85,7,1,700,47.634,47.36,47.88,0.52,1,9,100,7,700,47.634,-700,SCRTUKLtd,4,STASCO,4,"SCRTUKLtd, MERCURIASA, BP","GUNVORSA, STASCO, BP, PTRIN",TRAFI,BP,"Aug17, Oct17, Sep17",0.008360265670021013,0.008576612238165924,1.92,0.6666666666666666,1.0,1.81,OFFER_PRESSURE,,,,
2017-06-20,2017,6,93,5,30,63,79,7,2,500,45.894,45.88,45.91,0.03,7,5,93,5,500,45.894,300,HARTREE,5,STASCO,5,HARTREE,STASCO,HARTREE,MERCURIASA,"Aug17, Sep17",-0.3539179133642208,0.0004948045522018802,0.7096774193548387,0.45161290322580644,1.6666666666666667,1.41,SELLER_DOMINANT,,,,
2017-06-21,2017,6,64,4,3,61,56,3,1,400,45.92,45.77,45.97,0.2,1,6,64,4,400,45.92,-400,HARTREE,3,STASCO,3,"HARTREE, STASCO","STASCO, MERCURIASA",SCRTUKLtd,MERCURIASA,"Aug17, Sep17",-0.5350570028813417,0.0032986970146792016,1.8125,0.5,1.2,1.76,SELLER_DOMINANT,,,,
2017-06-22,2017,6,108,5,74,34,99,2,2,500,46.06,45.96,46.16,0.2,4,3,108,5,500,46.06,100,VITOL,2,HARTREE,2,"VITOL, HARTREE, TOTSA","HARTREE, STASCO, MERCURIASA",VITOL,MERCURIASA,"Aug17, Oct17, Sep17",-0.3539179133642208,0.0032986970146792016,0.7407407407407407,0.10666666666666667,0.6666666666666666,0.76,BID_PRESSURE,,,,
2017-06-23,2017,6,83,1,67,16,76,4,2,100,45.6,45.6,45.6,0.0,3,2,83,1,100,45.6,100,SCRTUKLtd,1,TOTSA,1,SCRTUKLtd,TOTSA,PTRIN,STASCO,"Aug17, Oct17",-1.0784742714327045,0.0,1.2289156626506024,0.08823529411764706,1.0,1.16,SELLER_DOMINANT,,,,
2017-06-26,2017,6,72,2,63,9,66,4,0,200,45.87,45.87,45.87,0.0,4,2,72,2,200,45.87,200,SCRTUKLtd,2,MERCURIASA,1,SCRTUKLtd,"MERCURIASA, STASCO",SCRTUKLtd,TRAFI,Sep17,-0.8973351819155835,0.0,1.5,0.125,0.6666666666666666,1.15,BUYER_DOMINANT,,,,
2017-06-27,2017,6,118,3,116,2,97,16,2,300,46.98,46.98,46.98,0.0,18,1,62,3,300,46.98,300,GUNVORSA,3,HARTREE,2,GUNVORSA,"HARTREE, SCRTUKLtd",SCRTUKLtd,SCRTUKLtd,"Aug17, Oct17, Sep17",-0.7161960923984626,0.0,1.9322033898305084,0.3076923076923077,1.0,1.62,BUYER_DOMINANT,,,,
2017-06-28,2017,6,92,5,51,41,84,3,0,500,47.346,47.19,47.47,0.28,6,2,92,5,500,47.346,300,VITOL,3,STASCO,2,"VITOL, GUNVORSA","STASCO, SCRTUKLtd, BP",VITOL,BP,"Aug17, Sep17",-0.3539179133642208,0.004618175820550883,0.21739130434782608,0.23076923076923078,0.6666666666666666,0.56,NORMAL,,,,
2017-06-29,2017,6,111,5,64,47,95,10,1,500,48.07,48.05,48.08,0.03,10,5,105,5,500,48.07,100,GUNVORSA,5,BP,4,GUNVORSA,"BP, STASCO",GUNVORSA,BP,"Oct17, Sep17",-0.3539179133642208,0.0004948045522018802,0.3063063063063063,0.3076923076923077,1.3333333333333333,0.97,SELLER_DOMINANT,,,,
2017-06-30,2017,6,65,6,41,24,52,7,0,600,48.31,48.1,48.52,0.42,8,5,65,6,600,48.31,0,STASCO,6,SCRTUKLtd,3,STASCO,"PTRIN, SCRTUKLtd, HARTREE",STASCO,SCRTUKLtd,"Oct17, Sep17",-0.1727788238470999,0.006927263730826323,0.5230769230769231,0.38095238095238093,0.8571428571428571,0.88,BUYER_DOMINANT,,,,
2017-07-03,2017,7,79,3,54,25,68,7,1,300,49.64,49.64,49.64,0.0,9,1,79,3,300,49.64,300,STASCO,3,CHEVUK,1,STASCO,"CHEVUK, SCRTUKLtd, TRAFI",STASCO,MERCURIASA,"Oct17, Sep17",-0.7507092761276437,0.0,0.7341772151898734,0.32727272727272727,0.5,0.78,BUYER_DOMINANT,,,,
2017-07-04,2017,7,76,5,43,33,65,4,2,500,49.968,49.86,50.13,0.27,5,5,76,5,500,49.968,100,STASCO,3,GUNVORSA,2,"STASCO, BP","TRAFI, GUNVORSA, MERCURIASA, VITOL",BP,VITOL,"Oct17, Sep17",-0.30543015258248396,0.004453240969816923,0.2631578947368421,0.22727272727272727,0.6666666666666666,0.58,NORMAL,,,,
2017-07-05,2017,7,30,1,30,0,28,1,0,100,48.18,48.18,48.18,0.0,2,0,30,1,100,48.18,100,PTRIN,1,SCRTUKLtd,1,PTRIN,SCRTUKLtd,PTRIN,,"Oct17, Sep17",-1.1959883996728036,0.0,2.0,0.12903225806451613,1.0,1.56,SELLER_DOMINANT,,,,
2017-07-06,2017,7,73,5,54,19,68,0,0,500,49.168,48.98,49.4,0.42,3,2,73,5,500,49.168,100,STASCO,2,GUNVORSA,3,"STASCO, TRAFI, PTRIN, HARTREE","HARTREE, GLENCORE, GUNVORSA",PTRIN,GLENCORE,"Oct17, Sep17",-0.30543015258248396,0.006927263730826323,0.958904109589041,0.10909090909090909,1.0,1.04,BID_PRESSURE,,,,
2017-07-07,2017,7,108,6,100,8,97,4,1,600,46.98,46.98,46.98,0.0,8,2,108,6,600,46.98,400,STASCO,5,BP,3,"STASCO, PTRIN","BP, GLENCORE, SCRTUKLtd, HARTREE",PTRIN,GLENCORE,"Oct17, Sep17",-0.08279059080990407,0.0,1.7037037037037037,0.15841584158415842,0.8571428571428571,1.36,BUYER_DOMINANT,,,,
2017-07-10,2017,7,103,2,75,28,88,5,8,200,47.475,47.32,47.63,0.31,6,3,102,2,200,47.475,0,GUNVORSA,1,GLENCORE,1,"GUNVORSA, STASCO","GLENCORE, TRAFI",PTRIN,MERCURIASA,"Nov17, Oct17, Sep17, Sep17/Oct17",-0.9733488379002236,0.005112980372752762,0.912621359223301,0.15789473684210525,0.6666666666666666,0.87,BID_PRESSURE,,,,
2017-07-11,2017,7,81,9,38,43,69,2,1,900,47.199,47.13,47.47,0.34,7,4,81,9,900,47.199,300,STASCO,5,MERCURIASA,4,"STASCO, GLENCORE, PTRIN, GUNVORSA","SCRTUKLtd, GUNVORSA, MERCURIASA, GLENCORE",GLENCORE,GLENCORE,"Oct17, Sep17",0.5851280945078356,0.0056077849249546435,0.12345679012345678,0.358974358974359,0.8,1.11,NORMAL,,,,
2017-07-12,2017,7,113,12,83,30,99,1,1,1200,47.821,47.74,48.02,0.28,7,7,113,12,1200,47.821,-200,GUNVORSA,11,STASCO,3,"GUNVORSA, PTRIN","TRAFI, STASCO, MERCURIASA, SCRTUKLtd, GLENCORE",GUNVORSA,STASCO,"Oct17, Sep17",1.2530467798255753,0.004618175820550883,0.9380530973451328,0.16666666666666666,0.46153846153846156,1.79,BUYER_DOMINANT,,,,
2017-07-13,2017,7,79,7,50,29,67,3,2,700,48.654,48.59,48.75,0.16,5,6,79,7,700,48.654,100,GUNVORSA,4,GLENCORE,3,"GUNVORSA, GLENCORE, TOTSA","GLENCORE, STASCO, PTRIN",GLENCORE,STASCO,"Oct17, Sep17",0.13984897096267582,0.002638957611743361,0.5316455696202531,0.19607843137254902,0.75,0.85,NORMAL,,,,
2017-07-14,2017,7,87,3,37,50,76,5,3,300,49.02,49.02,49.02,0.0,3,5,87,3,300,49.02,100,GUNVORSA,1,STASCO,2,"GUNVORSA, TOTSA, GLENCORE","STASCO, HARTREE",TOTSA,GLENCORE,"Oct17, Sep17",-0.7507092761276437,0.0,0.2988505747126437,0.15789473684210525,1.0,0.73,NORMAL,,,,
2017-07-17,2017,7,133,8,100,33,120,3,2,800,49.185,48.9,49.28,0.38,6,5,133,8,800,49.185,200,PTRIN,3,SCRTUKLtd,6,"TOTSA, PTRIN, BP, STASCO","GUNVORSA, SCRTUKLtd",PTRIN,SCRTUKLtd,"Oct17, Sep17, Sep17/Oct17",0.3624885327352557,0.006267524327890483,1.0075187969924813,0.1188118811881188,1.3333333333333333,1.52,SELLER_DOMINANT,,,,
2017-07-18,2017,7,129,15,93,36,107,5,2,1500,48.926,48.64,49.01,0.37,13,8,129,15,1500,48.926,100,BP,6,GUNVORSA,12,"HARTREE, BP, SCRTUKLtd, VITOL, STASCO","GUNVORSA, HARTREE, BP",BP,GUNVORSA,"Oct17, Sep17",1.920965465143315,0.006102589477156523,0.8837209302325582,0.2765957446808511,1.5,2.87,SELLER_DOMINANT,,,,
2017-07-19,2017,7,85,5,38,47,72,6,2,500,49.6,49.57,49.72,0.15,6,5,85,5,500,49.6,-300,STASCO,4,BP,4,"STASCO, GUNVORSA","BP, SCRTUKLtd",MERCURIASA,BP,"Oct17, Sep17",-0.30543015258248396,0.002474022761009401,0.21176470588235294,0.3076923076923077,1.3333333333333333,0.93,SELLER_DOMINANT,,,,
2017-07-20,2017,7,77,4,3,74,69,2,2,400,49.625,49.62,49.64,0.02,1,6,77,4,400,49.625,-400,GUNVORSA,4,VITOL,2,GUNVORSA,"VITOL, BP",HARTREE,BP,Sep17,-0.5280697143550639,0.00032986970146792015,1.844155844155844,0.5,0.8,1.57,BUYER_DOMINANT,,,,
2017-07-21,2017,7,67,3,36,31,56,5,3,300,48.743,48.74,48.75,0.01,4,4,67,3,300,48.743,-100,STASCO,2,BP,2,"STASCO, MERCURIASA","BP, VITOL",MERCURIASA,BP,Sep17,-0.7507092761276437,0.00016493485073396007,0.14925373134328357,0.21621621621621623,1.0,0.68,NORMAL,,,,
2017-07-24,2017,7,98,3,25,73,89,3,3,300,48.733,48.61,48.96,0.35,2,4,98,3,300,48.733,-100,CHEVUK,1,GLENCORE,1,"CHEVUK, VITOL, HARTREE","GLENCORE, HARTREE, BP",VITOL,PTRIN,"Oct17, Sep17",-0.7507092761276437,0.005772719775688603,0.9795918367346939,0.15384615384615385,0.5,0.82,OFFER_PRESSURE,,,,
2017-07-25,2017,7,76,0,53,23,65,7,4,0,,,,,4,3,76,0,0,,0,,0,,0,,,SCRTUKLtd,PTRIN,Sep17,-1.4186279614453834,0.0,0.7894736842105263,0.14814814814814814,0.0,0.47,BID_PRESSURE,,,,
2017-07-26,2017,7,47,1,2,45,43,2,1,100,50.82,50.82,50.82,0.0,1,3,47,1,100,50.82,-100,CHEVUK,1,STASCO,1,CHEVUK,STASCO,BP,STASCO,Oct17,-1.1959883996728036,0.0,1.8297872340425532,0.6666666666666666,1.0,1.75,SELLER_DOMINANT,,,,
2017-07-27,2017,7,79,3,79,0,71,3,2,300,51.397,51.39,51.4,0.01,6,0,79,3,300,51.397,300,GUNVORSA,2,STASCO,2,"GUNVORSA, SCRTUKLtd","STASCO, MERCURIASA",GUNVORSA,,"Oct17, Sep17",-0.7507092761276437,0.00016493485073396007,2.0,0.15,1.0,1.58,BID_PRESSURE,,,,
2017-07-28,2017,7,34,5,0,34,29,0,0,500,52.18,52.18,52.18,0.0,0,5,34,5,500,52.18,-500,STASCO,3,GUNVORSA,4,"MERCURIASA, STASCO","GUNVORSA, PTRIN",,GUNVORSA,Oct17,-0.30543015258248396,0.0,2.0,0.0,1.3333333333333333,1.67,SELLER_DOMINANT,,,,
2017-07-31,2017,7,48,2,29,19,44,2,0,200,52.245,52.24,52.25,0.01,2,2,48,2,200,52.245,0,STASCO,1,HARTREE,1,"STASCO, TOTSA","HARTREE, SCRTUKLtd",TOTSA,HARTREE,"Nov17, Oct17",-0.9733488379002236,0.00016493485073396007,0.4166666666666667,0.13333333333333333,0.6666666666666666,0.61,NORMAL,,,,
2017-08-01,2017,8,181,8,90,91,165,4,4,900,51.342,51.24,51.39,0.15,7,6,181,8,900,51.342,-100,SCRTUKLtd,2,STASCO,3,"SCRTUKLtd, TRAFI, VITOL, MERCURIASA, GLENCORE","STASCO, HARTREE, MERCURIASA, TRAFI, PTRIN",VITOL,PTRIN,"Nov17, Oct17",0.4934294855278176,0.002474022761009401,0.011049723756906077,0.15384615384615385,0.6666666666666666,0.81,NORMAL,,,,
2017-08-02,2017,8,117,11,72,45,101,4,1,1100,52.257,52.23,52.27,0.04,8,7,117,11,1100,52.257,100,VITOL,4,STASCO,5,"TRAFI, GUNVORSA, VITOL, HARTREE, TOTSA","MERCURIASA, STASCO, SCRTUKLtd, HARTREE",VITOL,STASCO,"Nov17, Oct17",0.9069912272784053,0.0006597394029358403,0.46153846153846156,0.2191780821917808,0.8333333333333334,1.48,NORMAL,,,,
2017-08-03,2017,8,68,9,51,17,59,0,0,900,52.884,52.84,52.92,0.08,5,4,68,9,900,52.884,100,GLENCORE,3,SCRTUKLtd,4,"TOTSA, GLENCORE, SCRTUKLtd, BP, TRAFI","SCRTUKLtd, STASCO, HARTREE",TOTSA,STASCO,"Nov17, Oct17",0.4934294855278176,0.0013194788058716806,1.0,0.19230769230769232,0.8,1.39,BID_PRESSURE,,,,
2017-08-04,2017,8,117,10,99,18,107,0,0,1000,52.474,52.42,52.54,0.12,6,4,117,10,1000,52.474,200,VITOL,2,STASCO,5,"VITOL, HARTREE, TOTSA, GLENCORE, GUNVORSA","MERCURIASA, STASCO, SCRTUKLtd, GUNVORSA, HARTREE",VITOL,STASCO,"Nov17, Oct17",0.7002103564031115,0.001979218208807521,1.3846153846153846,0.12,0.9090909090909091,1.77,BID_PRESSURE,,,,
2017-08-07,2017,8,81,8,27,54,70,1,2,800,51.661,51.64,51.7,0.06,2,8,81,8,800,51.661,-400,SCRTUKLtd,5,GUNVORSA,4,"VITOL, SCRTUKLtd, HARTREE","STASCO, GUNVORSA, GLENCORE",SCRTUKLtd,STASCO,"Nov17, Oct17",0.2866486146525238,0.0009896091044037604,0.6666666666666666,0.14285714285714285,0.8888888888888888,1.08,NORMAL,,,,
2017-08-08,2017,8,86,8,24,62,75,2,1,800,52.516,52.51,52.52,0.01,2,8,86,8,800,52.516,-600,SCRTUKLtd,3,STASCO,5,"SCRTUKLtd, HARTREE, GUNVORSA, TRAFI, STASCO","TOTSA, STASCO, BP",SCRTUKLtd,BP,"Nov17, Oct17",0.2866486146525238,0.00016493485073396007,0.8837209302325582,0.16,1.1111111111111112,1.31,OFFER_PRESSURE,,,,
2017-08-09,2017,8,81,8,18,63,70,2,1,800,52.272,52.22,52.31,0.09,4,6,81,8,800,52.272,-200,MERCURIASA,4,STASCO,3,"SCRTUKLtd, MERCURIASA, GUNVORSA","STASCO, PTRIN, BP, HARTREE",MERCURIASA,BP,"Nov17, Oct17",0.2866486146525238,0.0014844136566056407,1.1111111111111112,0.42105263157894735,0.6666666666666666,1.33,OFFER_PRESSURE,,,,
2017-08-10,2017,8,108,1,88,20,95,6,6,100,52.6,52.6,52.6,0.0,3,4,108,1,100,52.6,-100,MERCURIASA,1,GUNVORSA,1,MERCURIASA,GUNVORSA,MERCURIASA,GUNVORSA,Oct17,-1.1608174814745331,0.0,1.2592592592592593,0.06741573033707865,1.0,1.16,SELLER_DOMINANT,,,,
2017-08-11,2017,8,76,4,58,18,70,2,0,400,51.81,51.64,51.98,0.34,4,2,76,4,400,51.81,0,SCRTUKLtd,2,STASCO,3,"TOTSA, SCRTUKLtd, GUNVORSA","HARTREE, STASCO",SCRTUKLtd,STASCO,"Nov17, Oct17",-0.5404748688486517,0.0056077849249546435,1.0526315789473684,0.13559322033898305,1.2,1.2,SELLER_DOMINANT,,,,
2017-08-14,2017,8,160,14,94,66,136,5,5,1400,51.74,51.7,51.94,0.24,7,12,160,14,1400,51.74,-800,SCRTUKLtd,11,STASCO,7,"SCRTUKLtd, TOTSA, MERCURIASA, GUNVORSA","STASCO, VITOL, BP",HARTREE,VITOL,"Nov17, Oct17",1.5273338399042868,0.003958436417615042,0.35,0.14736842105263157,0.9333333333333333,1.94,BUYER_DOMINANT,,,,
2017-08-15,2017,8,74,2,19,55,67,3,2,200,50.365,50.36,50.37,0.01,2,4,74,2,200,50.365,-200,HARTREE,1,VITOL,1,"HARTREE, STASCO","VITOL, BP",TOTSA,BP,"Nov17, Oct17",-0.9540366105992394,0.00016493485073396007,0.972972972972973,0.2,0.6666666666666666,0.92,OFFER_PRESSURE,,,,
2017-08-16,2017,8,102,5,88,14,94,2,1,500,50.782,50.66,50.86,0.2,7,1,102,5,500,50.782,300,SCRTUKLtd,3,BP,3,"STASCO, SCRTUKLtd, TOTSA","SCRTUKLtd, STASCO, BP",GLENCORE,BP,"Nov17, Oct17",-0.3336939979733578,0.0032986970146792016,1.4509803921568627,0.15730337078651685,1.0,1.31,BID_PRESSURE,,,,
2017-08-17,2017,8,140,6,62,78,126,5,3,600,50.607,50.45,50.77,0.32,7,6,136,6,600,50.607,0,STASCO,2,VITOL,3,"STASCO, HARTREE, TOTSA, SCRTUKLtd","VITOL, SCRTUKLtd, MERCURIASA, BP",TOTSA,VITOL,"Nov17, Oct17",-0.12691312709806393,0.005277915223486722,0.22857142857142856,0.2222222222222222,0.8571428571428571,0.66,NORMAL,,,,
2017-08-18,2017,8,94,0,86,8,86,3,5,0,,,,,4,1,94,0,0,,0,,0,,0,,,BP,GLENCORE,"Nov17, Oct17",-1.3675983523498272,0.0,1.6595744680851063,0.09195402298850575,0.0,0.88,BID_PRESSURE,,,,
2017-08-21,2017,8,115,6,46,69,102,4,3,600,51.635,51.57,51.9,0.33,4,7,115,6,600,51.635,-200,BP,3,HARTREE,3,"TOTSA, BP, GUNVORSA","SCRTUKLtd, HARTREE, STASCO",BP,HARTREE,"Nov17, Oct17",-0.12691312709806393,0.0054428500742206825,0.4,0.1702127659574468,0.8571428571428571,0.72,NORMAL,,,,
2017-08-22,2017,8,61,6,45,16,54,1,0,600,52.013,51.83,52.19,0.36,5,2,61,6,600,52.013,200,BP,3,GUNVORSA,4,"BP, SCRTUKLtd","GUNVORSA, STASCO, MERCURIASA",BP,GUNVORSA,"Nov17, Oct17",-0.12691312709806393,0.005937654626422563,0.9508196721311475,0.21739130434782608,1.1428571428571428,1.16,BID_PRESSURE,,,,
2017-08-23,2017,8,119,10,98,21,106,3,0,1000,52.285,52.08,52.48,0.4,9,4,119,10,1000,52.285,200,SCRTUKLtd,3,HARTREE,8,"VITOL, SCRTUKLtd, GUNVORSA, BP, STASCO","HARTREE, BP",BP,HARTREE,"Nov17, Oct17",0.7002103564031115,0.006597394029358403,1.2941176470588236,0.18181818181818182,1.4545454545454546,2.03,SELLER_DOMINANT,,,,
2017-08-24,2017,8,130,11,61,69,115,3,1,1100,52.088,51.92,52.36,0.44,6,9,130,11,1100,52.088,-300,BP,4,STASCO,4,"BP, GUNVORSA, HARTREE, SCRTUKLtd","STASCO, BP, PTRIN, HARTREE",BP,PTRIN,"Nov17, Oct17",0.9069912272784053,0.007257133432294244,0.12307692307692308,0.1935483870967742,0.6666666666666666,1.22,NORMAL,,,,
2017-08-25,2017,8,163,15,91,72,143,5,0,1500,51.951,51.84,52.37,0.53,9,11,163,15,1500,51.951,-100,STASCO,10,VITOL,8,"STASCO, HARTREE, GUNVORSA, BP","PTRIN, VITOL, MERCURIASA, SCRTUKLtd",STASCO,VITOL,"Nov17, Oct17",1.734114710779581,0.008741547088899885,0.2331288343558282,0.1956521739130435,1.0,2.11,VOL_SPIKE,,,,
2017-08-29,2017,8,80,3,80,0,68,6,3,300,51.51,51.51,51.51,0.0,9,0,80,3,300,51.51,300,GUNVORSA,3,TRAFI,2,GUNVORSA,"TRAFI, HARTREE",GUNVORSA,,"Nov17, Oct17",-0.7472557397239455,0.0,2.0,0.2222222222222222,1.0,1.61,BUYER_DOMINANT,,,,
2017-08-30,2017,8,109,6,80,29,98,4,1,600,51.593,51.58,51.61,0.03,6,4,109,6,600,51.593,0,VITOL,5,BP,5,"TOTSA, VITOL","BP, TRAFI",VITOL,BP,Nov17,-0.12691312709806393,0.0004948045522018802,0.9357798165137615,0.14814814814814814,1.4285714285714286,1.26,SELLER_DOMINANT,,,,
2017-09-01,2017,9,63,1,16,47,58,3,1,100,52.75,52.75,52.75,0.0,1,3,63,1,100,52.75,-100,STASCO,1,VITOL,1,STASCO,VITOL,PTRIN,VITOL,Nov17,-1.3268908128379888,0.0,0.9841269841269841,0.11764705882352941,1.0,1.05,SELLER_DOMINANT,,,,
2017-09-04,2017,9,64,4,56,8,56,3,1,400,52.588,52.58,52.59,0.01,5,2,64,4,400,52.588,400,GUNVORSA,3,SCRTUKLtd,2,"GUNVORSA, STASCO","MERCURIASA, TRAFI, SCRTUKLtd",PTRIN,TOTSA,Nov17,-0.5440114258669798,0.00016493485073396007,1.5,0.17543859649122806,0.8,1.24,BUYER_DOMINANT,,,,
2017-09-05,2017,9,38,1,0,38,35,1,1,100,53.51,53.51,53.51,0.0,0,2,38,1,100,53.51,-100,MERCURIASA,1,VITOL,1,MERCURIASA,VITOL,,VITOL,"Dec17, Nov17",-1.3268908128379888,0.0,2.0,0.0,1.0,1.5,SELLER_DOMINANT,,,,
2017-09-06,2017,9,88,3,88,0,80,5,0,300,54.377,54.37,54.39,0.02,8,0,88,3,300,54.377,300,STASCO,2,SCRTUKLtd,3,"STASCO, BP",SCRTUKLtd,BP,,Nov17,-0.8049712215239828,0.00032986970146792015,2.0,0.1797752808988764,1.5,1.84,SELLER_DOMINANT,,,,
2017-09-07,2017,9,88,6,68,20,79,2,1,600,54.125,54.11,54.13,0.02,4,5,88,6,600,54.125,-200,VITOL,4,HARTREE,5,"VITOL, BP, TOTSA","HARTREE, MERCURIASA",BP,HARTREE,Nov17,-0.022091834552973914,0.00032986970146792015,1.0909090909090908,0.11594202898550725,1.4285714285714286,1.32,SELLER_DOMINANT,,,,
2017-09-08,2017,9,74,4,44,30,69,1,0,400,54.238,54.23,54.25,0.02,3,2,74,4,400,54.238,0,VITOL,3,GUNVORSA,4,"VITOL, TOTSA",GUNVORSA,VITOL,GUNVORSA,Nov17,-0.5440114258669798,0.00032986970146792015,0.3783783783783784,0.13333333333333333,1.6,1.06,SELLER_DOMINANT,,,,
2017-09-11,2017,9,85,2,42,43,76,5,2,200,53.455,53.36,53.55,0.19,5,2,85,2,200,53.455,0,GUNVORSA,1,VITOL,1,"GUNVORSA, GLENCORE","VITOL, SCRTUKLtd",TRAFI,VITOL,"Dec17, Nov17",-1.0659310171809857,0.0031337621639452415,0.023529411764705882,0.23255813953488372,0.6666666666666666,0.46,NORMAL,,,,
2017-09-12,2017,9,27,4,27,0,21,1,1,400,54.48,54.48,54.48,0.0,5,0,27,4,400,54.48,400,STASCO,4,MERCURIASA,2,STASCO,"MERCURIASA, HARTREE",STASCO,,Nov17,-0.5440114258669798,0.0,2.0,0.35714285714285715,0.8,1.58,BUYER_DOMINANT,,,,
2017-09-13,2017,9,21,3,21,0,18,0,0,300,55.15,55.15,55.15,0.0,3,0,21,3,300,55.15,300,STASCO,3,MERCURIASA,1,STASCO,"MERCURIASA, GUNVORSA, SCRTUKLtd",STASCO,,Nov17,-0.8049712215239828,0.0,2.0,0.2727272727272727,0.5,1.39,BUYER_DOMINANT,,,,
2017-09-14,2017,9,34,2,30,4,27,5,0,200,55.66,55.66,55.66,0.0,5,2,34,2,200,55.66,200,STASCO,2,MERCURIASA,1,STASCO,"MERCURIASA, HARTREE",STASCO,HARTREE,"Dec17, Nov17",-1.0659310171809857,0.0,1.5294117647058822,0.3225806451612903,0.6666666666666666,1.26,BUYER_DOMINANT,,,,
2017-09-15,2017,9,50,4,39,11,43,3,0,400,55.712,55.66,55.87,0.21,4,3,50,4,400,55.712,400,STASCO,3,HARTREE,3,"STASCO, VITOL","HARTREE, GLENCORE",VITOL,HARTREE,"Dec17, Nov17",-0.5440114258669798,0.0034636318654131617,1.12,0.2,1.2,1.26,SELLER_DOMINANT,,,,
2017-09-18,2017,9,29,0,4,25,23,5,1,0,,,,,2,3,29,0,0,,0,,0,,0,,,GUNVORSA,SCRTUKLtd,"Dec17, Nov17",-1.5878506084949917,0.0,1.4482758620689655,0.8,0.0,1.12,OFFER_PRESSURE,,,,
2017-09-19,2017,9,66,5,16,50,54,3,4,500,55.412,55.4,55.46,0.06,1,7,66,5,500,55.412,-500,GUNVORSA,2,STASCO,4,"GUNVORSA, HARTREE, TRAFI","STASCO, GLENCORE",STASCO,GLENCORE,"Dec17, Nov17",-0.28305163020997687,0.0009896091044037604,1.0303030303030303,0.11764705882352941,1.3333333333333333,1.24,SELLER_DOMINANT,,,,
2017-09-20,2017,9,101,3,69,32,81,12,5,300,55.95,55.95,55.95,0.0,6,9,91,3,300,55.95,-300,GUNVORSA,2,VITOL,3,"GUNVORSA, HARTREE",VITOL,MERCURIASA,VITOL,"Dec17, Nov17",-0.8049712215239828,0.0,0.7326732673267327,0.17142857142857143,1.5,1.2,SELLER_DOMINANT,,,,
2017-09-21,2017,9,16,0,0,16,14,1,1,0,,,,,0,1,16,0,0,,0,,0,,0,,,,GLENCORE,Dec17,-1.5878506084949917,0.0,2.0,0.0,0.0,1.0,OFFER_PRESSURE,,,,
2017-09-22,2017,9,137,6,90,47,90,39,2,600,56.457,56.45,56.46,0.01,34,12,98,6,600,56.457,-200,SCRTUKLtd,6,VITOL,4,SCRTUKLtd,"VITOL, GUNVORSA, TRAFI",SCRTUKLtd,VITOL,"Dec17, Nov17, Nov17/Dec17",-0.022091834552973914,0.00016493485073396007,0.6277372262773723,0.7472527472527473,1.1428571428571428,1.26,BUYER_DOMINANT,,,,
2017-09-25,2017,9,359,12,265,94,219,109,19,1200,53.254,0.58,58.59,58.01,108,33,359,12,1200,53.254,0,SCRTUKLtd,9,HARTREE,6,"BP, GUNVORSA, SCRTUKLtd, ICE","VITOL, BP, HARTREE",GUNVORSA,BP,"Dec17, Nov17, Nov17/Dec17",1.5436669393890439,0.9567870691077024,0.9526462395543176,0.8120300751879699,0.9230769230769231,3.15,BUYER_DOMINANT,,,,
2017-09-26,2017,9,101,4,3,98,64,31,2,400,57.9,57.9,57.9,0.0,1,37,101,4,400,57.9,-400,SCRTUKLtd,2,GUNVORSA,4,"SCRTUKLtd, HARTREE",GUNVORSA,SCRTUKLtd,BP,"Dec17, Nov17, Nov17/Dec17",-0.5440114258669798,0.0,1.881188118811881,0.5,1.6,1.99,SELLER_DOMINANT,,,,
2017-09-27,2017,9,98,3,23,75,62,30,3,300,57.71,57.71,57.71,0.0,3,31,98,3,300,57.71,300,GUNVORSA,3,VITOL,1,GUNVORSA,"VITOL, HARTREE, SCRTUKLtd",GUNVORSA,TOTSA,"Dec17, Nov17, Nov17/Dec17",-0.8049712215239828,0.0,1.0612244897959184,0.25,0.5,0.91,BUYER_DOMINANT,,,,
2017-09-28,2017,9,121,13,70,51,98,7,3,1300,57.502,57.47,57.53,0.06,9,11,121,13,1300,57.502,-300,GUNVORSA,9,HARTREE,8,"GUNVORSA, BP, STASCO","HARTREE, TOTSA, MERCURIASA, GLENCORE",BP,HARTREE,Dec17,1.804626735046047,0.0009896091044037604,0.3140495867768595,0.2535211267605634,1.1428571428571428,2.3,VOL_SPIKE,,,,
2017-09-29,2017,9,31,0,5,26,25,5,1,0,,,,,2,3,31,0,0,,0,,0,,0,,,SCRTUKLtd,GLENCORE,Dec17,-1.5878506084949917,0.0,1.3548387096774193,0.6666666666666666,0.0,1.01,OFFER_PRESSURE,,,,
2017-10-02,2017,10,160,5,112,48,105,48,2,500,55.654,55.57,55.79,0.22,32,23,160,5,500,55.654,300,SCRTUKLtd,3,STASCO,2,"VITOL, SCRTUKLtd","STASCO, MERCURIASA, GUNVORSA",HARTREE,STASCO,"Dec17, Dec17/Jan18, Jan18",-0.26699163924429564,0.003628566716147122,0.8,0.5663716814159292,0.6666666666666666,1.02,BID_PRESSURE,,,,
2017-10-03,2017,10,100,3,90,10,63,29,5,300,56.213,56.2,56.22,0.02,33,2,100,3,300,56.213,300,VITOL,3,PTRIN,1,VITOL,"PTRIN, MERCURIASA, STASCO",MERCURIASA,HARTREE,"Dec17, Dec17/Jan18, Jan18",-0.6820802033819116,0.00032986970146792015,1.6,0.7252747252747253,0.5,1.41,BUYER_DOMINANT,,,,
2017-10-04,2017,10,100,3,97,3,75,21,1,300,56.113,56.06,56.14,0.08,25,1,100,3,300,56.113,300,VITOL,2,MERCURIASA,1,"VITOL, STASCO","MERCURIASA, SCRTUKLtd, TRAFI",MERCURIASA,MERCURIASA,"Dec17, Dec17/Jan18, Jan18",-0.6820802033819116,0.0013194788058716806,1.88,0.5102040816326531,0.5,1.45,BID_PRESSURE,,,,
2017-10-05,2017,10,122,6,104,18,111,4,1,600,57.175,57.15,57.19,0.04,6,4,122,6,600,57.175,0,STASCO,6,SCRTUKLtd,4,STASCO,"SCRTUKLtd, TRAFI, HARTREE",TOTSA,SCRTUKLtd,Dec17,-0.059447357175487686,0.0006597394029358403,1.4098360655737705,0.11428571428571428,1.1428571428571428,1.33,BUYER_DOMINANT,,,,
2017-10-06,2017,10,99,7,17,82,70,22,0,700,47.347,0.22,55.26,55.04,3,29,99,7,700,47.347,-300,HARTREE,3,SCRTUKLtd,4,"HARTREE, STASCO, MERCURIASA","SCRTUKLtd, HARTREE, MERCURIASA, ICE",STASCO,SCRTUKLtd,"Dec17, Dec17/Jan18, Jan18",0.1480969248933203,0.9078014184397163,1.3131313131313131,0.3333333333333333,1.0,1.99,HIGH_PRICE_RANGE,,,,
2017-10-09,2017,10,160,2,100,60,102,50,6,200,55.465,55.33,55.6,0.27,35,19,160,2,200,55.465,0,TRAFI,1,STASCO,2,"TRAFI, TOTSA",STASCO,TOTSA,BP,"Dec17, Dec17/Jan18, Jan18",-0.8896244854507196,0.004453240969816923,0.5,0.693069306930693,1.3333333333333333,1.27,SELLER_DOMINANT,,,,
2017-10-10,2017,10,180,4,117,63,116,56,4,400,42.578,0.32,56.81,56.49,50,18,180,4,400,42.578,-200,TOTSA,2,MERCURIASA,3,"MERCURIASA, TOTSA, ICE","SCRTUKLtd, MERCURIASA",TOTSA,MERCURIASA,"Dec17, Dec17/Jan18, Jan18",-0.4745359213131036,0.9317169717961405,0.6,0.847457627118644,1.2,1.88,SELLER_DOMINANT,,,,
2017-10-11,2017,10,229,7,179,50,138,82,2,700,48.196,0.25,56.35,56.1,73,19,229,7,700,48.196,-100,STASCO,2,GUNVORSA,3,"VITOL, TOTSA, STASCO, BP, HARTREE","GUNVORSA, SCRTUKLtd, HARTREE, BP",TOTSA,HARTREE,"Dec17, Dec17/Jan18, Jan18",0.1480969248933203,0.9252845126175161,1.1266375545851528,0.8111111111111111,0.75,2.02,HIGH_PRICE_RANGE,,,,
2017-10-12,2017,10,125,2,115,10,87,33,3,200,56.145,56.14,56.15,0.01,33,2,125,2,200,56.145,200,TOTSA,1,GUNVORSA,2,"TOTSA, VITOL",GUNVORSA,MERCURIASA,MERCURIASA,"Dec17, Dec17/Jan18, Jan18",-0.8896244854507196,0.00016493485073396007,1.68,0.5689655172413793,1.3333333333333333,1.79,SELLER_DOMINANT,,,,
2017-10-13,2017,10,207,8,146,61,120,67,12,800,42.854,0.22,57.18,56.96,61,22,207,8,800,42.854,-200,GUNVORSA,2,SCRTUKLtd,2,"GUNVORSA, TOTSA, BP, HARTREE, ICE","SCRTUKLtd, STASCO, HARTREE, BP, GUNVORSA",TOTSA,GUNVORSA,"Dec17, Dec17/Jan18, Jan18",0.35564120696212825,0.9394689097806366,0.821256038647343,0.8299319727891157,0.4444444444444444,1.9,HIGH_PRICE_RANGE,,,,
2017-10-16,2017,10,60,4,42,18,51,3,2,400,57.695,57.14,57.88,0.74,4,3,60,4,400,57.695,200,VITOL,3,STASCO,1,"GUNVORSA, VITOL","STASCO, HARTREE, GUNVORSA, SCRTUKLtd",VITOL,STASCO,"Dec17, Dec17/Jan18, Feb18, Jan18",-0.4745359213131036,0.012205178954313046,0.8,0.18604651162790697,0.4,0.7,BUYER_DOMINANT,,,,
2017-10-17,2017,10,195,10,11,184,129,55,1,1000,51.662,0.32,57.62,57.3,1,69,195,10,1000,51.662,-600,SCRTUKLtd,3,MERCURIASA,6,"CHEVUK, STASCO, BP, SCRTUKLtd, VITOL","MERCURIASA, BP, STASCO, TOTSA",BP,HARTREE,"Dec17, Dec17/Jan18, Jan18",0.7707297710997442,0.9450766947055912,1.7743589743589743,0.16666666666666666,1.0909090909090908,2.7,HIGH_PRICE_RANGE,,,,
2017-10-18,2017,10,134,8,18,116,91,30,5,800,50.36,0.33,57.79,57.46,4,36,134,8,800,50.36,-400,GUNVORSA,4,MERCURIASA,5,"BP, STASCO, SCRTUKLtd, GUNVORSA","STASCO, BP, MERCURIASA",BP,BP,"Dec17, Dec17/Jan18, Jan18",0.35564120696212825,0.9477156523173347,1.462686567164179,0.42105263157894735,1.1111111111111112,2.35,HIGH_PRICE_RANGE,,,,
2017-10-19,2017,10,83,2,55,28,52,23,6,200,57.23,57.23,57.23,0.0,22,4,83,2,200,57.23,-200,MERCURIASA,1,PTRIN,2,"MERCURIASA, VITOL",PTRIN,VITOL,PTRIN,"Dec17, Dec17/Jan18, Jan18",-0.8896244854507196,0.0,0.6506024096385542,0.7857142857142857,1.3333333333333333,1.38,SELLER_DOMINANT,,,,
2017-10-20,2017,10,143,5,78,65,104,34,0,500,57.534,57.39,57.73,0.34,35,6,143,5,500,57.534,-100,STASCO,4,SCRTUKLtd,2,"STASCO, PTRIN","TOTSA, SCRTUKLtd, GUNVORSA",STASCO,TOTSA,"Dec17, Dec17/Jan18, Jan18",-0.26699163924429564,0.0056077849249546435,0.18181818181818182,0.8860759493670886,0.6666666666666666,0.87,BUYER_DOMINANT,,,,
2017-10-23,2017,10,48,2,2,46,41,3,2,200,57.6,57.6,57.6,0.0,1,5,48,2,200,57.6,-200,TRAFI,1,TOTSA,2,"TRAFI, STASCO",TOTSA,STASCO,SCRTUKLtd,"Dec17, Dec17/Jan18, Jan18",-0.8896244854507196,0.0,1.8333333333333333,0.6666666666666666,1.3333333333333333,1.92,SELLER_DOMINANT,,,,
2017-10-24,2017,10,183,6,110,73,141,32,4,600,57.765,57.52,57.82,0.3,8,36,183,6,600,57.765,600,GUNVORSA,3,STASCO,2,"VITOL, GUNVORSA, GLENCORE","STASCO, PTRIN, GLENCORE, SCRTUKLtd, TOTSA",VITOL,TRAFI,"Dec17, Dec17/Jan18, Jan18",-0.059447357175487686,0.004948045522018802,0.40437158469945356,0.14414414414414414,0.5714285714285714,0.56,NORMAL,,,,
2017-10-25,2017,10,123,7,19,104,86,27,3,700,58.113,58.04,58.28,0.24,1,35,123,7,700,58.113,-700,SCRTUKLtd,4,STASCO,3,"SCRTUKLtd, STASCO, TRAFI","STASCO, GUNVORSA, TOTSA",GLENCORE,GUNVORSA,"Dec17, Dec17/Jan18, Jan18",0.1480969248933203,0.003958436417615042,1.3821138211382114,0.1,0.75,1.24,OFFER_PRESSURE,,,,
2017-10-26,2017,10,227,5,114,113,130,78,14,500,58.572,58.54,58.7,0.16,36,52,227,5,500,58.572,300,VITOL,4,SCRTUKLtd,2,"VITOL, MERCURIASA","GUNVORSA, SCRTUKLtd, TOTSA, STASCO",GUNVORSA,TOTSA,"Dec17, Dec17/Jan18, Jan18",-0.26699163924429564,0.002638957611743361,0.00881057268722467,0.6260869565217392,0.6666666666666666,0.65,BUYER_DOMINANT,,,,
2017-10-27,2017,10,117,7,52,65,86,21,3,700,60.213,59.7,60.36,0.66,5,26,117,7,700,60.213,300,SCRTUKLtd,5,TOTSA,4,"MERCURIASA, SCRTUKLtd, GLENCORE","GLENCORE, TOTSA, HARTREE, STASCO",SCRTUKLtd,TOTSA,"Dec17, Dec17/Jan18, Jan18",0.1480969248933203,0.010885700148441365,0.2222222222222222,0.18867924528301888,1.0,0.83,BUYER_DOMINANT,,,,
2017-10-30,2017,10,122,2,115,7,115,4,1,200,60.3,60.3,60.3,0.0,5,1,0,0,0,,0,VITOL,2,GUNVORSA,2,VITOL,GUNVORSA,MERCURIASA,HARTREE,Jan18,-0.8896244854507196,0.0,1.7704918032786885,0.08620689655172414,1.3333333333333333,1.6,SELLER_DOMINANT,,,,
2017-10-31,2017,10,32,1,30,2,27,3,1,100,60.8,60.8,60.8,0.0,3,1,0,0,0,,0,STASCO,1,SCRTUKLtd,1,STASCO,SCRTUKLtd,MERCURIASA,SCRTUKLtd,Jan18,-1.0971687675195276,0.0,1.75,0.1935483870967742,1.0,1.47,SELLER_DOMINANT,,,,
2017-11-01,2017,11,21,2,21,0,19,0,0,200,60.81,60.81,60.81,0.0,2,0,21,2,200,60.81,200,STASCO,2,SCRTUKLtd,2,STASCO,SCRTUKLtd,STASCO,,Jan18,-1.078967306287501,0.0,2.0,0.18181818181818182,1.3333333333333333,1.76,SELLER_DOMINANT,,,,
2017-11-02,2017,11,112,5,15,97,72,34,1,500,60.324,60.27,60.36,0.09,3,38,112,5,500,60.324,-100,GLENCORE,2,VITOL,3,"GLENCORE, MERCURIASA, STASCO","MERCURIASA, VITOL",GLENCORE,VITOL,"Feb18, Jan18, Jan18/Feb18",-0.5783887242839247,0.0014844136566056407,1.4642857142857142,0.375,1.0,1.42,OFFER_PRESSURE,,,,
2017-11-03,2017,11,96,8,55,41,84,3,1,800,61.079,60.69,61.24,0.55,5,6,88,8,800,61.079,-200,GLENCORE,3,VITOL,6,"GLENCORE, SCRTUKLtd, STASCO, GUNVORSA, TOTSA","VITOL, MERCURIASA",GLENCORE,VITOL,"Jan18, Mar18",-0.07781014228034866,0.009071416790367805,0.2916666666666667,0.17857142857142858,1.3333333333333333,0.91,SELLER_DOMINANT,,,,
2017-11-06,2017,11,115,4,97,18,72,37,2,400,63.27,62.97,63.37,0.4,38,3,115,4,400,63.27,200,STASCO,3,MERCURIASA,4,"GUNVORSA, STASCO",MERCURIASA,STASCO,MERCURIASA,"Feb18, Feb18/Mar18, Jan18, Jan18/Feb18, Mar18",-0.7452482516184502,0.006597394029358403,1.373913043478261,0.7755102040816326,1.6,1.88,SELLER_DOMINANT,,,,
2017-11-07,2017,11,23,6,23,0,15,1,1,600,63.54,63.54,63.54,0.0,7,0,23,6,600,63.54,600,STASCO,6,TRAFI,3,STASCO,"GLENCORE, TRAFI, MERCURIASA",STASCO,,Feb18,-0.4115291969493994,0.0,2.0,0.5833333333333334,0.8571428571428571,1.72,BUYER_DOMINANT,,,,
2017-11-08,2017,11,74,10,68,6,43,21,0,1000,57.18,0.15,63.65,63.5,28,3,74,10,1000,57.18,1000,STASCO,8,MERCURIASA,4,"STASCO, EQUINOR","TRAFI, MERCURIASA, EQUINOR, GLENCORE, ICE",EQUINOR,SCRTUKLtd,"Feb18, Jan18, Jan18/Feb18",0.2559089123887021,1.0473363021606465,1.6756756756756757,0.8115942028985508,0.7272727272727273,2.44,BUYER_DOMINANT,,,,
2017-11-09,2017,11,78,4,78,0,49,24,1,400,64.0,64.0,64.0,0.0,29,0,78,4,400,64.0,400,STASCO,4,GLENCORE,3,STASCO,"HARTREE, GLENCORE",EQUINOR,,"Feb18, Jan18, Jan18/Feb18",-0.7452482516184502,0.0,2.0,0.7341772151898734,1.2,1.97,SELLER_DOMINANT,,,,
2017-11-10,2017,11,59,3,53,6,35,19,2,300,64.03,64.03,64.03,0.0,21,3,59,3,300,64.03,300,STASCO,3,GLENCORE,2,STASCO,"GLENCORE, HARTREE",EQUINOR,STASCO,"Feb18, Jan18, Jan18/Feb18",-0.9121077789529756,0.0,1.5932203389830508,0.7777777777777778,1.0,1.69,BUYER_DOMINANT,,,,
2017-11-13,2017,11,173,9,100,73,120,43,1,900,63.364,63.34,63.47,0.13,42,10,173,9,900,63.364,-700,MERCURIASA,3,GLENCORE,5,"MERCURIASA, PTRIN, GUNVORSA, HARTREE","VITOL, MERCURIASA, GLENCORE, STASCO",PTRIN,VITOL,"Feb18, Jan18, Jan18/Feb18",0.08904938505417671,0.002144153059541481,0.31213872832369943,0.8316831683168316,1.0,1.14,NORMAL,,,,
2017-11-14,2017,11,235,8,104,131,157,70,0,800,61.51,61.4,61.57,0.17,35,44,235,8,800,61.51,-200,HARTREE,4,TOTSA,4,"GLENCORE, HARTREE, TRAFI, PTRIN","TOTSA, STASCO, HARTREE, GLENCORE",GLENCORE,TOTSA,"Feb18, Jan18, Jan18/Feb18",-0.07781014228034866,0.0028038924624773217,0.2297872340425532,0.6666666666666666,0.8888888888888888,0.89,NORMAL,,,,
2017-11-15,2017,11,255,15,180,75,166,73,1,1500,49.557,0.17,62.03,61.86,61,23,255,15,1500,49.557,100,BP,4,GLENCORE,5,"STASCO, GLENCORE, MERCURIASA, SCRTUKLtd, BP","GLENCORE, HARTREE, BP, SCRTUKLtd, TOTSA",GLENCORE,STASCO,"Feb18, Jan18, Jan18/Feb18",1.0902065490613289,1.020286986640277,0.8235294117647058,0.6740331491712708,0.625,2.55,HIGH_PRICE_RANGE,,,,
2017-11-16,2017,11,449,35,190,259,276,136,2,3500,45.921,0.09,61.87,61.78,66,92,449,35,3500,45.921,300,BP,14,SCRTUKLtd,8,"TRAFI, SCRTUKLtd, BP, GUNVORSA, GLENCORE","GUNVORSA, BP, SCRTUKLtd, GLENCORE, MERCURIASA",GLENCORE,BP,"Feb18, Jan18, Jan18/Feb18",3.0,1.0189675078344054,0.30734966592427615,0.6910994764397905,0.4444444444444444,2.93,HIGH_PRICE_RANGE,,,,
2017-11-17,2017,11,287,15,29,258,182,88,2,1500,54.007,0.13,62.5,62.37,4,97,287,15,1500,54.007,-500,BP,4,GLENCORE,6,"HARTREE, STASCO, BP, GLENCORE, GUNVORSA","MERCURIASA, GLENCORE, STASCO, BP, GUNVORSA",GLENCORE,GLENCORE,"Feb18, Feb18/Mar18, Jan18, Jan18/Feb18, Mar18",1.0902065490613289,1.028698664027709,1.5958188153310104,0.26666666666666666,0.75,2.8,HIGH_PRICE_RANGE,,,,
2017-11-20,2017,11,182,12,134,48,123,46,1,1200,61.824,61.73,61.96,0.23,46,11,182,12,1200,61.824,-600,HARTREE,4,MERCURIASA,5,"GLENCORE, SCRTUKLtd, HARTREE, TOTSA","MERCURIASA, GLENCORE, STASCO",GLENCORE,STASCO,"Feb18, Jan18, Jan18/Feb18",0.5896279670577529,0.003793501566881082,0.945054945054945,0.6814814814814815,0.7692307692307693,1.67,BID_PRESSURE,,,,
2017-11-21,2017,11,257,18,123,134,164,70,5,1800,48.528,0.26,62.48,62.22,54,35,257,18,1800,48.528,-1200,HARTREE,4,HARTREE,8,"GUNVORSA, HARTREE, TOTSA, GLENCORE, ICE","MERCURIASA, STASCO, HARTREE, GLENCORE, GUNVORSA",GLENCORE,HARTREE,"Feb18, Jan18, Jan18/Feb18",1.590785131064905,1.0262246412666995,0.08560311284046693,0.8709677419354839,0.8421052631578947,2.79,HIGH_PRICE_RANGE,,,,
2017-11-22,2017,11,245,11,110,135,169,61,4,1100,51.384,0.32,62.98,62.66,46,27,245,11,1100,51.384,-300,SCRTUKLtd,3,HARTREE,4,"SCRTUKLtd, HARTREE, GLENCORE, TOTSA, ICE","VITOL, GLENCORE, STASCO, HARTREE, MERCURIASA",GLENCORE,BP,"Feb18, Jan18, Jan18/Feb18",0.4227684397232275,1.0334817746989937,0.20408163265306123,0.8288288288288288,0.6666666666666666,1.81,HIGH_PRICE_RANGE,,,,
2017-11-23,2017,11,273,16,130,143,182,74,1,1600,55.319,0.37,63.39,63.02,43,45,273,16,1600,55.319,-200,GLENCORE,8,GLENCORE,7,"SCRTUKLtd, GUNVORSA, GLENCORE, EQUINOR","STASCO, GLENCORE, GUNVORSA, EQUINOR, ICE",GLENCORE,GLENCORE,"Feb18, Jan18, Jan18/Feb18",1.2570660763958543,1.0394194293254164,0.09523809523809523,0.6564885496183206,0.8235294117647058,2.42,HIGH_PRICE_RANGE,,,,
2017-11-24,2017,11,179,13,130,49,103,60,3,1300,53.78,0.4,63.6,63.2,53,16,179,13,1300,53.78,500,GLENCORE,10,GUNVORSA,4,"GLENCORE, HARTREE, STASCO","MERCURIASA, GUNVORSA, TOTSA, HARTREE, GLENCORE",GLENCORE,HARTREE,"Feb18, Jan18, Jan18/Feb18",0.7564874943922782,1.0423882566386278,0.9050279329608939,0.8091603053435115,0.5714285714285714,2.37,BUYER_DOMINANT,,,,
2017-11-27,2017,11,53,1,0,53,46,4,2,100,62.92,62.92,62.92,0.0,0,5,53,1,100,62.92,-100,STASCO,1,VITOL,1,STASCO,VITOL,,GLENCORE,"Feb18, Jan18",-1.2458268336220262,0.0,2.0,0.0,1.0,1.5,SELLER_DOMINANT,,,,
2017-11-28,2017,11,22,3,0,22,18,1,0,300,63.58,63.58,63.58,0.0,0,4,22,3,300,63.58,-300,GUNVORSA,2,TOTSA,3,"GUNVORSA, MERCURIASA",TOTSA,,TOTSA,Jan18,-0.9121077789529756,0.0,2.0,0.0,1.5,1.75,SELLER_DOMINANT,,,,
2017-11-29,2017,11,113,9,49,64,101,1,2,900,62.82,62.78,62.86,0.08,2,8,113,9,900,62.82,-500,BP,3,TOTSA,6,"BP, TRAFI, STASCO, HARTREE","TOTSA, MERCURIASA",TRAFI,MERCURIASA,Feb18,0.08904938505417671,0.0013194788058716806,0.26548672566371684,0.08,1.2,0.84,NORMAL,,,,
2017-11-30,2017,11,21,2,2,19,18,1,0,200,62.85,62.85,62.85,0.0,1,2,21,2,200,62.85,-200,MERCURIASA,1,TOTSA,2,"MERCURIASA, STASCO",TOTSA,MERCURIASA,TOTSA,Feb18,-1.078967306287501,0.0,1.619047619047619,0.6666666666666666,1.3333333333333333,1.81,SELLER_DOMINANT,,,,
2017-12-01,2017,12,52,4,48,4,46,2,0,400,64.035,63.78,64.12,0.34,4,2,52,4,400,64.035,400,GUNVORSA,3,VITOL,2,"GUNVORSA, MERCURIASA","GLENCORE, TRAFI, VITOL",MERCURIASA,GUNVORSA,"Feb18, Feb18/Mar18, Mar18",-0.42811207610604773,0.0056077849249546435,1.6923076923076923,0.16326530612244897,0.8,1.33,BUYER_DOMINANT,,,,
2017-12-04,2017,12,55,1,55,0,50,1,3,100,62.93,62.93,62.93,0.0,3,0,55,1,100,62.93,100,TOTSA,1,STASCO,1,TOTSA,STASCO,MERCURIASA,,Feb18,-0.8729800064628214,0.0,2.0,0.10714285714285714,1.0,1.55,SELLER_DOMINANT,,,,
2017-12-05,2017,12,53,3,53,0,49,0,1,300,62.807,62.8,62.81,0.01,4,0,53,3,300,62.807,300,TOTSA,2,GUNVORSA,1,"TOTSA, MERCURIASA","GUNVORSA, TRAFI, HARTREE",TOTSA,,Feb18,-0.5764013862249723,0.00016493485073396007,2.0,0.14814814814814814,0.5,1.32,BID_PRESSURE,,,,
2017-12-06,2017,12,53,4,53,0,48,1,0,400,61.69,61.69,61.69,0.0,5,0,53,4,400,61.69,400,SCRTUKLtd,3,STASCO,2,"SCRTUKLtd, TOTSA","TRAFI, STASCO, HARTREE",SCRTUKLtd,,Feb18,-0.42811207610604773,0.0,2.0,0.18518518518518517,0.8,1.49,BUYER_DOMINANT,,,,
2017-12-07,2017,12,69,2,69,0,63,2,2,200,62.02,62.02,62.02,0.0,4,0,69,2,200,62.02,200,TOTSA,1,HARTREE,2,"TOTSA, SCRTUKLtd",HARTREE,SCRTUKLtd,,Feb18,-0.7246906963438968,0.0,2.0,0.11428571428571428,1.3333333333333333,1.72,SELLER_DOMINANT,,,,
2017-12-08,2017,12,76,8,74,2,66,1,1,800,63.309,63.26,63.33,0.07,9,1,76,8,800,63.309,800,SCRTUKLtd,7,HARTREE,4,"SCRTUKLtd, MERCURIASA","STASCO, GUNVORSA, HARTREE",SCRTUKLtd,GUNVORSA,Feb18,0.1650451643696505,0.0011545439551377207,1.894736842105263,0.24,0.8888888888888888,1.64,BUYER_DOMINANT,,,,
2017-12-11,2017,12,206,5,115,91,135,64,2,500,51.632,0.79,64.56,63.77,28,41,206,5,500,51.632,300,GLENCORE,4,SCRTUKLtd,1,"GLENCORE, MERCURIASA","SCRTUKLtd, TOTSA, STASCO, GLENCORE, ICE",GLENCORE,TOTSA,"Feb18, Feb18/Mar18, Mar18",-0.2798227659871232,1.0517895431304636,0.23300970873786409,0.4827586206896552,0.3333333333333333,1.16,BUYER_DOMINANT,,,,
2017-12-12,2017,12,87,6,67,20,56,22,3,600,53.313,0.63,64.01,63.38,24,3,87,6,600,53.313,400,GLENCORE,5,MERCURIASA,2,"GLENCORE, MERCURIASA","HARTREE, TRAFI, GUNVORSA, MERCURIASA, GLENCORE",GLENCORE,GUNVORSA,"Feb18, Feb18/Mar18, Mar18",-0.13153345586819862,1.0453570839518391,1.0804597701149425,0.7058823529411765,0.5714285714285714,1.81,BUYER_DOMINANT,,,,
2017-12-13,2017,12,154,3,117,37,109,39,3,300,62.327,62.1,62.78,0.68,40,3,154,3,300,62.327,-100,MERCURIASA,2,VITOL,2,"MERCURIASA, STASCO","VITOL, TRAFI",STASCO,VITOL,"Feb18, Feb18/Mar18, Mar18",-0.5764013862249723,0.011215569849909287,1.0389610389610389,0.6779661016949152,1.0,1.37,BID_PRESSURE,,,,
2017-12-14,2017,12,75,0,75,0,70,2,3,0,,,,,3,0,75,0,0,,0,,0,,0,,,GLENCORE,,"Feb18, Mar18",-1.021269316581746,0.0,2.0,0.07894736842105263,0.0,1.04,BID_PRESSURE,,,,
2017-12-15,2017,12,76,10,76,0,63,2,1,1000,63.474,63.47,63.48,0.01,12,0,76,10,1000,63.474,1000,GLENCORE,6,SCRTUKLtd,7,"STASCO, GLENCORE","HARTREE, SCRTUKLtd",GLENCORE,,"Feb18, Mar18",0.4616237846074996,0.00016493485073396007,2.0,0.3116883116883117,1.2727272727272727,2.16,BID_PRESSURE,,,,
2017-12-18,2017,12,172,2,148,24,113,51,6,200,63.7,63.67,63.73,0.06,53,2,172,2,200,63.7,200,STASCO,1,TRAFI,1,"STASCO, GLENCORE","TRAFI, PTRIN",STASCO,VITOL,"Feb18, Feb18/Mar18, Mar18",-0.7246906963438968,0.0009896091044037604,1.441860465116279,0.7114093959731543,0.6666666666666666,1.41,BID_PRESSURE,,,,
2017-12-19,2017,12,41,2,31,10,36,2,1,200,63.17,63.17,63.17,0.0,3,1,41,2,200,63.17,200,MERCURIASA,2,GUNVORSA,1,MERCURIASA,"GUNVORSA, GLENCORE",MERCURIASA,MERCURIASA,"Feb18/Mar18, Mar18",-0.7246906963438968,0.0,1.024390243902439,0.1875,0.6666666666666666,0.94,BUYER_DOMINANT,,,,
2017-12-21,2017,12,126,10,92,34,82,34,0,1000,51.602,0.5,64.72,64.22,37,3,126,10,1000,51.602,0,GLENCORE,4,HARTREE,5,"GUNVORSA, HARTREE, GLENCORE, STASCO, SCRTUKLtd","VITOL, GLENCORE, HARTREE",STASCO,VITOL,"Feb18, Feb18/Mar18, Mar18",0.4616237846074996,1.0592116114134915,0.9206349206349206,0.7956989247311828,0.9090909090909091,2.32,HIGH_PRICE_RANGE,,,,
2017-12-22,2017,12,25,3,0,25,22,0,0,300,64.08,64.08,64.08,0.0,0,3,0,0,0,,0,SCRTUKLtd,1,VITOL,3,"SCRTUKLtd, HARTREE, GUNVORSA",VITOL,,VITOL,Mar18,-0.5764013862249723,0.0,2.0,0.0,1.5,1.75,SELLER_DOMINANT,,,,
2017-12-27,2017,12,60,4,24,36,55,1,0,400,65.87,65.87,65.87,0.0,1,4,60,4,400,65.87,-200,TOTSA,4,HARTREE,4,TOTSA,HARTREE,TOTSA,HARTREE,Mar18,-0.42811207610604773,0.0,0.4,0.08,1.6,1.04,SELLER_DOMINANT,,,,
2017-12-28,2017,12,33,3,0,33,27,1,2,300,65.977,65.94,66.05,0.11,0,4,33,3,300,65.977,-300,HARTREE,1,SCRTUKLtd,3,"HARTREE, GUNVORSA, CHEVUK",SCRTUKLtd,,SCRTUKLtd,"Apr18, Mar18",-0.5764013862249723,0.001814283358073561,2.0,0.0,1.5,1.75,SELLER_DOMINANT,,,,
2017-12-29,2017,12,46,1,9,37,38,5,2,100,66.3,66.3,66.3,0.0,2,4,0,0,0,,0,HARTREE,1,GUNVORSA,1,HARTREE,GUNVORSA,GUNVORSA,GUNVORSA,"Feb18, Mar18",-0.8729800064628214,0.0,1.2173913043478262,0.4,1.0,1.31,SELLER_DOMINANT,,,,
2018-01-02,2018,1,25,1,17,8,15,7,2,1,0.45,0.45,0.45,0.0,3,4,25,1,1,0.45,1,GLENCOREUK,1,HARTREEUK,1,GLENCOREUK,HARTREEUK,GLENCORE,STASCO,"Apr18, Mar18, Mar18/Apr18",-1.1828480809670916,0.0,0.72,0.3333333333333333,1.0,1.03,SELLER_DOMINANT,,,,
2018-01-03,2018,1,161,8,112,49,112,38,3,800,50.62,0.51,67.56,67.05,30,18,161,8,800,50.62,400,HARTREE,2,HARTREE,5,"HARTREE, GLENCORE, GUNVORSA, MERCURIASA, ICE","SCRTUKLtd, HARTREE, STASCO",HARTREE,GLENCORE,"Apr18, Mar18, Mar18/Apr18",0.250667848723377,1.1058881741712023,0.782608695652174,0.5309734513274337,1.1111111111111112,2.08,HIGH_PRICE_RANGE,,,,
2018-01-04,2018,1,136,9,88,48,89,33,5,2100,52.979,0.63,68.15,67.52,29,12,136,9,2100,52.979,-300,GLENCORE,4,HARTREE,4,"STASCO, MERCURIASA, HARTREE, GLENCORE","GUNVORSA, TRAFI, GLENCORE, HARTREE",HARTREE,TRAFI,"Apr18, Mar18, Mar18/Apr18",2.58304670804454,1.1136401121556985,0.5882352941176471,0.651685393258427,0.8,3.29,HIGH_PRICE_RANGE,,,,
2018-01-05,2018,1,119,3,77,42,73,35,8,300,67.59,67.55,67.61,0.06,28,13,119,3,300,67.59,300,STASCO,3,HARTREE,1,STASCO,"HARTREE, MERCURIASA, SCRTUKLtd",HARTREE,GLENCORE,"Apr18, Mar18, Mar18/Apr18",-0.6464009433232241,0.0009896091044037604,0.5882352941176471,0.717948717948718,0.5,0.9,BUYER_DOMINANT,,,,
2018-01-08,2018,1,181,6,170,11,107,44,24,600,67.293,67.21,67.71,0.5,50,4,181,6,600,67.293,600,STASCO,5,SCRTUKLtd,4,"STASCO, TOTSA","HARTREE, SCRTUKLtd",STASCO,STASCO,"Apr18, Mar18, Mar18/Apr18",-0.10815966809526345,0.008246742536698003,1.7569060773480663,0.5847953216374269,1.1428571428571428,1.75,BUYER_DOMINANT,,,,
2018-01-09,2018,1,114,7,114,0,105,1,1,700,68.081,67.89,68.34,0.45,9,0,114,7,700,68.081,700,STASCO,3,SCRTUKLtd,3,"PTRIN, MERCURIASA, STASCO, TOTSA","SCRTUKLtd, TRAFI, GUNVORSA, HARTREE, EQUINOR",PTRIN,,"Apr18, Mar18",0.07125409031405676,0.007422068283028204,2.0,0.1565217391304348,0.75,1.51,BID_PRESSURE,,,,
2018-01-10,2018,1,239,8,182,57,167,53,11,800,60.611,0.49,69.27,68.78,40,26,239,8,800,60.611,600,TOTSA,3,TRAFI,2,"TOTSA, PTRIN, VITOL, STASCO, ICE","TRAFI, HARTREE, SCRTUKLtd, GLENCORE, STASCO",STASCO,TRAFI,"Apr18, Mar18, Mar18/Apr18",0.250667848723377,1.1344219033481775,1.0460251046025104,0.4371584699453552,0.4444444444444444,1.85,HIGH_PRICE_RANGE,,,,
2018-01-11,2018,1,140,6,100,40,107,25,2,600,69.915,69.55,70.01,0.46,13,19,136,6,600,69.915,600,PTRIN,2,HARTREE,2,"PTRIN, VITOL, TOTSA, STASCO","HARTREE, MERCURIASA, GLENCORE, SCRTUKLtd",PTRIN,GUNVORSA,"Apr18, Mar18, Mar18/Apr18",-0.10815966809526345,0.007587003133762164,0.8571428571428571,0.25742574257425743,0.5714285714285714,0.85,BID_PRESSURE,,,,
2018-01-12,2018,1,242,11,166,76,171,58,2,1100,69.086,68.82,69.37,0.55,44,26,242,11,1100,69.086,900,STASCO,5,GUNVORSA,7,"VITOL, STASCO, PTRIN","MERCURIASA, GUNVORSA, GLENCORE, HARTREE",STASCO,GUNVORSA,"Apr18, Apr18/May18, Mar18, Mar18/Apr18, May18",0.7889091239513376,0.009071416790367805,0.743801652892562,0.5269461077844312,1.1666666666666667,1.86,BID_PRESSURE,,,,
2018-01-15,2018,1,5,0,0,5,3,1,1,0,,,,,0,1,5,0,0,,0,,0,,0,,,,HARTREE,Mar18/Apr18,-1.1846422185511847,0.0,2.0,0.0,0.0,1.0,OFFER_PRESSURE,,,,
2018-01-16,2018,1,216,7,127,89,135,71,3,700,69.396,69.37,69.46,0.09,56,24,216,7,700,69.396,-100,VITOL,7,TOTSA,5,VITOL,"TOTSA, GLENCORE",VITOL,STASCO,"Apr18, Mar18, Mar18/Apr18",0.07125409031405676,0.0014844136566056407,0.35185185185185186,0.875,1.25,1.3,SELLER_DOMINANT,,,,
2018-01-17,2018,1,100,6,55,45,74,18,2,600,69.095,68.96,69.24,0.28,7,19,100,6,600,69.095,600,STASCO,5,GLENCORE,4,"SCRTUKLtd, STASCO","GLENCORE, GUNVORSA, PTRIN",STASCO,MERCURIASA,"Apr18, Mar18, Mar18/Apr18",-0.10815966809526345,0.004618175820550883,0.2,0.25,1.1428571428571428,0.8,BUYER_DOMINANT,,,,
2018-01-18,2018,1,503,15,339,164,303,176,9,1500,64.604,0.38,69.44,69.06,140,63,503,15,1500,64.604,700,VITOL,5,STASCO,6,"VITOL, MERCURIASA, STASCO, SCRTUKLtd, ICE","STASCO, TOTSA, GLENCORE, PTRIN, EQUINOR",STASCO,TOTSA,"Apr18, Apr18/May18, Mar18, Mar18/Apr18, May18",1.5065641575886186,1.1390400791687283,0.6958250497017893,0.8235294117647058,0.75,3.02,HIGH_PRICE_RANGE,,,,
2018-01-19,2018,1,226,5,57,169,139,79,3,500,68.476,68.22,68.54,0.32,24,63,226,5,500,68.476,-300,SCRTUKLtd,3,STASCO,4,"SCRTUKLtd, STASCO, GLENCORE","STASCO, GUNVORSA",STASCO,STASCO,"Apr18, Apr18/May18, Mar18, Mar18/Apr18, May18",-0.2875734265045837,0.005277915223486722,0.9911504424778761,0.8275862068965517,1.3333333333333333,1.58,SELLER_DOMINANT,,,,
2018-01-22,2018,1,164,3,144,20,121,37,3,300,69.357,69.24,69.59,0.35,41,1,164,3,300,69.357,300,STASCO,2,TRAFI,1,"STASCO, SCRTUKLtd","TRAFI, STASCO, HARTREE",STASCO,SCRTUKLtd,"Apr18, Apr18/May18, Mar18, May18",-0.6464009433232241,0.005772719775688603,1.5121951219512195,0.5655172413793104,0.5,1.29,BID_PRESSURE,,,,
2018-01-23,2018,1,87,4,11,76,57,26,0,400,69.86,69.71,70.01,0.3,2,29,87,4,400,69.86,0,TOTSA,2,SCRTUKLtd,2,"TOTSA, STASCO","SCRTUKLtd, TRAFI, GLENCORE",STASCO,SCRTUKLtd,"Apr18, Mar18, Mar18/Apr18",-0.4669871849139039,0.004948045522018802,1.4942528735632183,0.3333333333333333,0.8,1.32,OFFER_PRESSURE,,,,
2018-01-24,2018,1,47,5,0,47,40,1,1,500,69.468,69.14,69.55,0.41,0,6,47,5,500,69.468,-500,HARTREE,2,STASCO,4,"HARTREE, CCMA, TRAFI, SCRTUKLtd","SCRTUKLtd, STASCO",,STASCO,"Apr18, May18",-0.2875734265045837,0.0067623288800923624,2.0,0.0,1.3333333333333333,1.67,SELLER_DOMINANT,,,,
2018-01-25,2018,1,19,1,6,13,15,3,0,100,70.27,70.27,70.27,0.0,3,1,19,1,100,70.27,-100,SCRTUKLtd,1,STASCO,1,SCRTUKLtd,STASCO,SCRTUKLtd,STASCO,"Apr18, Mar18, Mar18/Apr18",-1.0052284601418646,0.0,0.7368421052631579,0.8571428571428571,1.0,1.3,SELLER_DOMINANT,,,,
2018-01-26,2018,1,103,9,67,36,69,24,1,900,70.3,70.04,70.47,0.43,27,6,103,9,900,70.3,-100,HARTREE,4,STASCO,5,"HARTREE, SCRTUKLtd, GUNVORSA","STASCO, VITOL, MERCURIASA",HARTREE,STASCO,"Apr18, Mar18, Mar18/Apr18",0.4300816071326972,0.0070921985815602835,0.6019417475728155,0.7941176470588235,1.0,1.55,NORMAL,,,,
2018-01-29,2018,1,244,5,115,129,149,87,3,500,68.928,68.77,69.2,0.43,47,47,244,5,500,68.928,100,GUNVORSA,3,TOTSA,2,"GUNVORSA, TRAFI, SCRTUKLtd","CCMA, TOTSA, GLENCORE, STASCO",SCRTUKLtd,TOTSA,"Apr18, Apr18/May18, Mar18, Mar18/Apr18, May18",-0.2875734265045837,0.0070921985815602835,0.11475409836065574,0.8103448275862069,0.6666666666666666,0.8,NORMAL,,,,
2018-01-30,2018,1,65,2,61,4,43,18,2,200,68.29,68.28,68.3,0.02,19,1,65,2,200,68.29,200,MERCURIASA,1,GLENCORE,2,"MERCURIASA, STASCO",GLENCORE,SCRTUKLtd,SCRTUKLtd,"Apr18, Apr18/May18, May18",-0.8258147017325443,0.00032986970146792015,1.7538461538461538,0.6129032258064516,1.3333333333333333,1.85,SELLER_DOMINANT,,,,
2018-01-31,2018,1,73,6,62,11,67,0,0,600,68.377,68.33,68.45,0.12,5,1,73,6,600,68.377,400,MERCURIASA,3,GUNVORSA,3,"MERCURIASA, PTRIN","GUNVORSA, TRAFI, HARTREE, SCRTUKLtd",PTRIN,GUNVORSA,Apr18,-0.10815966809526345,0.001979218208807521,1.3972602739726028,0.15873015873015872,0.8571428571428571,1.21,BID_PRESSURE,,,,
2018-02-01,2018,2,133,6,48,85,94,32,1,600,69.077,69.07,69.08,0.01,5,33,133,6,600,69.077,200,VITOL,5,STASCO,2,"VITOL, HARTREE","STASCO, TOTSA, GLENCORE, CHEVUK",VITOL,STASCO,"Apr18, Apr18/May18, May18",-0.18414582156353734,0.00016493485073396007,0.556390977443609,0.20408163265306123,0.5714285714285714,0.67,BUYER_DOMINANT,,,,
2018-02-02,2018,2,59,3,33,26,54,2,0,300,68.243,68.23,68.26,0.03,2,4,57,3,300,68.243,-100,VITOL,3,STASCO,2,VITOL,"STASCO, HARTREE",VITOL,HARTREE,"Apr18, May18",-0.7054600488067907,0.0004948045522018802,0.23728813559322035,0.11764705882352941,1.0,0.68,BUYER_DOMINANT,,,,
2018-02-05,2018,2,193,14,105,88,137,41,1,1400,68.184,68.04,68.45,0.41,46,11,193,14,1400,68.184,-600,GUNVORSA,5,GLENCORE,5,"GUNVORSA, VITOL, SCRTUKLtd, HARTREE, TRAFI","GLENCORE, SCRTUKLtd, MERCURIASA, STASCO, PTRIN",VITOL,STASCO,"Apr18, Apr18/May18, May18",1.2060254510851383,0.0067623288800923624,0.17616580310880828,0.8679245283018868,0.6666666666666666,1.82,NORMAL,,,,
2018-02-06,2018,2,215,6,132,83,130,75,4,600,66.625,66.62,66.63,0.01,57,27,215,6,600,66.625,-600,HARTREE,2,STASCO,3,"GUNVORSA, MERCURIASA, HARTREE, SCRTUKLtd","STASCO, GLENCORE",MERCURIASA,HARTREE,"Apr18, Apr18/May18, May18",-0.18414582156353734,0.00016493485073396007,0.4558139534883721,0.8571428571428571,0.8571428571428571,1.09,NORMAL,,,,
2018-02-07,2018,2,158,7,80,78,115,34,2,700,65.767,65.56,66.05,0.49,33,8,158,7,700,65.767,-300,GLENCORE,3,GLENCORE,4,"GUNVORSA, CCMA, GLENCORE, STASCO","GLENCORE, MERCURIASA, STASCO",GLENCORE,GLENCORE,"Apr18, Apr18/May18, May18",-0.01037441248245289,0.008081807685964044,0.02531645569620253,0.8148148148148148,1.0,0.92,NORMAL,,,,
2018-02-08,2018,2,346,22,114,232,244,70,10,2200,58.553,0.47,64.69,64.22,44,48,340,22,2200,58.553,-800,GLENCORE,9,STASCO,6,"HARTREE, GUNVORSA, SCRTUKLtd, CCMA, GLENCORE","STASCO, GLENCORE, VITOL, HARTREE, GUNVORSA",GLENCORE,GLENCORE,"Apr18, Apr18/May18, May18",2.5961967237338137,1.0592116114134915,0.6820809248554913,0.7652173913043478,0.5217391304347826,3.22,HIGH_PRICE_RANGE,,,,
2018-02-09,2018,2,422,9,200,222,267,128,18,900,56.307,0.34,63.49,63.15,65,74,422,9,900,56.307,-700,HARTREE,2,STASCO,2,"CCMA, HARTREE, MERCURIASA, GUNVORSA, GLENCORE","STASCO, TOTSA, PTRIN, GLENCORE, HARTREE",GLENCORE,PTRIN,"Apr18, Apr18/May18, May18",0.337168405679716,1.0415635823849578,0.10426540284360189,0.6467661691542289,0.4,1.47,HIGH_PRICE_RANGE,,,,
2018-02-12,2018,2,15,1,0,15,14,0,0,100,62.91,62.91,62.91,0.0,0,1,15,1,100,62.91,-100,STASCO,1,MERCURIASA,1,STASCO,MERCURIASA,,MERCURIASA,May18,-1.0530028669689597,0.0,2.0,0.0,1.0,1.5,SELLER_DOMINANT,,,,
2018-02-13,2018,2,47,2,0,47,41,3,1,200,62.2,62.2,62.2,0.0,0,5,47,2,200,62.2,-200,HARTREE,1,STASCO,2,"HARTREE, MERCURIASA",STASCO,,STASCO,"Apr18, May18",-0.8792314578878752,0.0,2.0,0.0,1.3333333333333333,1.67,SELLER_DOMINANT,,,,
2018-02-14,2018,2,45,6,24,21,37,2,0,600,62.853,62.84,62.86,0.02,6,2,45,6,600,62.853,200,STASCO,4,HARTREE,2,"STASCO, SCRTUKLtd, GUNVORSA","HARTREE, MERCURIASA, CCMA, GLENCORE",STASCO,MERCURIASA,"Apr18, Apr18/May18, May18",-0.18414582156353734,0.00032986970146792015,0.13333333333333333,0.48,0.5714285714285714,0.59,NORMAL,,,,
2018-02-15,2018,2,104,7,22,82,66,31,0,700,54.544,0.23,63.72,63.49,3,35,104,7,700,54.544,-100,STASCO,3,MERCURIASA,3,"STASCO, CHEVUK, GUNVORSA, GLENCORE","PTRIN, MERCURIASA, GUNVORSA, GLENCORE, ICE",STASCO,MERCURIASA,"Apr18, Apr18/May18, May18",-0.01037441248245289,1.0471713673099126,1.1538461538461537,0.2608695652173913,0.75,1.71,HIGH_PRICE_RANGE,,,,
2018-02-16,2018,2,210,6,131,79,127,76,1,600,64.597,64.59,64.6,0.01,53,29,210,6,600,64.597,200,STASCO,6,GLENCORE,2,STASCO,"GLENCORE, MERCURIASA, SCRTUKLtd",STASCO,SCRTUKLtd,"Apr18, Apr18/May18, Jun18, May18, May18/Jun18",-0.18414582156353734,0.00016493485073396007,0.49523809523809526,0.803030303030303,0.5714285714285714,0.93,BUYER_DOMINANT,,,,
2018-02-19,2018,2,183,8,71,112,111,64,0,800,57.272,0.26,65.68,65.42,26,46,183,8,800,57.272,-200,MERCURIASA,5,STASCO,6,"MERCURIASA, HARTREE","STASCO, HARTREE, ICE",HARTREE,STASCO,"Apr18, Apr18/May18, May18",0.16339699659863158,1.0790037935015668,0.44808743169398907,0.7222222222222222,1.3333333333333333,2.03,SELLER_DOMINANT,,,,
2018-02-20,2018,2,12,2,0,12,10,0,0,200,64.86,64.86,64.86,0.0,0,2,12,2,200,64.86,-200,MERCURIASA,1,STASCO,2,"MERCURIASA, SCRTUKLtd",STASCO,,STASCO,May18,-0.8792314578878752,0.0,2.0,0.0,1.3333333333333333,1.67,SELLER_DOMINANT,,,,
2018-02-21,2018,2,117,2,47,70,82,33,0,200,65.15,65.04,65.26,0.22,3,31,117,2,200,65.15,0,MERCURIASA,1,SCRTUKLtd,1,"MERCURIASA, SCRTUKLtd","SCRTUKLtd, STASCO",MERCURIASA,STASCO,"Apr18, Apr18/May18, May18",-0.8792314578878752,0.003628566716147122,0.39316239316239315,0.125,0.6666666666666666,0.59,NORMAL,,,,
2018-02-22,2018,2,14,0,2,12,12,1,1,0,,,,,1,1,14,0,0,,0,,0,,0,,,HARTREE,STASCO,Apr18,-1.2267742760500442,0.0,1.4285714285714286,0.6666666666666666,0.0,1.05,OFFER_PRESSURE,,,,
2018-02-23,2018,2,132,8,91,41,85,39,0,800,66.795,66.68,67.02,0.34,40,7,132,8,800,66.795,-400,TRAFI,5,STASCO,5,"GUNVORSA, SCRTUKLtd, TRAFI","STASCO, VITOL",SCRTUKLtd,VITOL,"Apr18, Apr18/May18, May18",0.16339699659863158,0.0056077849249546435,0.7575757575757576,0.8695652173913043,1.1111111111111112,1.5,BID_PRESSURE,,,,
2018-02-26,2018,2,34,1,34,0,30,2,1,100,67.69,67.69,67.69,0.0,3,0,34,1,100,67.69,100,MERCURIASA,1,SCRTUKLtd,1,MERCURIASA,SCRTUKLtd,MERCURIASA,,"Apr18, May18",-1.0530028669689597,0.0,2.0,0.17142857142857143,1.0,1.59,SELLER_DOMINANT,,,,
2018-02-27,2018,2,54,6,2,52,47,1,0,600,66.82,66.8,66.9,0.1,1,6,54,6,600,66.82,-600,GLENCORE,3,SCRTUKLtd,3,"MERCURIASA, GLENCORE, HARTREE","SCRTUKLtd, GUNVORSA, TRAFI",MERCURIASA,SCRTUKLtd,May18,-0.18414582156353734,0.0016493485073396008,1.8518518518518519,0.6666666666666666,0.8571428571428571,1.69,OFFER_PRESSURE,,,,
2018-02-28,2018,2,69,1,69,0,65,3,0,100,65.41,65.41,65.41,0.0,4,0,69,1,100,65.41,100,MERCURIASA,1,SCRTUKLtd,1,MERCURIASA,SCRTUKLtd,MERCURIASA,,"Apr18, May18",-1.0530028669689597,0.0,2.0,0.11428571428571428,1.0,1.56,SELLER_DOMINANT,,,,
2018-03-01,2018,3,95,10,95,0,84,1,0,1000,63.759,63.72,63.77,0.05,11,0,95,10,1000,63.759,1000,STASCO,5,GLENCORE,6,"MERCURIASA, TOTSA, STASCO, PTRIN","GUNVORSA, SCRTUKLtd, CCMA, GLENCORE",TOTSA,,May18,1.5238633454555828,0.0008246742536698004,2.0,0.22916666666666666,1.0909090909090908,2.88,VOL_SPIKE,,,-0.06,
2018-03-02,2018,3,70,5,70,0,62,1,2,500,63.92,63.92,63.92,0.0,7,0,70,5,500,63.92,500,STASCO,4,SCRTUKLtd,3,"PTRIN, STASCO","SCRTUKLtd, GLENCORE, PSX",PTRIN,,"Jun18, May18",0.013666935833682394,0.0,2.0,0.19718309859154928,1.0,1.61,BUYER_DOMINANT,,,-0.05,0.01
2018-03-05,2018,3,150,7,106,44,107,34,2,700,65.55,65.25,65.6,0.35,39,5,150,7,700,65.55,300,STASCO,3,SCRTUKLtd,3,"STASCO, GLENCORE, GUNVORSA","SCRTUKLtd, GUNVORSA, MERCURIASA, TRAFI",GLENCORE,MERCURIASA,"Jun18, May18, May18/Jun18",0.6177454996824425,0.005772719775688603,0.8266666666666667,0.7289719626168224,0.75,1.65,BID_PRESSURE,,,-0.05,0.0
2018-03-06,2018,3,168,9,143,25,114,43,2,900,58.116,0.26,65.47,65.21,50,3,168,9,900,58.116,300,GLENCORE,4,GLENCORE,3,"MERCURIASA, HARTREE, GLENCORE, TRAFI, ICE","SCRTUKLtd, GLENCORE, GUNVORSA, HARTREE, CCMA",GLENCORE,GLENCORE,"Jun18, May18, May18/Jun18",1.2218240635312028,1.0755401616361535,1.4047619047619047,0.6944444444444444,0.6,2.97,HIGH_PRICE_RANGE,,,-0.06,-0.01
2018-03-07,2018,3,216,3,177,39,147,59,7,300,65.107,64.98,65.29,0.31,50,14,216,3,300,65.107,100,GLENCORE,1,SCRTUKLtd,1,"GLENCORE, MERCURIASA, STASCO","SCRTUKLtd, GLENCORE, PSX",STASCO,GUNVORSA,"Jun18, May18, May18/Jun18",-0.5904116280150777,0.005112980372752762,1.2777777777777777,0.5617977528089888,0.5,1.17,BID_PRESSURE,,,-0.08,-0.02
2018-03-08,2018,3,95,4,80,15,62,29,0,400,48.068,0.23,64.09,63.86,32,1,95,4,400,48.068,200,MERCURIASA,2,HARTREE,2,"MERCURIASA, HARTREE, ICE","HARTREE, GLENCORE, STASCO",MERCURIASA,GLENCORE,"Jun18, May18, May18/Jun18",-0.2883723460906977,1.053273956787069,1.368421052631579,0.7901234567901234,0.8,2.11,HIGH_PRICE_RANGE,,,-0.1,-0.02
2018-03-09,2018,3,287,1,160,127,177,104,5,100,65.41,65.41,65.41,0.0,49,59,287,1,100,65.41,-100,MERCURIASA,1,GLENCORE,1,MERCURIASA,GLENCORE,MERCURIASA,GLENCORE,"Jul18, Jun18, Jun18/Jul18, May18, May18/Jun18",-1.194490191863838,0.0,0.22996515679442509,0.6086956521739131,1.0,0.92,SELLER_DOMINANT,,,-0.1,0.0
2018-03-12,2018,3,190,4,102,88,123,63,0,400,64.638,64.48,64.69,0.21,28,40,190,4,400,64.638,-200,GUNVORSA,3,STASCO,3,"MERCURIASA, GUNVORSA","SCRTUKLtd, STASCO",GUNVORSA,STASCO,"Jul18, Jun18, Jun18/Jul18, May18, May18/Jun18",-0.2883723460906977,0.0034636318654131617,0.14736842105263157,0.5436893203883495,1.2,0.95,SELLER_DOMINANT,,,-0.11,-0.01
2018-03-13,2018,3,30,4,30,0,24,2,0,400,64.472,64.18,64.57,0.39,6,0,30,4,400,64.472,400,STASCO,3,SCRTUKLtd,2,"STASCO, MERCURIASA","SCRTUKLtd, PTRIN, TRAFI",STASCO,,"Jul18, May18",-0.2883723460906977,0.006432459178624443,2.0,0.3870967741935484,0.8,1.6,BUYER_DOMINANT,,,-0.11,0.0
2018-03-14,2018,3,78,2,8,70,72,3,1,200,64.565,64.51,64.62,0.11,4,2,78,2,200,64.565,-200,GUNVORSA,1,SCRTUKLtd,1,"GUNVORSA, STASCO","SCRTUKLtd, VITOL",GUNVORSA,VITOL,"Jun18, May18, May18/Jun18",-0.8924509099394579,0.001814283358073561,1.5897435897435896,0.8888888888888888,0.6666666666666666,1.57,OFFER_PRESSURE,,,-0.13,-0.02
2018-03-15,2018,3,154,1,96,58,106,40,7,100,64.89,64.89,64.89,0.0,38,3,148,1,100,64.89,-100,STASCO,1,VITOL,1,STASCO,VITOL,GLENCORE,VITOL,"Jul18, Jun18, May18, May18/Jun18",-1.194490191863838,0.0,0.4935064935064935,0.7835051546391752,1.0,1.14,SELLER_DOMINANT,,,-0.1,0.03
2018-03-16,2018,3,150,5,60,90,119,25,1,500,65.922,65.81,66.0,0.19,25,5,150,5,500,65.922,-300,HARTREE,1,SCRTUKLtd,3,"HARTREE, STASCO, GUNVORSA, TOTSA, GLENCORE","SCRTUKLtd, GLENCORE, VITOL",GLENCORE,VITOL,"Jun18, May18, May18/Jun18",0.013666935833682394,0.0031337621639452415,0.4,0.819672131147541,1.0,1.12,NORMAL,,,-0.14,-0.04
2018-03-19,2018,3,332,8,135,197,212,109,3,800,66.22,66.08,66.3,0.22,46,76,332,8,800,66.22,-600,GUNVORSA,4,TOTSA,4,"HARTREE, GUNVORSA, STASCO, VITOL","SCRTUKLtd, TOTSA, MERCURIASA, HARTREE",SCRTUKLtd,TOTSA,"Jun18, May18, May18/Jun18",0.9197847816068226,0.003628566716147122,0.37349397590361444,0.6764705882352942,0.8888888888888888,1.71,NORMAL,,,-0.11,0.03
2018-03-20,2018,3,388,11,186,202,243,133,1,1100,67.302,67.21,67.55,0.34,73,71,383,11,1100,67.302,-500,VITOL,8,SCRTUKLtd,4,"VITOL, MERCURIASA, STASCO","GLENCORE, STASCO, SCRTUKLtd, HARTREE, TOTSA",MERCURIASA,TOTSA,"Jun18, May18, May18/Jun18",1.825902627379963,0.0056077849249546435,0.08247422680412371,0.7807486631016043,0.6666666666666666,2.23,BUYER_DOMINANT,,,-0.08,0.03
2018-03-21,2018,3,80,5,8,72,62,13,0,500,69.03,68.96,69.31,0.35,4,14,80,5,500,69.03,-500,MERCURIASA,4,SCRTUKLtd,4,"MERCURIASA, GUNVORSA","SCRTUKLtd, TOTSA",SCRTUKLtd,TOTSA,"Jun18, May18, May18/Jun18",0.013666935833682394,0.005772719775688603,1.6,0.8888888888888888,1.3333333333333333,1.93,SELLER_DOMINANT,,,-0.03,0.05
2018-03-22,2018,3,155,4,113,42,103,42,6,400,69.16,69.16,69.16,0.0,44,3,151,4,400,69.16,400,STASCO,4,TOTSA,4,STASCO,TOTSA,STASCO,SCRTUKLtd,"Jun18, May18, May18/Jun18",-0.2883723460906977,0.0,0.9161290322580645,0.7719298245614035,1.6,1.64,SELLER_DOMINANT,,,0.1,0.13
2018-03-23,2018,3,72,4,3,69,56,11,1,400,69.462,69.45,69.48,0.03,1,14,41,4,400,69.462,-400,GLENCORE,2,STASCO,3,"GLENCORE, MERCURIASA, GUNVORSA","STASCO, SCRTUKLtd",HARTREE,SCRTUKLtd,"Jun18, May18",-0.2883723460906977,0.0004948045522018802,1.8333333333333333,0.5,1.2,1.77,SELLER_DOMINANT,,,0.18,0.08
2018-03-26,2018,3,60,5,26,34,42,12,1,500,69.418,69.41,69.42,0.01,8,9,60,5,500,69.418,-500,MERCURIASA,3,GUNVORSA,4,"MERCURIASA, SCRTUKLtd, STASCO","GUNVORSA, VITOL",MERCURIASA,GUNVORSA,"Jun18, May18, May18/Jun18",0.013666935833682394,0.00016493485073396007,0.26666666666666666,0.5925925925925926,1.3333333333333333,1.11,SELLER_DOMINANT,,,0.15,-0.03
2018-03-27,2018,3,147,2,116,31,96,46,3,200,69.43,69.43,69.43,0.0,47,2,147,2,200,69.43,-200,MERCURIASA,1,VITOL,2,"MERCURIASA, GLENCORE",VITOL,SCRTUKLtd,VITOL,"Jun18, May18, May18/Jun18",-0.8924509099394579,0.0,1.1564625850340136,0.8034188034188035,1.3333333333333333,1.65,SELLER_DOMINANT,,,0.21,0.06
2018-03-28,2018,3,52,5,32,20,46,1,0,500,69.168,69.14,69.2,0.06,2,4,52,5,500,69.168,-100,MERCURIASA,3,SCRTUKLtd,4,"STASCO, MERCURIASA, GLENCORE","SCRTUKLtd, GUNVORSA",MERCURIASA,SCRTUKLtd,Jun18,0.013666935833682394,0.0009896091044037604,0.46153846153846156,0.12121212121212122,1.3333333333333333,0.97,SELLER_DOMINANT,,,0.33,0.12
2018-03-29,2018,3,74,10,23,51,62,2,0,1000,68.369,68.34,68.38,0.04,5,7,0,0,0,,0,SCRTUKLtd,10,VITOL,6,SCRTUKLtd,"VITOL, GUNVORSA, MERCURIASA",SCRTUKLtd,VITOL,Jun18,1.5238633454555828,0.0006597394029358403,0.7567567567567568,0.4166666666666667,1.0909090909090908,2.35,BUYER_DOMINANT,,,0.44,0.11
2018-04-03,2018,4,90,5,69,21,56,28,1,500,68.08,67.64,68.19,0.55,29,4,90,5,500,68.08,300,GLENCORE,4,SCRTUKLtd,4,"GLENCORE, VITOL","SCRTUKLtd, STASCO",GLENCORE,STASCO,"Jul18, Jun18, Jun18/Jul18",-0.24674121910854602,0.009071416790367805,1.0666666666666667,0.8285714285714286,1.3333333333333333,1.62,SELLER_DOMINANT,-0.01,0.01,,
2018-04-04,2018,4,42,3,30,12,35,1,3,300,67.82,67.82,67.82,0.0,4,1,42,3,300,67.82,300,GLENCORE,2,SCRTUKLtd,2,"GLENCORE, GUNVORSA","HARTREE, SCRTUKLtd",GUNVORSA,PSX,Jun18,-0.5854730669439715,0.0,0.8571428571428571,0.25806451612903225,1.0,1.06,BID_PRESSURE,0.0,0.01,,
2018-04-05,2018,4,108,5,69,39,72,29,2,500,67.988,67.78,68.3,0.52,30,5,108,5,500,67.988,-100,GUNVORSA,2,STASCO,3,"SCRTUKLtd, GUNVORSA, GLENCORE","STASCO, TOTSA, VITOL",GLENCORE,STASCO,"Jul18, Jun18, Jun18/Jul18",-0.24674121910854602,0.008576612238165924,0.5555555555555556,0.8571428571428571,1.0,1.21,NORMAL,-0.02,-0.02,,
2018-04-06,2018,4,124,3,96,28,82,39,0,300,67.147,66.95,67.54,0.59,40,2,124,3,300,67.147,-100,GLENCORE,1,VITOL,2,"GLENCORE, STASCO, GUNVORSA","GUNVORSA, VITOL",GLENCORE,VITOL,"Jul18, Jun18, Jun18/Jul18",-0.5854730669439715,0.009731156193303643,1.096774193548387,0.8247422680412371,1.0,1.47,BID_PRESSURE,-0.01,0.01,,
2018-04-09,2018,4,153,8,110,43,103,41,1,800,59.986,0.53,68.75,68.22,43,6,153,8,800,59.986,-200,VITOL,4,GLENCORE,3,"VITOL, SCRTUKLtd, GUNVORSA, ICE","GLENCORE, STASCO, GUNVORSA",VITOL,STASCO,"Jul18, Jun18, Jun18/Jul18",0.2613565526445922,1.1251855517070757,0.8758169934640523,0.7747747747747747,0.6666666666666666,2.04,HIGH_PRICE_RANGE,-0.01,0.0,,
2018-04-10,2018,4,61,1,61,0,58,0,2,100,70.81,70.81,70.81,0.0,2,0,61,1,100,70.81,100,BP,1,TOTSA,1,BP,TOTSA,VITOL,,Jun18,-0.9242049147793969,0.0,2.0,0.06451612903225806,1.0,1.53,SELLER_DOMINANT,0.07,0.08,,
2018-04-11,2018,4,50,3,8,42,40,5,2,300,72.427,71.94,72.67,0.73,4,4,50,3,300,72.427,-300,BP,2,GLENCORE,2,"STASCO, BP","SCRTUKLtd, GLENCORE",GUNVORSA,SCRTUKLtd,"Jul18, Jun18, Jun18/Jul18",-0.5854730669439715,0.012040244103579085,1.36,0.8888888888888888,1.0,1.63,OFFER_PRESSURE,0.07,0.0,,
2018-04-12,2018,4,149,8,92,57,107,34,0,800,71.339,70.92,71.59,0.67,36,6,149,8,800,71.339,-400,BP,2,STASCO,7,"TRAFI, GLENCORE, GUNVORSA, BP, SCRTUKLtd","STASCO, VITOL",BP,STASCO,"Jul18, Jun18, Jun18/Jul18",0.2613565526445922,0.011050634999175326,0.4697986577181208,0.7741935483870968,1.5555555555555556,1.62,SELLER_DOMINANT,0.07,0.0,,
2018-04-13,2018,4,142,5,94,48,99,36,2,500,72.494,72.08,72.77,0.69,34,7,142,5,500,72.494,-500,BP,2,HARTREE,3,"BP, TRAFI, VITOL","HARTREE, STASCO",VITOL,HARTREE,"Jul18, Jun18, Jun18/Jul18",-0.24674121910854602,0.011380504700643244,0.647887323943662,0.7157894736842105,1.0,1.19,NORMAL,0.1,0.03,,
2018-04-16,2018,4,257,8,235,22,171,76,2,800,70.926,70.4,71.62,1.22,79,5,253,8,800,70.926,200,VITOL,3,STASCO,3,"VITOL, GLENCORE, SCRTUKLtd, BP, GUNVORSA","SCRTUKLtd, HARTREE, GLENCORE, STASCO, TRAFI",VITOL,STASCO,"Aug18, Jul18, Jul18/Aug18, Jun18, Jun18/Jul18",0.2613565526445922,0.02012205178954313,1.6575875486381324,0.6694915254237288,0.6666666666666666,1.72,HIGH_PRICE_RANGE,0.09,-0.01,,
2018-04-17,2018,4,187,9,77,110,133,44,1,900,71.436,70.99,71.58,0.59,7,46,187,9,900,71.436,300,MERCURIASA,3,HARTREE,7,"STASCO, MERCURIASA, VITOL, GLENCORE, GUNVORSA","HARTREE, STASCO, SCRTUKLtd",VITOL,HARTREE,"Jul18, Jun18, Jun18/Jul18",0.43072247656230495,0.009731156193303643,0.35294117647058826,0.1794871794871795,1.4,1.32,SELLER_DOMINANT,0.08,-0.01,,
2018-04-18,2018,4,57,3,25,32,44,9,1,300,73.19,73.16,73.23,0.07,5,8,57,3,300,73.19,100,GLENCORE,3,STASCO,2,GLENCORE,"MERCURIASA, STASCO",GLENCORE,STASCO,"Jul18, Jun18, Jun18/Jul18",-0.5854730669439715,0.0011545439551377207,0.24561403508771928,0.38461538461538464,1.0,0.82,BUYER_DOMINANT,0.08,0.0,,
2018-04-19,2018,4,68,0,66,2,65,3,0,0,,,,,5,1,68,0,0,,0,,0,,0,,,VITOL,STASCO,"Aug18, Jul18, Jun18, Jun18/Jul18",-1.0935708386971097,0.0,1.8823529411764706,0.14925373134328357,0.0,1.02,BID_PRESSURE,0.1,0.02,,
2018-04-20,2018,4,180,8,160,20,125,45,2,800,73.196,72.28,73.64,1.36,52,3,180,8,800,73.196,600,GUNVORSA,3,HARTREE,2,"GUNVORSA, VITOL, TRAFI, GLENCORE","HARTREE, TRAFI, MERCURIASA, GLENCORE, STASCO",VITOL,MERCURIASA,"Aug18, Jul18, Jul18/Aug18, Jun18, Jun18/Jul18",0.2613565526445922,0.022431139699818574,1.5555555555555556,0.6459627329192547,0.4444444444444444,1.55,HIGH_PRICE_RANGE,0.14,0.04,,
2018-04-23,2018,4,30,1,30,0,26,2,1,100,74.12,74.12,74.12,0.0,3,0,30,1,100,74.12,100,GLENCORE,1,MERCURIASA,1,GLENCORE,MERCURIASA,GLENCORE,,"Jun18, Jun18/Jul18",-0.9242049147793969,0.0,2.0,0.1935483870967742,1.0,1.6,SELLER_DOMINANT,0.14,0.0,,
2018-04-24,2018,4,55,0,5,50,36,15,4,0,,,,,1,15,55,0,0,,0,,0,,0,,,SCRTUKLtd,SCRTUKLtd,"Jul18, Jun18, Jun18/Jul18",-1.0935708386971097,0.0,1.6363636363636365,0.3333333333333333,0.0,0.98,OFFER_PRESSURE,0.25,0.11,,
2018-04-25,2018,4,319,5,218,101,216,95,3,500,73.14,73.12,73.15,0.03,57,44,319,5,500,73.14,300,VITOL,2,HARTREE,3,"VITOL, PTRIN, GUNVORSA","TRAFI, STASCO, HARTREE",MERCURIASA,TRAFI,"Jul18, Jun18, Jun18/Jul18",-0.24674121910854602,0.0004948045522018802,0.7335423197492164,0.5205479452054794,1.0,1.13,BID_PRESSURE,0.26,0.01,,
2018-04-26,2018,4,194,3,99,95,122,63,6,300,73.883,73.85,73.9,0.05,28,41,194,3,300,73.883,300,STASCO,2,SCRTUKLtd,1,"STASCO, VITOL","SCRTUKLtd, GLENCORE, HARTREE",SCRTUKLtd,MERCURIASA,"Jul18, Jun18, Jun18/Jul18",-0.5854730669439715,0.0008246742536698004,0.041237113402061855,0.56,0.5,0.55,NORMAL,0.32,0.06,,
2018-04-27,2018,4,119,8,69,50,108,1,2,800,73.811,73.78,73.86,0.08,3,6,119,8,800,73.811,-400,MERCURIASA,6,GUNVORSA,4,"MERCURIASA, BP","VITOL, SCRTUKLtd, GUNVORSA",BP,VITOL,Jul18,0.2613565526445922,0.0013194788058716806,0.31932773109243695,0.08571428571428572,0.8888888888888888,0.86,BUYER_DOMINANT,0.31,-0.01,,
2018-04-30,2018,4,39,2,31,8,37,0,0,200,74.405,74.4,74.41,0.01,1,1,39,2,200,74.405,0,VITOL,2,MERCURIASA,1,VITOL,"MERCURIASA, HARTREE",VITOL,MERCURIASA,Jul18,-0.7548389908616843,0.00016493485073396007,1.1794871794871795,0.0625,0.6666666666666666,0.95,BUYER_DOMINANT,-0.04,-0.35,,
2018-05-01,2018,5,296,4,172,124,209,75,8,400,73.645,73.28,73.8,0.52,50,32,296,4,400,73.645,0,MERCURIASA,2,GLENCORE,3,"MERCURIASA, STASCO, GLENCORE","GLENCORE, VITOL",PTRIN,GLENCORE,"Aug18, Jul18, Jul18/Aug18",-0.6159188250501724,0.008576612238165924,0.32432432432432434,0.5780346820809249,1.2,1.06,SELLER_DOMINANT,,,,
2018-05-02,2018,5,179,5,44,135,128,44,2,500,72.512,72.41,72.71,0.3,5,44,179,5,500,72.512,300,STASCO,3,GUNVORSA,2,"MERCURIASA, STASCO, PTRIN","STASCO, GUNVORSA, TRAFI, SCRTUKLtd",PTRIN,STASCO,"Aug18, Jul18, Jul18/Aug18",-0.3782163127209233,0.004948045522018802,1.0167597765363128,0.2222222222222222,0.6666666666666666,0.96,OFFER_PRESSURE,,,,
2018-05-03,2018,5,269,9,114,155,174,78,8,900,65.038,0.47,73.23,72.76,28,63,269,9,900,65.038,100,TRAFI,3,GLENCORE,3,"MERCURIASA, VITOL, GLENCORE, TRAFI, HARTREE","GLENCORE, GUNVORSA, VITOL, PTRIN, ICE",VITOL,GLENCORE,"Aug18, Jul18, Jul18/Aug18",0.5725937365960727,1.2000659739402937,0.3048327137546468,0.48695652173913045,0.6,1.87,HIGH_PRICE_RANGE,,,,
2018-05-04,2018,5,471,15,190,281,297,154,5,1500,59.379,0.3,74.3,74.0,78,94,471,15,1500,59.379,100,HARTREE,7,GLENCORE,4,"GUNVORSA, GLENCORE, HARTREE, TRAFI","MERCURIASA, TRAFI, GLENCORE, STASCO, HARTREE",TRAFI,GLENCORE,"Aug18, Jul18, Jul18/Aug18",1.9988088105715667,1.2205178954313045,0.386411889596603,0.8167539267015707,0.5,3.18,HIGH_PRICE_RANGE,,,,
2018-05-08,2018,5,285,14,51,234,192,78,1,1400,73.821,73.68,74.03,0.35,4,89,285,14,1400,73.821,-600,HARTREE,7,STASCO,9,"PTRIN, HARTREE, CHEVUK, GUNVORSA","TRAFI, STASCO, VITOL",PTRIN,STASCO,"Aug18, Jul18, Jul18/Aug18",1.7611062982423178,0.005772719775688603,1.2842105263157895,0.15384615384615385,1.2,2.73,VOL_SPIKE,,,,
2018-05-09,2018,5,316,12,225,91,198,105,1,1200,70.615,0.2,77.17,76.97,84,32,316,12,1200,70.615,-800,PTRIN,3,VITOL,5,"STASCO, CHEVUK, MERCURIASA, BP, PTRIN","BP, VITOL, GUNVORSA, HARTREE",MERCURIASA,BP,"Aug18, Jul18, Jul18/Aug18",1.2857012735838198,1.2695035460992907,0.8481012658227848,0.7433628318584071,0.7692307692307693,2.97,HIGH_PRICE_RANGE,,,,
2018-05-10,2018,5,188,4,39,149,137,42,5,400,77.1,77.0,77.2,0.2,3,45,188,4,400,77.1,0,PTRIN,2,MERCURIASA,2,"STASCO, PTRIN, GUNVORSA","MERCURIASA, VITOL",PTRIN,GLENCORE,"Aug18, Jul18, Jul18/Aug18",-0.6159188250501724,0.0032986970146792016,1.1702127659574468,0.15,0.8,1.06,OFFER_PRESSURE,,,,
2018-05-11,2018,5,267,13,155,112,182,71,1,1300,77.39,77.26,77.5,0.24,41,41,267,13,1300,77.39,-100,STASCO,4,GLENCORE,7,"STASCO, GLENCORE, MERCURIASA, PTRIN, HARTREE","GLENCORE, VITOL",MERCURIASA,GLENCORE,"Aug18, Jul18, Jul18/Aug18",1.5234037859130687,0.003958436417615042,0.32209737827715357,0.5256410256410257,1.0,2.14,VOL_SPIKE,,,,
2018-05-14,2018,5,295,5,146,149,202,83,5,500,77.898,77.85,77.92,0.07,36,55,295,5,500,77.898,500,PTRIN,2,STASCO,2,"PTRIN, TRAFI, GUNVORSA","STASCO, MERCURIASA, HARTREE",GUNVORSA,MERCURIASA,"Aug18, Jul18, Jul18/Aug18",-0.3782163127209233,0.0011545439551377207,0.020338983050847456,0.4897959183673469,0.6666666666666666,0.59,NORMAL,,,,
2018-05-15,2018,5,578,24,377,201,340,185,29,2400,62.387,0.08,78.87,78.79,125,84,578,24,2400,62.387,-200,SCRTUKLtd,13,GLENCORE,8,"SCRTUKLtd, BP, GLENCORE, MERCURIASA, PTRIN","BP, SCRTUKLtd, GLENCORE, TOTSA, ICE",SCRTUKLtd,GLENCORE,"Aug18, Jul18, Jul18/Aug18",3.0,1.2995216889328716,0.6089965397923875,0.6613756613756614,0.64,3.33,HIGH_PRICE_RANGE,,,,
2018-05-16,2018,5,366,13,245,121,234,111,8,1300,66.195,-0.01,78.27,78.28,75,51,366,13,1300,66.195,300,SCRTUKLtd,4,GLENCORE,4,"MERCURIASA, STASCO, SCRTUKLtd, PTRIN, GUNVORSA","GLENCORE, SCRTUKLtd, TRAFI, HARTREE, BP",GUNVORSA,GLENCORE,"Aug18, Jul18, Jul18/Aug18",1.5234037859130687,1.2911100115454395,0.6775956284153005,0.6097560975609756,0.5714285714285714,2.92,HIGH_PRICE_RANGE,,,,
2018-05-17,2018,5,248,7,140,108,157,83,1,700,68.959,-0.02,80.5,80.52,45,44,248,7,700,68.959,-300,HARTREE,2,GLENCORE,3,"BP, HARTREE, GLENCORE, MERCURIASA, TOTSA","HARTREE, BP, SCRTUKLtd, GLENCORE",TOTSA,GLENCORE,"Aug18, Jul18, Jul18/Aug18",0.0971887119375747,1.3280554181098465,0.25806451612903225,0.6382978723404256,0.75,1.7,HIGH_PRICE_RANGE,,,,
2018-05-18,2018,5,163,9,11,152,121,33,0,900,79.139,79.08,79.2,0.12,1,41,163,9,900,79.139,-700,TOTSA,2,VITOL,5,"TOTSA, HARTREE, GLENCORE, SCRTUKLtd, STASCO","GLENCORE, VITOL, MERCURIASA",GLENCORE,GLENCORE,"Aug18, Jul18, Jul18/Aug18",0.5725937365960727,0.001979218208807521,1.7300613496932515,0.16666666666666666,1.0,1.91,OFFER_PRESSURE,,,,
2018-05-21,2018,5,134,4,56,78,96,31,3,400,78.868,78.8,79.07,0.27,4,32,134,4,400,78.868,-200,TRAFI,1,GLENCORE,3,"TRAFI, STASCO, HARTREE, TOTSA","GLENCORE, SCRTUKLtd",GLENCORE,GLENCORE,"Aug18, Jul18, Jul18/Aug18",-0.6159188250501724,0.004453240969816923,0.3283582089552239,0.14035087719298245,1.2,0.84,SELLER_DOMINANT,,,,
2018-05-22,2018,5,228,12,132,96,157,57,2,1200,73.639,-0.21,80.52,80.73,34,34,228,12,1200,73.639,200,VITOL,2,GLENCORE,4,"VITOL, BP, STASCO, TRAFI, MERCURIASA","BP, VITOL, CCMA, GLENCORE, GUNVORSA",BP,GLENCORE,"Aug18, Jul18, Jul18/Aug18",1.2857012735838198,1.3315190499752598,0.3157894736842105,0.5112781954887218,0.6153846153846154,2.55,HIGH_PRICE_RANGE,,,,
2018-05-23,2018,5,315,13,191,124,217,84,1,1400,79.009,78.81,79.25,0.44,61,37,315,13,1400,79.009,200,STASCO,4,GLENCORE,8,"STASCO, TRAFI, MERCURIASA, TOTSA, GLENCORE","VITOL, GLENCORE",TRAFI,GLENCORE,"Aug18, Jul18, Jul18/Aug18",1.7611062982423178,0.007257133432294244,0.4253968253968254,0.6354166666666666,1.1428571428571428,2.52,VOL_SPIKE,,,,
2018-05-24,2018,5,253,12,142,111,174,66,1,1400,79.093,78.95,79.26,0.31,41,39,253,12,1400,79.093,600,MERCURIASA,7,GLENCORE,6,"GLENCORE, MERCURIASA, TOTSA, TRAFI","STASCO, GLENCORE, GUNVORSA",MERCURIASA,GLENCORE,"Aug18, Jul18, Jul18/Aug18",1.7611062982423178,0.005112980372752762,0.2450592885375494,0.5734265734265734,0.9230769230769231,2.28,VOL_SPIKE,,,,
2018-05-25,2018,5,324,14,192,132,223,82,5,1400,76.467,76.4,76.59,0.19,66,31,324,14,1400,76.467,200,MERCURIASA,7,GLENCORE,8,"MERCURIASA, GUNVORSA, TOTSA, GLENCORE","GLENCORE, STASCO, VITOL, BP",TRAFI,GLENCORE,"Aug18, Jul18, Jul18/Aug18",1.7611062982423178,0.0031337621639452415,0.37037037037037035,0.6839378238341969,1.0666666666666667,2.47,VOL_SPIKE,,,,
2018-05-29,2018,5,132,7,67,65,92,26,7,700,53.679,-0.15,75.3,75.45,30,5,132,7,700,53.679,300,GLENCORE,3,HARTREE,4,"HARTREE, GLENCORE, ICE","VITOL, HARTREE, MERCURIASA",GLENCORE,MERCURIASA,"Aug18, Jul18, Jul18/Aug18",0.0971887119375747,1.2444334487877289,0.030303030303030304,0.8823529411764706,1.0,1.78,HIGH_PRICE_RANGE,,,,
2018-05-30,2018,5,106,7,28,78,94,2,3,700,77.171,77.16,77.18,0.02,1,9,106,7,700,77.171,-700,MERCURIASA,3,GUNVORSA,4,"HARTREE, MERCURIASA, SCRTUKLtd","GUNVORSA, STASCO, BP",TRAFI,GLENCORE,Aug18,0.0971887119375747,0.00032986970146792015,0.9433962264150944,0.06896551724137931,1.0,1.08,OFFER_PRESSURE,,,,
2018-05-31,2018,5,37,4,35,2,31,2,0,400,78.198,78.18,78.23,0.05,5,1,37,4,400,78.198,400,GLENCORE,4,MERCURIASA,3,GLENCORE,"MERCURIASA, STASCO",GLENCORE,VITOL,Aug18,-0.6159188250501724,0.0008246742536698004,1.7837837837837838,0.2777777777777778,1.2,1.63,SELLER_DOMINANT,,,,
2018-06-01,2018,6,176,6,104,72,128,40,2,600,76.452,76.19,76.52,0.33,43,6,176,6,600,76.452,-200,GLENCORE,2,HARTREE,4,"GLENCORE, GUNVORSA, STASCO, SCRTUKLtd","HARTREE, GLENCORE, STASCO",GLENCORE,GLENCORE,"Aug18, Aug18/Sep18, Sep18",-0.1727788238470999,0.0054428500742206825,0.36363636363636365,0.819047619047619,1.1428571428571428,1.17,NORMAL,,,,
2018-06-04,2018,6,43,6,0,43,37,0,0,600,75.27,75.14,75.38,0.24,0,6,43,6,600,75.27,-600,GLENCORE,4,GUNVORSA,3,"STASCO, GLENCORE, TRAFI","GUNVORSA, MERCURIASA",,MERCURIASA,"Aug18, Sep18",-0.1727788238470999,0.003958436417615042,2.0,0.0,0.8571428571428571,1.43,OFFER_PRESSURE,,,,
2018-06-05,2018,6,49,3,0,49,41,2,3,300,74.467,74.4,74.6,0.2,0,5,49,3,300,74.467,-300,CHEVUK,1,MERCURIASA,2,"CHEVUK, LITASCO, GLENCORE","MERCURIASA, STASCO",,STASCO,"Aug18, Sep18",-0.7161960923984626,0.0032986970146792016,2.0,0.0,1.0,1.5,OFFER_PRESSURE,,,,
2018-06-06,2018,6,291,10,156,135,195,82,4,1000,74.896,74.64,75.05,0.41,46,49,291,10,1000,74.896,-200,GLENCORE,5,STASCO,3,"HARTREE, GLENCORE, SCRTUKLtd, VITOL, TRAFI","STASCO, GUNVORSA, MERCURIASA, GLENCORE",GLENCORE,GUNVORSA,"Aug18, Aug18/Sep18, Sep18",0.5517775342213838,0.0067623288800923624,0.14432989690721648,0.5859872611464968,0.5454545454545454,1.08,NORMAL,,,,
2018-06-07,2018,6,339,13,166,173,233,86,7,1300,76.998,76.99,77.0,0.01,51,53,339,13,1300,76.998,100,VITOL,7,GUNVORSA,8,"GLENCORE, VITOL","GUNVORSA, HARTREE",VITOL,GUNVORSA,"Aug18, Aug18/Sep18, Sep18",1.0951948027727465,0.00016493485073396007,0.04129793510324484,0.6107784431137725,1.1428571428571428,1.77,NORMAL,,,,
2018-06-08,2018,6,67,6,5,62,44,13,4,600,76.41,76.29,76.65,0.36,2,19,67,6,600,76.41,-600,GLENCORE,2,GUNVORSA,4,"TRAFI, VITOL, HARTREE, GLENCORE, STASCO","GUNVORSA, STASCO",MERCURIASA,STASCO,"Aug18, Aug18/Sep18, Sep18",-0.1727788238470999,0.005937654626422563,1.7014925373134329,0.6666666666666666,1.1428571428571428,1.76,OFFER_PRESSURE,,,,
2018-06-11,2018,6,189,5,134,55,140,43,1,500,76.412,76.28,76.6,0.32,46,4,189,5,500,76.412,-100,STASCO,2,GUNVORSA,3,"GLENCORE, MERCURIASA, VITOL, STASCO","MERCURIASA, GUNVORSA",VITOL,GUNVORSA,"Aug18, Aug18/Sep18, Sep18",-0.3539179133642208,0.005277915223486722,0.8359788359788359,0.6814814814814815,1.0,1.26,BID_PRESSURE,,,,
2018-06-12,2018,6,184,1,71,113,110,66,7,100,76.24,76.24,76.24,0.0,26,46,182,1,100,76.24,-100,STASCO,1,GUNVORSA,1,STASCO,GUNVORSA,TRAFI,VITOL,"Aug18, Aug18/Sep18, Sep18",-1.0784742714327045,0.0,0.45652173913043476,0.7222222222222222,1.0,1.09,SELLER_DOMINANT,,,,
2018-06-13,2018,6,333,0,153,180,205,115,13,0,,,,,60,59,333,0,0,,0,,0,,0,,,GLENCORE,GUNVORSA,"Aug18, Aug18/Sep18, Sep18",-1.2596133609498252,0.0,0.16216216216216217,0.7792207792207793,0.0,0.47,NO_SELLER,,,,
2018-06-14,2018,6,192,3,44,148,142,44,3,300,75.867,75.77,76.06,0.29,5,44,192,3,300,75.867,100,VITOL,2,GUNVORSA,1,"VITOL, MERCURIASA","GUNVORSA, HARTREE, GLENCORE",VITOL,HARTREE,"Aug18, Aug18/Sep18, Sep18",-0.7161960923984626,0.004783110671284842,1.0833333333333333,0.2222222222222222,0.5,0.91,OFFER_PRESSURE,,,,
2018-06-15,2018,6,22,2,0,22,20,0,0,200,73.36,73.36,73.36,0.0,0,2,22,2,200,73.36,-200,MERCURIASA,2,STASCO,2,MERCURIASA,STASCO,,STASCO,Aug18,-0.8973351819155835,0.0,2.0,0.0,1.3333333333333333,1.67,SELLER_DOMINANT,,,,
2018-06-18,2018,6,439,13,278,161,282,133,11,1300,68.812,0.36,74.67,74.31,90,58,437,13,1300,68.812,700,SCRTUKLtd,5,GUNVORSA,7,"VITOL, SCRTUKLtd, GUNVORSA, BP, MERCURIASA","BP, GUNVORSA, MERCURIASA, ICE",SCRTUKLtd,GUNVORSA,"Aug18, Aug18/Sep18, Sep18",1.0951948027727465,1.2256308758040573,0.5330296127562643,0.6451612903225806,1.0,2.7,HIGH_PRICE_RANGE,,,,
2018-06-19,2018,6,461,24,172,289,304,130,3,2400,62.281,0.38,74.89,74.51,57,96,461,24,2400,62.281,-400,SCRTUKLtd,8,GUNVORSA,6,"SCRTUKLtd, VITOL, HARTREE, GLENCORE, TRAFI","GUNVORSA, BP, SCRTUKLtd, STASCO, GLENCORE",GLENCORE,STASCO,"Aug18, Aug18/Sep18, Sep18",3.0,1.2289295728187366,0.5075921908893709,0.6589595375722543,0.48,3.16,HIGH_PRICE_RANGE,,,,
2018-06-20,2018,6,318,13,163,155,210,94,1,1300,75.229,74.8,75.36,0.56,63,45,318,13,1300,75.229,-500,GLENCORE,8,GUNVORSA,5,"GLENCORE, HARTREE, STASCO, MERCURIASA","TRAFI, GLENCORE, BP, PTRIN, GUNVORSA",GLENCORE,BP,"Aug18, Aug18/Sep18, Sep18",1.0951948027727465,0.009236351641101766,0.050314465408805034,0.7682926829268293,0.7142857142857143,1.65,NORMAL,,,,
2018-06-21,2018,6,279,8,107,172,195,70,6,800,73.48,73.36,73.62,0.26,32,48,279,8,800,73.48,0,VITOL,6,GUNVORSA,2,"SCRTUKLtd, VITOL, HARTREE","GUNVORSA, TRAFI, SCRTUKLtd, BP, STASCO",TRAFI,GLENCORE,"Aug18, Aug18/Sep18, Sep18",0.18949935518714192,0.004288306119082962,0.4659498207885305,0.5925925925925926,0.4444444444444444,0.91,BUYER_DOMINANT,,,,
2018-06-22,2018,6,209,7,27,182,146,54,2,700,74.601,74.51,74.67,0.16,3,59,209,7,700,74.601,-100,VITOL,3,GUNVORSA,4,"VITOL, TOTSA, HARTREE","BP, GUNVORSA, HARTREE",VITOL,GLENCORE,"Aug18, Aug18/Sep18, Sep18",0.008360265670021013,0.002638957611743361,1.4832535885167464,0.21428571428571427,1.0,1.36,OFFER_PRESSURE,,,,
2018-06-25,2018,6,282,2,101,181,181,74,25,200,74.34,74.34,74.34,0.0,38,44,282,2,200,74.34,-200,GUNVORSA,2,GLENCORE,1,GUNVORSA,"GLENCORE, BP",MERCURIASA,GUNVORSA,"Aug18, Aug18/Sep18, Sep18",-0.8973351819155835,0.0,0.5673758865248227,0.7450980392156863,0.6666666666666666,0.99,BUYER_DOMINANT,,,,
2018-06-26,2018,6,476,23,257,219,302,148,3,2300,58.746,0.04,75.1,75.06,95,77,476,23,2300,58.746,-500,GUNVORSA,10,BP,6,"GUNVORSA, BP, MERCURIASA, CCMA, HARTREE","VITOL, PTRIN, STASCO, BP, TRAFI",MERCURIASA,GLENCORE,"Aug18, Aug18/Sep18, Sep18",2.9065856979439557,1.2380009896091044,0.15966386554621848,0.7364341085271318,0.5,3.04,HIGH_PRICE_RANGE,,,,
2018-06-27,2018,6,123,5,5,118,108,6,4,500,77.796,77.72,77.85,0.13,3,9,123,5,500,77.796,-500,STASCO,2,VITOL,2,"STASCO, SCRTUKLtd, HARTREE","VITOL, PTRIN, GLENCORE",STASCO,PTRIN,"Aug18, Aug18/Sep18, Sep18",-0.3539179133642208,0.002144153059541481,1.8373983739837398,1.0,0.6666666666666666,1.75,OFFER_PRESSURE,,,,
2018-06-28,2018,6,114,7,0,114,101,3,3,700,77.501,77.47,77.52,0.05,0,10,114,7,700,77.501,-700,GLENCORE,4,VITOL,4,"SCRTUKLtd, GLENCORE, CHEVUK","VITOL, MERCURIASA",,VITOL,Sep18,0.008360265670021013,0.0008246742536698004,2.0,0.0,1.0,1.51,OFFER_PRESSURE,,,,
2018-06-29,2018,6,59,5,24,35,50,2,2,500,79.278,79.27,79.28,0.01,2,5,59,5,500,79.278,-300,GUNVORSA,5,VITOL,5,GUNVORSA,VITOL,GUNVORSA,LITASCO,Sep18,-0.3539179133642208,0.00016493485073396007,0.3728813559322034,0.16,1.6666666666666667,1.1,SELLER_DOMINANT,,,,
2018-07-02,2018,7,34,4,2,32,28,2,0,400,77.84,77.84,77.84,0.0,1,5,34,4,400,77.84,-400,GUNVORSA,4,VITOL,4,GUNVORSA,VITOL,STASCO,VITOL,Sep18,-0.5280697143550639,0.0,1.7647058823529411,0.6666666666666666,1.6,2.02,SELLER_DOMINANT,,,,
2018-07-03,2018,7,106,8,50,56,93,4,1,800,77.029,76.98,77.06,0.08,7,5,106,8,800,77.029,0,GUNVORSA,6,MERCURIASA,3,"GUNVORSA, STASCO","MERCURIASA, TRAFI, CCMA, VITOL",STASCO,TRAFI,Sep18,0.3624885327352557,0.0013194788058716806,0.11320754716981132,0.27450980392156865,0.6666666666666666,0.82,BUYER_DOMINANT,,,,
2018-07-04,2018,7,131,3,105,26,88,39,1,300,78.303,78.3,78.31,0.01,41,2,131,3,300,78.303,100,GUNVORSA,3,HARTREE,1,GUNVORSA,"HARTREE, TRAFI, VITOL",GUNVORSA,STASCO,"Oct18, Sep18, Sep18/Oct18",-0.7507092761276437,0.00016493485073396007,1.2061068702290076,0.7735849056603774,0.5,1.24,BUYER_DOMINANT,,,,
2018-07-05,2018,7,41,1,14,27,36,2,2,100,78.33,78.33,78.33,0.0,2,2,41,1,100,78.33,100,GUNVORSA,1,PTRIN,1,GUNVORSA,PTRIN,GUNVORSA,TRAFI,"Sep18, Sep18/Oct18",-1.1959883996728036,0.0,0.6341463414634146,0.26666666666666666,1.0,0.95,SELLER_DOMINANT,,,,
2018-07-06,2018,7,55,6,49,6,41,7,1,600,77.113,77.1,77.12,0.02,10,3,55,6,600,77.113,600,GUNVORSA,4,GLENCORE,3,"GUNVORSA, STASCO","GLENCORE, MERCURIASA, CCMA, HARTREE",GUNVORSA,HARTREE,"Oct18, Sep18, Sep18/Oct18",-0.08279059080990407,0.00032986970146792015,1.5636363636363637,0.4,0.8571428571428571,1.41,BID_PRESSURE,,,,
2018-07-09,2018,7,16,2,16,0,13,1,0,200,78.13,78.13,78.13,0.0,3,0,16,2,200,78.13,200,MERCURIASA,2,TOTSA,1,MERCURIASA,"TOTSA, GUNVORSA",MERCURIASA,,Sep18,-0.9733488379002236,0.0,2.0,0.35294117647058826,0.6666666666666666,1.51,BUYER_DOMINANT,,,,
2018-07-10,2018,7,97,1,91,6,64,32,0,100,78.91,78.91,78.91,0.0,33,1,97,1,100,78.91,100,TRAFI,1,TOTSA,1,TRAFI,TOTSA,BP,BP,"Oct18, Sep18, Sep18/Oct18",-1.1959883996728036,0.0,1.7525773195876289,0.717391304347826,1.0,1.73,SELLER_DOMINANT,,,,
2018-07-11,2018,7,183,3,22,161,139,33,8,300,76.657,76.64,76.69,0.05,4,36,183,3,300,76.657,100,MERCURIASA,3,BP,1,MERCURIASA,"BP, HARTREE, LITASCO",MERCURIASA,HARTREE,"Oct18, Sep18, Sep18/Oct18",-0.7507092761276437,0.0008246742536698004,1.5191256830601092,0.34782608695652173,0.5,1.18,BUYER_DOMINANT,,,,
2018-07-12,2018,7,49,3,4,45,39,5,2,300,73.38,73.38,73.38,0.0,2,6,49,3,300,73.38,-300,MERCURIASA,2,GUNVORSA,3,"MERCURIASA, STASCO",GUNVORSA,MERCURIASA,GUNVORSA,"Oct18, Sep18, Sep18/Oct18",-0.7507092761276437,0.0,1.6734693877551021,0.8,1.5,1.99,SELLER_DOMINANT,,,,
2018-07-13,2018,7,109,0,60,49,80,25,4,0,,,,,22,3,109,0,0,,0,,0,,0,,,BP,VITOL,"Oct18, Sep18, Sep18/Oct18",-1.4186279614453834,0.0,0.2018348623853211,0.7213114754098361,0.0,0.46,NO_SELLER,,,,
2018-07-16,2018,7,97,7,4,93,88,2,0,700,72.541,72.52,72.57,0.05,2,7,97,7,700,72.541,-700,GUNVORSA,3,VITOL,3,"GLENCORE, GUNVORSA, TOTSA","MERCURIASA, VITOL, GLENCORE",STASCO,MERCURIASA,"Oct18, Sep18, Sep18/Oct18",0.13984897096267582,0.0008246742536698004,1.8350515463917525,0.8,0.75,1.8,OFFER_PRESSURE,,,,
2018-07-17,2018,7,146,5,109,37,108,28,5,500,72.202,72.16,72.23,0.07,31,3,146,5,500,72.202,100,STASCO,3,VITOL,2,"GUNVORSA, STASCO","VITOL, CHEVUK, TRAFI, GUNVORSA",STASCO,VITOL,"Oct18, Sep18, Sep18/Oct18",-0.30543015258248396,0.0011545439551377207,0.9863013698630136,0.5636363636363636,0.6666666666666666,1.11,BID_PRESSURE,,,,
2018-07-18,2018,7,198,9,119,79,145,43,1,900,71.987,71.86,72.07,0.21,44,9,198,9,900,71.987,-700,GUNVORSA,3,VITOL,3,"GUNVORSA, SCRTUKLtd, MERCURIASA, TOTSA, STASCO","VITOL, MERCURIASA, GUNVORSA",MERCURIASA,VITOL,"Oct18, Sep18, Sep18/Oct18",0.5851280945078356,0.0034636318654131617,0.40404040404040403,0.7333333333333333,0.6,1.34,NORMAL,,,,
2018-07-19,2018,7,145,3,103,42,101,37,4,300,73.377,73.35,73.39,0.04,37,3,145,3,300,73.377,100,GLENCORE,2,GUNVORSA,2,"GLENCORE, VITOL","GUNVORSA, STASCO",GLENCORE,STASCO,"Oct18, Sep18, Sep18/Oct18",-0.7507092761276437,0.0006597394029358403,0.8413793103448276,0.7115384615384616,1.0,1.28,BID_PRESSURE,,,,
2018-07-20,2018,7,172,4,22,150,122,44,2,400,73.105,73.03,73.18,0.15,2,46,172,4,400,73.105,-200,GLENCORE,2,GUNVORSA,2,"GLENCORE, STASCO, TRAFI","VITOL, GUNVORSA, GLENCORE",GLENCORE,GLENCORE,"Oct18, Sep18, Sep18/Oct18",-0.5280697143550639,0.002474022761009401,1.4883720930232558,0.17391304347826086,0.8,1.23,OFFER_PRESSURE,,,,
2018-07-23,2018,7,141,3,124,17,129,5,4,300,74.25,74.25,74.25,0.0,7,3,141,3,300,74.25,300,STASCO,3,MERCURIASA,2,STASCO,"MERCURIASA, GUNVORSA",VITOL,BP,"Oct18, Sep18, Sep18/Oct18",-0.7507092761276437,0.0,1.5177304964539007,0.112,1.0,1.31,BUYER_DOMINANT,,,,
2018-07-24,2018,7,157,6,53,104,113,37,1,600,73.968,73.81,74.27,0.46,2,41,157,6,600,73.968,-200,MERCURIASA,4,BP,2,"VITOL, MERCURIASA, GLENCORE","BP, GLENCORE, GUNVORSA",VITOL,GLENCORE,"Oct18, Sep18, Sep18/Oct18",-0.08279059080990407,0.007587003133762164,0.6496815286624203,0.07407407407407407,0.5714285714285714,0.65,NORMAL,,,,
2018-07-25,2018,7,334,4,213,121,218,104,8,400,74.47,74.46,74.5,0.04,66,45,334,4,400,74.47,0,STASCO,3,BP,4,"VITOL, STASCO",BP,MERCURIASA,BP,"Oct18, Sep18, Sep18/Oct18",-0.5280697143550639,0.0006597394029358403,0.5508982035928144,0.616822429906542,1.6,1.38,SELLER_DOMINANT,,,,
2018-07-26,2018,7,353,13,197,156,224,114,2,1300,57.565,-0.7,75.32,76.02,62,61,353,13,1300,57.565,100,GLENCORE,3,GLENCORE,6,"GLENCORE, VITOL, MERCURIASA, CCMA, TOTSA","GUNVORSA, BP, GLENCORE, CCMA, MERCURIASA",MERCURIASA,BP,"Oct18, Sep18, Sep18/Oct18",1.4756863415981551,1.2538347352795645,0.23229461756373937,0.6262626262626263,0.8571428571428571,2.79,HIGH_PRICE_RANGE,,,,
2018-07-27,2018,7,98,6,98,0,92,0,0,600,75.393,74.91,75.49,0.58,6,0,98,6,600,75.393,600,STASCO,3,GUNVORSA,4,"STASCO, MERCURIASA, VITOL","GUNVORSA, BP",VITOL,,"Oct18, Sep18",-0.08279059080990407,0.009566221342569684,2.0,0.12121212121212122,1.1428571428571428,1.64,BID_PRESSURE,,,,
2018-07-30,2018,7,69,6,45,24,61,1,1,600,75.58,75.55,75.61,0.06,6,1,69,6,600,75.58,400,STASCO,5,BP,6,"STASCO, MERCURIASA",BP,STASCO,BP,Oct18,-0.08279059080990407,0.0009896091044037604,0.6086956521739131,0.2608695652173913,1.7142857142857142,1.29,SELLER_DOMINANT,,,,
2018-07-31,2018,7,114,11,76,38,101,1,1,1100,74.813,74.78,74.86,0.08,7,5,114,11,1100,74.813,100,GUNVORSA,5,BP,4,"MERCURIASA, GUNVORSA, VITOL","BP, STASCO, GLENCORE, HARTREE",VITOL,BP,Oct18,1.0304072180529955,0.0013194788058716806,0.6666666666666666,0.18181818181818182,0.6666666666666666,1.58,NORMAL,,,,
2018-08-01,2018,8,78,7,48,30,68,3,0,700,72.69,72.63,72.72,0.09,7,3,78,7,700,72.69,300,VITOL,7,BP,5,VITOL,"BP, STASCO",VITOL,BP,"Nov18, Oct18, Oct18/Nov18",0.07986774377722992,0.0014844136566056407,0.46153846153846156,0.2857142857142857,1.25,1.06,SELLER_DOMINANT,,,,
2018-08-02,2018,8,111,10,22,89,69,32,0,1000,51.261,-0.26,73.49,73.75,2,36,111,10,1000,51.261,-400,STASCO,7,GLENCORE,6,"STASCO, GLENCORE","GLENCORE, STASCO, ICE",GLENCORE,GLENCORE,"Nov18, Oct18, Oct18/Nov18",0.7002103564031115,1.2163945241629557,1.2072072072072073,0.17391304347826086,1.0909090909090908,2.53,HIGH_PRICE_RANGE,,,,
2018-08-03,2018,8,134,14,115,19,86,32,2,1400,57.624,-0.3,73.69,73.99,37,4,134,14,1400,57.624,200,MERCURIASA,8,GLENCORE,6,"PTRIN, VITOL, MERCURIASA, GLENCORE","STASCO, BP, GLENCORE, MERCURIASA, GUNVORSA",GLENCORE,GLENCORE,"Nov18, Oct18, Oct18/Nov18",1.5273338399042868,1.2203529605805705,1.4328358208955223,0.6379310344827587,0.8,3.39,HIGH_PRICE_RANGE,,,,
2018-08-06,2018,8,197,2,80,117,137,54,4,200,74.15,74.14,74.16,0.02,36,22,197,2,200,74.15,0,GLENCORE,2,BP,2,GLENCORE,BP,GLENCORE,BP,"Nov18, Oct18, Oct18/Nov18",-0.9540366105992394,0.00032986970146792015,0.3756345177664975,0.8888888888888888,1.3333333333333333,1.3,SELLER_DOMINANT,,,,
2018-08-07,2018,8,210,7,90,120,170,32,1,700,74.413,74.39,74.42,0.03,33,7,210,7,700,74.413,-100,GLENCORE,4,HARTREE,4,"GLENCORE, STASCO","PTRIN, BP, HARTREE",STASCO,PTRIN,"Nov18, Oct18, Oct18/Nov18",0.07986774377722992,0.0004948045522018802,0.2857142857142857,0.7252747252747253,1.0,1.07,NORMAL,,,,
2018-08-08,2018,8,169,1,4,165,155,7,6,100,72.39,72.39,72.39,0.0,2,6,169,1,100,72.39,-100,GLENCORE,1,BP,1,GLENCORE,BP,STASCO,VITOL,"Nov18, Oct18, Oct18/Nov18",-1.1608174814745331,0.0,1.9053254437869822,0.8,1.0,1.85,SELLER_DOMINANT,,,,
2018-08-09,2018,8,382,6,105,277,247,117,12,600,72.308,72.3,72.33,0.03,48,75,380,6,600,72.308,-400,GLENCORE,5,VITOL,2,"GLENCORE, GUNVORSA","VITOL, HARTREE, BP, TOTSA",GLENCORE,VITOL,"Nov18, Oct18, Oct18/Nov18",-0.12691312709806393,0.0004948045522018802,0.900523560209424,0.9056603773584906,0.5714285714285714,1.19,BUYER_DOMINANT,,,,
2018-08-10,2018,8,410,8,168,242,260,134,8,800,54.69,-0.25,73.21,73.46,75,68,410,8,800,54.69,-600,GLENCORE,4,HARTREE,4,"HARTREE, GLENCORE, ICE","VITOL, HARTREE, GUNVORSA, BP",HARTREE,HARTREE,"Nov18, Oct18, Oct18/Nov18",0.2866486146525238,1.2116114134916707,0.36097560975609755,0.8875739644970414,0.8888888888888888,2.03,HIGH_PRICE_RANGE,,,,
2018-08-13,2018,8,173,6,75,98,128,38,1,600,72.725,72.63,72.87,0.24,32,11,173,6,600,72.725,-200,GLENCORE,4,GUNVORSA,3,"STASCO, GLENCORE","VITOL, GUNVORSA, GLENCORE, STASCO",GLENCORE,HARTREE,"Nov18, Oct18, Oct18/Nov18",-0.12691312709806393,0.003958436417615042,0.2658959537572254,0.8421052631578947,0.8571428571428571,0.98,NORMAL,,,,
2018-08-14,2018,8,203,14,1,202,142,45,2,1400,67.707,-0.33,73.01,73.34,0,58,203,14,1400,67.707,-1200,GLENCORE,9,GUNVORSA,6,"HARTREE, GLENCORE, GUNVORSA","VITOL, GUNVORSA, STASCO, HARTREE",HARTREE,HARTREE,"Nov18, Oct18, Oct18/Nov18",1.5273338399042868,1.2096321952828633,1.980295566502463,0.0,0.8,3.34,HIGH_PRICE_RANGE,,,,
2018-08-15,2018,8,180,7,47,133,111,52,10,700,60.52,-0.35,70.82,71.17,21,42,180,7,700,60.52,-500,GLENCORE,3,STASCO,3,"GLENCORE, HARTREE, GUNVORSA, BP","STASCO, VITOL, BP, GUNVORSA",GUNVORSA,BP,"Nov18, Oct18, Oct18/Nov18",0.07986774377722992,1.173841332673594,0.9555555555555556,0.875,0.75,2.06,HIGH_PRICE_RANGE,,,,
2018-08-16,2018,8,106,5,18,88,74,25,2,500,71.37,71.23,71.61,0.38,1,29,103,5,500,71.37,-500,GLENCORE,2,GLENCORE,3,"GLENCORE, TOTSA, HARTREE, STASCO","VITOL, GLENCORE, GUNVORSA",GLENCORE,GLENCORE,"Nov18, Oct18, Oct18/Nov18",-0.3336939979733578,0.006267524327890483,1.320754716981132,0.10526315789473684,1.0,1.22,OFFER_PRESSURE,,,,
2018-08-17,2018,8,79,3,60,19,51,25,0,300,72.087,71.94,72.16,0.22,26,2,79,3,300,72.087,-100,STASCO,1,GUNVORSA,3,"STASCO, TOTSA, GLENCORE",GUNVORSA,STASCO,GUNVORSA,"Nov18, Oct18, Oct18/Nov18",-0.7472557397239455,0.003628566716147122,1.0379746835443038,0.8524590163934426,1.5,1.7,SELLER_DOMINANT,,,,
2018-08-20,2018,8,151,9,93,58,99,41,2,900,72.407,72.35,72.44,0.09,37,13,151,9,900,72.407,-900,GLENCORE,7,STASCO,5,"GLENCORE, MERCURIASA","STASCO, HARTREE",MERCURIASA,HARTREE,"Nov18, Oct18, Oct18/Nov18",0.4934294855278176,0.0014844136566056407,0.46357615894039733,0.7872340425531915,1.0,1.52,BUYER_DOMINANT,,,,
2018-08-21,2018,8,296,4,122,174,184,104,4,400,72.518,72.46,72.55,0.09,49,60,296,4,400,72.518,-200,MERCURIASA,3,GLENCORE,2,"HARTREE, MERCURIASA","GLENCORE, STASCO",MERCURIASA,HARTREE,"Nov18, Oct18, Oct18/Nov18",-0.5404748688486517,0.0014844136566056407,0.35135135135135137,0.7967479674796748,0.8,0.97,BUYER_DOMINANT,,,,
2018-08-22,2018,8,109,2,77,32,75,30,2,200,74.43,74.33,74.53,0.2,31,2,109,2,200,74.43,0,HARTREE,1,VITOL,1,"HARTREE, MERCURIASA","VITOL, GLENCORE",MERCURIASA,VITOL,"Nov18, Oct18, Oct18/Nov18",-0.9540366105992394,0.0032986970146792016,0.8256880733944955,0.7948717948717948,0.6666666666666666,1.15,BID_PRESSURE,,,,
2018-08-23,2018,8,436,25,183,253,260,140,11,2500,59.779,-0.42,75.1,75.52,67,100,436,25,2500,59.779,-700,HARTREE,13,STASCO,12,"GLENCORE, HARTREE, MERCURIASA, GUNVORSA","HARTREE, STASCO, ICE",MERCURIASA,STASCO,"Nov18, Oct18, Oct18/Nov18",3.0,1.2455879927428664,0.3211009174311927,0.7282608695652174,0.9230769230769231,3.33,HIGH_PRICE_RANGE,,,,
2018-08-24,2018,8,159,8,2,157,108,40,3,800,66.613,-0.3,76.45,76.75,1,51,159,8,800,66.613,-800,HARTREE,5,STASCO,5,"GLENCORE, HARTREE, ICE","STASCO, MERCURIASA, HARTREE",HARTREE,HARTREE,"Nov18, Oct18, Oct18/Nov18",0.2866486146525238,1.2658749793831436,1.949685534591195,0.6666666666666666,1.1111111111111112,2.85,HIGH_PRICE_RANGE,,,,
2018-08-28,2018,8,46,2,44,2,41,3,0,200,76.91,76.91,76.91,0.0,4,1,46,2,200,76.91,200,STASCO,2,GUNVORSA,1,STASCO,"GUNVORSA, MERCURIASA",LITASCO,HARTREE,"Nov18, Oct18/Nov18",-0.9540366105992394,0.0,1.826086956521739,0.17777777777777778,0.6666666666666666,1.34,BUYER_DOMINANT,,,,
2018-08-29,2018,8,150,8,48,102,108,33,1,800,76.539,76.44,76.81,0.37,5,37,150,8,800,76.539,0,GUNVORSA,6,GLENCORE,4,"GUNVORSA, STASCO, GLENCORE","GLENCORE, VITOL, MERCURIASA, GUNVORSA",GUNVORSA,MERCURIASA,"Nov18, Oct18, Oct18/Nov18",0.2866486146525238,0.006102589477156523,0.72,0.20408163265306123,0.8888888888888888,1.14,BUYER_DOMINANT,,,,
2018-08-30,2018,8,162,3,109,53,111,43,5,300,77.78,77.78,77.78,0.0,42,6,162,3,300,77.78,-300,GLENCORE,1,BP,3,"GLENCORE, TOTSA, MERCURIASA",BP,MERCURIASA,BP,"Dec18, Nov18, Nov18/Dec18",-0.7472557397239455,0.0,0.691358024691358,0.7636363636363637,1.5,1.48,SELLER_DOMINANT,,,,
2018-08-31,2018,8,61,3,36,25,52,4,2,300,78.07,78.06,78.09,0.03,3,4,61,3,300,78.07,-300,TOTSA,2,VITOL,3,"MERCURIASA, TOTSA",VITOL,MERCURIASA,VITOL,Nov18,-0.7472557397239455,0.0004948045522018802,0.36065573770491804,0.16216216216216217,1.5,1.01,SELLER_DOMINANT,,,,
2018-09-03,2018,9,145,6,97,48,84,54,1,600,65.288,0.27,78.35,78.08,43,17,145,6,600,65.288,0,STASCO,3,MERCURIASA,2,"STASCO, HARTREE, VITOL, ICE","MERCURIASA, GUNVORSA, HARTREE, GLENCORE",STASCO,HARTREE,"Dec18, Nov18, Nov18/Dec18",-0.022091834552973914,1.2878113145307604,0.6758620689655173,0.8775510204081632,0.5714285714285714,1.84,HIGH_PRICE_RANGE,,,,
2018-09-04,2018,9,157,9,144,13,103,43,2,900,78.378,78.06,78.44,0.38,50,3,157,9,900,78.378,700,GUNVORSA,8,MERCURIASA,3,"GUNVORSA, STASCO","MERCURIASA, STASCO, GLENCORE, HARTREE, TOTSA",GUNVORSA,HARTREE,"Dec18, Nov18, Nov18/Dec18",0.760787552418035,0.006267524327890483,1.6687898089171975,0.6896551724137931,0.6,2.09,BUYER_DOMINANT,,,,
2018-09-05,2018,9,103,2,81,22,69,26,6,200,77.625,77.6,77.65,0.05,25,4,103,2,200,77.625,0,MERCURIASA,2,VITOL,1,MERCURIASA,"VITOL, GLENCORE",MERCURIASA,GLENCORE,"Dec18, Nov18, Nov18/Dec18",-1.0659310171809857,0.0008246742536698004,1.145631067961165,0.6097560975609756,0.6666666666666666,1.21,BUYER_DOMINANT,,,,
2018-09-06,2018,9,160,7,45,115,108,41,4,700,76.46,76.4,76.47,0.07,21,28,160,7,700,76.46,500,STASCO,7,BP,2,STASCO,"BP, TOTSA, MERCURIASA, GLENCORE",MERCURIASA,GUNVORSA,"Dec18, Nov18, Nov18/Dec18",0.23886796110402905,0.0011545439551377207,0.875,0.9130434782608695,0.5,1.34,BUYER_DOMINANT,,,,
2018-09-07,2018,9,174,5,147,27,121,43,5,500,76.42,76.37,76.46,0.09,46,3,174,5,500,76.42,300,VITOL,3,GLENCORE,4,"HARTREE, VITOL, STASCO","GLENCORE, BP",VITOL,STASCO,"Dec18, Nov18, Nov18/Dec18",-0.28305163020997687,0.0014844136566056407,1.3793103448275863,0.6216216216216216,1.3333333333333333,1.67,SELLER_DOMINANT,,,,
2018-09-10,2018,9,85,5,41,44,70,9,1,500,77.44,77.42,77.45,0.03,8,6,85,5,500,77.44,100,MERCURIASA,3,VITOL,3,"STASCO, MERCURIASA","BP, VITOL",MERCURIASA,VITOL,"Dec18, Nov18, Nov18/Dec18",-0.28305163020997687,0.0004948045522018802,0.07058823529411765,0.38095238095238093,1.0,0.73,NORMAL,,,,
2018-09-11,2018,9,50,3,14,36,45,2,0,300,78.647,78.64,78.66,0.02,2,3,50,3,300,78.647,-100,GUNVORSA,1,VITOL,2,"GUNVORSA, MERCURIASA, HARTREE","VITOL, TOTSA",MERCURIASA,VITOL,Nov18,-0.8049712215239828,0.00032986970146792015,0.88,0.26666666666666666,1.0,1.07,OFFER_PRESSURE,,,,
2018-09-12,2018,9,246,11,146,100,152,77,6,1100,65.37,0.54,79.99,79.45,55,28,246,11,1100,65.37,-700,GLENCORE,4,HARTREE,6,"GLENCORE, STASCO, HARTREE, GUNVORSA, ICE","HARTREE, VITOL, GLENCORE, MERCURIASA, BP",GLENCORE,HARTREE,"Dec18, Nov18, Nov18/Dec18",1.282707143732041,1.3104073890813128,0.37398373983739835,0.7482993197278912,1.0,2.87,HIGH_PRICE_RANGE,,,,
2018-09-13,2018,9,200,12,136,64,132,54,2,1200,78.026,77.75,78.21,0.46,60,6,200,12,1200,78.026,200,STASCO,6,TOTSA,7,"MERCURIASA, STASCO, GUNVORSA","TOTSA, VITOL, HARTREE",MERCURIASA,HARTREE,"Dec18, Nov18, Nov18/Dec18",1.5436669393890439,0.007587003133762164,0.72,0.8759124087591241,1.0769230769230769,2.58,VOL_SPIKE,,,,
2018-09-14,2018,9,165,5,113,52,111,45,4,500,77.656,77.64,77.67,0.03,44,7,165,5,500,77.656,-500,HARTREE,3,VITOL,3,"HARTREE, GLENCORE, STASCO","VITOL, GUNVORSA",MERCURIASA,GUNVORSA,"Dec18, Nov18, Nov18/Dec18",-0.28305163020997687,0.0004948045522018802,0.7393939393939394,0.7719298245614035,1.0,1.26,BID_PRESSURE,,,,
2018-09-17,2018,9,67,5,19,48,61,1,0,500,78.224,77.53,78.4,0.87,3,3,67,5,500,78.224,100,GLENCORE,3,MERCURIASA,5,"GLENCORE, VITOL, STASCO",MERCURIASA,GLENCORE,MERCURIASA,"Jan19, Nov18",-0.28305163020997687,0.014349332013854526,0.8656716417910447,0.3,1.6666666666666667,1.42,SELLER_DOMINANT,,,,
2018-09-18,2018,9,340,14,279,61,221,96,9,1400,78.714,78.1,78.96,0.86,91,21,340,14,1400,78.714,1000,GLENCORE,7,MERCURIASA,8,"VITOL, GLENCORE, GUNVORSA","HARTREE, MERCURIASA, STASCO, GLENCORE",GLENCORE,HARTREE,"Dec18, Dec18/Jan19, Jan19, Nov18, Nov18/Dec18",2.0655865307030497,0.014184397163120567,1.2823529411764707,0.65,1.0666666666666667,3.11,VOL_SPIKE,,,,
2018-09-19,2018,9,84,6,4,80,70,6,2,600,79.233,78.84,79.33,0.49,2,10,84,6,600,79.233,-600,VITOL,2,STASCO,3,"VITOL, MERCURIASA, CHEVUK, GUNVORSA","GLENCORE, HARTREE, STASCO",VITOL,MERCURIASA,"Dec18, Dec18/Jan19, Jan19, Nov18, Nov18/Dec18",-0.022091834552973914,0.008081807685964044,1.8095238095238095,0.8,0.8571428571428571,1.74,OFFER_PRESSURE,,,,
2018-09-20,2018,9,219,6,125,94,142,71,0,600,78.5,78.03,78.92,0.89,42,35,219,6,600,78.5,0,VITOL,2,GUNVORSA,2,"VITOL, MERCURIASA, GLENCORE","CHEVUK, GUNVORSA, STASCO, MERCURIASA",VITOL,GUNVORSA,"Dec18, Dec18/Jan19, Jan19, Nov18, Nov18/Dec18",-0.022091834552973914,0.014679201715322446,0.2831050228310502,0.6666666666666666,0.5714285714285714,0.77,NORMAL,,,,
2018-09-21,2018,9,186,4,45,141,122,59,1,400,78.672,78.46,78.87,0.41,3,60,186,4,400,78.672,0,VITOL,2,STASCO,2,"MERCURIASA, VITOL, HARTREE","STASCO, GLENCORE",VITOL,STASCO,"Dec18, Nov18, Nov18/Dec18",-0.5440114258669798,0.0067623288800923624,1.032258064516129,0.13043478260869565,0.8,0.99,OFFER_PRESSURE,,,,
2018-09-24,2018,9,67,6,67,0,57,3,1,600,80.33,80.33,80.33,0.0,9,0,67,6,600,80.33,600,STASCO,3,HARTREE,3,"STASCO, GUNVORSA","HARTREE, MERCURIASA, GLENCORE",GUNVORSA,,Dec18,-0.022091834552973914,0.0,2.0,0.2647058823529412,0.8571428571428571,1.56,BID_PRESSURE,,,,
2018-09-25,2018,9,27,1,25,2,23,3,0,100,82.38,82.38,82.38,0.0,3,1,27,1,100,82.38,100,MERCURIASA,1,GUNVORSA,1,MERCURIASA,GUNVORSA,MERCURIASA,HARTREE,"Dec18, Nov18, Nov18/Dec18",-1.3268908128379888,0.0,1.7037037037037037,0.23076923076923078,1.0,1.47,SELLER_DOMINANT,,,,
2018-09-26,2018,9,117,3,48,69,84,28,2,300,81.153,81.14,81.16,0.02,3,28,117,3,300,81.153,100,GUNVORSA,2,HARTREE,2,"GUNVORSA, STASCO","MERCURIASA, HARTREE",GUNVORSA,MERCURIASA,"Dec18, Nov18, Nov18/Dec18",-0.8049712215239828,0.00032986970146792015,0.358974358974359,0.12244897959183673,1.0,0.74,NORMAL,,,,
2018-09-27,2018,9,65,5,52,13,58,1,1,500,81.306,81.3,81.31,0.01,6,1,65,5,500,81.306,500,STASCO,3,BP,2,"MERCURIASA, STASCO","HARTREE, GUNVORSA, GLENCORE, BP",MERCURIASA,BP,Dec18,-0.28305163020997687,0.00016493485073396007,1.2,0.22641509433962265,0.6666666666666666,1.05,BID_PRESSURE,,,,
2018-09-28,2018,9,58,2,45,13,51,3,2,200,83.02,83.02,83.02,0.0,3,2,58,2,200,83.02,-200,STASCO,2,MERCURIASA,2,STASCO,MERCURIASA,STASCO,MERCURIASA,Dec18,-1.0659310171809857,0.0,1.103448275862069,0.13043478260869565,1.3333333333333333,1.28,SELLER_DOMINANT,,,,
2018-10-01,2018,10,62,2,62,0,59,1,0,200,84.235,84.18,84.29,0.11,3,0,62,2,200,84.235,200,STASCO,1,GLENCORE,2,"STASCO, MERCURIASA",GLENCORE,STASCO,,Dec18,-0.8896244854507196,0.001814283358073561,2.0,0.09523809523809523,1.3333333333333333,1.72,SELLER_DOMINANT,,,,
2018-10-02,2018,10,203,6,184,19,153,42,2,600,85.35,84.87,85.45,0.58,46,3,203,6,600,85.35,200,STASCO,2,GLENCORE,3,"STASCO, VITOL, MERCURIASA","HARTREE, GUNVORSA, GLENCORE",STASCO,HARTREE,"Dec18, Dec18/Jan19, Jan19",-0.059447357175487686,0.009566221342569684,1.625615763546798,0.4972972972972973,0.8571428571428571,1.5,BID_PRESSURE,,,,
2018-10-03,2018,10,245,7,148,97,160,62,16,700,85.133,84.64,85.25,0.61,51,20,245,7,700,85.133,500,VITOL,3,GLENCORE,3,"VITOL, STASCO, GLENCORE, GUNVORSA","HARTREE, GLENCORE, MERCURIASA, GUNVORSA",GUNVORSA,GUNVORSA,"Dec18, Dec18/Jan19, Jan19",0.1480969248933203,0.010061025894771565,0.4163265306122449,0.6845637583892618,0.75,1.05,NORMAL,,,,
2018-10-04,2018,10,181,10,156,25,138,31,2,1000,77.22,0.45,85.83,85.38,37,5,181,10,1000,77.22,800,STASCO,3,HARTREE,5,"STASCO, VITOL, BP, GUNVORSA, ICE","HARTREE, CHEVUK, GLENCORE, BP",BP,GUNVORSA,"Dec18, Dec18/Jan19, Jan19",0.7707297710997442,1.408213755566551,1.4475138121546962,0.4713375796178344,0.9090909090909091,2.88,HIGH_PRICE_RANGE,,,,
2018-10-05,2018,10,330,9,291,39,223,94,4,900,75.649,0.47,85.12,84.65,91,14,330,9,900,75.649,300,VITOL,3,GLENCORE,4,"VITOL, STASCO, GUNVORSA, MERCURIASA, ICE","GUNVORSA, GLENCORE, CHEVUK, HARTREE",GUNVORSA,GUNVORSA,"Dec18, Dec18/Jan19, Jan19",0.5631854890309362,1.396173511462972,1.5272727272727273,0.6232876712328768,0.8,2.76,HIGH_PRICE_RANGE,,,,
2018-10-08,2018,10,90,12,3,87,51,23,4,1200,62.763,0.32,83.84,83.52,0,30,90,12,1200,62.763,-600,MERCURIASA,6,MERCURIASA,6,"VITOL, CHEVUK, MERCURIASA, BP","MERCURIASA, BP",BP,BP,"Dec18, Dec18/Jan19, Jan19",1.1858183352373601,1.3775358733300345,1.8666666666666667,0.0,0.9230769230769231,3.17,HIGH_PRICE_RANGE,,,,
2018-10-09,2018,10,101,2,72,29,70,27,2,200,84.875,84.87,84.88,0.01,27,3,101,2,200,84.875,0,MERCURIASA,2,GUNVORSA,1,MERCURIASA,"GUNVORSA, STASCO",BP,GUNVORSA,"Dec18, Dec18/Jan19, Jan19",-0.8896244854507196,0.00016493485073396007,0.8514851485148515,0.7397260273972602,0.6666666666666666,1.13,BUYER_DOMINANT,,,,
2018-10-10,2018,10,82,3,63,19,54,22,3,300,83.71,83.71,83.71,0.0,25,2,82,3,300,83.71,300,GUNVORSA,3,STASCO,1,GUNVORSA,"STASCO, MERCURIASA, GLENCORE",BP,BP,"Dec18, Dec18/Jan19, Jan19",-0.6820802033819116,0.0,1.0731707317073171,0.78125,0.5,1.18,BUYER_DOMINANT,,,,
2018-10-11,2018,10,37,3,9,28,25,6,3,300,54.527,0.32,81.79,81.47,1,7,37,3,300,54.527,-100,GLENCORE,2,BP,2,"GLENCORE, BP","BP, GLENCORE",GUNVORSA,BP,"Dec18, Dec18/Jan19, Jan19",-0.6820802033819116,1.3437242289295728,1.027027027027027,0.2,1.0,1.92,HIGH_PRICE_RANGE,,,,
2018-10-12,2018,10,67,7,63,4,57,3,0,700,80.741,80.72,80.75,0.03,8,2,67,7,700,80.741,700,GUNVORSA,4,GLENCORE,3,"STASCO, GUNVORSA","GLENCORE, MERCURIASA, BP, CHEVUK",GUNVORSA,GUNVORSA,Dec18,0.1480969248933203,0.0004948045522018802,1.7611940298507462,0.25,0.75,1.5,BID_PRESSURE,,,,
2018-10-15,2018,10,122,8,122,0,114,0,0,800,80.584,80.45,80.79,0.34,8,0,122,8,800,80.584,800,VITOL,3,HARTREE,5,"VITOL, MERCURIASA, BP, GLENCORE","HARTREE, GUNVORSA, STASCO",VITOL,,"Dec18, Jan19",0.35564120696212825,0.0056077849249546435,2.0,0.13008130081300814,1.1111111111111112,1.91,BID_PRESSURE,,,,
2018-10-16,2018,10,106,5,90,16,80,20,1,500,80.466,80.42,80.63,0.21,24,1,106,5,500,80.466,500,VITOL,3,HARTREE,3,"VITOL, BP, STASCO","MERCURIASA, HARTREE, GLENCORE",STASCO,MERCURIASA,"Dec18, Dec18/Jan19, Jan19",-0.26699163924429564,0.0034636318654131617,1.3962264150943395,0.5274725274725275,1.0,1.46,BID_PRESSURE,,,,
2018-10-17,2018,10,83,5,47,36,73,3,2,500,79.642,79.61,79.65,0.04,4,4,83,5,500,79.642,-300,BP,3,MERCURIASA,3,"VITOL, BP","GUNVORSA, MERCURIASA",VITOL,GUNVORSA,Jan19,-0.26699163924429564,0.0006597394029358403,0.26506024096385544,0.16666666666666666,1.0,0.72,NORMAL,,,,
2018-10-18,2018,10,107,3,91,16,79,23,2,300,79.283,79.27,79.29,0.02,23,3,107,3,300,79.283,100,VITOL,2,MERCURIASA,1,"VITOL, BP","MERCURIASA, STASCO, GUNVORSA",GLENCORE,GUNVORSA,"Dec18, Dec18/Jan19, Jan19",-0.6820802033819116,0.00032986970146792015,1.4018691588785046,0.5,0.5,1.2,BID_PRESSURE,,,,
2018-10-19,2018,10,67,1,67,0,64,1,1,100,79.63,79.63,79.63,0.0,2,0,67,1,100,79.63,100,VITOL,1,STASCO,1,VITOL,STASCO,VITOL,,"Dec18, Jan19",-1.0971687675195276,0.0,2.0,0.058823529411764705,1.0,1.53,SELLER_DOMINANT,,,,
2018-10-22,2018,10,187,9,52,135,135,42,1,900,79.577,79.33,79.81,0.48,5,47,187,9,900,79.577,-100,VITOL,5,STASCO,6,"VITOL, CHEVUK, TOTSA","GUNVORSA, STASCO",VITOL,STASCO,"Dec18, Dec18/Jan19, Jan19",0.5631854890309362,0.007916872835230083,0.8877005347593583,0.18867924528301888,1.2,1.59,OFFER_PRESSURE,,,,
2018-10-23,2018,10,190,8,37,153,138,41,3,800,77.396,77.35,77.42,0.07,6,44,190,8,800,77.396,200,VITOL,5,STASCO,5,"VITOL, GUNVORSA, TOTSA","GLENCORE, STASCO, GUNVORSA",VITOL,STASCO,"Dec18, Dec18/Jan19, Jan19",0.35564120696212825,0.0011545439551377207,1.2210526315789474,0.3157894736842105,1.1111111111111112,1.61,OFFER_PRESSURE,,,,
2018-10-24,2018,10,382,33,253,129,236,110,3,3400,58.216,-0.05,77.0,77.05,75,53,382,33,3400,58.216,400,GLENCORE,9,GLENCORE,22,"GLENCORE, CHEVUK, VITOL, BP, HARTREE","CHEVUK, GLENCORE, STASCO, BP",GLENCORE,GLENCORE,"Dec18, Dec18/Jan19, Jan19",3.0,1.2708230249051624,0.6492146596858639,0.5905511811023622,1.2941176470588236,3.63,HIGH_PRICE_RANGE,,,,
2018-10-25,2018,10,424,14,301,123,271,126,13,1400,60.496,-0.15,77.13,77.28,86,55,424,14,1400,60.496,1000,BP,6,BP,4,"VITOL, STASCO, BP, HARTREE","CHEVUK, BP, GLENCORE, HARTREE, ICE",GLENCORE,GLENCORE,"Dec18, Dec18/Jan19, Jan19",1.600906899374976,1.2746165264720435,0.839622641509434,0.5695364238410596,0.5333333333333333,3.02,HIGH_PRICE_RANGE,,,,
2018-10-26,2018,10,228,7,215,13,163,55,3,700,77.22,77.17,77.23,0.06,64,1,228,7,700,77.22,700,VITOL,3,GUNVORSA,3,"VITOL, STASCO, GLENCORE, MERCURIASA","MERCURIASA, GUNVORSA, HARTREE",BP,HARTREE,"Dec18, Dec18/Jan19, Jan19",0.1480969248933203,0.0009896091044037604,1.7719298245614035,0.5925925925925926,0.75,1.68,BID_PRESSURE,,,,
2018-10-29,2018,10,88,5,88,0,80,3,0,500,77.592,77.55,77.62,0.07,8,0,0,0,0,,0,STASCO,3,VITOL,1,"GUNVORSA, STASCO","VITOL, GLENCORE, MERCURIASA, TOTSA, HARTREE",STASCO,,"Dec18, Dec18/Jan19, Feb19, Jan19",-0.26699163924429564,0.0011545439551377207,2.0,0.1797752808988764,0.3333333333333333,1.26,BID_PRESSURE,,,,
2018-10-30,2018,10,99,4,65,34,91,2,2,400,76.438,76.41,76.46,0.05,4,3,0,0,0,,0,MERCURIASA,3,VITOL,1,"GLENCORE, MERCURIASA","VITOL, HARTREE, STASCO, BP",MERCURIASA,HARTREE,Jan19,-0.4745359213131036,0.0008246742536698004,0.6262626262626263,0.12121212121212122,0.4,0.57,BUYER_DOMINANT,,,,
2018-10-31,2018,10,55,10,13,42,45,0,0,1000,76.274,76.22,76.3,0.08,1,9,0,0,0,,0,MERCURIASA,10,VITOL,9,MERCURIASA,"VITOL, STASCO",MERCURIASA,VITOL,Jan19,0.7707297710997442,0.0013194788058716806,1.0545454545454545,0.14285714285714285,1.6363636363636365,2.03,SELLER_DOMINANT,,,,
2018-11-01,2018,11,104,8,0,104,94,2,0,800,72.89,72.85,72.94,0.09,0,10,104,8,800,72.89,-800,GLENCORE,3,STASCO,4,"GLENCORE, MERCURIASA, HARTREE, GUNVORSA","STASCO, VITOL",,VITOL,"Feb19, Jan19",-0.07781014228034866,0.0014844136566056407,2.0,0.0,0.8888888888888888,1.45,OFFER_PRESSURE,,,,
2018-11-02,2018,11,59,10,0,59,48,1,0,1000,72.682,72.67,72.7,0.03,0,11,59,10,1000,72.682,-1000,GLENCORE,4,VITOL,6,"GLENCORE, HARTREE, GUNVORSA","STASCO, VITOL",,VITOL,Jan19,0.2559089123887021,0.0004948045522018802,2.0,0.0,1.0909090909090908,1.75,OFFER_PRESSURE,,,,
2018-11-05,2018,11,143,10,0,143,131,1,1,1000,73.493,73.47,73.52,0.05,0,11,143,10,1000,73.493,-1000,BP,5,VITOL,5,"HARTREE, BP, GUNVORSA","VITOL, CHEVUK, STASCO, GLENCORE",,GLENCORE,"Feb19, Jan19",0.2559089123887021,0.0008246742536698004,2.0,0.0,0.9090909090909091,1.66,OFFER_PRESSURE,,,,
2018-11-06,2018,11,79,9,0,79,66,3,1,900,71.64,71.6,71.66,0.06,0,12,79,9,900,71.64,-900,BP,4,STASCO,4,"BP, CHEVUK, HARTREE, GLENCORE","GLENCORE, STASCO, VITOL",,VITOL,"Feb19, Jan19",0.08904938505417671,0.0009896091044037604,2.0,0.0,0.8,1.47,OFFER_PRESSURE,,,,
2018-11-07,2018,11,59,4,0,59,47,5,3,400,71.6,71.57,71.64,0.07,0,9,59,4,400,71.6,-400,BP,4,VITOL,3,BP,"VITOL, STASCO",,VITOL,"Jan19, Jan19/Feb19",-0.7452482516184502,0.0011545439551377207,2.0,0.0,1.2,1.6,SELLER_DOMINANT,,,,
2018-11-08,2018,11,57,4,0,57,48,3,2,400,71.492,71.48,71.52,0.04,0,7,57,4,400,71.492,-400,BP,2,VITOL,3,"BP, GLENCORE","VITOL, STASCO",,STASCO,"Feb19, Jan19",-0.7452482516184502,0.0006597394029358403,2.0,0.0,1.2,1.6,SELLER_DOMINANT,,,,
2018-11-09,2018,11,63,4,0,63,57,2,0,400,70.05,70.04,70.06,0.02,0,6,63,4,400,70.05,-400,GLENCORE,2,VITOL,2,"GUNVORSA, GLENCORE, BP","VITOL, STASCO",,VITOL,"Feb19, Jan19",-0.7452482516184502,0.00032986970146792015,2.0,0.0,0.8,1.4,OFFER_PRESSURE,,,,
2018-11-12,2018,11,158,6,46,112,113,37,2,600,71.022,70.82,71.2,0.38,17,26,158,6,600,71.022,-600,GLENCORE,5,STASCO,3,"GLENCORE, BP","STASCO, VITOL, MERCURIASA",GUNVORSA,STASCO,"Feb19, Jan19, Jan19/Feb19",-0.4115291969493994,0.006267524327890483,0.8354430379746836,0.723404255319149,0.8571428571428571,1.21,BUYER_DOMINANT,,,,
2018-11-13,2018,11,196,3,13,183,152,39,2,300,67.003,66.85,67.08,0.23,2,40,194,3,300,67.003,-300,GLENCORE,2,VITOL,2,"GLENCORE, STASCO","VITOL, STASCO",VITOL,VITOL,"Feb19, Jan19, Jan19/Feb19",-0.9121077789529756,0.003793501566881082,1.7346938775510203,0.2857142857142857,1.0,1.51,OFFER_PRESSURE,,,,
2018-11-14,2018,11,148,6,3,145,116,25,1,600,66.578,66.43,66.74,0.31,1,30,148,6,600,66.578,-600,GLENCORE,3,VITOL,3,"GUNVORSA, TRAFI, STASCO, GLENCORE","VITOL, STASCO",VITOL,VITOL,"Feb19, Jan19, Jan19/Feb19",-0.4115291969493994,0.005112980372752762,1.9189189189189189,0.5,0.8571428571428571,1.64,OFFER_PRESSURE,,,,
2018-11-15,2018,11,52,4,0,52,44,2,2,400,67.35,67.35,67.35,0.0,0,6,52,4,400,67.35,-400,HARTREE,2,VITOL,4,"HARTREE, STASCO, GUNVORSA",VITOL,,VITOL,"Feb19, Jan19",-0.7452482516184502,0.0,2.0,0.0,1.6,1.8,SELLER_DOMINANT,,,,
2018-11-16,2018,11,438,14,137,301,287,135,2,1400,52.866,-0.26,67.51,67.77,62,92,438,14,1400,52.866,-1000,GLENCORE,5,HARTREE,5,"HARTREE, STASCO, GLENCORE, BP, ICE","VITOL, HARTREE, BP, GLENCORE",GLENCORE,BP,"Feb19, Jan19, Jan19/Feb19",0.9233470217268036,1.1177634834240473,0.7488584474885844,0.8985507246376812,0.6666666666666666,2.57,HIGH_PRICE_RANGE,,,,
2018-11-19,2018,11,141,8,5,136,91,38,4,800,66.295,66.12,66.5,0.38,2,44,141,8,800,66.295,-800,GLENCORE,6,VITOL,4,"GUNVORSA, GLENCORE, LITASCO","VITOL, STASCO",GUNVORSA,GUNVORSA,"Feb19, Jan19, Jan19/Feb19",-0.07781014228034866,0.006267524327890483,1.8581560283687943,0.6666666666666666,0.8888888888888888,1.71,BUYER_DOMINANT,,,,
2018-11-20,2018,11,553,5,262,291,341,200,7,500,63.806,63.57,64.09,0.52,107,104,553,5,500,63.806,100,PTRIN,2,STASCO,3,"PTRIN, GUNVORSA, LITASCO","STASCO, GLENCORE",PTRIN,HARTREE,"Feb19, Jan19, Jan19/Feb19",-0.5783887242839247,0.008576612238165924,0.10488245931283906,0.8136882129277566,1.0,0.96,NORMAL,,,,
2018-11-21,2018,11,82,7,0,82,73,2,0,700,63.397,63.29,63.67,0.38,0,9,82,7,700,63.397,-700,GLENCORE,4,STASCO,5,"STASCO, GUNVORSA, HARTREE, GLENCORE","MERCURIASA, VITOL, STASCO",,VITOL,"Feb19, Jan19",-0.24466966961487402,0.006267524327890483,2.0,0.0,1.25,1.63,SELLER_DOMINANT,,,,
2018-11-22,2018,11,259,7,179,80,178,70,4,700,62.929,62.88,63.1,0.22,66,11,259,7,700,62.929,-700,GLENCORE,4,STASCO,6,"VITOL, STASCO, GLENCORE","STASCO, GUNVORSA",VITOL,GLENCORE,"Feb19, Jan19, Jan19/Feb19",-0.24466966961487402,0.003628566716147122,0.7644787644787645,0.7333333333333333,1.5,1.5,SELLER_DOMINANT,,,,
2018-11-23,2018,11,258,7,111,147,174,75,2,700,59.017,58.88,59.13,0.25,49,34,258,7,700,59.017,-500,GLENCORE,3,STASCO,4,"HARTREE, STASCO, LITASCO, GUNVORSA, GLENCORE","STASCO, VITOL, HARTREE",GLENCORE,BP,"Feb19, Jan19, Jan19/Feb19",-0.24466966961487402,0.004123371268349002,0.27906976744186046,0.875,1.0,1.08,NORMAL,,,,
2018-11-26,2018,11,114,5,0,114,86,23,0,500,48.69,-0.09,60.97,61.06,0,28,114,5,500,48.69,-500,GLENCORE,2,GUNVORSA,2,"GLENCORE, VITOL, GUNVORSA, ICE","GUNVORSA, MERCURIASA, HARTREE, GLENCORE",,GUNVORSA,"Feb19, Jan19, Jan19/Feb19",-0.5783887242839247,1.0070921985815602,2.0,0.0,0.6666666666666666,1.94,HIGH_PRICE_RANGE,,,,
2018-11-27,2018,11,166,4,3,163,121,38,3,400,45.57,-0.24,60.96,61.2,1,40,166,4,400,45.57,-200,LITASCO,2,GLENCORE,2,"LITASCO, GLENCORE, HARTREE","GLENCORE, LITASCO, VITOL",HARTREE,GUNVORSA,"Feb19, Jan19, Jan19/Feb19",-0.7452482516184502,1.0094012864918358,1.927710843373494,0.5,0.8,2.22,HIGH_PRICE_RANGE,,,,
2018-11-28,2018,11,299,12,214,85,180,103,4,1200,44.739,-0.36,60.07,60.43,89,24,299,12,1200,44.739,-800,MERCURIASA,3,GLENCORE,4,"CHEVUK, BP, MERCURIASA, GUNVORSA, GLENCORE","BP, CHEVUK, GLENCORE, GUNVORSA, STASCO",MERCURIASA,GUNVORSA,"Feb19, Jan19, Jan19/Feb19",0.5896279670577529,0.9967013029853208,0.862876254180602,0.827906976744186,0.6153846153846154,2.22,HIGH_PRICE_RANGE,,,,
2018-11-29,2018,11,109,8,71,38,90,11,0,800,60.009,59.98,60.03,0.05,14,5,109,8,800,60.009,0,GLENCORE,7,VITOL,5,"BP, GLENCORE","MERCURIASA, VITOL",BP,VITOL,"Feb19, Feb19/Mar19, Mar19",-0.07781014228034866,0.0008246742536698004,0.6055045871559633,0.3888888888888889,1.1111111111111112,1.05,BUYER_DOMINANT,,,,
2018-11-30,2018,11,108,6,0,108,101,1,0,600,58.623,58.58,58.64,0.06,0,7,108,6,600,58.623,-600,GLENCORE,3,STASCO,3,"LITASCO, GLENCORE, MERCURIASA, GUNVORSA","STASCO, VITOL, MERCURIASA",,VITOL,Feb19,-0.4115291969493994,0.0009896091044037604,2.0,0.0,0.8571428571428571,1.43,OFFER_PRESSURE,,,,
2018-12-03,2018,12,105,5,93,12,91,7,2,500,61.326,61.26,61.35,0.09,6,6,105,5,500,61.326,500,STASCO,4,BP,2,"STASCO, GLENCORE","LITASCO, HARTREE, BP, MERCURIASA",GLENCORE,GUNVORSA,"Feb19, Feb19/Mar19, Mar19",-0.2798227659871232,0.0014844136566056407,1.542857142857143,0.1276595744680851,0.6666666666666666,1.17,BUYER_DOMINANT,,,,
2018-12-04,2018,12,224,6,150,74,162,54,2,600,62.17,62.13,62.23,0.1,55,5,224,6,600,62.17,0,STASCO,4,BP,3,"GLENCORE, STASCO, GUNVORSA","BP, CHEVUK, MERCURIASA, VITOL",STASCO,MERCURIASA,"Feb19, Feb19/Mar19, Mar19",-0.13153345586819862,0.0016493485073396008,0.6785714285714286,0.7284768211920529,0.8571428571428571,1.13,BID_PRESSURE,,,,
2018-12-05,2018,12,150,6,60,90,120,23,1,600,62.537,62.35,63.01,0.66,24,5,150,6,600,62.537,-200,GLENCORE,2,VITOL,2,"GLENCORE, GUNVORSA, LITASCO, MERCURIASA","VITOL, BP, HARTREE, MERCURIASA",GLENCORE,BP,"Feb19, Feb19/Mar19, Mar19",-0.13153345586819862,0.010885700148441365,0.4,0.7868852459016393,0.5714285714285714,0.89,NORMAL,,,,
2018-12-06,2018,12,121,3,3,118,112,6,0,300,58.953,58.86,59.11,0.25,1,8,94,3,300,58.953,-300,LITASCO,1,BP,2,"LITASCO, VITOL, GLENCORE","BP, MERCURIASA",BP,BP,"Feb19, Feb19/Mar19, Mar19",-0.5764013862249723,0.004123371268349002,1.9008264462809918,0.5,1.0,1.7,OFFER_PRESSURE,,,,
2018-12-07,2018,12,324,3,120,204,220,93,8,300,62.853,62.82,62.87,0.05,46,51,324,3,300,62.853,-100,GUNVORSA,2,BP,3,"GUNVORSA, STASCO",BP,STASCO,BP,"Feb19, Feb19/Mar19, Mar19",-0.5764013862249723,0.0008246742536698004,0.5185185185185185,0.7603305785123967,1.5,1.39,SELLER_DOMINANT,,,,
2018-12-10,2018,12,348,8,137,211,217,123,0,800,53.35,-0.13,61.09,61.22,41,92,348,8,800,53.35,0,GLENCORE,5,STASCO,3,"GLENCORE, MERCURIASA, VITOL","STASCO, GLENCORE, BP, LITASCO, ICE",GLENCORE,STASCO,"Feb19, Feb19/Mar19, Mar19",0.1650451643696505,1.0097311561933036,0.42528735632183906,0.5942028985507246,0.6666666666666666,1.58,HIGH_PRICE_RANGE,,,,
2018-12-11,2018,12,124,5,37,87,95,24,0,500,60.922,60.91,60.96,0.05,4,26,124,5,500,60.922,-100,STASCO,2,BP,3,"STASCO, MERCURIASA, GLENCORE","BP, GUNVORSA",MERCURIASA,BP,"Feb19, Feb19/Mar19, Mar19",-0.2798227659871232,0.0008246742536698004,0.8064516129032258,0.21052631578947367,1.0,1.01,OFFER_PRESSURE,,,,
2018-12-12,2018,12,438,8,222,216,262,164,4,800,61.338,61.29,61.47,0.18,89,87,437,8,800,61.338,-400,MERCURIASA,4,GUNVORSA,6,"MERCURIASA, VITOL, GLENCORE","GUNVORSA, GLENCORE",HARTREE,GUNVORSA,"Feb19, Feb19/Mar19, Mar19",0.1650451643696505,0.0029688273132112814,0.0273972602739726,0.7982062780269058,1.3333333333333333,1.21,SELLER_DOMINANT,,,,
2018-12-13,2018,12,327,15,253,74,200,106,6,1500,44.485,-0.19,60.82,61.01,99,23,327,15,1500,44.485,300,GLENCORE,5,GLENCORE,5,"VITOL, GLENCORE, GUNVORSA, BP, ICE","GLENCORE, GUNVORSA, TOTSA, LITASCO, BP",GUNVORSA,BP,"Feb19, Feb19/Mar19, Mar19",1.2030703352021224,1.0062675243278905,1.0948012232415902,0.7795275590551181,0.625,2.82,HIGH_PRICE_RANGE,,,,
2018-12-14,2018,12,458,5,289,169,291,141,21,500,48.35,-0.2,60.58,60.78,104,44,458,5,500,48.35,100,VITOL,2,STASCO,2,"VITOL, BP, STASCO","STASCO, GUNVORSA, BP",GLENCORE,BP,"Feb19, Feb19/Mar19, Mar19",-0.2798227659871232,1.0024740227610094,0.5240174672489083,0.7172413793103448,0.6666666666666666,1.56,HIGH_PRICE_RANGE,,,,
2018-12-17,2018,12,123,8,18,105,103,11,1,800,59.686,59.66,59.72,0.06,9,10,123,8,800,59.686,-800,GLENCORE,4,VITOL,3,"CHEVUK, GLENCORE, HARTREE, MERCURIASA","VITOL, STASCO, GUNVORSA",GLENCORE,GUNVORSA,"Feb19, Feb19/Mar19, Mar19",0.1650451643696505,0.0009896091044037604,1.4146341463414633,0.9473684210526315,0.6666666666666666,1.65,OFFER_PRESSURE,,,,
2018-12-18,2018,12,207,5,144,63,140,60,2,500,57.018,56.97,57.09,0.12,60,5,207,5,500,57.018,-500,STASCO,2,VITOL,4,"STASCO, HARTREE, TOTSA","VITOL, GLENCORE",GLENCORE,VITOL,"Feb19, Feb19/Mar19, Mar19",-0.2798227659871232,0.001979218208807521,0.782608695652174,0.8275862068965517,1.3333333333333333,1.47,SELLER_DOMINANT,,,,
2018-12-19,2018,12,173,3,114,59,116,50,4,300,57.603,57.57,57.64,0.07,48,6,173,3,300,57.603,-300,GLENCORE,3,VITOL,2,GLENCORE,"VITOL, STASCO",GLENCORE,VITOL,"Feb19, Feb19/Mar19, Mar19",-0.5764013862249723,0.0011545439551377207,0.6358381502890174,0.8347826086956521,1.0,1.24,BUYER_DOMINANT,,,,
2018-12-20,2018,12,141,4,0,141,130,5,2,400,54.912,54.79,55.05,0.26,0,9,141,4,400,54.912,-400,HARTREE,3,VITOL,2,"GLENCORE, HARTREE","VITOL, STASCO",,VITOL,"Feb19, Mar19",-0.42811207610604773,0.004288306119082962,2.0,0.0,0.8,1.4,BUYER_DOMINANT,,,,
2018-12-21,2018,12,151,1,0,151,124,18,8,100,52.82,52.82,52.82,0.0,0,19,0,0,0,,0,HARTREE,1,STASCO,1,HARTREE,STASCO,,HARTREE,"Feb19, Feb19/Mar19, Mar19",-0.8729800064628214,0.0,2.0,0.0,1.0,1.5,SELLER_DOMINANT,,,,
2018-12-27,2018,12,92,7,28,64,80,2,3,700,53.649,53.61,53.67,0.06,2,7,92,7,700,53.649,-300,MERCURIASA,7,HARTREE,4,MERCURIASA,"HARTREE, VITOL",MERCURIASA,VITOL,Mar19,0.01675585425072593,0.0009896091044037604,0.782608695652174,0.13793103448275862,1.0,0.97,BUYER_DOMINANT,,,,
2018-12-28,2018,12,148,4,0,148,142,2,0,400,52.035,52.01,52.07,0.06,0,6,0,0,0,,0,STASCO,2,VITOL,3,"STASCO, HARTREE","VITOL, MERCURIASA",,VITOL,Mar19,-0.42811207610604773,0.0009896091044037604,2.0,0.0,1.2,1.6,SELLER_DOMINANT,,,,
2019-01-02,2019,1,425,4,18,407,312,97,12,400,41.805,-0.25,55.98,56.23,2,106,425,4,400,41.805,-200,BP,2,MERCURIASA,2,"BP, GLENCORE, STASCO","MERCURIASA, BP, ICE",BP,HARTREE,"Apr19, Mar19, Mar19/Apr19",-0.4669871849139039,0.9274286656770575,1.8305882352941176,0.21052631578947367,0.8,1.98,HIGH_PRICE_RANGE,,,,
2019-01-03,2019,1,382,0,110,272,248,127,7,0,,,,,47,89,382,0,0,,0,,0,,0,,,MERCURIASA,HARTREE,"Apr19, Mar19, Mar19/Apr19",-1.1846422185511847,0.0,0.8481675392670157,0.8468468468468469,0.0,0.85,NO_SELLER,,,,
2019-01-04,2019,1,322,7,18,304,236,79,0,700,40.546,-0.14,56.91,57.05,3,83,322,7,700,40.546,-500,GLENCORE,2,GUNVORSA,2,"GLENCORE, GUNVORSA, BP, HARTREE, ICE","GUNVORSA, VITOL, MERCURIASA, STASCO, BP",BP,GUNVORSA,"Apr19, Mar19, Mar19/Apr19",0.07125409031405676,0.9409533234372423,1.7763975155279503,0.3157894736842105,0.5,1.92,HIGH_PRICE_RANGE,,,,
2019-01-07,2019,1,131,2,61,70,95,30,4,200,58.46,58.46,58.46,0.0,28,5,131,2,200,58.46,-200,STASCO,2,VITOL,2,STASCO,VITOL,TRAFI,GLENCORE,"Apr19, Mar19, Mar19/Apr19",-0.8258147017325443,0.0,0.13740458015267176,0.9032258064516129,1.3333333333333333,1.19,SELLER_DOMINANT,,,,
2019-01-08,2019,1,46,3,0,46,39,3,1,300,58.313,58.23,58.42,0.19,0,6,46,3,300,58.313,-300,HARTREE,3,STASCO,2,HARTREE,"STASCO, VITOL",,VITOL,"Apr19, Mar19",-0.6464009433232241,0.0031337621639452415,2.0,0.0,1.0,1.5,BUYER_DOMINANT,,,,
2019-01-09,2019,1,16,3,0,16,12,1,0,300,60.693,60.68,60.7,0.02,0,4,16,3,300,60.693,-300,MERCURIASA,1,GLENCORE,2,"MERCURIASA, STASCO, VITOL","GLENCORE, MERCURIASA",,GLENCORE,"Apr19, Mar19",-0.6464009433232241,0.00032986970146792015,2.0,0.0,1.0,1.5,OFFER_PRESSURE,,,,
2019-01-10,2019,1,264,8,140,124,200,55,1,800,61.454,61.42,61.54,0.12,53,10,264,8,800,61.454,-600,HARTREE,4,MERCURIASA,3,"GLENCORE, HARTREE, BP, VITOL","MERCURIASA, STASCO, GLENCORE",BP,GLENCORE,"Apr19, Mar19, Mar19/Apr19",0.250667848723377,0.001979218208807521,0.12121212121212122,0.75177304964539,0.6666666666666666,0.97,NORMAL,,,,
2019-01-11,2019,1,59,4,0,59,49,2,4,400,60.81,60.78,60.82,0.04,0,6,59,4,400,60.81,-400,STASCO,3,MERCURIASA,4,"VITOL, STASCO",MERCURIASA,,GLENCORE,"Apr19, Mar19",-0.4669871849139039,0.0006597394029358403,2.0,0.0,1.6,1.8,SELLER_DOMINANT,,,,
2019-01-12,2019,1,18,0,5,13,11,7,0,0,,,,,2,5,0,0,0,,0,,0,,0,,,BUYER1,BUYER1,"Apr19, Mar19, Mar19/Apr19",-1.1846422185511847,0.0,0.8888888888888888,0.6666666666666666,0.0,0.78,OFFER_PRESSURE,,,,
2019-01-14,2019,1,155,7,103,52,106,41,1,700,60.404,60.33,60.45,0.12,40,9,155,7,700,60.404,-700,STASCO,4,MERCURIASA,4,"VITOL, STASCO","MERCURIASA, GLENCORE",STASCO,GLENCORE,"Apr19, Mar19, Mar19/Apr19",0.07125409031405676,0.001979218208807521,0.6580645161290323,0.7692307692307693,1.0,1.27,NORMAL,,,,
2019-01-15,2019,1,324,7,119,205,230,86,1,700,60.033,59.96,60.2,0.24,43,50,324,7,700,60.033,-500,MERCURIASA,4,GLENCORE,2,"MERCURIASA, VITOL, GLENCORE","GLENCORE, HARTREE, GUNVORSA, STASCO",MERCURIASA,HARTREE,"Apr19, Apr19/May19, Mar19, Mar19/Apr19, May19",0.07125409031405676,0.003958436417615042,0.5308641975308642,0.7166666666666667,0.5,0.93,NORMAL,,,,
2019-01-16,2019,1,123,6,6,117,82,33,2,600,60.972,60.85,61.0,0.15,2,38,123,6,600,60.972,-600,HARTREE,5,STASCO,2,"HARTREE, VITOL","STASCO, MERCURIASA, GLENCORE, GUNVORSA",GUNVORSA,CHEVUK,"Apr19, Mar19, Mar19/Apr19",-0.10815966809526345,0.002474022761009401,1.8048780487804879,0.5714285714285714,0.5714285714285714,1.48,BUYER_DOMINANT,,,,
2019-01-17,2019,1,135,5,108,27,96,34,0,500,60.906,60.86,60.97,0.11,34,5,135,5,500,60.906,-100,STASCO,3,MERCURIASA,2,"VITOL, STASCO","MERCURIASA, HARTREE, GUNVORSA",STASCO,HARTREE,"Apr19, Mar19, Mar19/Apr19",-0.2875734265045837,0.001814283358073561,1.2,0.6238532110091743,0.6666666666666666,1.25,BID_PRESSURE,,,,
2019-01-18,2019,1,198,5,103,95,149,43,1,500,62.576,62.42,62.82,0.4,44,4,198,5,500,62.576,-300,STASCO,3,MERCURIASA,2,"GLENCORE, HARTREE, STASCO","MERCURIASA, GUNVORSA, GLENCORE, BP",STASCO,MERCURIASA,"Apr19, Mar19, Mar19/Apr19",-0.2875734265045837,0.006597394029358403,0.08080808080808081,0.8461538461538461,0.6666666666666666,0.8,NORMAL,,,,
2019-01-21,2019,1,313,7,12,301,227,76,3,700,53.644,0.22,62.72,62.5,1,82,313,7,700,53.644,-500,VITOL,2,GUNVORSA,3,"VITOL, BP, MERCURIASA, GLENCORE, STASCO","HARTREE, GUNVORSA, BP",VITOL,BP,"Apr19, Mar19, Mar19/Apr19",0.07125409031405676,1.0308428170872506,1.8466453674121406,0.15384615384615385,0.75,2.05,HIGH_PRICE_RANGE,,,,
2019-01-22,2019,1,374,7,159,215,229,133,5,700,52.423,0.18,61.22,61.04,46,96,374,7,700,52.423,700,VITOL,3,HARTREE,3,"VITOL, STASCO, GLENCORE, GUNVORSA","HARTREE, BP, MERCURIASA, GUNVORSA, ICE",GUNVORSA,BP,"Apr19, Mar19, Mar19/Apr19, May19",0.07125409031405676,1.0067623288800922,0.2994652406417112,0.575,0.75,1.47,HIGH_PRICE_RANGE,,,,
2019-01-23,2019,1,105,5,32,73,90,7,3,500,61.06,61.0,61.13,0.13,10,3,105,5,500,61.06,-100,STASCO,4,MERCURIASA,2,"STASCO, GLENCORE","GLENCORE, MERCURIASA, HARTREE, TRAFI",GUNVORSA,GLENCORE,"Apr19, Mar19, Mar19/Apr19",-0.2875734265045837,0.002144153059541481,0.780952380952381,0.6060606060606061,0.6666666666666666,1.03,BUYER_DOMINANT,,,,
2019-01-24,2019,1,263,6,132,131,174,82,1,600,61.107,61.03,61.13,0.1,44,46,263,6,600,61.107,400,STASCO,4,MERCURIASA,3,"GUNVORSA, STASCO, GLENCORE","MERCURIASA, HARTREE, GUNVORSA",GLENCORE,MERCURIASA,"Apr19, Mar19, Mar19/Apr19",-0.10815966809526345,0.0016493485073396008,0.0076045627376425855,0.6616541353383458,0.8571428571428571,0.76,NORMAL,,,,
2019-01-25,2019,1,113,4,108,5,72,36,1,400,61.565,61.56,61.58,0.02,39,1,113,4,400,61.565,200,STASCO,4,MERCURIASA,2,STASCO,"MERCURIASA, GLENCORE, HARTREE",GLENCORE,MERCURIASA,"Apr19, Mar19, Mar19/Apr19",-0.4669871849139039,0.00032986970146792015,1.823008849557522,0.7155963302752294,0.8,1.67,BUYER_DOMINANT,,,,
2019-01-28,2019,1,455,6,133,322,283,158,8,600,49.783,0.07,59.78,59.71,51,116,455,6,600,49.783,-400,BP,3,VITOL,2,"BP, STASCO, GLENCORE","VITOL, MERCURIASA, GLENCORE, HARTREE, ICE",LITASCO,HARTREE,"Apr19, Mar19, Mar19/Apr19",-0.10815966809526345,0.9848259937324756,0.8307692307692308,0.7611940298507462,0.5714285714285714,1.67,HIGH_PRICE_RANGE,,,,
2019-01-29,2019,1,127,4,127,0,120,1,2,400,61.275,61.2,61.3,0.1,5,0,127,4,400,61.275,400,GUNVORSA,2,HARTREE,3,"BP, MERCURIASA, GUNVORSA","HARTREE, GLENCORE",LITASCO,,"Apr19, Mar19",-0.4669871849139039,0.0016493485073396008,2.0,0.078125,1.2,1.64,SELLER_DOMINANT,,,,
2019-01-30,2019,1,31,7,31,0,24,0,0,700,62.214,62.15,62.24,0.09,7,0,31,7,700,62.214,700,STASCO,5,CHEVUK,3,"STASCO, MERCURIASA","MERCURIASA, CHEVUK, HARTREE, GLENCORE",STASCO,,Apr19,0.07125409031405676,0.0014844136566056407,2.0,0.4375,0.75,1.65,BUYER_DOMINANT,,,,
2019-01-31,2019,1,86,3,71,15,82,1,0,300,62.193,62.18,62.2,0.02,3,1,86,3,300,62.193,100,LITASCO,2,MERCURIASA,3,"LITASCO, VITOL",MERCURIASA,LITASCO,MERCURIASA,Apr19,-0.6464009433232241,0.00032986970146792015,1.302325581395349,0.08333333333333333,1.5,1.44,SELLER_DOMINANT,,,,
2019-02-01,2019,2,66,3,46,20,60,1,2,300,62.14,62.14,62.14,0.0,2,3,66,3,300,62.14,-300,TOTSA,2,MERCURIASA,3,"TOTSA, LITASCO",MERCURIASA,GLENCORE,MERCURIASA,Apr19,-0.7054600488067907,0.0,0.7878787878787878,0.0851063829787234,1.5,1.19,SELLER_DOMINANT,,,,
2019-02-04,2019,2,246,2,221,25,183,55,6,200,62.455,62.45,62.46,0.01,57,2,246,2,200,62.455,200,GUNVORSA,1,BP,1,"GUNVORSA, PTRIN","BP, MERCURIASA",GUNVORSA,GLENCORE,"Apr19, Apr19/May19, May19",-0.8792314578878752,0.00016493485073396007,1.5934959349593496,0.5135135135135135,0.6666666666666666,1.39,BID_PRESSURE,,,,
2019-02-05,2019,2,96,5,41,55,89,1,1,500,62.21,62.19,62.24,0.05,5,2,96,5,500,62.21,500,LITASCO,3,STASCO,3,"PTRIN, LITASCO","MERCURIASA, BP, STASCO",PTRIN,BP,Apr19,-0.3579172306446218,0.0008246742536698004,0.2916666666666667,0.23809523809523808,1.0,0.77,NORMAL,,,,
2019-02-06,2019,2,179,7,103,76,130,39,3,700,62.616,62.61,62.64,0.03,39,8,179,7,700,62.616,-700,GLENCORE,4,STASCO,5,"TRAFI, GLENCORE, LITASCO, VITOL","STASCO, GUNVORSA, BP",PTRIN,STASCO,"Apr19, Apr19/May19, May19",-0.01037441248245289,0.0004948045522018802,0.3016759776536313,0.75,1.25,1.15,SELLER_DOMINANT,,,,
2019-02-07,2019,2,114,4,19,95,79,31,0,400,61.355,61.33,61.41,0.08,1,34,114,4,400,61.355,-200,STASCO,2,MERCURIASA,2,"LITASCO, STASCO, GUNVORSA","MERCURIASA, GLENCORE, BP",STASCO,MERCURIASA,"Apr19, Apr19/May19, May19",-0.5316886397257062,0.0013194788058716806,1.3333333333333333,0.1,0.8,1.12,OFFER_PRESSURE,,,,
2019-02-08,2019,2,154,4,134,20,107,41,2,400,61.92,61.87,61.97,0.1,43,3,154,4,400,61.92,0,GUNVORSA,2,HARTREE,2,"GUNVORSA, STASCO","STASCO, HARTREE, BP",GUNVORSA,HARTREE,"Apr19, Apr19/May19, May19",-0.5316886397257062,0.0016493485073396008,1.4805194805194806,0.6370370370370371,0.8,1.46,BID_PRESSURE,,,,
2019-02-11,2019,2,220,3,112,108,151,51,15,300,61.43,61.43,61.43,0.0,5,47,220,3,300,61.43,300,VITOL,3,HARTREE,3,VITOL,HARTREE,VITOL,GLENCORE,"Apr19, Apr19/May19, May19",-0.7054600488067907,0.0,0.03636363636363636,0.08849557522123894,1.5,0.81,SELLER_DOMINANT,,,,
2019-02-12,2019,2,313,2,220,93,201,100,10,200,62.65,62.65,62.65,0.0,76,32,313,2,200,62.65,200,STASCO,1,TOTSA,1,"STASCO, VITOL","TOTSA, MERCURIASA",STASCO,CHEVUK,"Apr19, Apr19/May19, May19",-0.8792314578878752,0.0,0.8115015974440895,0.6877828054298643,0.6666666666666666,1.08,BID_PRESSURE,,,,
2019-02-13,2019,2,144,3,144,0,101,38,2,300,63.813,63.76,63.84,0.08,42,0,144,3,300,63.813,300,VITOL,2,MERCURIASA,1,"VITOL, MERCURIASA","MERCURIASA, TOTSA, HARTREE",CHEVUK,,"Apr19, Apr19/May19, May19",-0.7054600488067907,0.0013194788058716806,2.0,0.5793103448275863,0.5,1.54,BID_PRESSURE,,,,
2019-02-14,2019,2,322,11,177,145,218,93,0,1100,64.188,64.14,64.22,0.08,59,47,322,11,1100,64.188,300,VITOL,5,GLENCORE,4,"VITOL, STASCO, MERCURIASA","GLENCORE, HARTREE, GUNVORSA",STASCO,GLENCORE,"Apr19, Apr19/May19, May19",0.684711223841885,0.0013194788058716806,0.19875776397515527,0.6629213483146067,0.6666666666666666,1.31,NORMAL,,,,
2019-02-15,2019,2,176,7,123,53,106,62,1,700,56.601,0.1,66.05,65.95,51,18,176,7,700,56.601,300,STASCO,5,GLENCORE,2,"STASCO, HARTREE, ICE","GLENCORE, MERCURIASA, HARTREE, GUNVORSA",STASCO,HARTREE,"Apr19, Apr19/May19, May19",-0.01037441248245289,1.0877453405904667,0.7954545454545454,0.8225806451612904,0.5,1.71,BUYER_DOMINANT,,,,
2019-02-18,2019,2,592,7,340,252,371,209,5,700,66.616,66.59,66.66,0.07,123,99,592,7,700,66.616,100,MERCURIASA,3,TRAFI,2,"BP, MERCURIASA, HARTREE, GUNVORSA","HARTREE, TRAFI, GLENCORE, MERCURIASA",LITASCO,TRAFI,"Apr19, Apr19/May19, May19",-0.01037441248245289,0.0011545439551377207,0.2972972972972973,0.7214076246334311,0.5,0.76,NORMAL,,,,
2019-02-19,2019,2,269,10,129,140,169,86,4,1000,46.252,-0.13,66.24,66.37,43,47,269,10,1000,46.252,-200,STASCO,4,LITASCO,6,"BP, STASCO, LITASCO, GLENCORE","HARTREE, LITASCO, STASCO, GLENCORE",LITASCO,TRAFI,"Apr19, Apr19/May19, May19",0.5109398147608005,1.094672604321293,0.08178438661710037,0.6615384615384615,1.0909090909090908,1.98,HIGH_PRICE_RANGE,,,,
2019-02-20,2019,2,517,7,241,276,322,185,3,700,57.49,-0.16,67.19,67.35,90,103,517,7,700,57.49,-100,STASCO,3,LITASCO,2,"LITASCO, STASCO, BP, HARTREE, TOTSA","STASCO, LITASCO, VITOL, GLENCORE, PTRIN",HARTREE,PTRIN,"Apr19, Apr19/May19, May19",-0.01037441248245289,1.110836219693221,0.13539651837524178,0.743801652892562,0.5,1.36,HIGH_PRICE_RANGE,,,,
2019-02-21,2019,2,189,8,143,46,123,47,11,800,58.844,-0.2,67.31,67.51,47,6,189,8,800,58.844,400,STASCO,3,HARTREE,3,"GLENCORE, LITASCO, STASCO, BP","LITASCO, GLENCORE, CHEVUK, HARTREE",HARTREE,LITASCO,"Apr19, Apr19/May19, May19",0.16339699659863158,1.1134751773049645,1.0264550264550265,0.6527777777777778,0.6666666666666666,1.97,HIGH_PRICE_RANGE,,,,
2019-02-22,2019,2,302,3,206,96,195,96,8,300,67.347,67.32,67.39,0.07,77,27,302,3,300,67.347,100,BP,2,VITOL,3,"BP, STASCO",VITOL,HARTREE,TRAFI,"Apr19, Apr19/May19, May19",-0.7054600488067907,0.0011545439551377207,0.7284768211920529,0.7439613526570048,1.5,1.49,SELLER_DOMINANT,,,,
2019-02-25,2019,2,71,5,46,25,62,2,2,500,65.094,65.07,65.13,0.06,5,2,71,5,500,65.094,100,STASCO,4,VITOL,3,"BP, STASCO","MERCURIASA, VITOL, GLENCORE",BP,VITOL,May19,-0.3579172306446218,0.0009896091044037604,0.5915492957746479,0.2127659574468085,1.0,0.9,BUYER_DOMINANT,,,,
2019-02-26,2019,2,70,5,33,37,63,0,2,500,65.562,65.52,65.61,0.09,3,3,70,5,500,65.562,-100,MERCURIASA,4,VITOL,3,"MERCURIASA, BP","VITOL, GLENCORE",BP,VITOL,May19,-0.3579172306446218,0.0014844136566056407,0.11428571428571428,0.17647058823529413,1.0,0.65,BUYER_DOMINANT,,,,
2019-02-27,2019,2,50,2,27,23,40,3,5,200,66.785,66.77,66.8,0.03,3,2,50,2,200,66.785,0,HARTREE,1,VITOL,2,"HARTREE, BP",VITOL,BP,VITOL,May19,-0.8792314578878752,0.0004948045522018802,0.16,0.21428571428571427,1.3333333333333333,0.85,SELLER_DOMINANT,,,,
2019-02-28,2019,2,72,6,41,31,64,2,0,600,66.39,66.37,66.4,0.03,4,4,72,6,600,66.39,200,PTRIN,2,HARTREE,6,"PTRIN, STASCO, BP",HARTREE,PTRIN,HARTREE,May19,-0.18414582156353734,0.0004948045522018802,0.2777777777777778,0.19047619047619047,1.7142857142857142,1.09,SELLER_DOMINANT,,,,
2019-03-01,2019,3,125,3,65,60,110,8,4,300,65.227,65.21,65.25,0.04,5,6,117,3,300,65.227,100,BP,2,TOTSA,1,"PTRIN, BP","TOTSA, HARTREE, TRAFI",GLENCORE,TRAFI,May19,-0.5904116280150777,0.0006597394029358403,0.08,0.15151515151515152,0.5,0.37,NORMAL,,,-0.12,
2019-03-04,2019,3,161,6,124,37,118,37,0,600,65.955,65.9,65.97,0.07,38,5,161,6,600,65.955,200,STASCO,4,HARTREE,3,"STASCO, PTRIN","TOTSA, HARTREE, LITASCO",STASCO,TOTSA,"Jun19, May19, May19/Jun19",0.31570621775806246,0.0011545439551377207,1.0807453416149069,0.608,0.8571428571428571,1.53,BID_PRESSURE,,,-0.12,0.0
2019-03-05,2019,3,325,8,236,89,250,60,7,800,65.835,65.81,65.87,0.06,65,7,325,8,800,65.835,-200,STASCO,3,LITASCO,3,"STASCO, LITASCO, PTRIN, HARTREE","GLENCORE, BP, CHEVUK, LITASCO, TOTSA",STASCO,LITASCO,"Jun19, May19, May19/Jun19",0.9197847816068226,0.0009896091044037604,0.9046153846153846,0.5485232067510548,0.6666666666666666,1.8,BID_PRESSURE,,,-0.12,0.0
2019-03-06,2019,3,458,10,148,310,332,108,8,1000,65.588,65.5,65.64,0.14,64,57,458,10,1000,65.588,-800,GLENCORE,6,STASCO,4,"GLENCORE, HARTREE, TRAFI, LITASCO, VITOL","TOTSA, LITASCO, STASCO, PTRIN, MERCURIASA",LITASCO,TRAFI,"Jun19, May19, May19/Jun19",1.5238633454555828,0.0023090879102754414,0.7074235807860262,0.8590604026845637,0.7272727272727273,2.37,VOL_SPIKE,,,-0.08,0.04
2019-03-07,2019,3,630,13,352,278,410,194,13,1300,50.733,0.05,65.96,65.91,102,107,630,13,1300,50.733,-300,LITASCO,8,STASCO,6,"LITASCO, VITOL, GLENCORE, HARTREE","STASCO, LITASCO, PTRIN, ICE",LITASCO,PTRIN,"Jun19, May19, May19/Jun19",2.4299811912287232,1.0870856011875307,0.23492063492063492,0.5779036827195467,0.8571428571428571,3.09,HIGH_PRICE_RANGE,,,-0.06,0.02
2019-03-08,2019,3,487,10,289,198,317,149,11,1000,51.768,0.03,64.81,64.78,88,75,487,10,1000,51.768,800,LITASCO,6,PTRIN,4,"LITASCO, STASCO, VITOL","STASCO, PTRIN, LITASCO, ICE",LITASCO,STASCO,"Jun19, May19, May19/Jun19",1.5238633454555828,1.0684479630545933,0.3737166324435318,0.6068965517241379,0.7272727272727273,2.71,HIGH_PRICE_RANGE,,,-0.02,0.04
2019-03-09,2019,3,2,0,2,0,1,1,0,0,,,,,1,0,0,0,0,,0,,0,,0,,,LITASCO,,May19,-1.496529473788218,0.0,2.0,0.6666666666666666,0.0,1.33,BID_PRESSURE,,,,
2019-03-11,2019,3,671,9,275,396,411,235,16,900,58.966,0.1,66.35,66.25,122,124,671,9,900,58.966,500,VITOL,6,GLENCORE,6,"VITOL, HARTREE, GUNVORSA, ICE","GLENCORE, GUNVORSA, LITASCO",VITOL,PTRIN,"Jul19, Jun19, Jun19/Jul19, May19, May19/Jun19",1.2218240635312028,1.0926933861124855,0.36065573770491804,0.8840579710144928,1.2,2.86,HIGH_PRICE_RANGE,,,-0.04,-0.02
2019-03-12,2019,3,581,10,274,307,377,188,6,1000,59.873,0.06,66.6,66.54,84,117,581,10,1000,59.873,0,GLENCORE,2,PTRIN,3,"GLENCORE, VITOL, CHEVUK, MERCURIASA, HARTREE","STASCO, PTRIN, GLENCORE, CHEVUK, ICE",VITOL,GLENCORE,"Jul19, Jun19, Jun19/Jul19, May19, May19/Jun19",1.5238633454555828,1.0974764967837705,0.11359724612736662,0.610909090909091,0.5454545454545454,2.51,HIGH_PRICE_RANGE,,,-0.06,-0.02
2019-03-13,2019,3,525,9,313,212,334,172,10,900,59.669,0.06,67.17,67.11,95,88,525,9,900,59.669,-100,VITOL,6,STASCO,5,"MERCURIASA, VITOL, LITASCO","TOTSA, LITASCO, STASCO, GLENCORE, ICE",LITASCO,GLENCORE,"Jun19, May19, May19/Jun19",1.2218240635312028,1.106877783275606,0.38476190476190475,0.6050955414012739,1.0,2.64,HIGH_PRICE_RANGE,,,-0.06,0.0
2019-03-14,2019,3,275,6,255,20,193,72,4,600,55.933,0.07,67.27,67.2,74,3,275,6,600,55.933,-200,LITASCO,2,STASCO,3,"MERCURIASA, BP, LITASCO, GLENCORE, VITOL","STASCO, LITASCO, BP",LITASCO,STASCO,"Jul19, Jun19, Jun19/Jul19, May19, May19/Jun19",0.31570621775806246,1.1083621969322117,1.709090909090909,0.578125,0.8571428571428571,2.49,HIGH_PRICE_RANGE,,,-0.07,-0.01
2019-03-15,2019,3,110,0,25,85,70,26,14,0,,,,,1,26,110,0,0,,0,,0,,0,,,VITOL,GLENCORE,"Jun19, May19, May19/Jun19",-1.496529473788218,0.0,1.0909090909090908,0.07692307692307693,0.0,0.58,OFFER_PRESSURE,,,-0.06,0.01
2019-03-18,2019,3,543,6,244,299,346,162,29,600,56.173,0.08,67.43,67.35,77,95,543,6,600,56.173,0,MERCURIASA,2,LITASCO,2,"MERCURIASA, GLENCORE, VITOL, CHEVUK","TOTSA, LITASCO, CHEVUK, STASCO, ICE",GLENCORE,STASCO,"Jun19, May19, May19/Jun19",0.31570621775806246,1.110836219693221,0.20257826887661143,0.6285714285714286,0.5714285714285714,1.62,HIGH_PRICE_RANGE,,,-0.05,0.01
2019-03-19,2019,3,339,15,228,111,235,85,4,1500,58.583,0.12,67.67,67.55,51,50,339,15,1500,58.583,1500,STASCO,6,MERCURIASA,5,"CHEVUK, VITOL, STASCO, GLENCORE","MERCURIASA, CHEVUK, HARTREE, TOTSA, LITASCO",CHEVUK,MERCURIASA,"Jun19, May19, May19/Jun19",3.0,1.1141349167079002,0.6902654867256637,0.44541484716157204,0.625,3.15,HIGH_PRICE_RANGE,,,-0.04,0.01
2019-03-20,2019,3,305,4,122,183,193,96,12,400,68.295,68.27,68.37,0.1,35,70,305,4,400,68.295,200,VITOL,3,HARTREE,1,"VITOL, STASCO","HARTREE, STASCO, MERCURIASA, TOTSA",CHEVUK,TOTSA,"Jun19, May19, May19/Jun19",-0.2883723460906977,0.0016493485073396008,0.4,0.5691056910569106,0.4,0.69,BUYER_DOMINANT,,,-0.04,0.0
2019-03-21,2019,3,468,15,250,218,322,123,8,1500,59.049,0.01,68.17,68.16,68,73,468,15,1500,59.049,-100,STASCO,5,MERCURIASA,7,"VITOL, GLENCORE, STASCO, CHEVUK","MERCURIASA, LITASCO, HARTREE, CHEVUK, TOTSA",STASCO,TOTSA,"Jun19, May19, May19/Jun19",3.0,1.1241959426026717,0.13675213675213677,0.5418326693227091,0.875,3.05,HIGH_PRICE_RANGE,,,-0.05,-0.01
2019-03-22,2019,3,478,8,304,174,326,140,4,800,66.454,66.38,66.57,0.19,85,68,478,8,800,66.454,200,VITOL,3,GUNVORSA,3,"GLENCORE, VITOL, LITASCO, HARTREE, STASCO","GUNVORSA, HARTREE, TOTSA, LITASCO",GLENCORE,TOTSA,"Jun19, May19, May19/Jun19",0.9197847816068226,0.0031337621639452415,0.5439330543933054,0.5573770491803278,0.6666666666666666,1.62,NORMAL,,,0.02,0.07
2019-03-25,2019,3,788,5,542,246,502,262,19,500,53.808,0.24,67.28,67.04,174,99,0,0,0,,0,GUNVORSA,2,BP,3,"GLENCORE, MERCURIASA, GUNVORSA, VITOL","BP, GUNVORSA, ICE",GLENCORE,BP,"Jul19, Jun19, Jun19/Jul19, May19, May19/Jun19",0.013666935833682394,1.1057232393204686,0.751269035532995,0.6408839779005525,1.0,1.87,HIGH_PRICE_RANGE,,,0.13,0.11
2019-03-26,2019,3,430,14,174,256,286,122,8,1400,57.959,0.26,67.9,67.64,75,64,0,0,0,,0,VITOL,6,HARTREE,6,"MERCURIASA, VITOL, GUNVORSA, HARTREE","LITASCO, HARTREE, STASCO, BP, GUNVORSA",MERCURIASA,BP,"Jul19, Jun19, May19, May19/Jun19",2.7320204731531033,1.115619330364506,0.3813953488372093,0.8571428571428571,0.8,3.29,HIGH_PRICE_RANGE,,,0.21,0.08
2019-03-27,2019,3,473,7,209,264,286,172,8,700,67.459,67.04,67.97,0.93,87,95,0,0,0,,0,VITOL,4,MERCURIASA,2,"GLENCORE, VITOL, HARTREE","BP, HARTREE, LITASCO, MERCURIASA, STASCO",VITOL,BP,"Jul19, Jun19, Jun19/Jul19, May19, May19/Jun19",0.6177454996824425,0.015338941118258289,0.23255813953488372,0.8285714285714286,0.5,1.28,NORMAL,,,0.22,0.01
2019-03-28,2019,3,228,4,162,66,163,57,4,400,66.645,66.64,66.65,0.01,56,6,0,0,0,,0,CHEVUK,1,MERCURIASA,2,"CHEVUK, HARTREE, VITOL, STASCO","MERCURIASA, BP",GLENCORE,GLENCORE,"Jul19, Jun19, Jun19/Jul19, May19/Jun19",-0.2883723460906977,0.00016493485073396007,0.8421052631578947,0.6871165644171779,0.8,1.16,BID_PRESSURE,,,0.36,0.14
2019-03-29,2019,3,146,4,111,35,98,44,0,400,67.752,67.4,67.89,0.49,45,3,0,0,0,,0,VITOL,3,BP,2,"VITOL, STASCO","BP, GLENCORE, STASCO",VITOL,GLENCORE,"Jul19, Jun19, Jun19/Jul19",-0.2883723460906977,0.008081807685964044,1.0410958904109588,0.8035714285714286,0.8,1.33,BUYER_DOMINANT,,,0.44,0.08
2019-04-01,2019,4,52,8,38,14,43,0,1,800,69.02,69.02,69.02,0.0,7,2,52,8,800,69.02,600,STASCO,8,GLENCORE,4,STASCO,"GLENCORE, MERCURIASA, CHEVUK, VITOL",STASCO,MERCURIASA,Jun19,0.2613565526445922,0.0,0.9230769230769231,0.358974358974359,0.8888888888888888,1.29,BUYER_DOMINANT,0.1,,,
2019-04-02,2019,4,110,5,110,0,102,2,1,500,69.564,69.5,69.58,0.08,7,0,110,5,500,69.564,500,STASCO,4,CHEVUK,2,"STASCO, TRAFI","GLENCORE, CHEVUK, LITASCO, BP",GLENCORE,,"Jul19, Jun19",-0.24674121910854602,0.0013194788058716806,2.0,0.12612612612612611,0.6666666666666666,1.4,BUYER_DOMINANT,0.11,0.01,,
2019-04-03,2019,4,152,7,77,75,111,32,2,700,69.249,69.12,69.27,0.15,8,31,152,7,700,69.249,700,STASCO,6,GLENCORE,4,"STASCO, TRAFI","CHEVUK, GLENCORE",STASCO,MERCURIASA,"Jul19, Jun19, Jun19/Jul19",0.09199062872687946,0.002474022761009401,0.02631578947368421,0.20512820512820512,1.0,0.69,BUYER_DOMINANT,0.08,-0.03,,
2019-04-04,2019,4,96,4,96,0,87,4,1,400,69.76,69.76,69.76,0.0,8,0,96,4,400,69.76,400,STASCO,4,LITASCO,2,STASCO,"LITASCO, CHEVUK, BP",GLENCORE,,"Jul19, Jun19",-0.41610714302625873,0.0,2.0,0.16494845360824742,0.8,1.48,BUYER_DOMINANT,0.05,-0.03,,
2019-04-05,2019,4,154,5,55,99,103,42,4,500,70.03,70.03,70.03,0.0,8,40,154,5,500,70.03,500,STASCO,5,VITOL,2,STASCO,"VITOL, CHEVUK, TRAFI, GLENCORE",GLENCORE,MERCURIASA,"Jul19, Jun19, Jun19/Jul19",-0.24674121910854602,0.0,0.5714285714285714,0.2857142857142857,0.6666666666666666,0.76,BUYER_DOMINANT,0.05,0.0,,
2019-04-08,2019,4,311,7,189,122,214,86,4,700,70.77,70.38,71.05,0.67,56,38,311,7,700,70.77,-100,STASCO,6,VITOL,3,"MERCURIASA, STASCO","VITOL, GLENCORE, MERCURIASA",STASCO,MERCURIASA,"Jul19, Jun19, Jun19/Jul19",0.09199062872687946,0.011050634999175326,0.43086816720257237,0.5894736842105263,0.75,0.97,BUYER_DOMINANT,0.09,0.04,,
2019-04-09,2019,4,236,10,129,107,158,66,2,1000,70.59,70.2,70.84,0.64,49,27,236,10,1000,70.59,-200,STASCO,6,STASCO,2,"MERCURIASA, GUNVORSA, GLENCORE, STASCO","STASCO, VITOL, GLENCORE, PTRIN, LITASCO",STASCO,PTRIN,"Jul19, Jun19, Jun19/Jul19",0.6000884004800177,0.010555830446973445,0.1864406779661017,0.7538461538461538,0.36363636363636365,1.14,NORMAL,0.07,-0.02,,
2019-04-10,2019,4,220,7,195,25,160,44,9,700,61.271,0.6,71.58,70.98,49,2,218,7,700,61.271,300,STASCO,5,VITOL,3,"STASCO, CHEVUK, ICE","CHEVUK, VITOL, MERCURIASA, GLENCORE",STASCO,VITOL,"Jul19, Jun19, Jun19/Jul19",0.09199062872687946,1.1707075705096488,1.5454545454545454,0.5,0.75,2.17,BUYER_DOMINANT,0.05,-0.02,,
2019-04-11,2019,4,295,6,181,114,195,77,17,600,71.143,70.83,71.43,0.6,50,35,295,6,600,71.143,0,STASCO,6,VITOL,3,STASCO,"VITOL, MERCURIASA, CHEVUK, GLENCORE",TRAFI,MERCURIASA,"Jul19, Jun19, Jun19/Jul19",-0.07737529519083328,0.009896091044037604,0.4542372881355932,0.5494505494505495,0.8571428571428571,0.94,BUYER_DOMINANT,0.06,0.01,,
2019-04-12,2019,4,312,7,223,89,220,78,7,700,71.507,71.17,71.76,0.59,57,28,312,7,700,71.507,100,STASCO,5,VITOL,3,"LITASCO, STASCO","VITOL, CHEVUK, MERCURIASA",STASCO,MERCURIASA,"Jul19, Jun19, Jun19/Jul19",0.09199062872687946,0.009731156193303643,0.8589743589743589,0.5089285714285714,0.75,1.14,BUYER_DOMINANT,0.08,0.02,,
2019-04-14,2019,4,4,0,4,0,2,2,0,0,,,,,2,0,0,0,0,,0,,0,,0,,,LITASCO,,Aug19,-1.0935708386971097,0.0,2.0,0.8,0.0,1.4,BID_PRESSURE,,,,
2019-04-15,2019,4,458,12,240,218,291,153,2,1200,59.334,0.54,71.32,70.78,96,72,458,12,1200,59.334,0,LITASCO,4,CHEVUK,4,"MERCURIASA, LITASCO, CHEVUK, BP, ICE","CHEVUK, HARTREE, MERCURIASA, VITOL, STASCO",LITASCO,CHEVUK,"Jul19, Jun19, Jun19/Jul19",0.9388202483154431,1.1674088734949695,0.09606986899563319,0.7966804979253111,0.6153846153846154,2.21,HIGH_PRICE_RANGE,0.06,-0.02,,
2019-04-16,2019,4,403,5,202,201,250,143,5,500,70.906,70.81,71.26,0.45,85,67,403,5,500,70.906,-500,MERCURIASA,2,VITOL,3,"MERCURIASA, STASCO, BP","STASCO, VITOL, GLENCORE",MERCURIASA,CHEVUK,"Jul19, Jun19, Jun19/Jul19",-0.24674121910854602,0.007422068283028204,0.004962779156327543,0.8374384236453202,1.0,0.93,NORMAL,0.07,0.01,,
2019-04-17,2019,4,344,9,184,160,212,116,7,900,55.769,0.7,71.93,71.23,66,63,344,9,900,55.769,100,STASCO,3,CHEVUK,4,"MERCURIASA, BP, CHEVUK, STASCO, ICE","PTRIN, VITOL, CHEVUK, GLENCORE",STASCO,GLENCORE,"Jul19, Jun19, Jun19/Jul19",0.43072247656230495,1.1748309417779976,0.13953488372093023,0.7135135135135136,0.8,1.88,HIGH_PRICE_RANGE,0.08,0.01,,
2019-04-18,2019,4,397,7,273,124,267,118,5,700,71.643,71.3,72.02,0.72,88,38,0,0,0,,0,LITASCO,3,VITOL,2,"STASCO, LITASCO, MERCURIASA, BP","VITOL, TOTSA, STASCO, PTRIN",LITASCO,CHEVUK,"Jul19, Jun19, Jun19/Jul19",0.09199062872687946,0.011875309252845126,0.7506297229219143,0.6423357664233577,0.5,1.03,BID_PRESSURE,0.07,-0.01,,
2019-04-23,2019,4,582,5,246,336,373,198,6,500,74.27,73.86,74.55,0.69,94,118,582,5,500,74.27,-300,MERCURIASA,3,STASCO,3,"MERCURIASA, BP, GUNVORSA","STASCO, PTRIN",MERCURIASA,STASCO,"Jul19, Jun19, Jun19/Jul19",-0.24674121910854602,0.011380504700643244,0.30927835051546393,0.7611336032388664,1.0,1.04,NORMAL,0.06,-0.01,,
2019-04-24,2019,4,47,0,12,35,39,6,2,0,,,,,1,5,47,0,0,,0,,0,,0,,,BP,VITOL,"Jul19, Jun19, Jun19/Jul19",-1.0935708386971097,0.0,0.9787234042553191,0.15384615384615385,0.0,0.57,OFFER_PRESSURE,0.15,0.09,,
2019-04-25,2019,4,513,10,253,260,329,162,12,1000,67.424,0.75,75.1,74.35,101,76,513,10,1000,67.424,-400,HARTREE,3,STASCO,5,"MERCURIASA, HARTREE, GLENCORE, GUNVORSA, ICE","STASCO, VITOL, PTRIN, GUNVORSA",MERCURIASA,GUNVORSA,"Jul19, Jun19, Jun19/Jul19",0.6000884004800177,1.226290615206993,0.02729044834307992,0.7952755905511811,0.9090909090909091,2.08,HIGH_PRICE_RANGE,0.08,-0.07,,
2019-04-26,2019,4,470,2,193,277,313,128,27,200,71.615,71.25,71.98,0.73,54,78,470,2,200,71.615,-200,GUNVORSA,1,VITOL,1,"GUNVORSA, STASCO","VITOL, MERCURIASA",GUNVORSA,LITASCO,"Jul19, Jun19, Jun19/Jul19",-0.7548389908616843,0.012040244103579085,0.3574468085106383,0.5567010309278351,0.6666666666666666,0.8,NORMAL,-0.11,-0.19,,
2019-04-29,2019,4,123,6,46,77,117,0,0,600,71.637,71.61,71.65,0.04,3,3,123,6,600,71.637,0,STASCO,5,MERCURIASA,3,"STASCO, VITOL","GLENCORE, MERCURIASA, HARTREE",VITOL,MERCURIASA,Jul19,-0.07737529519083328,0.0006597394029358403,0.5040650406504065,0.1276595744680851,0.8571428571428571,0.74,BUYER_DOMINANT,-0.12,-0.01,,
2019-04-30,2019,4,26,2,26,0,24,0,0,200,72.34,72.31,72.37,0.06,2,0,26,2,200,72.34,200,STASCO,2,GLENCORE,2,STASCO,GLENCORE,STASCO,,Jul19,-0.7548389908616843,0.0009896091044037604,2.0,0.14814814814814814,1.3333333333333333,1.74,SELLER_DOMINANT,0.13,0.25,,
2019-05-01,2019,5,21,3,2,19,15,2,1,300,71.78,71.78,71.78,0.0,1,4,21,3,300,71.78,-300,TOTSA,2,STASCO,3,"MERCURIASA, TOTSA",STASCO,MERCURIASA,STASCO,Jul19,-0.8536213373794214,0.0,1.619047619047619,0.6666666666666666,1.5,1.89,SELLER_DOMINANT,,,,
2019-05-02,2019,5,50,3,7,43,39,6,2,300,69.37,69.37,69.37,0.0,3,6,46,3,300,69.37,-300,STASCO,2,GLENCORE,2,"STASCO, CHEVUK","MERCURIASA, GLENCORE",VITOL,GLENCORE,"Aug19, Jul19, Jul19/Aug19",-0.8536213373794214,0.0,1.44,0.75,1.0,1.6,OFFER_PRESSURE,,,,
2019-05-03,2019,5,242,3,118,124,187,49,3,300,71.203,70.66,71.48,0.82,4,49,242,3,300,71.203,100,GUNVORSA,2,GLENCORE,3,"VITOL, GUNVORSA",GLENCORE,PTRIN,GLENCORE,"Aug19, Jul19, Jul19/Aug19",-0.8536213373794214,0.013524657760184725,0.049586776859504134,0.06722689075630252,1.5,0.82,SELLER_DOMINANT,,,,
2019-05-07,2019,5,29,4,29,0,25,0,0,400,70.33,70.33,70.33,0.0,4,0,29,4,400,70.33,400,STASCO,4,CHEVUK,2,STASCO,"CHEVUK, GLENCORE, HARTREE",STASCO,,Jul19,-0.6159188250501724,0.0,2.0,0.26666666666666666,0.8,1.53,BUYER_DOMINANT,,,,
2019-05-08,2019,5,130,5,84,46,91,33,1,500,56.26,0.92,70.79,69.87,35,3,130,5,500,56.26,-100,STASCO,2,MERCURIASA,2,"VITOL, STASCO, GLENCORE, ICE","MERCURIASA, BP, GLENCORE",STASCO,BP,"Aug19, Jul19, Jul19/Aug19",-0.3782163127209233,1.1523998020781792,0.5846153846153846,0.8235294117647058,0.6666666666666666,1.73,HIGH_PRICE_RANGE,,,,
2019-05-09,2019,5,209,3,78,131,136,66,4,300,69.83,69.81,69.84,0.03,26,46,209,3,300,69.83,100,STASCO,3,GLENCORE,2,STASCO,"GLENCORE, BP",CHEVUK,BP,"Aug19, Jul19, Jul19/Aug19",-0.8536213373794214,0.0004948045522018802,0.507177033492823,0.6582278481012658,1.0,1.08,BUYER_DOMINANT,,,,
2019-05-10,2019,5,26,1,26,0,24,1,0,100,70.96,70.96,70.96,0.0,2,0,26,1,100,70.96,100,STASCO,1,MERCURIASA,1,STASCO,MERCURIASA,STASCO,,Jul19,-1.3290263620379192,0.0,2.0,0.14814814814814814,1.0,1.57,SELLER_DOMINANT,,,,
2019-05-13,2019,5,183,0,56,127,98,43,42,0,,,,,2,42,183,0,0,,0,,0,,0,,,VITOL,STASCO,"Aug19, Jul19, Jul19/Aug19",-1.5667288743671683,0.0,0.7759562841530054,0.07017543859649122,0.0,0.42,OFFER_PRESSURE,,,,
2019-05-14,2019,5,417,8,353,64,245,90,74,800,70.7,70.57,71.53,0.96,91,7,417,8,800,70.7,200,STASCO,5,HARTREE,4,"STASCO, VITOL, GLENCORE","HARTREE, STASCO, GLENCORE",GLENCORE,GLENCORE,"Aug19, Aug19/Sep19, Jul19, Jul19/Aug19, Sep19",0.3348912242668237,0.015833745670460166,1.3860911270983214,0.5141242937853108,0.8888888888888888,1.67,BID_PRESSURE,,,,
2019-05-15,2019,5,88,7,88,0,79,1,1,700,71.897,71.38,72.31,0.93,8,0,88,7,700,71.897,700,LITASCO,3,GLENCORE,3,"MERCURIASA, STASCO, LITASCO","GLENCORE, HARTREE, GUNVORSA",LITASCO,,"Aug19, Jul19",0.0971887119375747,0.015338941118258289,2.0,0.1797752808988764,0.75,1.55,BID_PRESSURE,,,,
2019-05-16,2019,5,110,5,88,22,58,26,21,500,58.736,0.91,73.42,72.51,27,2,110,5,500,58.736,100,STASCO,2,GLENCORE,2,"STASCO, GLENCORE, BP","GLENCORE, BP, MERCURIASA",BP,BP,"Aug19, Jul19, Jul19/Aug19",-0.3782163127209233,1.1959426026719446,1.2,0.6067415730337079,0.6666666666666666,1.95,HIGH_PRICE_RANGE,,,,
2019-05-17,2019,5,143,5,114,29,80,31,27,500,58.2,0.86,72.75,71.89,33,2,143,5,500,58.2,100,STASCO,2,GLENCORE,2,"STASCO, BP, GLENCORE","GLENCORE, BP, HARTREE",BP,BP,"Aug19, Jul19, Jul19/Aug19",-0.3782163127209233,1.185716641926439,1.1888111888111887,0.5739130434782609,0.6666666666666666,1.93,HIGH_PRICE_RANGE,,,,
2019-05-20,2019,5,56,3,0,56,53,0,0,300,71.757,71.75,71.76,0.01,0,3,56,3,300,71.757,-300,STASCO,2,VITOL,2,"HARTREE, STASCO","VITOL, LITASCO",,VITOL,Aug19,-0.8536213373794214,0.00016493485073396007,2.0,0.0,1.0,1.5,OFFER_PRESSURE,,,,
2019-05-21,2019,5,265,8,169,96,176,46,35,800,71.154,71.14,71.17,0.03,46,10,265,8,800,71.154,-800,GLENCORE,5,STASCO,3,"GUNVORSA, GLENCORE, MERCURIASA","STASCO, VITOL, PTRIN",STASCO,VITOL,"Aug19, Jul19, Jul19/Aug19",0.3348912242668237,0.0004948045522018802,0.5509433962264151,0.5411764705882353,0.6666666666666666,1.15,NORMAL,,,,
2019-05-22,2019,5,475,13,186,289,245,139,78,1300,54.522,0.88,71.08,70.2,47,101,475,13,1300,54.522,-100,GLENCORE,6,BP,4,"VITOL, MERCURIASA, LITASCO, BP, GLENCORE","STASCO, VITOL, PTRIN, GLENCORE, BP",VITOL,BP,"Aug19, Jul19, Jul19/Aug19",1.5234037859130687,1.1578426521524,0.4336842105263158,0.5026737967914439,0.5714285714285714,2.67,HIGH_PRICE_RANGE,,,,
2019-05-23,2019,5,352,3,210,142,179,116,54,300,67.0,66.64,67.72,1.08,82,40,352,3,300,67.0,-100,LITASCO,1,STASCO,2,"LITASCO, MERCURIASA, VITOL","MERCURIASA, STASCO",LITASCO,BP,"Aug19, Jul19, Jul19/Aug19",-0.8536213373794214,0.01781296387926769,0.38636363636363635,0.7772511848341233,1.0,1.09,HIGH_PRICE_RANGE,,,,
2019-05-24,2019,5,154,10,15,139,87,36,21,1000,67.428,66.66,67.78,1.12,2,45,154,10,1000,67.428,-1000,GLENCORE,3,STASCO,7,"GLENCORE, VITOL, LITASCO, HARTREE","STASCO, MERCURIASA",VITOL,STASCO,"Aug19, Jul19, Jul19/Aug19",0.8102962489253217,0.01847270328220353,1.6103896103896105,0.25,1.2727272727272727,2.23,HIGH_PRICE_RANGE,,,,
2019-05-25,2019,5,6,0,4,2,3,3,0,0,,,,,2,1,0,0,0,,0,,0,,0,,,BUYER1,SELLER1,"Aug19, Jul19, Jul19/Aug19",-1.5667288743671683,0.0,0.6666666666666666,0.8,0.0,0.73,NORMAL,,,,
2019-05-28,2019,5,82,3,34,48,62,17,0,300,46.133,1.32,69.2,67.88,12,6,78,3,300,46.133,-100,GLENCORE,2,BP,2,"GLENCORE, BP","BP, GLENCORE",BP,TOTSA,"Aug19, Jul19, Jul19/Aug19",-0.8536213373794214,1.119577766782121,0.34146341463414637,0.6857142857142857,1.0,1.69,HIGH_PRICE_RANGE,,,,
2019-05-29,2019,5,253,7,148,105,166,80,0,700,58.557,1.55,68.84,67.29,63,26,251,7,700,58.557,-700,HARTREE,3,STASCO,3,"GLENCORE, HARTREE, MERCURIASA, ICE","STASCO, TOTSA, MERCURIASA, HARTREE",MERCURIASA,HARTREE,"Aug19, Jul19, Jul19/Aug19",0.0971887119375747,1.1098466105888174,0.33992094861660077,0.8456375838926175,0.75,1.71,HIGH_PRICE_RANGE,,,,
2019-05-30,2019,5,38,0,0,38,35,1,2,0,,,,,0,1,37,0,0,,0,,0,,0,,,,VITOL,Aug19,-1.5667288743671683,0.0,2.0,0.0,0.0,1.0,OFFER_PRESSURE,,,,
2019-05-31,2019,5,66,1,58,8,62,1,2,100,63.77,63.77,63.77,0.0,2,1,66,1,100,63.77,100,STASCO,1,HARTREE,1,STASCO,HARTREE,STASCO,MERCURIASA,Aug19,-1.3290263620379192,0.0,1.5151515151515151,0.06779661016949153,1.0,1.29,SELLER_DOMINANT,,,,
2019-06-03,2019,6,165,2,73,92,111,49,3,200,61.56,61.56,61.56,0.0,25,27,164,2,200,61.56,0,TOTSA,2,HARTREE,2,TOTSA,HARTREE,HARTREE,STASCO,"Aug19, Aug19/Sep19, Sep19",-0.8973351819155835,0.0,0.23030303030303031,0.6756756756756757,1.3333333333333333,1.12,SELLER_DOMINANT,,,,
2019-06-04,2019,6,231,16,148,83,179,35,1,1600,61.942,61.86,61.95,0.09,16,37,231,16,1600,61.942,1400,TOTSA,12,GLENCORE,10,"TOTSA, LITASCO, STASCO","MERCURIASA, GLENCORE, HARTREE, GUNVORSA",TOTSA,MERCURIASA,"Aug19, Aug19/Sep19, Sep19",1.6386120713241092,0.0014844136566056407,0.5627705627705628,0.21476510067114093,1.1764705882352942,2.29,BUYER_DOMINANT,,,,
2019-06-05,2019,6,69,10,51,18,55,3,1,1000,60.47,60.47,60.47,0.0,12,1,69,10,1000,60.47,1000,TOTSA,10,GLENCORE,3,TOTSA,"GLENCORE, HARTREE, VITOL, CHEVUK",TOTSA,MERCURIASA,Aug19,0.5517775342213838,0.0,0.9565217391304348,0.46153846153846156,0.5454545454545454,1.42,BUYER_DOMINANT,,,,
2019-06-06,2019,6,203,8,178,25,141,54,0,800,60.209,59.59,60.86,1.27,58,4,203,8,800,60.209,0,TRAFI,3,MERCURIASA,4,"TRAFI, GLENCORE, HARTREE, TOTSA","GUNVORSA, MERCURIASA, GLENCORE, STASCO",TRAFI,MERCURIASA,"Aug19, Aug19/Sep19, Sep19",0.18949935518714192,0.02094672604321293,1.5073891625615763,0.6480446927374302,0.8888888888888888,1.69,HIGH_PRICE_RANGE,,,,
2019-06-07,2019,6,295,12,282,13,210,67,6,1200,57.68,1.18,62.96,61.78,79,3,293,12,1200,57.68,800,TOTSA,6,GLENCORE,4,"MERCURIASA, BP, TOTSA, TRAFI, ICE","STASCO, HARTREE, GLENCORE, TOTSA, BP",BP,BP,"Aug19, Aug19/Sep19, Sep19",0.9140557132556255,1.0189675078344054,1.823728813559322,0.558303886925795,0.6153846153846154,2.84,HIGH_PRICE_RANGE,,,,
2019-06-10,2019,6,47,2,47,0,44,1,0,200,63.17,63.15,63.19,0.04,3,0,47,2,200,63.17,200,TRAFI,1,TOTSA,1,"TRAFI, STASCO","TOTSA, HARTREE",MERCURIASA,,Aug19,-0.8973351819155835,0.0006597394029358403,2.0,0.125,0.6666666666666666,1.4,BID_PRESSURE,,,,
2019-06-11,2019,6,84,4,84,0,78,2,0,400,62.772,62.72,62.79,0.07,6,0,84,4,400,62.772,400,STASCO,3,HARTREE,2,"STASCO, TRAFI","HARTREE, TOTSA",STASCO,,"Aug19, Sep19",-0.5350570028813417,0.0011545439551377207,2.0,0.1411764705882353,0.8,1.47,BUYER_DOMINANT,,,,
2019-06-12,2019,6,24,3,24,0,20,1,0,300,60.27,60.27,60.27,0.0,4,0,24,3,300,60.27,300,STASCO,3,GLENCORE,1,STASCO,"GLENCORE, CHEVUK, TOTSA",STASCO,,"Aug19, Sep19",-0.7161960923984626,0.0,2.0,0.32,0.5,1.41,BUYER_DOMINANT,,,,
2019-06-13,2019,6,88,6,34,54,73,6,3,600,61.728,61.72,61.73,0.01,4,10,87,6,600,61.728,-400,HARTREE,4,STASCO,5,"GLENCORE, HARTREE, MERCURIASA","STASCO, TOTSA",MERCURIASA,STASCO,"Aug19, Aug19/Sep19, Sep19",-0.1727788238470999,0.00016493485073396007,0.45454545454545453,0.22857142857142856,1.4285714285714286,1.06,SELLER_DOMINANT,,,,
2019-06-14,2019,6,118,3,47,71,86,28,1,300,61.693,61.4,62.28,0.88,3,28,118,3,300,61.693,100,STASCO,2,HARTREE,1,"STASCO, TRAFI","HARTREE, GLENCORE, STASCO",STASCO,STASCO,"Aug19, Aug19/Sep19, Sep19",-0.7161960923984626,0.014514266864588487,0.4067796610169492,0.125,0.5,0.52,NORMAL,,,,
2019-06-17,2019,6,309,11,175,134,196,99,3,1100,50.206,0.97,61.89,60.92,61,49,308,11,1100,50.206,-100,GLENCORE,6,GLENCORE,4,"GLENCORE, STASCO","VITOL, GUNVORSA, GLENCORE, HARTREE, ICE",TRAFI,GLENCORE,"Aug19, Aug19/Sep19, Sep19",0.7329166237385046,1.0047831106712848,0.26537216828478966,0.6931818181818182,0.6666666666666666,2.0,HIGH_PRICE_RANGE,,,,
2019-06-18,2019,6,130,4,81,49,94,30,2,400,47.022,0.82,62.72,61.9,29,3,129,4,400,47.022,0,STASCO,2,BP,2,"GLENCORE, STASCO, BP","TOTSA, BP, STASCO",BP,BP,"Aug19, Aug19/Sep19, Sep19",-0.5350570028813417,1.0209467260432128,0.49230769230769234,0.7073170731707317,0.8,1.61,HIGH_PRICE_RANGE,,,,
2019-06-19,2019,6,136,7,82,54,99,29,1,700,62.087,62.07,62.09,0.02,31,6,135,7,700,62.087,-100,GLENCORE,4,STASCO,5,"MERCURIASA, GLENCORE, HARTREE, VITOL","STASCO, HARTREE, BP",BP,BP,"Aug19, Aug19/Sep19, Sep19",0.008360265670021013,0.00032986970146792015,0.4117647058823529,0.7469879518072289,1.25,1.21,SELLER_DOMINANT,,,,
2019-06-20,2019,6,319,13,225,94,194,110,2,1300,49.238,0.6,64.26,63.66,87,31,319,13,1300,49.238,-300,STASCO,6,BP,6,"STASCO, BP, HARTREE, MERCURIASA, GLENCORE","BP, STASCO, VITOL, TOTSA",GLENCORE,BP,"Aug19, Aug19/Sep19, Sep19",1.0951948027727465,1.0499752597723897,0.8213166144200627,0.7699115044247787,0.8571428571428571,2.73,HIGH_PRICE_RANGE,,,,
2019-06-21,2019,6,293,5,191,102,206,80,2,500,52.174,0.58,65.43,64.85,38,47,293,5,500,52.174,300,HARTREE,3,HARTREE,1,"VITOL, GLENCORE, HARTREE","HARTREE, GUNVORSA, CHEVUK, VITOL, ICE",HARTREE,BP,"Aug19, Aug19/Sep19, Sep19",-0.3539179133642208,1.069602507009731,0.6075085324232082,0.3958333333333333,0.3333333333333333,1.31,HIGH_PRICE_RANGE,,,,
2019-06-24,2019,6,425,3,198,227,274,144,4,300,63.7,63.68,63.71,0.03,78,71,423,3,300,63.7,-300,GLENCORE,2,MERCURIASA,2,"GLENCORE, VITOL","MERCURIASA, BP",GLENCORE,STASCO,"Aug19, Aug19/Sep19, Sep19",-0.7161960923984626,0.0004948045522018802,0.13647058823529412,0.7839195979899497,1.0,0.96,NORMAL,,,,
2019-06-25,2019,6,67,0,35,32,47,18,2,0,,,,,4,14,66,0,0,,0,,0,,0,,,LITASCO,GLENCORE,"Aug19, Aug19/Sep19, Sep19",-1.2596133609498252,0.0,0.08955223880597014,0.2222222222222222,0.0,0.16,NORMAL,,,,
2019-06-26,2019,6,312,3,21,291,222,83,4,300,65.607,65.6,65.61,0.01,1,86,312,3,300,65.607,-300,STASCO,2,VITOL,2,"GLENCORE, STASCO","VITOL, BP",MERCURIASA,TOTSA,"Aug19, Aug19/Sep19, Sep19",-0.7161960923984626,0.00016493485073396007,1.7307692307692308,0.09090909090909091,1.0,1.41,OFFER_PRESSURE,,,,
2019-06-27,2019,6,113,7,32,81,103,2,1,700,65.506,65.47,65.55,0.08,1,8,112,7,700,65.506,-500,HARTREE,4,VITOL,4,"HARTREE, LITASCO","VITOL, BP, GUNVORSA",LITASCO,VITOL,Sep19,0.008360265670021013,0.0013194788058716806,0.8672566371681416,0.06060606060606061,1.0,0.97,OFFER_PRESSURE,,,,
2019-06-28,2019,6,54,1,31,23,49,1,3,100,65.73,65.73,65.73,0.0,1,2,54,1,100,65.73,-100,STASCO,1,BP,1,STASCO,BP,LITASCO,GLENCORE,Sep19,-1.0784742714327045,0.0,0.2962962962962963,0.0625,1.0,0.68,SELLER_DOMINANT,,,,
2019-07-01,2019,7,93,5,20,73,87,1,0,500,64.994,64.97,65.01,0.04,4,2,93,5,500,64.994,100,LITASCO,3,MERCURIASA,3,"LITASCO, STASCO","GUNVORSA, MERCURIASA, GLENCORE",LITASCO,GLENCORE,Sep19,-0.30543015258248396,0.0006597394029358403,1.1397849462365592,0.38095238095238093,1.0,1.26,OFFER_PRESSURE,,,,
2019-07-02,2019,7,65,1,16,49,58,4,2,100,63.06,63.06,63.06,0.0,2,4,65,1,100,63.06,100,LITASCO,1,GLENCORE,1,LITASCO,GLENCORE,LITASCO,MERCURIASA,Sep19,-1.1959883996728036,0.0,1.0153846153846153,0.23529411764705882,1.0,1.13,SELLER_DOMINANT,,,,
2019-07-03,2019,7,65,6,50,15,56,2,1,600,63.243,63.21,63.26,0.05,6,2,65,6,600,63.243,600,VITOL,4,GLENCORE,4,"VITOL, STASCO","MERCURIASA, GLENCORE",VITOL,TOTSA,Sep19,-0.08279059080990407,0.0008246742536698004,1.0769230769230769,0.23529411764705882,1.1428571428571428,1.23,BID_PRESSURE,,,,
2019-07-04,2019,7,156,5,117,39,141,6,4,500,63.64,63.64,63.64,0.0,9,4,149,5,500,63.64,300,BP,2,GUNVORSA,2,"GLENCORE, BP, VITOL","GUNVORSA, HARTREE, GLENCORE",MERCURIASA,GUNVORSA,Sep19,-0.30543015258248396,0.0,1.0,0.15254237288135594,0.6666666666666666,0.91,BID_PRESSURE,,,,
2019-07-05,2019,7,102,8,58,44,90,3,1,800,64.125,64.12,64.13,0.01,7,4,102,8,800,64.125,400,LITASCO,3,MERCURIASA,3,"BP, LITASCO, VITOL","MERCURIASA, GLENCORE, GUNVORSA",BP,MERCURIASA,Sep19,0.3624885327352557,0.00016493485073396007,0.27450980392156865,0.23728813559322035,0.6666666666666666,0.88,NORMAL,,,,
2019-07-08,2019,7,446,7,202,244,288,146,5,700,55.516,0.35,64.89,64.54,66,88,444,7,700,55.516,-100,BP,2,GLENCORE,3,"BP, MERCURIASA, VITOL, ICE","GLENCORE, HARTREE, TOTSA, VITOL",VITOL,GLENCORE,"Oct19, Sep19, Sep19/Oct19",0.13984897096267582,1.0644895266369785,0.18834080717488788,0.6502463054187192,0.75,1.54,HIGH_PRICE_RANGE,,,,
2019-07-09,2019,7,490,9,245,245,313,163,5,900,56.976,0.21,64.17,63.96,85,88,488,9,900,56.976,-100,STASCO,4,GLENCORE,6,"STASCO, BP, VITOL, HARTREE, ICE","GLENCORE, HARTREE, VITOL",STASCO,GLENCORE,"Oct19, Sep19, Sep19/Oct19",0.5851280945078356,1.0549233052944087,0.0,0.6910569105691057,1.2,2.05,HIGH_PRICE_RANGE,,,,
2019-07-10,2019,7,449,8,214,235,292,148,1,800,49.591,0.26,66.22,65.96,66,90,449,8,800,49.591,-200,VITOL,4,GLENCORE,4,"VITOL, LITASCO, STASCO, ICE","STASCO, GLENCORE, VITOL, ICE",VITOL,GLENCORE,"Oct19, Sep19, Sep19/Oct19",0.3624885327352557,1.0879102754412007,0.0935412026726058,0.6139534883720931,0.8888888888888888,1.74,HIGH_PRICE_RANGE,,,,
2019-07-11,2019,7,196,7,30,166,141,46,2,700,66.856,66.71,66.96,0.25,5,48,194,7,700,66.856,-100,VITOL,3,STASCO,2,"GLENCORE, VITOL, CHEVUK","STASCO, TOTSA, BP, GLENCORE",VITOL,STASCO,"Oct19, Sep19, Sep19/Oct19",0.13984897096267582,0.004123371268349002,1.3877551020408163,0.3225806451612903,0.5,1.22,OFFER_PRESSURE,,,,
2019-07-12,2019,7,416,13,198,218,257,144,2,1300,61.572,0.27,66.76,66.49,73,84,414,13,1300,61.572,-100,MERCURIASA,4,STASCO,8,"MERCURIASA, GLENCORE, VITOL, HARTREE","STASCO, TOTSA, BP, HARTREE, ICE",VITOL,STASCO,"Oct19, Sep19, Sep19/Oct19",1.4756863415981551,1.0966518225301005,0.09615384615384616,0.7336683417085427,1.1428571428571428,2.82,HIGH_PRICE_RANGE,,,,
2019-07-15,2019,7,15,3,5,10,10,2,0,300,44.567,0.38,66.85,66.47,2,1,15,3,300,44.567,-100,GLENCORE,2,BP,2,"BP, GLENCORE","GLENCORE, BP",BP,BP,"Oct19, Sep19, Sep19/Oct19",-0.7507092761276437,1.0963219528286325,0.6666666666666666,0.6666666666666666,1.0,1.82,HIGH_PRICE_RANGE,,,,
2019-07-16,2019,7,256,4,116,140,171,79,2,400,66.51,66.11,66.66,0.55,52,33,256,4,400,66.51,-200,MERCURIASA,2,STASCO,2,"GLENCORE, MERCURIASA, STASCO","VITOL, STASCO, GUNVORSA",MERCURIASA,BP,"Oct19, Sep19, Sep19/Oct19",-0.5280697143550639,0.009071416790367805,0.1875,0.8888888888888888,0.8,0.94,NORMAL,,,,
2019-07-17,2019,7,502,7,247,255,306,184,5,700,45.827,0.39,64.18,63.79,99,93,501,7,700,45.827,-500,GLENCORE,2,GLENCORE,2,"MERCURIASA, BP, HARTREE, GLENCORE, ICE","GLENCORE, VITOL, BP, MERCURIASA",MERCURIASA,GLENCORE,"Oct19, Sep19, Sep19/Oct19",0.13984897096267582,1.0521194128319313,0.03187250996015936,0.7983870967741935,0.5,1.41,HIGH_PRICE_RANGE,,,,
2019-07-18,2019,7,280,6,133,147,177,97,0,600,41.2,0.31,61.8,61.49,61,42,280,6,600,41.2,-200,GLENCORE,2,GLENCORE,4,"GLENCORE, MERCURIASA, ICE","VITOL, GLENCORE",MERCURIASA,GLENCORE,"Oct19, Sep19, Sep19/Oct19",-0.08279059080990407,1.0141843971631206,0.1,0.9104477611940298,1.1428571428571428,1.69,HIGH_PRICE_RANGE,,,,
2019-07-19,2019,7,314,12,173,141,192,110,0,1200,41.393,0.24,62.12,61.88,77,45,314,12,1200,41.393,-800,ICE,4,VITOL,4,"STASCO, MERCURIASA, GLENCORE, ICE","VITOL, MERCURIASA, GLENCORE, STASCO",MERCURIASA,STASCO,"Oct19, Sep19, Sep19/Oct19",1.2530467798255753,1.020616856341745,0.20382165605095542,0.8850574712643678,0.6153846153846154,2.47,HIGH_PRICE_RANGE,,,,
2019-07-22,2019,7,141,6,44,97,99,34,2,600,63.117,63.1,63.12,0.02,4,36,141,6,600,63.117,0,HARTREE,3,VITOL,4,"HARTREE, MERCURIASA","VITOL, GLENCORE",STASCO,VITOL,"Oct19, Sep19, Sep19/Oct19",-0.08279059080990407,0.00032986970146792015,0.75177304964539,0.17777777777777778,1.1428571428571428,1.04,OFFER_PRESSURE,,,,
2019-07-23,2019,7,132,3,86,46,93,35,1,300,42.087,0.05,63.13,63.08,35,3,132,3,300,42.087,100,VITOL,1,VITOL,2,"VITOL, MERCURIASA, ICE","HARTREE, VITOL",MERCURIASA,GLENCORE,"Oct19, Sep19, Sep19/Oct19",-0.7507092761276437,1.0404090384298201,0.6060606060606061,0.8045977011494253,1.0,1.83,HIGH_PRICE_RANGE,,,,
2019-07-24,2019,7,184,7,171,13,118,58,1,700,45.893,0.03,64.27,64.24,62,1,184,7,700,45.893,300,CHEVUK,5,GLENCORE,3,"MERCURIASA, CHEVUK, GLENCORE","GUNVORSA, STASCO, GLENCORE, CHEVUK, ICE",CHEVUK,GLENCORE,"Oct19, Sep19, Sep19/Oct19",0.13984897096267582,1.0595414811149595,1.7173913043478262,0.7209302325581395,0.75,2.34,BUYER_DOMINANT,,,,
2019-07-25,2019,7,99,1,81,18,69,24,5,100,63.8,63.8,63.8,0.0,22,4,99,1,100,63.8,100,STASCO,1,HARTREE,1,STASCO,HARTREE,GUNVORSA,GLENCORE,"Oct19, Sep19, Sep19/Oct19",-1.1959883996728036,0.0,1.2727272727272727,0.5365853658536586,1.0,1.4,SELLER_DOMINANT,,,,
2019-07-26,2019,7,143,9,0,143,97,36,1,900,56.128,0.11,63.2,63.09,0,45,143,9,900,56.128,-900,HARTREE,4,VITOL,4,"GLENCORE, HARTREE, STASCO, ICE","VITOL, GUNVORSA, GLENCORE",,GLENCORE,"Oct19, Sep19, Sep19/Oct19",0.5851280945078356,1.0405739732805541,2.0,0.0,0.8,2.49,HIGH_PRICE_RANGE,,,,
2019-07-29,2019,7,356,7,159,197,226,121,2,700,54.394,0.09,63.5,63.41,60,69,356,7,700,54.394,-300,MERCURIASA,3,GLENCORE,3,"STASCO, MERCURIASA, GUNVORSA, HARTREE, ICE","GLENCORE, VITOL, HARTREE",MERCURIASA,GLENCORE,"Oct19, Sep19, Sep19/Oct19",0.13984897096267582,1.0458518885040409,0.21348314606741572,0.75,0.75,1.6,HIGH_PRICE_RANGE,,,,
2019-07-30,2019,7,194,11,99,95,151,29,3,1100,64.072,64.04,64.13,0.09,13,29,194,11,1100,64.072,900,HARTREE,5,GUNVORSA,5,"HARTREE, MERCURIASA, LITASCO","GUNVORSA, GLENCORE, VITOL, STASCO",LITASCO,HARTREE,"Nov19, Oct19, Oct19/Nov19, Sep19/Oct19",1.0304072180529955,0.0014844136566056407,0.041237113402061855,0.26,0.8333333333333334,1.39,NORMAL,,,,
2019-07-31,2019,7,98,3,19,79,89,2,4,300,64.883,64.85,64.9,0.05,2,3,98,3,300,64.883,100,MERCURIASA,3,GLENCORE,2,MERCURIASA,"GLENCORE, VITOL",MERCURIASA,VITOL,Oct19,-0.7507092761276437,0.0008246742536698004,1.2244897959183674,0.2,1.0,1.21,BUYER_DOMINANT,,,,
2019-08-01,2019,8,247,6,141,106,185,55,1,600,63.497,63.48,63.51,0.03,54,7,246,6,600,63.497,-400,HARTREE,4,VITOL,4,"CHEVUK, MERCURIASA, HARTREE","STASCO, VITOL, BP",MERCURIASA,GLENCORE,"Nov19, Oct19, Oct19/Nov19",-0.12691312709806393,0.0004948045522018802,0.2834008097165992,0.7605633802816901,1.1428571428571428,1.09,NORMAL,,,,
2019-08-02,2019,8,205,7,101,104,156,41,1,700,62.089,61.62,62.2,0.58,42,8,205,7,700,62.089,-700,MERCURIASA,5,GLENCORE,4,"MERCURIASA, HARTREE, STASCO","VITOL, GLENCORE, BP",MERCURIASA,GLENCORE,"Nov19, Oct19, Oct19/Nov19",0.07986774377722992,0.009566221342569684,0.02926829268292683,0.8235294117647058,1.0,1.0,BUYER_DOMINANT,,,,
2019-08-05,2019,8,182,1,0,182,130,45,6,100,60.4,60.4,60.4,0.0,0,47,180,1,100,60.4,-100,STASCO,1,VITOL,1,STASCO,VITOL,,HARTREE,"Nov19, Oct19, Oct19/Nov19",-1.1608174814745331,0.0,2.0,0.0,1.0,1.5,SELLER_DOMINANT,,,,
2019-08-06,2019,8,140,4,94,46,105,28,3,400,59.88,59.85,59.91,0.06,27,5,140,4,400,59.88,-200,STASCO,4,VITOL,3,STASCO,"VITOL, GLENCORE",STASCO,VITOL,"Nov19, Oct19, Oct19/Nov19",-0.5404748688486517,0.0009896091044037604,0.6857142857142857,0.5684210526315789,1.2,1.23,SELLER_DOMINANT,,,,
2019-08-07,2019,8,135,2,72,63,97,34,2,200,56.02,56.02,56.02,0.0,33,3,134,2,200,56.02,-200,VITOL,1,GLENCORE,2,"VITOL, STASCO",GLENCORE,MERCURIASA,GLENCORE,"Nov19, Oct19, Oct19/Nov19",-0.9540366105992394,0.0,0.13333333333333333,0.9041095890410958,1.3333333333333333,1.19,SELLER_DOMINANT,,,,
2019-08-08,2019,8,42,2,13,29,38,0,2,200,57.48,57.48,57.48,0.0,1,2,42,2,200,57.48,-200,HARTREE,1,GLENCORE,2,"HARTREE, VITOL",GLENCORE,MERCURIASA,GLENCORE,Oct19,-0.9540366105992394,0.0,0.7619047619047619,0.14285714285714285,1.3333333333333333,1.12,SELLER_DOMINANT,,,,
2019-08-09,2019,8,122,2,50,72,80,37,3,200,58.53,58.53,58.53,0.0,17,24,122,2,200,58.53,-200,HARTREE,1,VITOL,2,"HARTREE, STASCO",VITOL,HARTREE,STASCO,"Nov19, Oct19, Oct19/Nov19",-0.9540366105992394,0.0,0.36065573770491804,0.6666666666666666,1.3333333333333333,1.18,SELLER_DOMINANT,,,,
2019-08-12,2019,8,327,4,162,165,198,121,4,400,43.675,0.2,58.3,58.1,74,50,326,4,400,43.675,-200,HARTREE,2,BP,2,"STASCO, BP, HARTREE","VITOL, HARTREE, BP",MERCURIASA,BP,"Nov19, Oct19, Oct19/Nov19",-0.5404748688486517,0.9582714827643081,0.01834862385321101,0.9079754601226994,0.8,1.44,HIGH_PRICE_RANGE,,,,
2019-08-13,2019,8,271,10,191,80,166,93,2,1000,48.68,0.33,60.92,60.59,76,23,271,10,1000,48.68,0,GLENCORE,4,BP,4,"HARTREE, BP, GLENCORE, STASCO","VITOL, GLENCORE, BP, CHEVUK, HARTREE",STASCO,BP,"Nov19, Oct19, Oct19/Nov19",0.7002103564031115,0.9993402605970642,0.8191881918819188,0.7916666666666666,0.7272727272727273,2.33,HIGH_PRICE_RANGE,,,,
2019-08-14,2019,8,100,3,16,84,64,31,2,300,58.32,58.32,58.32,0.0,4,30,100,3,300,58.32,-300,HARTREE,2,VITOL,3,"HARTREE, GLENCORE",VITOL,STASCO,BP,"Nov19, Oct19, Oct19/Nov19",-0.7472557397239455,0.0,1.36,0.47058823529411764,1.5,1.67,SELLER_DOMINANT,,,,
2019-08-15,2019,8,274,10,153,121,175,87,2,1000,46.535,0.37,58.39,58.02,54,43,273,10,1000,46.535,-400,VITOL,3,GLENCORE,5,"VITOL, STASCO, PTRIN, BP, ICE","GLENCORE, HARTREE, PTRIN, STASCO, ICE",STASCO,PTRIN,"Nov19, Oct19, Oct19/Nov19",0.7002103564031115,0.9569520039584364,0.23357664233576642,0.7012987012987013,0.9090909090909091,2.06,HIGH_PRICE_RANGE,,,,
2019-08-16,2019,8,214,7,104,110,130,75,2,700,50.304,0.47,58.71,58.24,45,39,213,7,700,50.304,-100,STASCO,5,GLENCORE,3,"STASCO, BP, ICE","HARTREE, GLENCORE, BP",STASCO,BP,"Nov19, Oct19, Oct19/Nov19",0.07986774377722992,0.9605805706745836,0.056074766355140186,0.8571428571428571,0.75,1.47,BUYER_DOMINANT,,,,
2019-08-19,2019,8,99,2,16,83,60,31,6,200,58.95,58.95,58.95,0.0,4,30,97,2,200,58.95,-200,STASCO,1,MERCURIASA,2,"STASCO, GUNVORSA",MERCURIASA,GLENCORE,HARTREE,"Nov19, Oct19, Oct19/Nov19",-0.9540366105992394,0.0,1.3535353535353536,0.47058823529411764,1.3333333333333333,1.58,SELLER_DOMINANT,,,,
2019-08-20,2019,8,71,4,6,65,43,23,1,400,44.468,0.45,59.44,58.99,2,25,70,4,400,44.468,-400,GLENCORE,2,HARTREE,2,"GLENCORE, HARTREE, ICE","HARTREE, MERCURIASA",GUNVORSA,HARTREE,"Nov19, Oct19, Oct19/Nov19",-0.5404748688486517,0.9729506844796305,1.6619718309859155,0.5714285714285714,0.8,2.1,HIGH_PRICE_RANGE,,,,
2019-08-21,2019,8,79,5,25,54,55,18,1,500,60.784,60.78,60.8,0.02,2,22,79,5,500,60.784,-300,MERCURIASA,4,STASCO,5,"MERCURIASA, GLENCORE",STASCO,MERCURIASA,GLENCORE,"Nov19, Oct19, Oct19/Nov19",-0.3336939979733578,0.00032986970146792015,0.7341772151898734,0.15384615384615385,1.6666666666666667,1.28,SELLER_DOMINANT,,,,
2019-08-22,2019,8,31,6,0,31,25,0,0,600,59.88,59.88,59.88,0.0,0,6,31,6,600,59.88,-600,HARTREE,2,STASCO,6,"CHEVUK, TOTSA, HARTREE, GLENCORE",STASCO,,STASCO,Oct19,-0.12691312709806393,0.0,2.0,0.0,1.7142857142857142,1.86,SELLER_DOMINANT,,,,
2019-08-23,2019,8,289,14,175,114,194,80,1,1400,54.753,0.5,59.14,58.64,44,49,289,14,1400,54.753,-200,MERCURIASA,6,STASCO,8,"GLENCORE, HARTREE, MERCURIASA","HARTREE, GLENCORE, STASCO",HARTREE,STASCO,"Nov19, Oct19, Oct19/Nov19",1.5273338399042868,0.9671779647039419,0.42214532871972316,0.5,1.0666666666666667,2.8,HIGH_PRICE_RANGE,,,,
2019-08-27,2019,8,123,13,2,121,108,2,0,1300,58.365,58.19,58.75,0.56,1,14,123,13,1300,58.365,-1300,GLENCORE,11,VITOL,5,"GUNVORSA, GLENCORE, TOTSA","MERCURIASA, VITOL, STASCO",GLENCORE,VITOL,"Nov19, Oct19, Oct19/Nov19",1.320552969028993,0.009236351641101766,1.934959349593496,0.6666666666666666,0.7142857142857143,2.72,BUYER_DOMINANT,,,,
2019-08-28,2019,8,235,7,27,208,158,69,1,700,60.511,60.14,60.66,0.52,1,75,235,7,700,60.511,-700,GLENCORE,3,STASCO,5,"GLENCORE, STASCO, HARTREE, MERCURIASA, TOTSA","VITOL, STASCO",MERCURIASA,STASCO,"Nov19, Oct19, Oct19/Nov19",0.07986774377722992,0.008576612238165924,1.5404255319148936,0.07142857142857142,1.25,1.5,SELLER_DOMINANT,,,,
2019-08-29,2019,8,97,9,37,60,83,4,1,900,60.214,60.18,60.33,0.15,3,10,96,9,900,60.214,-700,GLENCORE,4,STASCO,6,"GLENCORE, MERCURIASA, CHEVUK, VITOL","STASCO, GUNVORSA, BP",MERCURIASA,STASCO,Nov19,0.4934294855278176,0.002474022761009401,0.4742268041237113,0.15789473684210525,1.2,1.31,NORMAL,,,,
2019-08-30,2019,8,9,0,0,9,8,1,0,0,,,,,0,1,9,0,0,,0,,0,,0,,,,GLENCORE,Nov19/Dec19,-1.3675983523498272,0.0,2.0,0.0,0.0,1.0,OFFER_PRESSURE,,,,
2019-09-02,2019,9,130,5,13,117,118,4,3,500,58.27,58.21,58.31,0.1,3,6,130,5,500,58.27,-100,STASCO,5,VITOL,2,STASCO,"VITOL, MERCURIASA, HARTREE",STASCO,VITOL,"Dec19, Nov19, Nov19/Dec19",-0.28305163020997687,0.0016493485073396008,1.6,0.42857142857142855,0.6666666666666666,1.35,BUYER_DOMINANT,,,,
2019-09-03,2019,9,46,2,46,0,43,1,0,200,57.8,57.8,57.8,0.0,3,0,46,2,200,57.8,200,STASCO,2,MERCURIASA,1,STASCO,"MERCURIASA, GLENCORE",STASCO,,Nov19,-1.0659310171809857,0.0,2.0,0.1276595744680851,0.6666666666666666,1.4,BUYER_DOMINANT,,,,
2019-09-04,2019,9,68,1,44,24,48,18,1,100,60.5,60.5,60.5,0.0,17,2,67,1,100,60.5,100,STASCO,1,MERCURIASA,1,STASCO,MERCURIASA,STASCO,MERCURIASA,"Dec19, Nov19, Nov19/Dec19",-1.3268908128379888,0.0,0.5882352941176471,0.7555555555555555,1.0,1.17,SELLER_DOMINANT,,,,
2019-09-05,2019,9,55,8,26,29,47,0,0,800,62.165,62.16,62.17,0.01,2,6,55,8,800,62.165,-400,VITOL,3,GUNVORSA,7,"VITOL, MERCURIASA, STASCO, HARTREE","GUNVORSA, HARTREE",MERCURIASA,GUNVORSA,Nov19,0.499827756761032,0.00016493485073396007,0.10909090909090909,0.14814814814814814,1.5555555555555556,1.31,SELLER_DOMINANT,,,,
2019-09-06,2019,9,57,1,2,55,53,2,1,100,60.7,60.7,60.7,0.0,1,2,57,1,100,60.7,-100,STASCO,1,MERCURIASA,1,STASCO,MERCURIASA,STASCO,VITOL,Nov19,-1.3268908128379888,0.0,1.8596491228070176,0.6666666666666666,1.0,1.76,SELLER_DOMINANT,,,,
2019-09-09,2019,9,86,5,86,0,78,2,1,500,62.864,62.86,62.87,0.01,7,0,86,5,500,62.864,500,STASCO,3,GLENCORE,3,"TOTSA, STASCO","VITOL, GLENCORE, GUNVORSA",STASCO,,Nov19,-0.28305163020997687,0.00016493485073396007,2.0,0.16091954022988506,1.0,1.58,BID_PRESSURE,,,,
2019-09-10,2019,9,445,10,236,209,277,156,2,1000,57.292,1.0,63.68,62.68,95,72,445,10,1000,57.292,0,TOTSA,6,STASCO,4,"GLENCORE, HARTREE, TOTSA","STASCO, GLENCORE, MERCURIASA, GUNVORSA, HARTREE",TOTSA,GLENCORE,"Dec19, Nov19, Nov19/Dec19",1.0217473480750379,1.0338116444004617,0.12134831460674157,0.8016877637130801,0.7272727272727273,2.26,HIGH_PRICE_RANGE,,,,
2019-09-11,2019,9,248,8,122,126,189,50,1,800,62.152,61.29,62.37,1.08,6,52,247,8,800,62.152,200,TOTSA,3,HARTREE,4,"TOTSA, GUNVORSA, GLENCORE","MERCURIASA, HARTREE, STASCO",GLENCORE,MERCURIASA,"Dec19, Nov19, Nov19/Dec19",0.499827756761032,0.01781296387926769,0.03225806451612903,0.0975609756097561,0.8888888888888888,0.92,HIGH_PRICE_RANGE,,,,
2019-09-12,2019,9,278,10,180,98,170,97,1,1000,53.785,0.9,60.09,59.19,74,34,278,10,1000,53.785,0,STASCO,3,VITOL,4,"HARTREE, GUNVORSA, STASCO, BP, ICE","VITOL, HARTREE, GLENCORE, GUNVORSA, BP",STASCO,BP,"Dec19, Nov19, Nov19/Dec19",1.0217473480750379,0.9762493814943096,0.5899280575539568,0.8176795580110497,0.7272727272727273,2.47,HIGH_PRICE_RANGE,,,,
2019-09-13,2019,9,54,5,54,0,45,1,3,500,60.344,60.26,60.5,0.24,7,0,54,5,500,60.344,500,STASCO,4,MERCURIASA,3,"STASCO, GLENCORE","MERCURIASA, VITOL, HARTREE",GLENCORE,,"Dec19, Nov19",-0.28305163020997687,0.003958436417615042,2.0,0.2545454545454545,1.0,1.63,BUYER_DOMINANT,,,,
2019-09-16,2019,9,658,5,389,269,408,240,5,500,67.632,66.52,67.92,1.4,139,108,656,5,500,67.632,300,STASCO,3,HARTREE,2,"STASCO, GLENCORE","HARTREE, VITOL, GUNVORSA, BP",STASCO,BP,"Dec19, Nov19, Nov19/Dec19",-0.28305163020997687,0.02309087910275441,0.364741641337386,0.7128205128205128,0.6666666666666666,0.89,HIGH_PRICE_RANGE,,,,
2019-09-17,2019,9,411,9,266,145,258,142,2,900,43.767,1.07,65.66,64.59,99,49,411,9,900,43.767,-500,GLENCORE,4,BP,4,"BP, GLENCORE, STASCO, CHEVUK, ICE","GLENCORE, BP, CHEVUK, VITOL",STASCO,CHEVUK,"Dec19, Nov19, Nov19/Dec19",0.760787552418035,1.0653142008906482,0.5888077858880778,0.7415730337078652,0.8,2.31,HIGH_PRICE_RANGE,,,,
2019-09-18,2019,9,368,9,214,154,228,129,2,900,49.948,0.97,64.24,63.27,88,48,367,9,900,49.948,-100,STASCO,3,GLENCORE,2,"MERCURIASA, STASCO, GLENCORE, BP, CHEVUK","GLENCORE, GUNVORSA, BP, VITOL, CHEVUK",STASCO,CHEVUK,"Dec19, Nov19, Nov19/Dec19",0.760787552418035,1.0435428005937655,0.32608695652173914,0.8186046511627907,0.4,2.01,HIGH_PRICE_RANGE,,,,
2019-09-19,2019,9,156,1,100,56,113,34,8,100,64.47,64.47,64.47,0.0,32,4,155,1,100,64.47,-100,GLENCORE,1,STASCO,1,GLENCORE,STASCO,CHEVUK,STASCO,"Dec19, Nov19, Nov19/Dec19",-1.3268908128379888,0.0,0.5641025641025641,0.6336633663366337,1.0,1.1,SELLER_DOMINANT,,,,
2019-09-20,2019,9,176,2,146,30,115,58,1,200,64.45,63.88,65.02,1.14,58,3,176,2,200,64.45,0,MERCURIASA,1,GUNVORSA,1,"MERCURIASA, HARTREE","GUNVORSA, VITOL",MERCURIASA,VITOL,"Dec19, Nov19, Nov19/Dec19",-1.0659310171809857,0.018802572983671446,1.3181818181818181,0.7891156462585034,0.6666666666666666,1.4,HIGH_PRICE_RANGE,,,,
2019-09-23,2019,9,212,10,43,169,155,47,0,1000,64.351,63.6,64.44,0.84,3,54,212,10,1000,64.351,-400,GLENCORE,7,STASCO,4,"VITOL, GLENCORE, HARTREE, BP","STASCO, GUNVORSA, TOTSA, MERCURIASA",BP,STASCO,"Dec19, Nov19, Nov19/Dec19",1.0217473480750379,0.013854527461652647,1.1886792452830188,0.13636363636363635,0.7272727272727273,1.85,OFFER_PRESSURE,,,,
2019-09-24,2019,9,161,11,144,17,111,37,2,1100,46.655,0.97,64.43,63.46,39,3,161,11,1100,46.655,-100,VITOL,4,CHEVUK,6,"MERCURIASA, CHEVUK, STASCO, VITOL","TOTSA, STASCO, CHEVUK, VITOL",CHEVUK,CHEVUK,"Dec19, Nov19, Nov19/Dec19",1.282707143732041,1.0466765627577106,1.5776397515527951,0.5379310344827586,1.0,3.21,HIGH_PRICE_RANGE,,,,
2019-09-25,2019,9,343,15,228,115,223,105,0,1500,49.425,0.96,62.21,61.25,81,36,343,15,1500,49.425,-300,GLENCORE,4,CHEVUK,6,"VITOL, GLENCORE, CHEVUK, MERCURIASA, HARTREE","GUNVORSA, CHEVUK, GLENCORE, STASCO, VITOL",GLENCORE,CHEVUK,"Dec19, Nov19, Nov19/Dec19",2.3265463263600528,1.0102259607455055,0.6588921282798834,0.7074235807860262,0.75,3.26,HIGH_PRICE_RANGE,,,,
2019-09-26,2019,9,230,3,92,138,172,51,4,300,61.237,60.95,61.77,0.82,4,50,228,3,300,61.237,300,STASCO,1,GLENCORE,2,"STASCO, BP, VITOL","GLENCORE, MERCURIASA",VITOL,GUNVORSA,"Dec19, Nov19, Nov19/Dec19",-0.8049712215239828,0.013524657760184725,0.4,0.08602150537634409,1.0,0.75,NORMAL,,,,
2019-09-27,2019,9,52,4,0,52,46,0,2,400,61.592,61.58,61.63,0.05,0,5,52,4,400,61.592,-400,GLENCORE,2,MERCURIASA,3,"GLENCORE, TRAFI, STASCO","MERCURIASA, CHEVUK",,MERCURIASA,Dec19,-0.5440114258669798,0.0008246742536698004,2.0,0.0,1.2,1.6,SELLER_DOMINANT,,,,
2019-09-30,2019,9,232,5,96,136,155,69,3,500,48.2,0.77,60.26,59.49,44,33,232,5,500,48.2,-100,HARTREE,2,BP,2,"BP, STASCO, HARTREE, ICE","GLENCORE, BP, MERCURIASA",STASCO,BP,"Dec19, Dec19/Jan20, Jan20",-0.28305163020997687,0.9811974270163285,0.3448275862068966,0.9072164948453608,0.6666666666666666,1.55,HIGH_PRICE_RANGE,,,,
2019-10-01,2019,10,52,7,18,34,43,1,1,700,59.333,59.32,59.36,0.04,3,5,51,7,700,59.333,-100,MERCURIASA,3,STASCO,5,"MERCURIASA, HARTREE, GUNVORSA","HARTREE, STASCO",MERCURIASA,STASCO,Dec19,0.1480969248933203,0.0006597394029358403,0.6153846153846154,0.3157894736842105,1.25,1.21,SELLER_DOMINANT,,,,
2019-10-02,2019,10,61,7,39,22,53,1,0,700,57.531,57.52,57.54,0.02,5,3,61,7,700,57.531,100,STASCO,4,BP,3,"STASCO, HARTREE, GLENCORE","MERCURIASA, BP, VITOL",STASCO,BP,Dec19,0.1480969248933203,0.00032986970146792015,0.5573770491803278,0.25,0.75,0.9,NORMAL,,,,
2019-10-03,2019,10,84,3,0,84,79,2,0,300,57.317,57.31,57.33,0.02,0,5,84,3,300,57.317,-300,CHEVUK,1,VITOL,2,"CHEVUK, GLENCORE, GUNVORSA","VITOL, BP",,VITOL,Dec19,-0.6820802033819116,0.00032986970146792015,2.0,0.0,1.0,1.5,OFFER_PRESSURE,,,,
2019-10-04,2019,10,77,2,58,19,70,3,2,200,58.48,58.48,58.48,0.0,3,3,76,2,200,58.48,-200,VITOL,1,BP,2,"VITOL, STASCO",BP,MERCURIASA,BP,Dec19,-0.8896244854507196,0.0,1.0129870129870129,0.1016949152542373,1.3333333333333333,1.22,SELLER_DOMINANT,,,,
2019-10-07,2019,10,487,8,276,211,302,177,0,800,51.73,0.59,59.38,58.79,102,83,487,8,800,51.73,400,VITOL,4,HARTREE,4,"VITOL, MERCURIASA, HARTREE","HARTREE, BP, GLENCORE, STASCO, ICE",MERCURIASA,BP,"Dec19, Dec19/Jan20, Jan20",0.35564120696212825,0.9696519874649513,0.2669404517453799,0.7364620938628159,0.8888888888888888,1.81,HIGH_PRICE_RANGE,,,,
2019-10-08,2019,10,421,5,172,249,279,133,4,500,57.796,57.54,57.97,0.43,66,73,421,5,500,57.796,-100,MERCURIASA,3,STASCO,2,"MERCURIASA, VITOL","STASCO, BP, GUNVORSA",MERCURIASA,STASCO,"Dec19, Dec19/Jan20, Jan20",-0.26699163924429564,0.0070921985815602835,0.3657957244655582,0.7630057803468208,0.6666666666666666,0.9,NORMAL,,,,
2019-10-09,2019,10,407,5,192,215,251,149,2,500,47.402,0.47,59.26,58.79,66,89,407,5,500,47.402,-100,CHEVUK,2,BP,2,"STASCO, CHEVUK, VITOL, MERCURIASA","BP, HARTREE, CHEVUK, ICE",CHEVUK,BP,"Dec19, Dec19/Jan20, Jan20",-0.26699163924429564,0.9696519874649513,0.11302211302211303,0.6839378238341969,0.6666666666666666,1.31,HIGH_PRICE_RANGE,,,,
2019-10-10,2019,10,198,9,51,147,140,47,2,900,51.982,0.45,58.73,58.28,5,51,198,9,900,51.982,-100,VITOL,5,HARTREE,2,"VITOL, GLENCORE","HARTREE, BP, MERCURIASA, STASCO, GLENCORE",VITOL,STASCO,"Dec19, Dec19/Jan20, Jan20",0.5631854890309362,0.9612403100775193,0.9696969696969697,0.19230769230769232,0.4,1.81,HIGH_PRICE_RANGE,,,,
2019-10-11,2019,10,213,5,135,78,167,37,4,500,48.328,0.28,60.48,60.2,6,36,212,5,500,48.328,100,GLENCORE,3,STASCO,2,"VITOL, GLENCORE","HARTREE, STASCO, GLENCORE, ICE",MERCURIASA,STASCO,"Dec19, Dec19/Jan20, Jan20",-0.26699163924429564,0.9929078014184397,0.5352112676056338,0.08823529411764706,0.6666666666666666,1.24,HIGH_PRICE_RANGE,,,,
2019-10-14,2019,10,21,1,0,21,20,0,0,100,58.9,58.9,58.9,0.0,0,1,21,1,100,58.9,-100,VITOL,1,MERCURIASA,1,VITOL,MERCURIASA,,MERCURIASA,Dec19,-1.0971687675195276,0.0,2.0,0.0,1.0,1.5,SELLER_DOMINANT,,,,
2019-10-15,2019,10,81,7,2,79,49,24,1,700,42.383,0.16,59.37,59.21,0,28,81,7,700,42.383,-300,BP,4,CHEVUK,4,"BP, CHEVUK, STASCO","CHEVUK, BP, MERCURIASA",CHEVUK,CHEVUK,"Dec19, Dec19/Jan20, Jan20",0.1480969248933203,0.9765792511957776,1.9012345679012346,0.0,1.0,2.16,HIGH_PRICE_RANGE,,,,
2019-10-16,2019,10,42,5,12,30,37,0,0,500,59.354,59.35,59.37,0.02,1,4,42,5,500,59.354,-300,VITOL,3,STASCO,5,"VITOL, MERCURIASA, HARTREE",STASCO,MERCURIASA,STASCO,Dec19,-0.26699163924429564,0.00032986970146792015,0.8571428571428571,0.15384615384615385,1.6666666666666667,1.34,SELLER_DOMINANT,,,,
2019-10-17,2019,10,71,4,20,51,57,10,0,400,58.902,58.67,58.98,0.31,10,4,71,4,400,58.902,-400,HARTREE,3,STASCO,3,"MERCURIASA, HARTREE","VITOL, STASCO",MERCURIASA,VITOL,"Dec19, Dec19/Jan20, Jan20",-0.4745359213131036,0.005112980372752762,0.8732394366197183,0.9523809523809523,1.2,1.52,SELLER_DOMINANT,,,,
2019-10-18,2019,10,145,8,38,107,97,40,0,800,59.546,59.38,59.57,0.19,2,46,145,8,800,59.546,-600,HARTREE,5,STASCO,8,"TOTSA, VITOL, HARTREE",STASCO,VITOL,STASCO,"Dec19, Dec19/Jan20, Jan20",0.35564120696212825,0.0031337621639452415,0.9517241379310345,0.10256410256410256,1.7777777777777777,1.7,SELLER_DOMINANT,,,,
2019-10-21,2019,10,282,6,95,187,170,104,2,600,48.78,0.21,58.67,58.46,33,77,282,6,600,48.78,0,VITOL,4,MERCURIASA,2,"VITOL, BP","MERCURIASA, STASCO, BP, ICE",BP,STASCO,"Dec19, Dec19/Jan20, Jan20",-0.059447357175487686,0.9642091373907307,0.6524822695035462,0.6875,0.5714285714285714,1.53,HIGH_PRICE_RANGE,,,,
2019-10-22,2019,10,180,11,42,138,117,51,1,1100,60.018,59.89,60.19,0.3,5,57,179,11,1100,60.018,-100,VITOL,6,STASCO,4,"HARTREE, VITOL, GUNVORSA","STASCO, GLENCORE, MERCURIASA, TOTSA",VITOL,STASCO,"Dec19, Dec19/Jan20, Jan20",0.9782740531685522,0.004948045522018802,1.0666666666666667,0.23255813953488372,0.6666666666666666,1.77,OFFER_PRESSURE,,,,
2019-10-23,2019,10,289,13,128,161,183,88,5,1300,50.915,0.19,60.29,60.1,59,43,288,13,1300,50.915,-900,STASCO,6,TOTSA,7,"GLENCORE, STASCO, VITOL, ICE","TOTSA, MERCURIASA, VITOL",STASCO,VITOL,"Dec19, Dec19/Jan20, Jan20",1.3933626173061682,0.9912584529111002,0.22837370242214533,0.9147286821705426,1.0,2.78,HIGH_PRICE_RANGE,,,,
2019-10-24,2019,10,76,11,0,76,65,0,0,1100,61.357,61.28,61.5,0.22,0,11,76,11,1100,61.357,-1100,VITOL,4,TOTSA,7,"STASCO, GLENCORE, GUNVORSA, VITOL, HARTREE","TOTSA, GLENCORE, MERCURIASA",,TOTSA,"Dec19, Jan20",0.9782740531685522,0.003628566716147122,2.0,0.0,1.1666666666666667,2.37,OFFER_PRESSURE,,,,
2019-10-25,2019,10,140,1,140,0,93,44,2,100,61.61,61.61,61.61,0.0,46,0,140,1,100,61.61,100,VITOL,1,GUNVORSA,1,VITOL,GUNVORSA,BP,,"Dec19, Dec19/Jan20, Jan20",-1.0971687675195276,0.0,2.0,0.6524822695035462,1.0,1.83,SELLER_DOMINANT,,,,
2019-10-28,2019,10,96,7,1,95,86,3,0,700,52.329,0.43,61.05,60.62,0,8,0,0,0,,0,VITOL,3,STASCO,4,"CHEVUK, BP, VITOL, MERCURIASA","BP, CHEVUK, STASCO",BP,GLENCORE,"Feb20, Jan20, Jan20/Feb20",0.1480969248933203,0.9998350651492659,1.9583333333333333,0.0,1.0,2.2,HIGH_PRICE_RANGE,,,,
2019-10-29,2019,10,110,4,85,25,73,30,3,400,61.485,61.47,61.5,0.03,29,6,0,0,0,,0,MERCURIASA,1,STASCO,2,"MERCURIASA, HARTREE, GUNVORSA, VITOL","STASCO, GLENCORE",BP,GLENCORE,"Feb20, Jan20, Jan20/Feb20",-0.4745359213131036,0.0004948045522018802,1.0909090909090908,0.6744186046511628,0.8,1.28,BID_PRESSURE,,,,
2019-10-30,2019,10,79,5,0,79,68,3,3,500,60.48,60.38,60.52,0.14,0,9,0,0,0,,0,VITOL,5,STASCO,4,VITOL,"TOTSA, STASCO",,STASCO,"Jan20, Jan20/Feb20",-0.26699163924429564,0.0023090879102754414,2.0,0.0,1.3333333333333333,1.67,SELLER_DOMINANT,,,,
2019-10-31,2019,10,84,5,22,62,75,2,2,500,59.472,59.45,59.48,0.03,3,4,0,0,0,,0,STASCO,5,GLENCORE,2,STASCO,"GLENCORE, TOTSA, VITOL",STASCO,TOTSA,Jan20,-0.26699163924429564,0.0004948045522018802,0.9523809523809523,0.2608695652173913,0.6666666666666666,0.94,BUYER_DOMINANT,,,,
2019-11-01,2019,11,42,1,0,42,39,2,0,100,60.55,60.55,60.55,0.0,0,3,42,1,100,60.55,-100,STASCO,1,GUNVORSA,1,STASCO,GUNVORSA,,GUNVORSA,Jan20,-1.2458268336220262,0.0,2.0,0.0,1.0,1.5,SELLER_DOMINANT,,,,
2019-11-04,2019,11,124,5,93,31,81,36,2,500,62.612,61.92,62.8,0.88,38,3,124,5,500,62.612,100,STASCO,5,GLENCORE,3,STASCO,"HARTREE, GLENCORE, MERCURIASA",STASCO,HARTREE,"Feb20, Jan20, Jan20/Feb20",-0.5783887242839247,0.014514266864588487,1.0,0.8085106382978723,1.0,1.41,BUYER_DOMINANT,,,,
2019-11-05,2019,11,62,1,0,62,59,2,0,100,62.84,62.84,62.84,0.0,0,3,62,1,100,62.84,-100,STASCO,1,VITOL,1,STASCO,VITOL,,VITOL,"Jan20, Jan20/Feb20",-1.2458268336220262,0.0,2.0,0.0,1.0,1.5,SELLER_DOMINANT,,,,
2019-11-06,2019,11,103,1,0,103,74,26,2,100,62.23,62.23,62.23,0.0,0,27,103,1,100,62.23,-100,STASCO,1,HARTREE,1,STASCO,HARTREE,,HARTREE,"Feb20, Jan20, Jan20/Feb20",-1.2458268336220262,0.0,2.0,0.0,1.0,1.5,SELLER_DOMINANT,,,,
2019-11-07,2019,11,359,5,244,115,236,114,4,500,62.248,61.72,62.6,0.88,80,40,359,5,500,62.248,100,GUNVORSA,3,HARTREE,3,"GLENCORE, GUNVORSA","MERCURIASA, HARTREE",GUNVORSA,CHEVUK,"Feb20, Jan20, Jan20/Feb20",-0.5783887242839247,0.014514266864588487,0.7186629526462396,0.6530612244897959,1.0,1.19,BID_PRESSURE,,,,
2019-11-08,2019,11,170,7,111,59,112,48,3,700,61.52,60.87,61.78,0.91,46,9,169,7,700,61.52,-700,GLENCORE,5,STASCO,5,"HARTREE, GLENCORE","STASCO, MERCURIASA",OMVSTL,MERCURIASA,"Feb20, Jan20, Jan20/Feb20",-0.24466966961487402,0.015009071416790368,0.611764705882353,0.8214285714285714,1.25,1.35,SELLER_DOMINANT,,,,
2019-11-11,2019,11,168,6,55,113,116,46,0,600,51.843,0.91,62.4,61.49,26,26,168,6,600,51.843,-600,VITOL,2,STASCO,3,"MERCURIASA, VITOL, BP, HARTREE, ICE","STASCO, BP, GUNVORSA",MERCURIASA,BP,"Feb20, Jan20, Jan20/Feb20",-0.4115291969493994,1.0141843971631206,0.6904761904761905,0.9285714285714286,0.8571428571428571,1.85,HIGH_PRICE_RANGE,,,,
2019-11-12,2019,11,124,2,112,12,88,32,2,200,61.53,61.53,61.53,0.0,31,3,124,2,200,61.53,-200,HARTREE,1,STASCO,2,"HARTREE, GLENCORE",STASCO,MERCURIASA,STASCO,"Feb20, Jan20, Jan20/Feb20",-1.078967306287501,0.0,1.6129032258064515,0.5486725663716814,1.3333333333333333,1.75,SELLER_DOMINANT,,,,
2019-11-13,2019,11,68,6,0,68,46,15,1,600,61.87,61.44,62.3,0.86,0,22,68,6,600,61.87,-600,GLENCORE,2,MERCURIASA,3,"OMVSTL, GUNVORSA, GLENCORE, VITOL","MERCURIASA, STASCO",,BP,"Feb20, Jan20, Jan20/Feb20",-0.4115291969493994,0.014184397163120567,2.0,0.0,0.8571428571428571,1.44,OFFER_PRESSURE,,,,
2019-11-14,2019,11,229,7,100,129,150,72,0,700,53.476,0.8,62.52,61.72,27,50,229,7,700,53.476,-300,MERCURIASA,2,STASCO,4,"GLENCORE, VITOL, MERCURIASA, STASCO, BP","STASCO, HARTREE, BP",BP,STASCO,"Feb20, Jan20, Jan20/Feb20",-0.24466966961487402,1.0179778987300017,0.25327510917030566,0.5346534653465347,1.0,1.5,HIGH_PRICE_RANGE,,,,
2019-11-15,2019,11,54,6,0,54,39,8,1,600,63.077,62.36,63.22,0.86,0,14,54,6,600,63.077,-600,GUNVORSA,2,STASCO,5,"GUNVORSA, MERCURIASA, VITOL","STASCO, MERCURIASA",,BP,"Feb20, Jan20, Jan20/Feb20",-0.4115291969493994,0.014184397163120567,2.0,0.0,1.4285714285714286,1.72,SELLER_DOMINANT,,,,
2019-11-18,2019,11,329,6,138,191,202,116,5,600,51.593,0.94,62.12,61.18,48,73,328,6,600,51.593,-200,GLENCORE,2,HARTREE,4,"VITOL, GLENCORE, HARTREE, STASCO, ICE","HARTREE, MERCURIASA",STASCO,HARTREE,"Feb20, Jan20, Jan20/Feb20",-0.4115291969493994,1.0090714167903678,0.3221884498480243,0.6906474820143885,1.1428571428571428,1.68,HIGH_PRICE_RANGE,,,,
2019-11-19,2019,11,122,3,99,23,83,35,1,300,60.903,60.58,61.52,0.94,35,3,122,3,300,60.903,-100,STASCO,3,MERCURIASA,2,STASCO,"MERCURIASA, GLENCORE",STASCO,MERCURIASA,"Feb20, Jan20, Jan20/Feb20",-0.9121077789529756,0.015503875968992246,1.2459016393442623,0.7,1.0,1.48,BUYER_DOMINANT,,,,
2019-11-20,2019,11,75,5,30,45,55,13,2,500,61.65,61.64,61.69,0.05,11,7,72,5,500,61.65,-500,VITOL,4,STASCO,4,"VITOL, GLENCORE","STASCO, MERCURIASA",OMVSTL,STASCO,"Feb20, Feb20/Mar20, Jan20, Jan20/Feb20",-0.5783887242839247,0.0008246742536698004,0.4,0.7096774193548387,1.3333333333333333,1.22,SELLER_DOMINANT,,,,
2019-11-21,2019,11,137,4,63,74,98,35,0,400,62.938,62.46,63.43,0.97,4,36,137,4,400,62.938,400,STASCO,2,GLENCORE,2,"STASCO, VITOL","GLENCORE, HARTREE, MERCURIASA",VITOL,MERCURIASA,"Feb20, Jan20, Jan20/Feb20",-0.7452482516184502,0.015998680521194127,0.16058394160583941,0.125,0.8,0.55,NORMAL,,,,
2019-11-22,2019,11,63,4,63,0,56,3,0,400,63.352,63.3,63.37,0.07,7,0,63,4,400,63.352,400,STASCO,3,VITOL,2,"STASCO, GLENCORE","VITOL, MERCURIASA, HARTREE",GLENCORE,,"Feb20, Jan20",-0.7452482516184502,0.0011545439551377207,2.0,0.21875,0.8,1.51,BUYER_DOMINANT,,,,
2019-11-25,2019,11,64,7,39,25,57,0,0,700,62.477,62.44,62.5,0.06,6,1,64,7,700,62.477,500,TOTSA,3,MERCURIASA,7,"TOTSA, STASCO, VITOL",MERCURIASA,TOTSA,MERCURIASA,Feb20,-0.24466966961487402,0.0009896091044037604,0.4375,0.3,1.75,1.24,SELLER_DOMINANT,,,,
2019-11-26,2019,11,212,7,184,28,152,52,1,700,63.126,63.0,63.88,0.88,57,3,211,7,700,63.126,100,TOTSA,6,HARTREE,4,"TOTSA, MERCURIASA","HARTREE, MERCURIASA, OMVSTL",MERCURIASA,MERCURIASA,"Feb20, Jan20, Jan20/Feb20",-0.24466966961487402,0.014514266864588487,1.471698113207547,0.6162162162162163,1.0,1.55,BUYER_DOMINANT,,,,
2019-11-27,2019,11,198,11,157,41,143,42,2,1100,62.971,62.73,63.86,1.13,48,7,197,11,1100,62.971,100,TOTSA,8,STASCO,7,"TOTSA, MERCURIASA, HARTREE","STASCO, GLENCORE, GUNVORSA",MERCURIASA,GUNVORSA,"Feb20, Jan20, Jan20/Feb20",0.4227684397232275,0.018637638132937485,1.1717171717171717,0.6075949367088608,1.1666666666666667,1.82,BUYER_DOMINANT,,,,
2019-12-02,2019,12,257,8,159,98,203,44,2,800,61.652,61.63,61.72,0.09,10,42,256,8,800,61.652,600,TOTSA,5,BP,3,"TOTSA, STASCO, MERCURIASA","EQUINOR, BP, HARTREE, GLENCORE",TOTSA,BP,"Feb20, Feb20/Mar20, Mar20",0.1650451643696505,0.0014844136566056407,0.47470817120622566,0.125,0.6666666666666666,0.77,NORMAL,,,,
2019-12-03,2019,12,127,7,125,2,112,3,5,700,61.201,61.18,61.21,0.03,12,1,127,7,700,61.201,700,TOTSA,5,VITOL,2,"TOTSA, LITASCO, STASCO","VITOL, GLENCORE, MERCURIASA, BP, GUNVORSA",LITASCO,BP,Feb20,0.01675585425072593,0.0004948045522018802,1.937007874015748,0.19047619047619047,0.5,1.33,BUYER_DOMINANT,,,,
2019-12-04,2019,12,154,3,100,54,119,27,5,300,62.877,62.81,62.91,0.1,13,19,154,3,300,62.877,300,TOTSA,2,VITOL,2,"TOTSA, STASCO","VITOL, GUNVORSA",LITASCO,CHEVUK,"Feb20, Feb20/Mar20, Mar20",-0.5764013862249723,0.0016493485073396008,0.5974025974025974,0.25742574257425743,1.0,0.93,NORMAL,,,,
2019-12-05,2019,12,95,5,75,20,89,1,0,500,63.726,63.7,63.74,0.04,2,4,95,5,500,63.726,-100,MERCURIASA,3,VITOL,5,"TOTSA, MERCURIASA",VITOL,MERCURIASA,VITOL,Feb20,-0.2798227659871232,0.0006597394029358403,1.1578947368421053,0.05263157894736842,1.6666666666666667,1.44,SELLER_DOMINANT,,,,
2019-12-06,2019,12,74,8,72,2,61,2,3,800,64.29,64.27,64.3,0.03,10,1,74,8,800,64.29,800,TOTSA,6,HARTREE,3,"TOTSA, MERCURIASA","HARTREE, STASCO, VITOL",TOTSA,STASCO,Feb20,0.1650451643696505,0.0004948045522018802,1.8918918918918919,0.273972602739726,0.6666666666666666,1.55,BUYER_DOMINANT,,,,
2019-12-09,2019,12,51,0,51,0,46,2,3,0,,,,,2,0,51,0,0,,0,,0,,0,,,MERCURIASA,,Feb20,-1.021269316581746,0.0,2.0,0.07692307692307693,0.0,1.04,BID_PRESSURE,,,,
2019-12-10,2019,12,100,1,98,2,73,22,4,100,64.56,64.56,64.56,0.0,25,1,100,1,100,64.56,100,TOTSA,1,MERCURIASA,1,TOTSA,MERCURIASA,EQUINOR,EQUINOR,"Feb20, Feb20/Mar20, Mar20",-0.8729800064628214,0.0,1.92,0.5050505050505051,1.0,1.71,SELLER_DOMINANT,,,,
2019-12-11,2019,12,107,1,75,32,69,36,1,100,62.5,62.5,62.5,0.0,36,1,107,1,100,62.5,-100,HARTREE,1,VITOL,1,HARTREE,VITOL,TOTSA,VITOL,"Feb20, Feb20/Mar20, Mar20",-0.8729800064628214,0.0,0.8037383177570093,0.9473684210526315,1.0,1.38,SELLER_DOMINANT,,,,
2019-12-12,2019,12,129,7,115,14,92,29,1,700,46.091,1.01,64.54,63.53,34,2,129,7,700,46.091,300,TOTSA,2,HARTREE,2,"TOTSA, HARTREE, STASCO, GLENCORE, ICE","GUNVORSA, HARTREE, VITOL, GLENCORE",STASCO,VITOL,"Feb20, Feb20/Mar20, Mar20",0.01675585425072593,1.0478311067128483,1.565891472868217,0.5862068965517241,0.5,1.97,HIGH_PRICE_RANGE,,,,
2019-12-13,2019,12,147,3,104,43,100,41,3,300,64.353,63.99,65.08,1.09,40,4,147,3,300,64.353,-100,STASCO,2,VITOL,2,"STASCO, MERCURIASA","GLENCORE, VITOL",STASCO,VITOL,"Feb20, Feb20/Mar20, Mar20",-0.5764013862249723,0.01797789873000165,0.8299319727891157,0.7619047619047619,1.0,1.31,HIGH_PRICE_RANGE,,,,
2019-12-16,2019,12,162,6,140,22,109,47,0,600,65.542,64.7,65.71,1.01,52,1,162,6,600,65.542,400,STASCO,5,TOTSA,4,"GLENCORE, STASCO","VITOL, TOTSA, GLENCORE",STASCO,VITOL,"Feb20, Feb20/Mar20, Mar20",-0.13153345586819862,0.016658419924129968,1.4567901234567902,0.7375886524822695,1.1428571428571428,1.68,BUYER_DOMINANT,,,,
2019-12-17,2019,12,168,4,126,42,108,54,2,400,65.472,65.22,66.23,1.01,53,5,168,4,400,65.472,-200,MERCURIASA,3,VITOL,3,"STASCO, MERCURIASA","HARTREE, VITOL",STASCO,VITOL,"Feb20, Feb20/Mar20, Mar20",-0.42811207610604773,0.016658419924129968,1.0,0.8346456692913385,1.2,1.53,SELLER_DOMINANT,,,,
2019-12-18,2019,12,174,8,39,135,118,47,1,800,65.892,65.3,66.09,0.79,4,51,174,8,800,65.892,-200,MERCURIASA,3,TOTSA,6,"MERCURIASA, STASCO, VITOL, GUNVORSA","TOTSA, GLENCORE, GUNVORSA",MERCURIASA,TOTSA,"Feb20, Feb20/Mar20, Mar20",0.1650451643696505,0.013029853207982847,1.103448275862069,0.2,1.3333333333333333,1.46,SELLER_DOMINANT,,,,
2019-12-19,2019,12,113,3,110,3,71,37,2,300,66.8,66.8,66.8,0.0,39,1,113,3,300,66.8,300,MERCURIASA,3,GLENCORE,3,MERCURIASA,GLENCORE,MERCURIASA,TOTSA,"Feb20, Feb20/Mar20, Mar20",-0.5764013862249723,0.0,1.8938053097345133,0.7027027027027027,1.5,2.05,SELLER_DOMINANT,,,,
2019-12-20,2019,12,164,4,121,43,112,47,1,400,65.932,65.21,66.18,0.97,49,4,164,4,400,65.932,0,GUNVORSA,3,MERCURIASA,3,"GUNVORSA, STASCO","MERCURIASA, VITOL",GUNVORSA,VITOL,"Feb20, Feb20/Mar20, Mar20",-0.42811207610604773,0.015998680521194127,0.9512195121951219,0.8032786885245902,1.2,1.49,SELLER_DOMINANT,,,,
2019-12-23,2019,12,125,4,44,81,87,34,0,400,65.695,65.48,66.34,0.86,4,34,125,4,400,65.695,200,STASCO,3,HARTREE,1,"MERCURIASA, STASCO","HARTREE, GLENCORE, VITOL, TOTSA",STASCO,HARTREE,"Feb20, Feb20/Mar20, Mar20",-0.42811207610604773,0.014184397163120567,0.592,0.17777777777777778,0.4,0.59,BUYER_DOMINANT,,,,
2019-12-24,2019,12,131,7,131,0,89,34,1,700,66.006,65.98,66.01,0.03,41,0,0,0,0,,0,STASCO,7,VITOL,4,STASCO,"VITOL, HARTREE, MERCURIASA",CHEVUK,,"Feb20, Feb20/Mar20, Mar20",0.01675585425072593,0.0004948045522018802,2.0,0.6212121212121212,1.0,1.82,BUYER_DOMINANT,,,,
2019-12-27,2019,12,18,2,0,18,16,0,0,200,67.08,67.08,67.08,0.0,0,2,18,2,200,67.08,-200,LITASCO,2,BP,2,LITASCO,BP,,BP,Mar20,-0.7246906963438968,0.0,2.0,0.0,1.3333333333333333,1.67,SELLER_DOMINANT,,,,
2019-12-30,2019,12,18,2,16,2,15,1,0,200,66.94,66.94,66.94,0.0,2,1,18,2,200,66.94,200,STASCO,2,TOTSA,1,STASCO,"TOTSA, GLENCORE",STASCO,TOTSA,Mar20,-0.7246906963438968,0.0,1.5555555555555556,0.23529411764705882,0.6666666666666666,1.23,BUYER_DOMINANT,,,,
2019-12-31,2019,12,30,1,2,28,27,2,0,100,65.88,65.88,65.88,0.0,1,2,0,0,0,,0,STASCO,1,TOTSA,1,STASCO,TOTSA,STASCO,TOTSA,Mar20,-0.8729800064628214,0.0,1.7333333333333334,0.6666666666666666,1.0,1.7,SELLER_DOMINANT,,,,
2020-01-02,2020,1,73,1,0,73,69,2,1,100,65.84,65.84,65.84,0.0,0,3,73,1,100,65.84,-100,HARTREE,1,STASCO,1,HARTREE,STASCO,,MERCURIASA,Mar20,-1.0052284601418646,0.0,2.0,0.0,1.0,1.5,SELLER_DOMINANT,,,,
2020-01-03,2020,1,117,6,53,64,108,2,1,600,67.958,67.95,67.97,0.02,3,5,116,6,600,67.958,-200,HARTREE,3,STASCO,4,"HARTREE, BP, OMVSTL","STASCO, MERCURIASA",PTRIN,MERCURIASA,Mar20,-0.10815966809526345,0.00032986970146792015,0.18803418803418803,0.1111111111111111,1.1428571428571428,0.72,NORMAL,,,,
2020-01-06,2020,1,327,10,186,141,209,107,1,1000,61.998,0.83,69.02,68.19,79,38,327,10,1000,61.998,-800,HARTREE,4,TOTSA,3,"HARTREE, CHEVUK, PTRIN, GLENCORE, ICE","TOTSA, MERCURIASA, CHEVUK, STASCO, HARTREE",PTRIN,CHEVUK,"Apr20, Mar20, Mar20/Apr20",0.6094953655420174,1.1246907471548737,0.27522935779816515,0.8449197860962567,0.5454545454545454,2.0,HIGH_PRICE_RANGE,,,,
2020-01-07,2020,1,171,4,89,82,141,24,2,400,68.055,68.05,68.07,0.02,6,25,171,4,400,68.055,0,PTRIN,2,MERCURIASA,2,"TRAFI, PTRIN, BP","VITOL, MERCURIASA, STASCO",PTRIN,HARTREE,"Apr20, Mar20, Mar20/Apr20",-0.4669871849139039,0.00032986970146792015,0.08187134502923976,0.13333333333333333,0.8,0.51,NORMAL,,,,
2020-01-08,2020,1,137,4,79,58,130,2,1,400,66.745,66.74,66.75,0.01,5,1,137,4,400,66.745,400,PTRIN,2,HARTREE,2,"PTRIN, BP","HARTREE, STASCO",BP,VITOL,Mar20,-0.4669871849139039,0.00016493485073396007,0.30656934306569344,0.125,0.8,0.62,NORMAL,,,,
2020-01-09,2020,1,99,4,99,0,91,3,1,400,65.525,65.48,65.54,0.06,8,0,99,4,400,65.525,400,PTRIN,3,HARTREE,3,"PTRIN, OMVSTL","HARTREE, MERCURIASA",PTRIN,,"Mar20, Mar20/Apr20",-0.4669871849139039,0.0009896091044037604,2.0,0.16,1.2,1.68,SELLER_DOMINANT,,,,
2020-01-10,2020,1,280,10,206,74,207,63,0,1000,65.334,64.81,65.57,0.76,67,6,280,10,1000,65.334,-200,STASCO,4,MERCURIASA,8,"GLENCORE, STASCO, PTRIN, GUNVORSA, HARTREE","VITOL, MERCURIASA",TRAFI,MERCURIASA,"Apr20, Mar20, Mar20/Apr20",0.6094953655420174,0.012535048655780966,0.9428571428571428,0.6473429951690821,1.4545454545454546,2.02,SELLER_DOMINANT,,,,
2020-01-13,2020,1,137,8,39,98,124,5,0,800,64.146,64.14,64.15,0.01,6,7,137,8,800,64.146,-200,STASCO,3,MERCURIASA,5,"STASCO, CHEVUK, HARTREE, VITOL, GLENCORE","MERCURIASA, PTRIN",TOTSA,PTRIN,"Apr20, Mar20, Mar20/Apr20",0.250667848723377,0.00016493485073396007,0.8613138686131386,0.3,1.1111111111111112,1.34,OFFER_PRESSURE,,,,
2020-01-14,2020,1,131,6,112,19,84,41,0,600,54.017,0.76,64.82,64.06,43,2,131,6,600,54.017,200,BP,2,PTRIN,2,"MERCURIASA, BP, PTRIN, GLENCORE","HARTREE, STASCO, MERCURIASA, GLENCORE, PTRIN",PTRIN,PTRIN,"Apr20, Mar20, Mar20/Apr20",-0.10815966809526345,1.0565726538017484,1.4198473282442747,0.7610619469026548,0.5714285714285714,2.01,HIGH_PRICE_RANGE,,,,
2020-01-15,2020,1,413,9,206,207,264,135,5,900,56.526,0.71,63.96,63.25,87,59,413,9,900,56.526,-900,GLENCORE,5,HARTREE,3,"GLENCORE, HARTREE, VITOL, ICE","MERCURIASA, HARTREE, PTRIN, STASCO, GLENCORE",MERCURIASA,HARTREE,"Apr20, Mar20, Mar20/Apr20",0.4300816071326972,1.0432129308922975,0.004842615012106538,0.8405797101449275,0.6,1.69,HIGH_PRICE_RANGE,,,,
2020-01-16,2020,1,223,4,133,90,148,69,2,400,64.48,64.09,64.87,0.78,48,25,223,4,400,64.48,-400,GLENCORE,2,HARTREE,2,"CHEVUK, VITOL, GLENCORE","HARTREE, PTRIN",MERCURIASA,HARTREE,"Apr20, Mar20, Mar20/Apr20",-0.4669871849139039,0.012864918357248886,0.38565022421524664,0.7164179104477612,0.8,0.96,NORMAL,,,,
2020-01-17,2020,1,79,6,2,77,65,5,3,600,64.103,63.86,64.59,0.73,1,10,78,6,600,64.103,-600,GLENCORE,4,STASCO,4,"GLENCORE, TOTSA, HARTREE","STASCO, PTRIN",GLENCORE,STASCO,"Apr20, Mar20, Mar20/Apr20",-0.10815966809526345,0.012040244103579085,1.8987341772151898,0.6666666666666666,1.1428571428571428,1.86,OFFER_PRESSURE,,,,
2020-01-20,2020,1,268,13,48,220,178,76,1,1300,54.807,0.75,65.18,64.43,3,84,268,13,1300,54.807,-500,VITOL,5,TOTSA,6,"BP, MERCURIASA, HARTREE, VITOL, STASCO","TOTSA, BP, STASCO, HARTREE, MERCURIASA",VITOL,STASCO,"Apr20, Mar20, Mar20/Apr20",1.147736640769978,1.0626752432789048,1.2835820895522387,0.12244897959183673,0.8571428571428571,2.69,HIGH_PRICE_RANGE,,,,
2020-01-21,2020,1,327,12,238,89,207,108,0,1200,53.579,0.76,64.7,63.94,88,30,327,12,1200,53.579,400,VITOL,5,GLENCORE,4,"MERCURIASA, VITOL, CHEVUK, BP, ICE","GLENCORE, MERCURIASA, TOTSA, BP, CHEVUK",MERCURIASA,BP,"Apr20, Mar20, Mar20/Apr20",0.9683228823606579,1.0545934355929407,0.9113149847094801,0.7364016736401674,0.6153846153846154,2.54,HIGH_PRICE_RANGE,,,,
2020-01-22,2020,1,168,2,70,98,118,46,2,200,63.27,63.27,63.27,0.0,3,45,168,2,200,63.27,-200,GLENCORE,1,BP,2,"GLENCORE, VITOL",BP,VITOL,BP,"Apr20, Mar20, Mar20/Apr20",-0.8258147017325443,0.0,0.3333333333333333,0.08450704225352113,1.3333333333333333,0.88,SELLER_DOMINANT,,,,
2020-01-23,2020,1,61,0,57,4,39,20,2,0,,,,,20,1,61,0,0,,0,,0,,0,,,BP,BP,"Apr20, Mar20, Mar20/Apr20",-1.1846422185511847,0.0,1.7377049180327868,0.6896551724137931,0.0,1.21,NO_SELLER,,,,
2020-01-24,2020,1,54,4,54,0,47,2,1,400,60.19,59.79,60.59,0.8,6,0,54,4,400,60.19,400,STASCO,4,HARTREE,2,STASCO,"MERCURIASA, HARTREE, GLENCORE",STASCO,,"Apr20, Mar20",-0.4669871849139039,0.013194788058716806,2.0,0.21818181818181817,0.8,1.52,BUYER_DOMINANT,,,,
2020-01-27,2020,1,292,7,240,52,196,87,2,700,50.231,0.76,59.1,58.34,88,5,292,7,700,50.231,-300,GLENCORE,4,STASCO,3,"HARTREE, VITOL, GLENCORE","VITOL, HARTREE, STASCO, BP",MERCURIASA,BP,"Apr20, Mar20, Mar20/Apr20",0.07125409031405676,0.9622299191819231,1.2876712328767124,0.7302904564315352,0.75,2.02,HIGH_PRICE_RANGE,,,,
2020-01-28,2020,1,415,11,214,201,271,131,2,1100,48.835,0.67,59.97,59.3,64,75,414,11,1100,48.835,-100,VITOL,6,GLENCORE,4,"VITOL, GLENCORE, MERCURIASA","BP, STASCO, GUNVORSA, OMVSTL, GLENCORE",MERCURIASA,OMVSTL,"Apr20, Mar20, Mar20/Apr20",0.7889091239513376,0.9780636648523833,0.06265060240963856,0.5953488372093023,0.6666666666666666,1.88,HIGH_PRICE_RANGE,,,,
2020-01-29,2020,1,280,6,153,127,188,83,3,600,59.207,59.2,59.22,0.02,38,52,280,6,600,59.207,200,GLENCORE,3,GUNVORSA,3,"VITOL, GLENCORE, BP","GUNVORSA, STASCO, HARTREE",MERCURIASA,OMVSTL,"Apr20, Mar20, Mar20/Apr20",-0.10815966809526345,0.00032986970146792015,0.18571428571428572,0.4935064935064935,0.8571428571428571,0.77,NORMAL,,,,
2020-01-30,2020,1,315,7,233,82,235,71,2,700,57.756,57.73,57.76,0.03,73,6,315,7,700,57.756,-100,VITOL,5,GUNVORSA,3,"LITASCO, VITOL, BP","HARTREE, MERCURIASA, GUNVORSA, STASCO",VITOL,MERCURIASA,"Apr20, Apr20/May20, May20",0.07125409031405676,0.0004948045522018802,0.9587301587301588,0.6239316239316239,0.75,1.22,BUYER_DOMINANT,,,,
2020-01-31,2020,1,116,4,113,3,110,0,2,400,56.868,56.82,56.9,0.08,4,1,116,4,400,56.868,200,STASCO,2,GLENCORE,2,"STASCO, VITOL, BP","GLENCORE, MERCURIASA, OMVSTL",BP,OMVSTL,Apr20,-0.4669871849139039,0.0013194788058716806,1.896551724137931,0.07017543859649122,0.8,1.38,BID_PRESSURE,,,,
2020-02-03,2020,2,238,10,133,105,181,46,1,1000,54.86,54.84,54.88,0.04,49,7,238,10,1000,54.86,0,STASCO,4,TOTSA,6,"VITOL, BP, STASCO, GUNVORSA","LITASCO, TOTSA, MERCURIASA",STASCO,MERCURIASA,"Apr20, Apr20/May20, May20",0.5109398147608005,0.0006597394029358403,0.23529411764705882,0.7313432835820896,1.0909090909090908,1.44,NORMAL,,,,
2020-02-04,2020,2,248,14,152,96,182,51,1,1400,55.019,54.98,55.14,0.16,56,11,248,14,1400,55.019,-600,VITOL,6,TOTSA,8,"BP, PTRIN, GLENCORE, VITOL","TOTSA, STASCO, HARTREE",BP,STASCO,"Apr20, Apr20/May20, May20",1.2060254510851383,0.002638957611743361,0.45161290322580644,0.7320261437908496,1.0666666666666667,2.09,NORMAL,,,,
2020-02-05,2020,2,178,5,53,125,128,40,5,500,56.092,56.06,56.1,0.04,2,43,177,5,500,56.092,-300,PTRIN,4,STASCO,5,"PTRIN, VITOL",STASCO,PTRIN,CHEVUK,"Apr20, Apr20/May20, May20",-0.3579172306446218,0.0006597394029358403,0.8089887640449438,0.07407407407407407,1.6666666666666667,1.28,SELLER_DOMINANT,,,,
2020-02-06,2020,2,171,5,47,124,158,2,6,500,55.202,55.08,55.25,0.17,4,6,170,5,500,55.202,-100,PTRIN,4,STASCO,3,"PTRIN, BP","MERCURIASA, STASCO",BP,LITASCO,Apr20,-0.3579172306446218,0.0028038924624773217,0.9005847953216374,0.16666666666666666,1.0,1.04,BUYER_DOMINANT,,,,
2020-02-07,2020,2,94,6,47,47,87,0,1,600,55.11,55.11,55.11,0.0,4,5,94,6,600,55.11,-200,PTRIN,4,STASCO,3,"PTRIN, BP, VITOL","STASCO, MERCURIASA",PTRIN,MERCURIASA,Apr20,-0.18414582156353734,0.0,0.0,0.16666666666666666,0.8571428571428571,0.51,NORMAL,,,,
2020-02-10,2020,2,202,18,31,171,137,45,2,1800,38.817,-0.25,54.08,54.33,5,48,201,18,1800,38.817,200,CHEVUK,10,MERCURIASA,6,"CHEVUK, BP, OMVSTL, MERCURIASA, HARTREE","BP, CHEVUK, STASCO, MERCURIASA, VITOL",CHEVUK,CHEVUK,"Apr20, Apr20/May20, May20",1.9011110874094759,0.8960910440376051,1.386138613861386,0.3125,0.631578947368421,3.22,HIGH_PRICE_RANGE,,,,
2020-02-11,2020,2,186,8,6,180,122,54,2,800,54.29,54.17,54.41,0.24,1,62,186,8,800,54.29,-800,GLENCORE,4,HARTREE,4,"VITOL, GLENCORE, MERCURIASA","HARTREE, STASCO",HARTREE,HARTREE,"Apr20, Apr20/May20, May20",0.16339699659863158,0.003958436417615042,1.8709677419354838,0.2857142857142857,0.8888888888888888,1.66,OFFER_PRESSURE,,,,
2020-02-12,2020,2,476,17,284,192,278,179,2,1700,39.371,-0.18,55.96,56.14,110,84,476,17,1700,39.371,-300,GLENCORE,9,HARTREE,6,"VITOL, GLENCORE, PTRIN, BP, HARTREE","GLENCORE, HARTREE, BP, LITASCO, ICE",PTRIN,HARTREE,"Apr20, Apr20/May20, May20",1.7273396783283916,0.9259442520204519,0.3865546218487395,0.7719298245614035,0.6666666666666666,2.85,HIGH_PRICE_RANGE,,,,
2020-02-13,2020,2,434,12,185,249,295,124,3,1200,51.553,-0.12,56.42,56.54,83,51,433,12,1200,51.553,-600,GLENCORE,6,STASCO,5,"GLENCORE, PTRIN, BP, HARTREE, STASCO","STASCO, MERCURIASA, BP, GLENCORE, CHEVUK",PTRIN,BP,"Apr20, Apr20/May20, May20",0.8584826329229694,0.9325416460498103,0.29493087557603687,0.8924731182795699,0.7692307692307693,2.22,HIGH_PRICE_RANGE,,,,
2020-02-14,2020,2,355,12,236,119,224,119,0,1200,52.402,0.08,57.23,57.15,94,36,355,12,1200,52.402,400,VITOL,5,TOTSA,3,"GLENCORE, BP, VITOL, PTRIN","BP, GLENCORE, TOTSA, STASCO, HARTREE",PTRIN,BP,"Apr20, Apr20/May20, May20",0.8584826329229694,0.9426026719445818,0.6591549295774648,0.7932489451476793,0.46153846153846156,2.21,HIGH_PRICE_RANGE,,,,
2020-02-17,2020,2,259,10,131,128,170,76,3,1000,51.579,0.15,57.33,57.18,38,48,258,10,1000,51.579,0,HARTREE,3,BP,3,"HARTREE, VITOL, PTRIN, BP, ICE","BP, STASCO, CHEVUK, MERCURIASA",BP,STASCO,"Apr20, Apr20/May20, May20",0.5109398147608005,0.9430974764967838,0.023166023166023165,0.5757575757575758,0.5454545454545454,1.55,HIGH_PRICE_RANGE,,,,
2020-02-18,2020,2,602,6,340,262,386,207,3,600,56.948,56.92,57.0,0.08,117,98,602,6,600,56.948,0,VITOL,4,GLENCORE,2,"VITOL, LITASCO, GLENCORE","GLENCORE, PTRIN, MERCURIASA",TRAFI,HARTREE,"Apr20, Apr20/May20, May20",-0.18414582156353734,0.0013194788058716806,0.2591362126245847,0.6862170087976539,0.5714285714285714,0.76,NORMAL,,,,
2020-02-19,2020,2,498,4,246,252,313,176,5,400,59.115,59.11,59.12,0.01,93,90,498,4,400,59.115,-200,VITOL,4,PTRIN,3,VITOL,"PTRIN, MERCURIASA",TRAFI,BP,"Apr20, Apr20/May20, May20",-0.5316886397257062,0.00016493485073396007,0.024096385542168676,0.7530364372469636,1.2,0.99,SELLER_DOMINANT,,,,
2020-02-20,2020,2,406,12,200,206,260,132,2,1200,49.601,0.33,59.72,59.39,77,67,406,12,1200,49.601,-400,VITOL,6,BP,4,"VITOL, BP, TRAFI, GLENCORE, ICE","PTRIN, HARTREE, BP, MERCURIASA, GLENCORE",TRAFI,BP,"Apr20, Apr20/May20, May20",0.8584826329229694,0.979548078508989,0.029556650246305417,0.7661691542288557,0.6153846153846154,1.98,HIGH_PRICE_RANGE,,,,
2020-02-21,2020,2,47,4,0,47,43,0,0,400,57.81,57.7,58.14,0.44,0,4,47,4,400,57.81,-400,CHEVUK,2,STASCO,2,"CHEVUK, STASCO, GLENCORE","STASCO, BP, MERCURIASA",,BP,"Apr20, May20",-0.5316886397257062,0.007257133432294244,2.0,0.0,0.8,1.4,OFFER_PRESSURE,,,,
2020-02-24,2020,2,291,11,211,80,183,94,3,1100,40.44,0.49,55.67,55.18,82,22,291,11,1100,40.44,100,PTRIN,3,BP,4,"CHEVUK, LITASCO, PTRIN, BP, GLENCORE","LITASCO, CHEVUK, VITOL, STASCO, BP",PTRIN,BP,"Apr20, Apr20/May20, May20",0.684711223841885,0.9101105063499917,0.9003436426116839,0.7735849056603774,0.6666666666666666,2.26,HIGH_PRICE_RANGE,,,,
2020-02-25,2020,2,803,4,293,510,522,273,4,400,41.662,0.54,55.74,55.2,97,181,803,4,400,41.662,200,BP,1,VITOL,2,"BP, PTRIN, LITASCO, ICE","VITOL, BP",PTRIN,BP,"Apr20, Apr20/May20, May20",-0.5316886397257062,0.9104403760514597,0.5404732254047323,0.6598639455782312,0.8,1.55,HIGH_PRICE_RANGE,,,,
2020-02-26,2020,2,432,7,301,131,282,140,3,700,39.011,0.56,54.73,54.17,122,29,432,7,700,39.011,300,BP,2,BP,4,"BP, PTRIN, LITASCO, ICE","VITOL, BP",PTRIN,VITOL,"Apr20, Apr20/May20, Jun20, May20, May20/Jun20",-0.01037441248245289,0.8934520864258618,0.7870370370370371,0.8079470198675497,1.0,1.83,HIGH_PRICE_RANGE,,,,
2020-02-27,2020,2,90,3,65,25,82,4,1,300,51.443,51.43,51.45,0.02,6,1,90,3,300,51.443,300,PTRIN,3,VITOL,3,PTRIN,VITOL,PTRIN,GUNVORSA,May20,-0.7054600488067907,0.00032986970146792015,0.8888888888888888,0.18181818181818182,1.5,1.29,SELLER_DOMINANT,,,,
2020-02-28,2020,2,100,3,80,20,70,25,2,300,49.72,49.72,49.72,0.0,28,2,100,3,300,49.72,300,STASCO,3,GLENCORE,1,STASCO,"GLENCORE, VITOL, GUNVORSA",STASCO,HARTREE,"Jun20, May20, May20/Jun20",-0.7054600488067907,0.0,1.2,0.691358024691358,0.5,1.2,BUYER_DOMINANT,,,,
2020-03-02,2020,3,193,6,40,153,126,61,0,600,51.628,51.61,51.64,0.03,2,65,193,6,600,51.628,-200,VITOL,3,STASCO,6,"VITOL, HARTREE, BP",STASCO,VITOL,STASCO,"Jun20, May20, May20/Jun20",0.31570621775806246,0.0004948045522018802,1.1709844559585492,0.0975609756097561,1.7142857142857142,1.74,SELLER_DOMINANT,,,0.05,
2020-03-03,2020,3,292,4,90,202,223,63,2,400,52.112,52.09,52.16,0.07,5,63,291,4,400,52.112,200,BP,2,GLENCORE,2,"BP, VITOL","OMVSTL, GLENCORE, GUNVORSA",VITOL,GUNVORSA,"Jun20, May20, May20/Jun20",-0.2883723460906977,0.0011545439551377207,0.7671232876712328,0.10989010989010989,0.8,0.84,OFFER_PRESSURE,,,-0.01,-0.06
2020-03-04,2020,3,90,3,21,69,80,6,1,300,51.83,51.83,51.83,0.0,5,4,90,3,300,51.83,-300,VITOL,2,HARTREE,2,"BP, VITOL","HARTREE, MERCURIASA",BP,MERCURIASA,"Jun20, May20, May20/Jun20",-0.5904116280150777,0.0,1.0666666666666667,0.45454545454545453,1.0,1.26,OFFER_PRESSURE,,,-0.08,-0.07
2020-03-05,2020,3,51,2,26,25,49,0,0,200,51.385,51.36,51.41,0.05,1,1,51,2,200,51.385,0,STASCO,1,HARTREE,1,"STASCO, BP","HARTREE, MERCURIASA",STASCO,MERCURIASA,May20,-0.8924509099394579,0.0008246742536698004,0.0392156862745098,0.07407407407407407,0.6666666666666666,0.39,NORMAL,,,-0.07,0.01
2020-03-06,2020,3,115,4,0,115,108,2,1,400,45.745,45.61,45.88,0.27,0,6,115,4,400,45.745,-400,HARTREE,2,VITOL,2,"HARTREE, BP","VITOL, STASCO",,VITOL,"Jun20, May20",-0.2883723460906977,0.004453240969816923,2.0,0.0,0.8,1.4,OFFER_PRESSURE,,,0.03,0.1
2020-03-09,2020,3,138,3,4,134,128,4,3,300,37.16,37.16,37.16,0.0,2,6,137,3,300,37.16,-300,CHEVUK,1,TOTSA,3,"CHEVUK, VITOL, STASCO",TOTSA,STASCO,TOTSA,"Jun20, May20, May20/Jun20",-0.5904116280150777,0.0,1.8840579710144927,0.8,1.5,2.09,SELLER_DOMINANT,,,-0.06,-0.09
2020-03-10,2020,3,29,0,11,18,26,2,1,0,,,,,1,1,29,0,0,,0,,0,,0,,,STASCO,MERCURIASA,May20,-1.496529473788218,0.0,0.4827586206896552,0.16666666666666666,0.0,0.32,NORMAL,,,-0.14,-0.08
2020-03-11,2020,3,60,3,50,10,50,7,0,300,36.2,36.19,36.22,0.03,8,2,60,3,300,36.2,300,VITOL,3,STASCO,2,VITOL,"STASCO, MERCURIASA",VITOL,MERCURIASA,"Jun20, May20, May20/Jun20",-0.5904116280150777,0.0004948045522018802,1.3333333333333333,0.3137254901960784,1.0,1.32,BUYER_DOMINANT,,,-0.44,-0.3
2020-03-12,2020,3,32,1,0,32,31,0,0,100,33.13,33.13,33.13,0.0,0,1,32,1,100,33.13,-100,GUNVORSA,1,MERCURIASA,1,GUNVORSA,MERCURIASA,,MERCURIASA,May20,-1.194490191863838,0.0,2.0,0.0,1.0,1.5,SELLER_DOMINANT,,,-0.51,-0.07
2020-03-13,2020,3,181,1,43,138,122,56,2,100,35.22,35.22,35.22,0.0,1,56,180,1,100,35.22,100,VITOL,1,HARTREE,1,VITOL,HARTREE,VITOL,STASCO,"Jun20, May20, May20/Jun20",-1.194490191863838,0.0,1.0497237569060773,0.045454545454545456,1.0,1.05,SELLER_DOMINANT,,,-0.26,0.25
2020-03-16,2020,3,73,0,0,73,55,16,2,0,,,,,0,17,73,0,0,,0,,0,,0,,,,BP,"Jun20, May20, May20/Jun20",-1.496529473788218,0.0,2.0,0.0,0.0,1.0,OFFER_PRESSURE,,,-0.17,0.09
2020-03-17,2020,3,237,2,116,121,178,54,3,200,30.52,29.7,31.34,1.64,54,4,237,2,200,30.52,-200,STASCO,1,TOTSA,1,"STASCO, GUNVORSA","TOTSA, HARTREE",OMVSTL,TOTSA,"Jun20, May20, May20/Jun20",-0.8924509099394579,0.02704931552036945,0.04219409282700422,0.9230769230769231,0.6666666666666666,0.83,HIGH_PRICE_RANGE,,,-0.16,0.01
2020-03-18,2020,3,132,1,0,132,91,37,3,100,27.36,27.36,27.36,0.0,0,39,132,1,100,27.36,-100,HARTREE,1,STASCO,1,HARTREE,STASCO,,BP,"Jun20, May20, May20/Jun20",-1.194490191863838,0.0,2.0,0.0,1.0,1.5,SELLER_DOMINANT,,,-0.19,-0.03
2020-03-19,2020,3,115,7,13,102,75,32,1,700,18.987,-2.14,28.91,31.05,2,34,115,7,700,18.987,-100,HARTREE,2,BP,4,"HARTREE, BP, VITOL, CHEVUK","BP, HARTREE, TOTSA, CHEVUK",CHEVUK,BP,"Jun20, May20, May20/Jun20",0.6177454996824425,0.5121227115289461,1.5478260869565217,0.2857142857142857,1.0,2.22,HIGH_PRICE_RANGE,,,-0.32,-0.13
2020-03-20,2020,3,146,1,0,146,101,41,3,100,30.06,30.06,30.06,0.0,0,43,146,1,100,30.06,-100,VITOL,1,TOTSA,1,VITOL,TOTSA,,CHEVUK,"Jun20, May20, May20/Jun20",-1.194490191863838,0.0,2.0,0.0,1.0,1.5,SELLER_DOMINANT,,,-0.39,-0.07
2020-03-23,2020,3,181,7,37,144,125,47,2,700,18.467,-2.47,27.86,30.33,3,47,180,7,700,18.467,100,CHEVUK,4,BP,4,"STASCO, BP, CHEVUK","VITOL, CHEVUK, BP",CHEVUK,BP,"Jun20, May20, May20/Jun20",0.6177454996824425,0.5002474022761009,1.1823204419889504,0.15789473684210525,1.0,1.96,HIGH_PRICE_RANGE,,,-0.34,0.05
2020-03-24,2020,3,51,5,24,27,46,0,0,500,22.896,-2.44,29.84,32.28,1,2,51,5,500,22.896,-100,CHEVUK,3,VITOL,4,"CHEVUK, VITOL, GUNVORSA","VITOL, CHEVUK",CHEVUK,VITOL,"Jun20, May20, May20/Jun20",0.013666935833682394,0.5324096981692231,0.11764705882352941,0.08,1.3333333333333333,1.1,SELLER_DOMINANT,,,-0.39,-0.05
2020-03-25,2020,3,164,8,20,144,113,41,2,800,20.69,-2.72,29.4,32.12,2,45,0,0,0,,0,CHEVUK,4,CHEVUK,2,"PTRIN, CHEVUK, HARTREE, BP, STASCO","CHEVUK, PTRIN, VITOL, BP",CHEVUK,PTRIN,"Jun20, May20, May20/Jun20",0.9197847816068226,0.5297707405574797,1.5121951219512195,0.19047619047619047,0.4444444444444444,2.13,HIGH_PRICE_RANGE,,,-0.03,0.36
2020-03-26,2020,3,270,3,163,107,163,103,1,300,17.86,-2.45,29.24,31.69,70,37,0,0,0,,0,HARTREE,1,PTRIN,2,"HARTREE, PTRIN, ICE","PTRIN, VITOL",HARTREE,PTRIN,"Jun20, May20, May20/Jun20",-0.5904116280150777,0.5226785419759196,0.4148148148148148,0.8536585365853658,1.0,1.45,HIGH_PRICE_RANGE,,,0.33,0.36
2020-03-27,2020,3,91,10,38,53,79,1,1,1000,20.6,-3.06,27.33,30.39,3,4,0,0,0,,0,CHEVUK,4,VITOL,6,"GUNVORSA, CHEVUK, VITOL, HARTREE, MERCURIASA","STASCO, VITOL, CHEVUK",CHEVUK,VITOL,"Jun20, May20, May20/Jun20",1.5238633454555828,0.5012370113805047,0.32967032967032966,0.15384615384615385,1.0909090909090908,2.31,HIGH_PRICE_RANGE,,,-0.06,-0.39
2020-03-30,2020,3,44,2,2,42,41,1,0,200,25.7,25.7,25.7,0.0,1,2,44,2,200,25.7,-200,HARTREE,1,VITOL,2,"HARTREE, STASCO",VITOL,HARTREE,VITOL,Jun20,-0.8924509099394579,0.0,1.8181818181818181,0.6666666666666666,1.3333333333333333,1.91,SELLER_DOMINANT,,,-0.3,-0.24
2020-03-31,2020,3,50,4,19,31,46,0,0,400,26.265,26.26,26.28,0.02,1,3,50,4,400,26.265,-200,BP,2,VITOL,4,"HARTREE, STASCO, BP",VITOL,BP,VITOL,Jun20,-0.2883723460906977,0.00032986970146792015,0.48,0.1,1.6,1.09,SELLER_DOMINANT,,,-0.3,0.0
2020-04-01,2020,4,103,0,0,103,95,5,3,0,,,,,0,7,103,0,0,,0,,0,,0,,,,HARTREE,"Jul20, Jun20, Jun20/Jul20",-1.0935708386971097,0.0,2.0,0.0,0.0,1.0,OFFER_PRESSURE,-0.78,,,
2020-04-02,2020,4,239,0,0,239,229,6,4,0,,,,,0,6,239,0,0,,0,,0,,0,,,,VITOL,"Jun20, Jun20/Jul20",-1.0935708386971097,0.0,2.0,0.0,0.0,1.0,OFFER_PRESSURE,-0.6,0.18,,
2020-04-03,2020,4,150,4,0,150,139,6,1,400,33.06,32.58,34.5,1.92,0,10,149,4,400,33.06,-400,VITOL,3,STASCO,4,"VITOL, HARTREE",STASCO,,HARTREE,"Jul20, Jun20, Jun20/Jul20",-0.41610714302625873,0.03166749134092033,2.0,0.0,1.6,1.82,SELLER_DOMINANT,-0.46,0.14,,
2020-04-06,2020,4,117,6,0,117,103,6,2,600,31.965,31.87,32.14,0.27,0,12,117,6,600,31.965,-600,MERCURIASA,3,CHEVUK,5,"MERCURIASA, VITOL","CHEVUK, STASCO",,CHEVUK,"Jul20, Jun20, Jun20/Jul20",-0.07737529519083328,0.004453240969816923,2.0,0.0,1.4285714285714286,1.72,SELLER_DOMINANT,-0.62,-0.16,,
2020-04-07,2020,4,101,6,0,101,94,1,0,600,32.995,32.99,33.0,0.01,0,7,101,6,600,32.995,-600,HARTREE,3,CHEVUK,3,"HARTREE, MERCURIASA, VITOL","CHEVUK, STASCO",,CHEVUK,Jun20,-0.07737529519083328,0.00016493485073396007,2.0,0.0,0.8571428571428571,1.43,OFFER_PRESSURE,-1.07,-0.45,,
2020-04-08,2020,4,276,2,111,165,182,84,8,200,33.38,32.04,34.72,2.68,45,41,274,2,200,33.38,-200,HARTREE,1,STASCO,1,"HARTREE, STASCO","STASCO, VITOL",OMVSTL,VITOL,"Jul20, Jun20, Jun20/Jul20",-0.7548389908616843,0.044202539996701304,0.391304347826087,0.8035714285714286,0.6666666666666666,0.96,HIGH_PRICE_RANGE,-1.08,-0.01,,
2020-04-09,2020,4,353,1,0,353,270,77,5,100,33.18,33.18,33.18,0.0,0,78,0,0,0,,0,MERCURIASA,1,CHEVUK,1,MERCURIASA,CHEVUK,,HARTREE,"Jul20, Jun20, Jun20/Jul20",-0.9242049147793969,0.0,2.0,0.0,1.0,1.5,SELLER_DOMINANT,-1.22,-0.14,,
2020-04-14,2020,4,305,8,29,276,238,58,1,800,26.705,-3.54,33.57,37.11,1,63,305,8,800,26.705,-400,MERCURIASA,2,VITOL,3,"TOTSA, MERCURIASA, GLENCORE, CHEVUK, VITOL","VITOL, LITASCO, STASCO, CHEVUK, PTRIN",CHEVUK,CHEVUK,"Jul20, Jun20, Jun20/Jul20",0.2613565526445922,0.6120732310737258,1.619672131147541,0.06666666666666667,0.6666666666666666,1.75,HIGH_PRICE_RANGE,-1.78,-0.4,,
2020-04-15,2020,4,327,9,115,212,228,90,0,900,22.07,-3.83,31.18,35.01,41,56,327,9,900,22.07,-300,CHEVUK,4,VITOL,4,"MERCURIASA, CHEVUK, STASCO, VITOL","PTRIN, LITASCO, CHEVUK, VITOL, ICE",HARTREE,CHEVUK,"Jul20, Jun20, Jun20/Jul20",0.43072247656230495,0.5774369124195942,0.5932721712538226,0.7068965517241379,0.8,1.74,HIGH_PRICE_RANGE,-1.66,0.12,,
2020-04-16,2020,4,263,7,35,228,203,50,3,700,28.486,27.43,31.13,3.7,1,56,263,7,700,28.486,-700,MERCURIASA,3,STASCO,3,"STASCO, HARTREE, MERCURIASA, GLENCORE","BP, STASCO, VITOL, HARTREE, LITASCO",CHEVUK,CHEVUK,"Jul20, Jun20, Jun20/Jul20",0.09199062872687946,0.06102589477156523,1.467680608365019,0.05555555555555555,0.75,1.25,HIGH_PRICE_RANGE,-1.74,-0.08,,
2020-04-17,2020,4,290,9,51,239,207,70,4,900,25.286,-3.42,31.49,34.91,2,76,289,9,900,25.286,-500,HARTREE,2,LITASCO,3,"HARTREE, TOTSA, GLENCORE, MERCURIASA, CHEVUK","LITASCO, STASCO, VITOL, CHEVUK",CHEVUK,CHEVUK,"Jul20, Jun20, Jun20/Jul20",0.43072247656230495,0.5757875639122546,1.296551724137931,0.07692307692307693,0.6,1.68,HIGH_PRICE_RANGE,-1.61,0.13,,
2020-04-20,2020,4,302,5,0,302,224,64,9,500,27.008,26.25,29.77,3.52,0,72,302,5,500,27.008,-500,MERCURIASA,4,CHEVUK,3,"STASCO, MERCURIASA","LITASCO, CHEVUK, STASCO",,BP,"Jul20, Jun20, Jun20/Jul20",-0.24674121910854602,0.05805706745835395,2.0,0.0,1.0,1.53,BUYER_DOMINANT,-1.34,0.27,,
2020-04-21,2020,4,140,3,0,140,111,25,1,300,19.67,19.67,19.67,0.0,0,29,140,3,300,19.67,-300,VITOL,3,STASCO,3,VITOL,STASCO,,BP,"Jul20, Jun20, Jun20/Jul20",-0.5854730669439715,0.0,2.0,0.0,1.5,1.75,SELLER_DOMINANT,-1.25,0.09,,
2020-04-22,2020,4,458,18,226,232,298,140,2,1800,17.499,-3.66,23.93,27.59,98,61,457,18,1800,17.499,-1400,STASCO,9,BP,6,"BP, STASCO, MERCURIASA, HARTREE, ICE","LITASCO, BP, HARTREE, VITOL, GLENCORE",STASCO,HARTREE,"Jul20, Jun20, Jun20/Jul20",1.9550157918217195,0.45505525317499584,0.026200873362445413,0.8634361233480177,0.631578947368421,2.6,HIGH_PRICE_RANGE,-1.07,0.18,,
2020-04-23,2020,4,184,8,2,182,127,45,4,800,16.15,-3.53,25.81,29.34,0,50,184,8,800,16.15,-400,STASCO,5,BP,4,"HARTREE, STASCO, BP","VITOL, GLENCORE, BP, STASCO",BP,BP,"Jul20, Jun20, Jun20/Jul20",0.2613565526445922,0.4839188520534389,1.9565217391304348,0.0,0.8888888888888888,1.92,HIGH_PRICE_RANGE,-1.05,0.02,,
2020-04-24,2020,4,284,12,32,252,189,77,6,1200,16.366,-3.34,24.79,28.13,4,82,284,12,1200,16.366,-400,LITASCO,6,BP,4,"LITASCO, BP, STASCO, MERCURIASA","BP, LITASCO, VITOL, MERCURIASA, GLENCORE",LITASCO,BP,"Jul20, Jun20, Jun20/Jul20",0.9388202483154431,0.4639617351146297,1.5492957746478873,0.24242424242424243,0.6153846153846154,2.23,HIGH_PRICE_RANGE,-1.07,-0.02,,
2020-04-27,2020,4,215,8,25,190,159,46,2,800,14.823,-3.35,22.63,25.98,2,50,215,8,800,14.823,-200,LITASCO,4,GLENCORE,2,"LITASCO, HARTREE, STASCO, MERCURIASA","GLENCORE, LITASCO, STASCO, MERCURIASA, ICE",LITASCO,LITASCO,"Jul20, Jun20, Jun20/Jul20",0.2613565526445922,0.42850074220682827,1.5348837209302326,0.15384615384615385,0.4444444444444444,1.53,HIGH_PRICE_RANGE,-0.53,0.54,,
2020-04-28,2020,4,428,10,239,189,271,145,2,1000,18.295,-2.77,22.8,25.57,104,53,428,10,1000,18.295,-1000,LITASCO,4,HARTREE,6,"BP, STASCO, LITASCO, HARTREE, ICE","HARTREE, VITOL, GLENCORE",LITASCO,HARTREE,"Jul20, Jun20, Jun20/Jul20",0.6000884004800177,0.42173841332673595,0.2336448598130841,0.8666666666666667,1.0909090909090908,1.83,HIGH_PRICE_RANGE,0.14,0.67,,
2020-04-29,2020,4,99,6,13,86,90,2,1,600,24.24,24.22,24.25,0.03,2,7,99,6,600,24.24,-400,MERCURIASA,4,LITASCO,3,"VITOL, MERCURIASA","LITASCO, STASCO",MERCURIASA,STASCO,Jul20,-0.07737529519083328,0.0004948045522018802,1.4747474747474747,0.2857142857142857,0.8571428571428571,1.31,OFFER_PRESSURE,0.44,0.3,,
2020-04-30,2020,4,30,1,0,30,26,0,3,100,26.68,26.68,26.68,0.0,0,2,30,1,100,26.68,-100,STASCO,1,BP,1,STASCO,BP,,BP,Jul20,-0.9242049147793969,0.0,2.0,0.0,1.0,1.5,SELLER_DOMINANT,0.62,0.18,,
2020-05-01,2020,5,84,3,0,84,76,3,2,300,26.337,26.33,26.35,0.02,0,6,84,3,300,26.337,-300,MERCURIASA,2,VITOL,2,"HARTREE, MERCURIASA","VITOL, BP",,VITOL,Jul20,-0.8536213373794214,0.00032986970146792015,2.0,0.0,1.0,1.5,OFFER_PRESSURE,,,,
2020-05-04,2020,5,128,9,21,107,117,2,0,900,26.187,26.16,26.24,0.08,4,7,128,9,900,26.187,-100,STASCO,8,GLENCORE,3,"STASCO, VITOL","HARTREE, BP, GLENCORE, CHEVUK",STASCO,CHEVUK,Jul20,0.5725937365960727,0.0013194788058716806,1.34375,0.36363636363636365,0.6,1.61,BUYER_DOMINANT,,,,
2020-05-05,2020,5,70,5,6,64,63,1,1,500,29.916,29.91,29.92,0.01,1,6,64,5,500,29.916,-500,MERCURIASA,2,VITOL,3,"MERCURIASA, GLENCORE, OMVSTL, STASCO","VITOL, BP",BP,BP,"Aug20, Jul20",-0.3782163127209233,0.00016493485073396007,1.6571428571428573,0.2857142857142857,1.0,1.47,OFFER_PRESSURE,,,,
2020-05-06,2020,5,110,5,30,80,99,5,1,500,29.158,29.14,29.2,0.06,3,7,110,5,500,29.158,-100,PTRIN,2,BP,2,"PTRIN, GLENCORE, MERCURIASA, TRAFI","BP, STASCO, HARTREE",PTRIN,STASCO,"Aug20, Jul20, Jul20/Aug20",-0.3782163127209233,0.0009896091044037604,0.9090909090909091,0.1935483870967742,0.6666666666666666,0.89,OFFER_PRESSURE,,,,
2020-05-07,2020,5,83,4,37,46,75,3,1,400,30.885,30.87,30.91,0.04,3,4,83,4,400,30.885,0,STASCO,2,BP,2,"STASCO, PTRIN","BP, GUNVORSA, HARTREE",PTRIN,BP,"Aug20, Jul20, Jul20/Aug20",-0.6159188250501724,0.0006597394029358403,0.21686746987951808,0.15789473684210525,0.8,0.59,NORMAL,,,,
2020-05-11,2020,5,509,5,209,300,342,159,3,500,30.102,29.9,30.87,0.97,95,72,509,5,500,30.102,-100,MERCURIASA,3,VITOL,2,"MERCURIASA, PTRIN","VITOL, STASCO, HARTREE",PTRIN,HARTREE,"Aug20, Jul20, Jul20/Aug20",-0.3782163127209233,0.015998680521194127,0.3575638506876228,0.9047619047619048,0.6666666666666666,0.97,NORMAL,,,,
2020-05-12,2020,5,292,11,158,134,219,61,1,1100,30.023,29.94,30.71,0.77,61,12,292,11,1100,30.023,-700,VITOL,5,HARTREE,4,"VITOL, GLENCORE, LITASCO, MERCURIASA","HARTREE, STASCO, GUNVORSA, GLENCORE",VITOL,HARTREE,"Aug20, Jul20, Jul20/Aug20",1.0479987612545707,0.012699983506514927,0.1643835616438356,0.7672955974842768,0.6666666666666666,1.65,NORMAL,,,,
2020-05-13,2020,5,148,8,0,148,108,30,2,800,26.149,-0.75,30.53,31.28,0,38,148,8,800,26.149,-800,LITASCO,4,GUNVORSA,2,"VITOL, LITASCO, PTRIN, MERCURIASA, ICE","HARTREE, GUNVORSA, PTRIN, GLENCORE, STASCO",,PTRIN,"Aug20, Jul20, Jul20/Aug20",0.3348912242668237,0.5159162130958271,2.0,0.0,0.4444444444444444,1.8,HIGH_PRICE_RANGE,,,,
2020-05-14,2020,5,230,8,47,183,154,65,3,800,22.5,-0.53,30.53,31.06,2,68,229,8,800,22.5,-200,LITASCO,4,PTRIN,4,"PTRIN, LITASCO, OMVSTL, HARTREE","LITASCO, PTRIN, STASCO",LITASCO,LITASCO,"Aug20, Jul20, Jul20/Aug20",0.3348912242668237,0.5122876463796799,1.182608695652174,0.08333333333333333,0.8888888888888888,1.65,HIGH_PRICE_RANGE,,,,
2020-05-15,2020,5,156,8,35,121,100,47,1,800,23.906,-0.41,32.23,32.64,5,50,156,8,800,23.906,-200,LITASCO,4,PTRIN,2,"LITASCO, PTRIN, VITOL, STASCO","PTRIN, LITASCO, GUNVORSA, GLENCORE, ICE",LITASCO,LITASCO,"Aug20, Jul20, Jul20/Aug20",0.3348912242668237,0.5383473527956457,1.1025641025641026,0.2777777777777778,0.4444444444444444,1.5,HIGH_PRICE_RANGE,,,,
2020-05-18,2020,5,303,1,207,96,189,109,4,100,35.62,35.62,35.62,0.0,87,24,303,1,100,35.62,-100,VITOL,1,GUNVORSA,1,VITOL,GUNVORSA,OMVSTL,PTRIN,"Aug20, Jul20, Jul20/Aug20",-1.3290263620379192,0.0,0.7326732673267327,0.8365384615384616,1.0,1.28,SELLER_DOMINANT,,,,
2020-05-19,2020,5,228,1,122,106,176,44,7,100,34.86,34.86,34.86,0.0,42,4,226,1,100,34.86,-100,MERCURIASA,1,VITOL,1,MERCURIASA,VITOL,OMVSTL,HARTREE,"Aug20, Jul20, Jul20/Aug20",-1.3290263620379192,0.0,0.14035087719298245,0.6829268292682927,1.0,0.91,SELLER_DOMINANT,,,,
2020-05-20,2020,5,68,2,25,43,63,2,1,200,35.72,35.7,35.74,0.04,1,3,68,2,200,35.72,-200,VITOL,1,HARTREE,1,"VITOL, STASCO","HARTREE, PTRIN",MERCURIASA,PTRIN,"Jul20, Jul20/Aug20",-1.0913238497086704,0.0006597394029358403,0.5294117647058824,0.07692307692307693,0.6666666666666666,0.64,NORMAL,,,,
2020-05-21,2020,5,150,7,6,144,119,22,2,700,30.914,-0.28,36.29,36.57,3,28,150,7,700,30.914,-700,STASCO,3,HARTREE,4,"VITOL, STASCO, MERCURIASA, HARTREE, ICE","HARTREE, PTRIN, VITOL",STASCO,HARTREE,"Aug20, Jul20, Jul20/Aug20",0.0971887119375747,0.603166749134092,1.84,0.8571428571428571,1.0,2.29,HIGH_PRICE_RANGE,,,,
2020-05-22,2020,5,141,7,91,50,96,36,2,700,34.834,34.69,35.18,0.49,37,6,140,7,700,34.834,-300,HARTREE,3,STASCO,5,"HARTREE, TRAFI, MERCURIASA","VITOL, STASCO",MERCURIASA,STASCO,"Aug20, Jul20, Jul20/Aug20",0.0971887119375747,0.008081807685964044,0.5815602836879432,0.8043478260869565,1.25,1.4,SELLER_DOMINANT,,,,
2020-05-26,2020,5,20,2,0,20,18,0,0,200,36.22,36.22,36.22,0.0,0,2,20,2,200,36.22,-200,MERCURIASA,1,STASCO,2,"MERCURIASA, VITOL",STASCO,,STASCO,Aug20,-1.0913238497086704,0.0,2.0,0.0,1.3333333333333333,1.67,SELLER_DOMINANT,,,,
2020-05-27,2020,5,456,14,201,255,282,158,2,1400,27.086,-0.92,35.26,36.18,78,96,456,14,1400,27.086,0,MERCURIASA,3,TRAFI,6,"HARTREE, MERCURIASA, TRAFI, GLENCORE, PTRIN","GUNVORSA, TRAFI, STASCO",TRAFI,GUNVORSA,"Aug20, Jul20, Jul20/Aug20",1.7611062982423178,0.5967342899554675,0.23684210526315788,0.7722772277227723,0.8,2.67,HIGH_PRICE_RANGE,,,,
2020-05-28,2020,5,84,6,53,31,76,1,1,600,35.387,35.36,35.4,0.04,3,5,84,6,600,35.387,-200,MERCURIASA,4,LITASCO,3,"MERCURIASA, STASCO, VITOL","LITASCO, HARTREE, VITOL",MERCURIASA,LITASCO,Aug20,-0.14051380039167433,0.0006597394029358403,0.5238095238095238,0.1111111111111111,0.8571428571428571,0.75,NORMAL,,,,
2020-05-29,2020,5,86,3,86,0,80,2,1,300,36.12,36.1,36.13,0.03,5,0,86,3,300,36.12,300,PTRIN,3,HARTREE,3,PTRIN,HARTREE,PTRIN,,Aug20,-0.8536213373794214,0.0004948045522018802,2.0,0.11494252873563218,1.5,1.81,SELLER_DOMINANT,,,,
2020-06-01,2020,6,162,9,60,102,119,33,1,900,33.374,-0.23,37.78,38.01,9,35,162,9,900,33.374,-100,PTRIN,3,HARTREE,4,"PTRIN, VITOL, BP, MERCURIASA","HARTREE, BP, GUNVORSA, STASCO, VITOL",PTRIN,BP,"Aug20, Aug20/Sep20, Sep20",0.3706384447042628,0.6269173676397822,0.5185185185185185,0.29508196721311475,0.8,1.48,HIGH_PRICE_RANGE,,,,
2020-06-02,2020,6,213,2,113,100,163,44,4,200,39.52,39.52,39.52,0.0,5,43,212,2,200,39.52,200,PTRIN,2,LITASCO,2,PTRIN,LITASCO,PTRIN,LITASCO,"Aug20, Aug20/Sep20, Sep20",-0.8973351819155835,0.0,0.12206572769953052,0.08771929824561403,1.3333333333333333,0.77,SELLER_DOMINANT,,,,
2020-06-03,2020,6,114,7,30,84,104,2,1,700,39.531,39.52,39.54,0.02,2,8,114,7,700,39.531,-500,VITOL,4,GUNVORSA,3,"PTRIN, VITOL","STASCO, GUNVORSA, HARTREE, LITASCO",PTRIN,GUNVORSA,Aug20,0.008360265670021013,0.00032986970146792015,0.9473684210526315,0.12903225806451613,0.75,0.92,OFFER_PRESSURE,,,,
2020-06-04,2020,6,151,6,58,93,116,29,0,600,39.337,39.26,39.49,0.23,29,6,151,6,600,39.337,-600,GLENCORE,2,LITASCO,3,"GLENCORE, HARTREE, STASCO, GUNVORSA, TOTSA","STASCO, LITASCO, VITOL",MERCURIASA,VITOL,"Aug20, Aug20/Sep20, Sep20",-0.1727788238470999,0.003793501566881082,0.46357615894039733,0.9830508474576272,0.8571428571428571,1.15,NORMAL,,,,
2020-06-05,2020,6,42,3,4,38,35,4,0,300,42.19,42.19,42.19,0.0,2,5,42,3,300,42.19,-300,GLENCORE,1,VITOL,2,"GLENCORE, MERCURIASA, STASCO","VITOL, HARTREE",MERCURIASA,VITOL,"Aug20, Aug20/Sep20, Sep20",-0.7161960923984626,0.0,1.619047619047619,0.8,1.0,1.71,OFFER_PRESSURE,,,,
2020-06-08,2020,6,40,4,0,40,36,0,0,400,41.37,41.32,41.42,0.1,0,4,40,4,400,41.37,-400,STASCO,2,PTRIN,2,"GLENCORE, MERCURIASA, STASCO","PTRIN, VITOL",,PTRIN,"Aug20, Sep20",-0.5350570028813417,0.0016493485073396008,2.0,0.0,0.8,1.4,OFFER_PRESSURE,,,,
2020-06-09,2020,6,298,8,132,166,195,94,1,800,40.939,40.77,41.02,0.25,41,63,297,8,800,40.939,600,TOTSA,6,VITOL,5,"STASCO, TOTSA","PTRIN, MERCURIASA, VITOL",STASCO,PTRIN,"Aug20, Aug20/Sep20, Sep20",0.18949935518714192,0.004123371268349002,0.22818791946308725,0.6165413533834586,1.1111111111111112,1.13,BUYER_DOMINANT,,,,
2020-06-10,2020,6,164,4,29,135,113,47,0,400,41.1,40.95,41.25,0.3,2,49,164,4,400,41.1,0,TOTSA,2,PTRIN,2,"TOTSA, VITOL","MERCURIASA, HARTREE, PTRIN",TOTSA,PTRIN,"Aug20, Aug20/Sep20, Sep20",-0.5350570028813417,0.004948045522018802,1.2926829268292683,0.13333333333333333,0.8,1.12,OFFER_PRESSURE,,,,
2020-06-11,2020,6,162,3,33,129,107,51,1,300,39.127,39.0,39.2,0.2,3,52,162,3,300,39.127,100,TOTSA,2,GUNVORSA,1,"TOTSA, VITOL","GUNVORSA, HARTREE, PTRIN",TOTSA,PTRIN,"Aug20, Aug20/Sep20, Sep20",-0.7161960923984626,0.0032986970146792016,1.1851851851851851,0.17647058823529413,0.5,0.93,OFFER_PRESSURE,,,,
2020-06-12,2020,6,118,4,105,13,111,1,2,400,39.06,39.03,39.07,0.04,5,1,117,4,400,39.06,400,TOTSA,3,HARTREE,2,"TOTSA, PTRIN","HARTREE, MERCURIASA, GUNVORSA",PTRIN,MERCURIASA,Sep20,-0.5350570028813417,0.0006597394029358403,1.5593220338983051,0.09433962264150944,0.8,1.23,BUYER_DOMINANT,,,,
2020-06-15,2020,6,148,2,128,20,98,46,2,200,39.22,39.22,39.22,0.0,45,3,147,2,200,39.22,-200,HARTREE,1,MERCURIASA,2,"HARTREE, VITOL",MERCURIASA,LITASCO,MERCURIASA,"Aug20, Aug20/Sep20, Sep20",-0.8973351819155835,0.0,1.4594594594594594,0.6976744186046512,1.3333333333333333,1.75,SELLER_DOMINANT,,,,
2020-06-16,2020,6,373,9,251,122,250,113,1,900,36.063,-0.16,40.69,40.85,81,43,373,9,900,36.063,500,TOTSA,4,VITOL,4,"TOTSA, LITASCO, STASCO, PTRIN, ICE","VITOL, HARTREE, MERCURIASA, PTRIN",STASCO,PTRIN,"Aug20, Aug20/Sep20, Sep20",0.3706384447042628,0.6737588652482269,0.6916890080428955,0.6428571428571429,0.8,1.77,HIGH_PRICE_RANGE,,,,
2020-06-17,2020,6,437,17,287,150,277,140,3,1700,35.981,-0.11,40.87,40.98,118,38,436,17,1700,35.981,1100,TOTSA,7,VITOL,6,"TOTSA, STASCO, BP, PTRIN, ICE","VITOL, MERCURIASA, GLENCORE, GUNVORSA, PTRIN",STASCO,PTRIN,"Aug20, Aug20/Sep20, Sep20",1.81975116084123,0.6759030183077683,0.6270022883295194,0.8194444444444444,0.6666666666666666,2.92,HIGH_PRICE_RANGE,,,,
2020-06-18,2020,6,106,4,104,2,99,2,1,400,41.412,41.39,41.42,0.03,6,1,106,4,400,41.412,400,PTRIN,2,VITOL,3,"PTRIN, TOTSA","GLENCORE, VITOL",PTRIN,STASCO,Sep20,-0.5350570028813417,0.0004948045522018802,1.9245283018867925,0.11428571428571428,1.2,1.62,SELLER_DOMINANT,,,,
2020-06-19,2020,6,393,5,331,62,252,133,3,500,42.788,42.76,42.83,0.07,118,22,393,5,500,42.788,100,LITASCO,2,VITOL,2,"LITASCO, PTRIN, TOTSA","VITOL, MERCURIASA, STASCO",LITASCO,VITOL,"Aug20, Aug20/Sep20, Sep20",-0.3539179133642208,0.0011545439551377207,1.3689567430025444,0.7108433734939759,0.6666666666666666,1.37,BID_PRESSURE,,,,
2020-06-22,2020,6,101,4,99,2,89,6,2,400,42.835,42.8,42.87,0.07,9,1,101,4,400,42.835,400,STASCO,2,VITOL,2,"STASCO, TOTSA","VITOL, GLENCORE, HARTREE",TOTSA,STASCO,"Aug20, Aug20/Sep20, Sep20",-0.5350570028813417,0.0011545439551377207,1.9207920792079207,0.18,0.8,1.45,BID_PRESSURE,,,,
2020-06-23,2020,6,65,3,65,0,61,0,1,300,43.757,43.71,43.81,0.1,4,0,65,3,300,43.757,300,TOTSA,2,GLENCORE,2,"TOTSA, GUNVORSA","GLENCORE, VITOL",TOTSA,,"Aug20, Sep20",-0.7161960923984626,0.0016493485073396008,2.0,0.12121212121212122,1.0,1.56,BID_PRESSURE,,,,
2020-06-24,2020,6,132,8,67,65,114,9,1,800,40.835,40.82,40.85,0.03,13,5,132,8,800,40.835,-200,TOTSA,6,VITOL,5,"GUNVORSA, TOTSA","MERCURIASA, VITOL",TOTSA,VITOL,"Aug20, Aug20/Sep20, Sep20",0.18949935518714192,0.0004948045522018802,0.030303030303030304,0.38235294117647056,1.1111111111111112,0.91,BUYER_DOMINANT,,,,
2020-06-25,2020,6,97,5,68,29,90,1,1,500,41.154,41.08,41.19,0.11,5,2,97,5,500,41.154,100,TOTSA,4,GLENCORE,1,"TOTSA, VITOL","GLENCORE, OMVSTL, STASCO, HARTREE, MERCURIASA",TOTSA,MERCURIASA,Sep20,-0.3539179133642208,0.001814283358073561,0.8041237113402062,0.14492753623188406,0.3333333333333333,0.64,BUYER_DOMINANT,,,,
2020-06-26,2020,6,188,9,36,152,136,41,2,900,40.688,40.64,40.7,0.06,7,45,188,9,900,40.688,100,TOTSA,7,VITOL,7,"TOTSA, HARTREE, GLENCORE","VITOL, GUNVORSA, MERCURIASA",TOTSA,GUNVORSA,"Aug20, Aug20/Sep20, Sep20",0.3706384447042628,0.0009896091044037604,1.2340425531914894,0.3783783783783784,1.4,1.8,SELLER_DOMINANT,,,,
2020-06-29,2020,6,54,3,2,52,46,3,2,300,41.4,41.39,41.42,0.03,1,6,53,3,300,41.4,-300,VITOL,2,GUNVORSA,2,"VITOL, MERCURIASA","GUNVORSA, HARTREE",MERCURIASA,GUNVORSA,Sep20,-0.7161960923984626,0.0004948045522018802,1.8518518518518519,0.6666666666666666,1.0,1.76,OFFER_PRESSURE,,,,
2020-06-30,2020,6,38,1,36,2,34,3,0,100,41.7,41.7,41.7,0.0,3,1,38,1,100,41.7,100,TOTSA,1,VITOL,1,TOTSA,VITOL,TOTSA,STASCO,Sep20,-1.0784742714327045,0.0,1.7894736842105263,0.16216216216216217,1.0,1.48,SELLER_DOMINANT,,,,
2020-07-01,2020,7,190,7,180,10,181,0,2,700,42.197,42.19,42.22,0.03,7,1,190,7,700,42.197,300,VITOL,4,GUNVORSA,2,"TOTSA, VITOL, OMVSTL","STASCO, GUNVORSA, MERCURIASA, HARTREE, PTRIN",VITOL,PTRIN,Sep20,0.13984897096267582,0.0004948045522018802,1.7894736842105263,0.07734806629834254,0.5,1.3,BID_PRESSURE,,,,
2020-07-02,2020,7,111,3,79,32,104,3,1,300,42.763,42.72,42.79,0.07,4,2,111,3,300,42.763,-100,LITASCO,1,PTRIN,2,"LITASCO, STASCO, VITOL","PTRIN, OMVSTL",STASCO,PTRIN,Sep20,-0.7507092761276437,0.0011545439551377207,0.8468468468468469,0.1,1.0,0.97,BID_PRESSURE,,,,
2020-07-03,2020,7,100,5,68,32,94,1,0,500,42.97,42.92,42.99,0.07,4,2,100,5,500,42.97,300,VITOL,3,PTRIN,3,"MERCURIASA, VITOL","HARTREE, GUNVORSA, PTRIN",VITOL,PTRIN,Sep20,-0.30543015258248396,0.0011545439551377207,0.72,0.11594202898550725,1.0,0.92,BID_PRESSURE,,,,
2020-07-06,2020,7,78,1,69,9,69,4,4,100,43.6,43.6,43.6,0.0,4,1,77,1,100,43.6,100,MERCURIASA,1,GUNVORSA,1,MERCURIASA,GUNVORSA,MERCURIASA,OMVSTL,Sep20,-1.1959883996728036,0.0,1.5384615384615385,0.11428571428571428,1.0,1.33,SELLER_DOMINANT,,,,
2020-07-07,2020,7,79,4,64,15,74,1,0,400,43.57,43.53,43.61,0.08,4,1,79,4,400,43.57,200,MERCURIASA,3,OMVSTL,1,"MERCURIASA, VITOL","OMVSTL, TOTSA, HARTREE, GUNVORSA",VITOL,OMVSTL,Sep20,-0.5280697143550639,0.0013194788058716806,1.240506329113924,0.12307692307692308,0.4,0.88,BUYER_DOMINANT,,,,
2020-07-08,2020,7,145,3,110,35,102,38,2,300,43.2,43.18,43.24,0.06,39,2,145,3,300,43.2,100,STASCO,2,GUNVORSA,2,"STASCO, MERCURIASA","GUNVORSA, VITOL",STASCO,VITOL,"Oct20, Sep20, Sep20/Oct20",-0.7507092761276437,0.0009896091044037604,1.0344827586206897,0.7027027027027027,1.0,1.37,BID_PRESSURE,,,,
2020-07-09,2020,7,56,4,56,0,52,0,0,400,42.66,42.66,42.66,0.0,4,0,56,4,400,42.66,400,STASCO,2,LITASCO,1,"STASCO, MERCURIASA","LITASCO, HARTREE, OMVSTL, VITOL",MERCURIASA,,Sep20,-0.5280697143550639,0.0,2.0,0.14035087719298245,0.4,1.27,BID_PRESSURE,,,,
2020-07-10,2020,7,340,10,79,261,204,126,0,1000,38.807,-0.23,43.35,43.58,28,108,340,10,1000,38.807,-200,HARTREE,4,LITASCO,7,"MERCURIASA, HARTREE, VITOL, TRAFI, OMVSTL","OMVSTL, HARTREE, LITASCO, ICE",HARTREE,LITASCO,"Oct20, Sep20, Sep20/Oct20",0.8077676562804155,0.718786079498598,1.0705882352941176,0.7,1.2727272727272727,2.6,HIGH_PRICE_RANGE,,,,
2020-07-13,2020,7,176,9,50,126,119,47,1,900,38.636,-0.36,43.66,44.02,6,51,176,9,900,38.636,100,MERCURIASA,3,LITASCO,3,"STASCO, TRAFI, BP, MERCURIASA, OMVSTL","LITASCO, HARTREE, OMVSTL, VITOL, ICE",BP,LITASCO,"Oct20, Sep20, Sep20/Oct20",0.5851280945078356,0.7260432129308924,0.8636363636363636,0.23529411764705882,0.6,1.75,HIGH_PRICE_RANGE,,,,
2020-07-14,2020,7,132,3,130,2,99,29,1,300,43.487,43.48,43.5,0.02,31,1,131,3,300,43.487,300,MERCURIASA,2,STASCO,2,"VITOL, MERCURIASA","TOTSA, STASCO",MERCURIASA,MERCURIASA,"Oct20, Sep20, Sep20/Oct20",-0.7507092761276437,0.00032986970146792015,1.9393939393939394,0.4732824427480916,1.0,1.71,BID_PRESSURE,,,,
2020-07-15,2020,7,26,2,26,0,24,0,0,200,43.86,43.86,43.86,0.0,2,0,26,2,200,43.86,200,BP,2,STASCO,1,BP,"STASCO, OMVSTL",BP,,Oct20,-0.9733488379002236,0.0,2.0,0.14814814814814814,0.6666666666666666,1.41,BUYER_DOMINANT,,,,
2020-07-16,2020,7,239,6,117,122,155,77,1,600,36.57,-0.13,43.95,44.08,29,54,239,6,600,36.57,200,BP,2,STASCO,2,"BP, VITOL, STASCO, MERCURIASA","TOTSA, STASCO, GUNVORSA, OMVSTL, ICE",STASCO,GUNVORSA,"Oct20, Sep20, Sep20/Oct20",-0.08279059080990407,0.727032822035296,0.04184100418410042,0.4915254237288136,0.5714285714285714,0.99,HIGH_PRICE_RANGE,,,,
2020-07-17,2020,7,149,4,140,9,110,32,3,400,32.527,-0.18,43.51,43.69,36,2,149,4,400,32.527,200,STASCO,1,MERCURIASA,2,"STASCO, MERCURIASA, VITOL, ICE","MERCURIASA, OMVSTL, TOTSA",MERCURIASA,MERCURIASA,"Oct20, Sep20, Sep20/Oct20",-0.5280697143550639,0.7206003628566715,1.7583892617449663,0.5106382978723404,0.8,1.97,HIGH_PRICE_RANGE,,,,
2020-07-20,2020,7,126,6,6,120,86,31,3,600,43.09,43.05,43.26,0.21,3,35,126,6,600,43.09,-600,GLENCORE,2,MERCURIASA,3,"GLENCORE, TOTSA, OMVSTL, STASCO","GUNVORSA, VITOL, MERCURIASA",STASCO,BP,"Oct20, Sep20, Sep20/Oct20",-0.08279059080990407,0.0034636318654131617,1.8095238095238095,0.8571428571428571,0.8571428571428571,1.76,OFFER_PRESSURE,,,,
2020-07-21,2020,7,162,1,67,95,107,52,2,100,44.68,44.68,44.68,0.0,14,40,162,1,100,44.68,-100,VITOL,1,MERCURIASA,1,VITOL,MERCURIASA,MERCURIASA,MERCURIASA,"Oct20, Sep20, Sep20/Oct20",-1.1959883996728036,0.0,0.345679012345679,0.4117647058823529,1.0,0.88,SELLER_DOMINANT,,,,
2020-07-22,2020,7,313,11,160,153,205,96,1,1100,39.893,-0.39,44.14,44.53,51,55,313,11,1100,39.893,-300,MERCURIASA,4,LITASCO,5,"MERCURIASA, GUNVORSA, PTRIN, GLENCORE, VITOL","LITASCO, STASCO, MERCURIASA, GLENCORE",GUNVORSA,MERCURIASA,"Oct20, Sep20, Sep20/Oct20",1.0304072180529955,0.7344548903183242,0.04472843450479233,0.6335403726708074,0.8333333333333334,2.02,HIGH_PRICE_RANGE,,,,
2020-07-23,2020,7,297,18,107,190,183,94,2,1800,34.287,-0.42,44.43,44.85,36,74,295,18,1800,34.287,-600,PTRIN,6,STASCO,4,"VITOL, PTRIN, MERCURIASA, OMVSTL, GLENCORE","PTRIN, VITOL, OMVSTL, MERCURIASA, STASCO",PTRIN,MERCURIASA,"Oct20, Sep20, Sep20/Oct20",2.588884150461055,0.739732805541811,0.5589225589225589,0.6666666666666666,0.42105263157894735,2.87,HIGH_PRICE_RANGE,,,,
2020-07-24,2020,7,182,13,50,132,126,40,3,1300,33.31,-0.45,43.68,44.13,11,42,180,13,1300,33.31,-700,PTRIN,6,MERCURIASA,4,"GUNVORSA, MERCURIASA, PTRIN, OMVSTL, GLENCORE","LITASCO, PTRIN, MERCURIASA, STASCO, ICE",GUNVORSA,PTRIN,"Oct20, Sep20, Sep20/Oct20",1.4756863415981551,0.7278574962889659,0.9010989010989011,0.43137254901960786,0.5714285714285714,2.57,HIGH_PRICE_RANGE,,,,
2020-07-27,2020,7,587,17,253,334,361,207,2,1700,35.191,-0.61,43.16,43.77,103,124,587,17,1700,35.191,-500,PTRIN,6,LITASCO,5,"OMVSTL, PTRIN, BP, GLENCORE, GUNVORSA","PTRIN, MERCURIASA, TOTSA, LITASCO, ICE",BP,MERCURIASA,"Oct20, Sep20, Sep20/Oct20",2.366244588688475,0.7219198416625433,0.27597955706984667,0.8110236220472441,0.5555555555555556,2.85,HIGH_PRICE_RANGE,,,,
2020-07-28,2020,7,440,19,252,188,291,129,1,1900,34.245,-0.5,43.72,44.22,81,67,440,19,1900,34.245,500,GUNVORSA,10,GUNVORSA,4,"STASCO, PTRIN, GUNVORSA, BP, VITOL","OMVSTL, GUNVORSA, MERCURIASA, LITASCO, TOTSA",GUNVORSA,TOTSA,"Oct20, Sep20, Sep20/Oct20",2.8115237122336345,0.7293419099455715,0.2909090909090909,0.6403162055335968,0.4,2.7,HIGH_PRICE_RANGE,,,,
2020-07-29,2020,7,421,19,252,169,285,116,1,1900,34.714,-0.45,44.35,44.8,69,65,421,19,1900,34.714,300,GUNVORSA,11,TOTSA,5,"PTRIN, STASCO, GUNVORSA, VITOL","OMVSTL, TOTSA, GUNVORSA, MERCURIASA, ICE",GUNVORSA,MERCURIASA,"Oct20, Sep20, Sep20/Oct20",2.8115237122336345,0.7389081312881411,0.39429928741092635,0.5454545454545454,0.5,2.76,HIGH_PRICE_RANGE,,,,
2020-07-30,2020,7,114,16,40,74,98,0,0,1600,42.991,42.96,43.03,0.07,6,11,114,16,1600,42.991,-600,VITOL,10,MERCURIASA,11,"VITOL, BP, PTRIN","LITASCO, MERCURIASA",PTRIN,LITASCO,Oct20,2.143605026915895,0.0011545439551377207,0.5964912280701754,0.2926829268292683,1.2941176470588236,2.69,VOL_SPIKE,,,,
2020-07-31,2020,7,114,6,107,7,107,1,0,600,43.403,43.35,43.43,0.08,6,1,114,6,600,43.403,400,PTRIN,2,MERCURIASA,2,"PTRIN, BP, STASCO, VITOL","HARTREE, GLENCORE, VITOL, GUNVORSA, MERCURIASA",PTRIN,MERCURIASA,Oct20,-0.08279059080990407,0.0013194788058716806,1.7543859649122806,0.1111111111111111,0.5714285714285714,1.22,BID_PRESSURE,,,,
2020-08-03,2020,8,128,9,126,2,115,3,1,900,44.332,44.33,44.35,0.02,11,1,127,9,900,44.332,900,MERCURIASA,4,OMVSTL,3,"PTRIN, MERCURIASA, VITOL, LITASCO","OMVSTL, HARTREE, STASCO, GLENCORE",VITOL,STASCO,Oct20,0.4934294855278176,0.00032986970146792015,1.9375,0.1732283464566929,0.6,1.75,BID_PRESSURE,,,,
2020-08-04,2020,8,88,5,88,0,81,1,1,500,44.492,44.48,44.5,0.02,6,0,88,5,500,44.492,500,LITASCO,2,OMVSTL,2,"LITASCO, PTRIN, MERCURIASA","HARTREE, OMVSTL, VITOL, STASCO",PTRIN,,Oct20,-0.3336939979733578,0.00032986970146792015,2.0,0.1348314606741573,0.6666666666666666,1.4,BID_PRESSURE,,,,
2020-08-05,2020,8,137,2,123,14,98,36,1,200,46.315,46.19,46.44,0.25,37,1,137,2,200,46.315,0,LITASCO,1,STASCO,1,"LITASCO, VITOL","STASCO, MERCURIASA",LITASCO,MERCURIASA,"Nov20, Oct20, Oct20/Nov20",-0.9540366105992394,0.004123371268349002,1.5912408759124088,0.5967741935483871,0.6666666666666666,1.43,BID_PRESSURE,,,,
2020-08-06,2020,8,251,3,191,60,157,88,3,300,45.513,45.43,45.67,0.24,72,21,251,3,300,45.513,100,VITOL,1,HARTREE,1,"VITOL, LITASCO, OMVSTL","HARTREE, STASCO, MERCURIASA",VITOL,CHEVUK,"Nov20, Oct20, Oct20/Nov20",-0.7472557397239455,0.003958436417615042,1.043824701195219,0.75,0.5,1.15,BID_PRESSURE,,,,
2020-08-07,2020,8,172,1,121,51,107,59,5,100,44.99,44.99,44.99,0.0,42,18,172,1,100,44.99,-100,STASCO,1,MERCURIASA,1,STASCO,MERCURIASA,STASCO,OMVSTL,"Nov20, Oct20, Oct20/Nov20",-1.1608174814745331,0.0,0.813953488372093,0.6885245901639344,1.0,1.25,SELLER_DOMINANT,,,,
2020-08-10,2020,8,172,9,73,99,117,42,4,900,44.902,44.82,44.96,0.14,10,42,169,9,900,44.902,100,HARTREE,6,MERCURIASA,6,"LITASCO, HARTREE, STASCO","STASCO, OMVSTL, MERCURIASA",LITASCO,MERCURIASA,"Nov20, Oct20, Oct20/Nov20",0.4934294855278176,0.0023090879102754414,0.3023255813953488,0.2702702702702703,1.2,1.28,NORMAL,,,,
2020-08-11,2020,8,351,6,142,209,236,107,2,600,37.677,-0.5,45.72,46.22,35,81,351,6,600,37.677,0,LITASCO,3,BP,3,"LITASCO, OMVSTL, HARTREE","OMVSTL, STASCO, BP, ICE",OMVSTL,STASCO,"Nov20, Oct20, Oct20/Nov20",-0.12691312709806393,0.7623288800923634,0.3817663817663818,0.48951048951048953,0.8571428571428571,1.32,HIGH_PRICE_RANGE,,,,
2020-08-12,2020,8,260,5,143,117,167,84,4,500,36.304,-0.55,45.97,46.52,37,53,258,5,500,36.304,500,PTRIN,2,STASCO,2,"PTRIN, LITASCO, OMVSTL","MERCURIASA, OMVSTL, STASCO, ICE",OMVSTL,STASCO,"Nov20, Oct20, Oct20/Nov20",-0.3336939979733578,0.7672769256143823,0.2,0.5138888888888888,0.6666666666666666,1.15,HIGH_PRICE_RANGE,,,,
2020-08-13,2020,8,248,6,231,17,166,74,2,600,45.442,45.29,45.75,0.46,79,1,246,6,600,45.442,600,PTRIN,3,STASCO,3,"PTRIN, LITASCO, MERCURIASA","OMVSTL, STASCO, HARTREE, BP",PTRIN,OMVSTL,"Nov20, Oct20, Oct20/Nov20",-0.12691312709806393,0.007587003133762164,1.7258064516129032,0.6810344827586207,0.8571428571428571,1.64,BID_PRESSURE,,,,
2020-08-14,2020,8,77,5,41,36,71,1,0,500,44.838,44.82,44.85,0.03,5,3,77,5,500,44.838,-100,PTRIN,3,OMVSTL,3,"HARTREE, PTRIN","MERCURIASA, OMVSTL",PTRIN,OMVSTL,Oct20,-0.3336939979733578,0.0004948045522018802,0.12987012987012986,0.23809523809523808,1.0,0.68,NORMAL,,,,
2020-08-17,2020,8,453,10,222,231,286,155,2,1000,45.322,45.18,45.77,0.59,63,104,452,10,1000,45.322,0,OMVSTL,5,MERCURIASA,5,"OMVSTL, MERCURIASA, PTRIN","GUNVORSA, VITOL, MERCURIASA, HARTREE",OMVSTL,MERCURIASA,"Nov20, Oct20, Oct20/Nov20",0.7002103564031115,0.009731156193303643,0.039735099337748346,0.5650224215246636,0.9090909090909091,1.32,NORMAL,,,,
2020-08-18,2020,8,343,14,171,172,218,109,2,1400,38.965,-0.56,46.03,46.59,53,72,343,14,1400,38.965,0,OMVSTL,6,GUNVORSA,5,"VITOL, MERCURIASA, PTRIN, OMVSTL, GUNVORSA","GUNVORSA, STASCO, MERCURIASA, OMVSTL, ICE",OMVSTL,GUNVORSA,"Nov20, Oct20, Oct20/Nov20",1.5273338399042868,0.76843146956952,0.0058309037900874635,0.6162790697674418,0.6666666666666666,2.33,HIGH_PRICE_RANGE,,,,
2020-08-19,2020,8,347,7,173,174,215,123,2,700,45.754,45.3,45.94,0.64,60,71,347,7,700,45.754,-100,VITOL,3,PTRIN,3,"VITOL, HARTREE, OMVSTL, MERCURIASA","PTRIN, MERCURIASA, GLENCORE, HARTREE",OMVSTL,MERCURIASA,"Nov20, Oct20, Oct20/Nov20",0.07986774377722992,0.010555830446973445,0.005763688760806916,0.6896551724137931,0.75,0.79,NORMAL,,,,
2020-08-20,2020,8,467,11,83,384,298,153,5,1100,44.865,44.74,45.4,0.66,31,135,465,11,1100,44.865,-900,HARTREE,4,MERCURIASA,6,"GLENCORE, GUNVORSA, MERCURIASA, HARTREE","BP, MERCURIASA, STASCO, PTRIN, OMVSTL",GUNVORSA,GUNVORSA,"Nov20, Oct20, Oct20/Nov20",0.9069912272784053,0.010885700148441365,1.2890792291220556,0.7380952380952381,1.0,2.25,OFFER_PRESSURE,,,,
2020-08-21,2020,8,397,22,92,305,244,130,1,2200,31.976,-0.67,44.59,45.26,30,121,396,22,2200,31.976,-1000,GUNVORSA,9,MERCURIASA,5,"GUNVORSA, VITOL, MERCURIASA, CHEVUK, PTRIN","BP, MERCURIASA, GUNVORSA, OMVSTL, PTRIN",GUNVORSA,GUNVORSA,"Nov20, Oct20, Oct20/Nov20",3.0,0.7464951344219033,1.0730478589420656,0.6451612903225806,0.43478260869565216,3.12,HIGH_PRICE_RANGE,,,,
2020-08-24,2020,8,400,12,258,142,264,120,4,1200,33.895,-0.65,45.66,46.31,74,63,399,12,1200,33.895,800,CHEVUK,4,ICE,3,"VITOL, GUNVORSA, CHEVUK, MERCURIASA, LITASCO","STASCO, HARTREE, MERCURIASA, CHEVUK, PTRIN",GUNVORSA,MERCURIASA,"Nov20, Oct20, Oct20/Nov20",1.1137720981536992,0.7638132937489691,0.58,0.5714285714285714,0.46153846153846156,2.16,HIGH_PRICE_RANGE,,,,
2020-08-25,2020,8,350,10,179,171,218,119,3,1000,41.584,-0.53,46.5,47.03,64,68,350,10,1000,41.584,200,GUNVORSA,3,MERCURIASA,3,"GUNVORSA, PTRIN, LITASCO, VITOL","BP, MERCURIASA, PTRIN, HARTREE, STASCO",GUNVORSA,MERCURIASA,"Nov20, Oct20, Oct20/Nov20",0.7002103564031115,0.7756886030018143,0.045714285714285714,0.7111111111111111,0.5454545454545454,1.68,HIGH_PRICE_RANGE,,,,
2020-08-26,2020,8,415,24,147,268,264,126,1,2400,36.225,-0.6,46.25,46.85,54,91,415,24,2400,36.225,200,GUNVORSA,9,VITOL,8,"GLENCORE, GUNVORSA, LITASCO, PTRIN, VITOL","STASCO, MERCURIASA, GUNVORSA, VITOL, PTRIN",PTRIN,MERCURIASA,"Nov20, Oct20, Oct20/Nov20",3.0,0.772719775688603,0.5831325301204819,0.7297297297297297,0.64,3.04,HIGH_PRICE_RANGE,,,,
2020-08-27,2020,8,177,11,145,32,164,2,0,1100,45.527,45.49,45.56,0.07,10,6,177,11,1100,45.527,100,VITOL,3,MERCURIASA,7,"VITOL, LITASCO, PTRIN, BP, GUNVORSA","MERCURIASA, HARTREE, TOTSA, OMVSTL",PTRIN,MERCURIASA,Nov20,0.9069912272784053,0.0011545439551377207,1.2768361581920904,0.136986301369863,1.1666666666666667,2.02,BID_PRESSURE,,,,
2020-08-28,2020,8,92,7,30,62,80,3,2,700,45.76,45.76,45.76,0.0,3,7,92,7,700,45.76,-500,VITOL,3,MERCURIASA,4,"VITOL, OMVSTL, PTRIN, HARTREE","STASCO, MERCURIASA",PTRIN,MERCURIASA,Nov20,0.07986774377722992,0.0,0.6956521739130435,0.1935483870967742,1.0,1.01,OFFER_PRESSURE,,,,
2020-09-01,2020,9,83,2,2,81,77,3,1,200,45.75,45.75,45.75,0.0,1,4,83,2,200,45.75,-200,CHEVUK,2,VITOL,2,CHEVUK,VITOL,STASCO,VITOL,Nov20,-1.0659310171809857,0.0,1.9036144578313252,0.6666666666666666,1.3333333333333333,1.95,SELLER_DOMINANT,,,,
2020-09-02,2020,9,87,5,1,86,80,1,1,500,44.778,44.77,44.78,0.01,1,6,87,5,500,44.778,-500,VITOL,2,TOTSA,2,"VITOL, OMVSTL, CHEVUK","MERCURIASA, TOTSA, LITASCO",DVTRADING,TOTSA,Nov20,-0.28305163020997687,0.00016493485073396007,1.9540229885057472,1.0,0.6666666666666666,1.81,OFFER_PRESSURE,,,,
2020-09-03,2020,9,83,3,13,70,76,3,1,300,43.277,43.27,43.28,0.01,2,5,83,3,300,43.277,-100,STASCO,2,MERCURIASA,2,"STASCO, GLENCORE","LITASCO, MERCURIASA",STASCO,MERCURIASA,Nov20,-0.8049712215239828,0.00016493485073396007,1.3734939759036144,0.2857142857142857,1.0,1.33,OFFER_PRESSURE,,,,
2020-09-04,2020,9,291,9,172,119,192,86,4,900,42.858,42.74,43.18,0.44,59,37,289,9,900,42.858,700,HARTREE,4,LITASCO,5,"HARTREE, STASCO, GUNVORSA","TOTSA, VITOL, LITASCO, MERCURIASA",STASCO,LITASCO,"Dec20, Nov20, Nov20/Dec20",0.760787552418035,0.007257133432294244,0.3642611683848797,0.6820809248554913,1.0,1.64,NORMAL,,,,
2020-09-07,2020,9,153,7,0,153,141,3,2,700,42.08,41.91,42.46,0.55,0,12,153,7,700,42.08,-700,STASCO,2,GUNVORSA,2,"TRAFI, GLENCORE, STASCO, OMVSTL, VITOL","GUNVORSA, LITASCO, PTRIN, MERCURIASA",,PTRIN,"Dec20, Nov20",0.23886796110402905,0.009071416790367805,2.0,0.0,0.5,1.45,OFFER_PRESSURE,,,,
2020-09-08,2020,9,62,6,10,52,50,6,0,600,39.742,39.7,39.8,0.1,5,7,62,6,600,39.742,-600,VITOL,3,PTRIN,3,"VITOL, MERCURIASA, HARTREE, TRAFI","STASCO, PTRIN, GUNVORSA",GUNVORSA,PTRIN,"Dec20, Nov20, Nov20/Dec20",-0.022091834552973914,0.0016493485073396008,1.3548387096774193,0.9090909090909091,0.8571428571428571,1.56,OFFER_PRESSURE,,,,
2020-09-09,2020,9,218,6,116,102,145,64,3,600,40.92,40.75,41.26,0.51,40,31,218,6,600,40.92,-600,GUNVORSA,2,OMVSTL,2,"GUNVORSA, VITOL, HARTREE, STASCO","OMVSTL, PTRIN, LITASCO",MERCURIASA,LITASCO,"Dec20, Nov20, Nov20/Dec20",-0.022091834552973914,0.008411677387431964,0.12844036697247707,0.6837606837606838,0.5714285714285714,0.7,NORMAL,,,,
2020-09-10,2020,9,260,6,40,220,204,48,2,600,40.957,40.95,40.96,0.01,4,50,259,6,600,40.957,-600,HARTREE,4,OMVSTL,4,"HARTREE, MERCURIASA, VITOL","OMVSTL, LITASCO",GUNVORSA,STASCO,"Dec20, Nov20, Nov20/Dec20",-0.022091834552973914,0.00016493485073396007,1.3846153846153846,0.1951219512195122,1.1428571428571428,1.36,OFFER_PRESSURE,,,,
2020-09-11,2020,9,404,8,147,257,265,123,8,1400,30.06,-0.65,40.75,41.4,54,78,404,8,1400,30.06,-200,MERCURIASA,3,HARTREE,2,"OMVSTL, HARTREE, MERCURIASA, PTRIN, ICE","HARTREE, OMVSTL, GUNVORSA, STASCO, PTRIN",MERCURIASA,STASCO,"Dec20, Nov20, Nov20/Dec20",2.0655865307030497,0.6828302820385947,0.5445544554455446,0.7297297297297297,0.4444444444444444,2.87,HIGH_PRICE_RANGE,,,,
2020-09-14,2020,9,189,8,50,139,135,44,2,800,34.875,-0.66,40.25,40.91,4,49,189,8,800,34.875,-200,BP,2,OMVSTL,3,"MERCURIASA, VITOL, BP, STASCO, HARTREE","OMVSTL, MERCURIASA, GUNVORSA, HARTREE",MERCURIASA,MERCURIASA,"Dec20, Nov20, Nov20/Dec20",0.499827756761032,0.6747484743526306,0.9417989417989417,0.1568627450980392,0.6666666666666666,1.69,HIGH_PRICE_RANGE,,,,
2020-09-15,2020,9,203,4,118,85,132,66,1,400,40.422,40.1,40.74,0.64,36,36,202,4,400,40.422,0,MERCURIASA,2,HARTREE,2,"MERCURIASA, BP, STASCO","HARTREE, GUNVORSA",BP,GUNVORSA,"Dec20, Nov20, Nov20/Dec20",-0.5440114258669798,0.010555830446973445,0.3251231527093596,0.6050420168067226,0.8,0.87,NORMAL,,,,
2020-09-16,2020,9,280,4,98,182,201,69,6,400,42.18,41.9,42.48,0.58,37,38,280,4,400,42.18,0,BP,2,GUNVORSA,2,"VITOL, BP, MERCURIASA","LITASCO, GUNVORSA, TOTSA",BP,GUNVORSA,"Dec20, Nov20, Nov20/Dec20",-0.5440114258669798,0.009566221342569684,0.6,0.7474747474747475,0.8,1.08,NORMAL,,,,
2020-09-17,2020,9,109,5,19,90,104,0,0,500,43.876,43.86,43.89,0.03,2,4,109,5,500,43.876,-300,MERCURIASA,5,GUNVORSA,2,MERCURIASA,"GUNVORSA, TOTSA, OMVSTL",MERCURIASA,TOTSA,Dec20,-0.28305163020997687,0.0004948045522018802,1.3027522935779816,0.2,0.6666666666666666,1.09,BUYER_DOMINANT,,,,
2020-09-18,2020,9,226,8,37,189,163,53,2,800,43.86,43.38,43.93,0.55,7,55,226,8,800,43.86,-200,MERCURIASA,7,TOTSA,6,"MERCURIASA, OMVSTL","TOTSA, VITOL, GUNVORSA",MERCURIASA,VITOL,"Dec20, Nov20, Nov20/Dec20",0.499827756761032,0.009071416790367805,1.345132743362832,0.3684210526315789,1.3333333333333333,1.93,SELLER_DOMINANT,,,,
2020-09-21,2020,9,300,8,268,32,238,48,6,800,41.677,41.25,41.85,0.6,58,1,300,8,800,41.677,800,TOTSA,5,LITASCO,3,"TOTSA, STASCO, PTRIN, MERCURIASA","STASCO, TRAFI, LITASCO, GUNVORSA, VITOL",STASCO,LITASCO,"Dec20, Nov20, Nov20/Dec20",0.499827756761032,0.009896091044037604,1.5733333333333333,0.4312267657992565,0.6666666666666666,1.74,BID_PRESSURE,,,,
2020-09-22,2020,9,408,13,262,146,287,104,4,1300,35.716,-0.49,42.41,42.9,80,40,407,13,1300,35.716,100,TOTSA,6,VITOL,4,"TOTSA, BP, MERCURIASA, CHEVUK, ICE","GUNVORSA, VITOL, LITASCO, CHEVUK",MERCURIASA,CHEVUK,"Dec20, Nov20, Nov20/Dec20",1.804626735046047,0.7075705096486887,0.5686274509803921,0.6083650190114068,0.5714285714285714,2.74,HIGH_PRICE_RANGE,,,,
2020-09-23,2020,9,514,17,257,257,302,191,4,1700,32.347,-0.5,42.64,43.14,105,105,513,17,1700,32.347,-900,TOTSA,3,GUNVORSA,5,"STASCO, TOTSA, GUNVORSA, OMVSTL, BP","LITASCO, MERCURIASA, OMVSTL, GUNVORSA, VITOL",MERCURIASA,GUNVORSA,"Dec20, Nov20, Nov20/Dec20",2.848465917674059,0.7115289460663038,0.0,0.813953488372093,0.5555555555555556,2.71,HIGH_PRICE_RANGE,,,,
2020-09-24,2020,9,336,17,176,160,204,113,2,1700,39.461,-0.56,42.24,42.8,77,52,334,17,1700,39.461,-500,MERCURIASA,7,GUNVORSA,7,"OMVSTL, MERCURIASA, GUNVORSA, TOTSA, VITOL","TOTSA, GUNVORSA, MERCURIASA, STASCO, LITASCO",MERCURIASA,GUNVORSA,"Dec20, Nov20, Nov20/Dec20",2.848465917674059,0.7059211611413491,0.09523809523809523,0.8700564971751412,0.7777777777777778,2.9,HIGH_PRICE_RANGE,,,,
2020-09-25,2020,9,574,7,359,215,353,212,2,700,36.089,-0.62,42.4,43.02,125,97,574,7,700,36.089,300,TOTSA,4,LITASCO,3,"CHEVUK, TOTSA, MERCURIASA","GUNVORSA, CHEVUK, LITASCO, ICE",CHEVUK,CHEVUK,"Dec20, Nov20, Nov20/Dec20",0.23886796110402905,0.7095497278574963,0.5017421602787456,0.6944444444444444,0.75,1.59,HIGH_PRICE_RANGE,,,,
2020-09-28,2020,9,241,4,166,75,151,84,2,400,31.8,-0.51,42.74,43.25,63,26,241,4,400,31.8,0,MERCURIASA,1,VITOL,2,"MERCURIASA, VITOL, GLENCORE, ICE","VITOL, STASCO",MERCURIASA,VITOL,"Dec20, Nov20, Nov20/Dec20",-0.5440114258669798,0.7133432294243773,0.7551867219917012,0.7544910179640718,0.8,1.58,HIGH_PRICE_RANGE,,,,
2020-09-29,2020,9,74,7,22,52,64,2,1,700,41.421,41.41,41.44,0.03,2,7,74,7,700,41.421,-300,MERCURIASA,4,GUNVORSA,4,"HARTREE, TRAFI, MERCURIASA","GUNVORSA, VITOL",MERCURIASA,VITOL,Dec20,0.23886796110402905,0.0004948045522018802,0.8108108108108109,0.17391304347826086,1.0,1.18,OFFER_PRESSURE,,,,
2020-09-30,2020,9,78,4,21,57,74,0,0,400,41.835,41.82,41.85,0.03,2,3,78,4,400,41.835,0,MERCURIASA,3,STASCO,2,"MERCURIASA, VITOL","STASCO, GUNVORSA, BP",MERCURIASA,BP,Dec20,-0.5440114258669798,0.0004948045522018802,0.9230769230769231,0.18181818181818182,0.8,0.95,BUYER_DOMINANT,,,,
2020-10-01,2020,10,120,4,95,25,114,1,1,400,40.28,40.26,40.3,0.04,4,2,120,4,400,40.28,200,MERCURIASA,2,GUNVORSA,4,"MERCURIASA, TOTSA, VITOL",GUNVORSA,TOTSA,GUNVORSA,Dec20,-0.4745359213131036,0.0006597394029358403,1.1666666666666667,0.08333333333333333,1.6,1.43,SELLER_DOMINANT,,,,
2020-10-02,2020,10,78,5,21,57,69,4,0,500,39.778,39.77,39.78,0.01,4,5,78,5,500,39.778,-100,STASCO,2,LITASCO,3,"STASCO, VITOL, HARTREE","LITASCO, BP",STASCO,BP,Dec20,-0.26699163924429564,0.00016493485073396007,0.9230769230769231,0.36363636363636365,1.0,1.14,OFFER_PRESSURE,,,,
2020-10-05,2020,10,170,4,8,162,132,33,1,400,41.755,41.5,42.01,0.51,1,37,170,4,400,41.755,-400,BP,1,MERCURIASA,2,"BP, GLENCORE, OMVSTL, HARTREE","GUNVORSA, MERCURIASA, VITOL",MERCURIASA,MERCURIASA,"Dec20, Dec20/Jan21, Jan21",-0.4745359213131036,0.008411677387431964,1.811764705882353,0.2222222222222222,0.8,1.42,OFFER_PRESSURE,,,,
2020-10-06,2020,10,229,11,9,220,154,62,2,2000,30.873,-0.52,42.97,43.49,2,69,229,11,2000,30.873,-1200,GUNVORSA,3,GUNVORSA,6,"HARTREE, GUNVORSA, VITOL, MERCURIASA, ICE","GUNVORSA, MERCURIASA, STASCO, LITASCO",MERCURIASA,MERCURIASA,"Dec20, Dec20/Jan21, Jan21",2.846172591787824,0.7173016658419924,1.8427947598253276,0.4,1.0,3.65,HIGH_PRICE_RANGE,,,,
2020-10-07,2020,10,70,3,0,70,65,1,1,300,41.873,41.53,42.06,0.53,0,4,70,3,300,41.873,-300,VITOL,2,MERCURIASA,2,"VITOL, HARTREE","MERCURIASA, LITASCO",,MERCURIASA,"Dec20, Jan21",-0.6820802033819116,0.008741547088899885,2.0,0.0,1.0,1.51,OFFER_PRESSURE,,,,
2020-10-08,2020,10,36,3,0,36,30,3,0,300,43.3,43.3,43.3,0.0,0,6,36,3,300,43.3,-300,VITOL,2,MERCURIASA,3,"TOTSA, VITOL",MERCURIASA,,MERCURIASA,"Dec20, Jan21",-0.6820802033819116,0.0,2.0,0.0,1.5,1.75,SELLER_DOMINANT,,,,
2020-10-09,2020,10,22,3,0,22,19,0,0,300,43.177,43.16,43.21,0.05,0,3,22,3,300,43.177,-300,HARTREE,1,STASCO,2,"HARTREE, VITOL, MERCURIASA","STASCO, GUNVORSA",,STASCO,Dec20,-0.6820802033819116,0.0008246742536698004,2.0,0.0,1.0,1.5,OFFER_PRESSURE,,,,
2020-10-12,2020,10,279,4,189,90,181,91,3,400,31.29,-0.51,42.23,42.74,69,28,279,4,400,31.29,-400,PTRIN,2,HARTREE,3,"PTRIN, HARTREE, ICE","HARTREE, MERCURIASA",PTRIN,HARTREE,"Dec20, Dec20/Jan21, Jan21",-0.4745359213131036,0.7049315520369455,0.7096774193548387,0.7263157894736842,1.2,1.74,SELLER_DOMINANT,,,,
2020-10-13,2020,10,207,4,153,54,147,51,5,400,42.785,42.48,42.91,0.43,51,4,207,4,400,42.785,-400,VITOL,2,MERCURIASA,3,"VITOL, MERCURIASA, HARTREE","MERCURIASA, ALTA",PTRIN,MERCURIASA,"Dec20, Dec20/Jan21, Jan21",-0.4745359213131036,0.0070921985815602835,0.9565217391304348,0.6623376623376623,1.2,1.41,SELLER_DOMINANT,,,,
2020-10-14,2020,10,169,19,4,165,111,37,2,1900,34.218,-0.42,43.56,43.98,0,50,169,19,1900,34.218,-1100,OMVSTL,8,STASCO,7,"OMVSTL, BP, VITOL, HARTREE","BP, OMVSTL, STASCO, HARTREE",BP,BP,"Dec20, Dec20/Jan21, Jan21",2.638628309719016,0.7253834735279564,1.9053254437869822,0.0,0.7,3.34,HIGH_PRICE_RANGE,,,,
2020-10-15,2020,10,178,2,115,63,131,40,5,200,42.72,42.54,42.9,0.36,39,6,177,2,200,42.72,-200,MERCURIASA,1,ALTA,1,"MERCURIASA, VITOL","ALTA, HARTREE",OMVSTL,ALTA,"Dec20, Dec20/Jan21, Jan21",-0.8896244854507196,0.005937654626422563,0.5842696629213483,0.6724137931034483,0.6666666666666666,0.97,NORMAL,,,,
2020-10-16,2020,10,282,1,217,65,194,82,5,100,43.43,43.43,43.43,0.0,77,9,281,1,100,43.43,-100,STASCO,1,HARTREE,1,STASCO,HARTREE,MERCURIASA,ALTA,"Dec20, Dec20/Jan21, Jan21",-1.0971687675195276,0.0,1.0780141843971631,0.7064220183486238,1.0,1.39,SELLER_DOMINANT,,,,
2020-10-19,2020,10,228,7,135,93,177,42,2,700,43.364,43.36,43.37,0.01,42,9,228,7,700,43.364,-700,VITOL,4,TOTSA,3,"VITOL, OMVSTL, GLENCORE","TOTSA, STASCO, MERCURIASA",MERCURIASA,TOTSA,"Dec20, Dec20/Jan21, Jan21",0.1480969248933203,0.00016493485073396007,0.3684210526315789,0.6176470588235294,0.75,0.99,NORMAL,,,,
2020-10-20,2020,10,231,4,119,112,165,56,6,400,42.865,42.86,42.87,0.01,52,9,231,4,400,42.865,-400,VITOL,4,TOTSA,2,VITOL,"TOTSA, LITASCO",OMVSTL,TOTSA,"Dec20, Dec20/Jan21, Jan21",-0.4745359213131036,0.00016493485073396007,0.06060606060606061,0.8666666666666667,0.8,0.86,BUYER_DOMINANT,,,,
2020-10-21,2020,10,252,11,171,81,187,52,2,1100,42.163,41.99,42.19,0.2,52,11,252,11,1100,42.163,-900,VITOL,4,TOTSA,5,"HARTREE, VITOL, MERCURIASA, GLENCORE","TOTSA, LITASCO, TRAFI",MERCURIASA,TOTSA,"Dec20, Dec20/Jan21, Jan21",0.9782740531685522,0.0032986970146792016,0.7142857142857143,0.6046511627906976,0.8333333333333334,1.86,BID_PRESSURE,,,,
2020-10-22,2020,10,296,15,116,180,230,49,2,1500,37.246,-0.33,43.1,43.43,51,13,295,15,1500,37.246,-700,VITOL,5,GUNVORSA,5,"GLENCORE, STASCO, VITOL, GUNVORSA, OMVSTL","LITASCO, GUNVORSA, TOTSA, MERCURIASA",OMVSTL,TOTSA,"Dec20, Dec20/Jan21, Jan21",1.808451181443784,0.7163120567375886,0.43243243243243246,0.8717948717948718,0.625,2.84,HIGH_PRICE_RANGE,,,,
2020-10-23,2020,10,548,9,287,261,350,186,3,900,28.293,-0.33,42.78,43.11,107,88,548,9,900,28.293,300,GUNVORSA,3,GUNVORSA,6,"LITASCO, GUNVORSA, MERCURIASA, OMVSTL, ICE","GUNVORSA, LITASCO, TOTSA",OMVSTL,GUNVORSA,"Dec20, Dec20/Jan21, Jan21",0.5631854890309362,0.7110341415141019,0.0948905109489051,0.7430555555555556,1.2,1.9,HIGH_PRICE_RANGE,,,,
2020-10-26,2020,10,536,15,202,334,339,176,6,1500,35.275,-0.38,40.88,41.26,84,106,0,0,0,,0,VITOL,6,LITASCO,6,"VITOL, CHEVUK, GLENCORE, BP, TOTSA","LITASCO, MERCURIASA, ALTA, TOTSA, BP",TRAFI,TOTSA,"Dec20, Dec20/Jan21, Jan21",1.808451181443784,0.6805211941283192,0.4925373134328358,0.8275862068965517,0.75,2.89,HIGH_PRICE_RANGE,,,,
2020-10-27,2020,10,324,12,160,164,196,109,7,1200,27.643,-0.4,41.91,42.31,65,53,0,0,0,,0,TOTSA,8,GUNVORSA,7,"TOTSA, GUNVORSA, VITOL","GUNVORSA, TOTSA, ICE",ALTA,GUNVORSA,"Dec20, Dec20/Jan21, Jan21",1.1858183352373601,0.6978393534553852,0.024691358024691357,0.8074534161490683,1.0769230769230769,2.32,HIGH_PRICE_RANGE,,,,
2020-10-28,2020,10,520,30,224,296,319,167,4,3000,28.769,-0.52,39.7,40.22,98,87,0,0,0,,0,TOTSA,14,PTRIN,8,"ALTA, STASCO, VITOL, TOTSA, PTRIN","GUNVORSA, MERCURIASA, LITASCO, PTRIN, TOTSA",ALTA,BP,"Dec20, Dec20/Jan21, Jan21",3.0,0.6633679696519874,0.27692307692307694,0.8711111111111111,0.5161290322580645,2.83,HIGH_PRICE_RANGE,,,,
2020-10-29,2020,10,145,12,28,117,128,1,4,1200,38.027,38.02,38.03,0.01,1,13,0,0,0,,0,GLENCORE,6,LITASCO,5,"GLENCORE, VITOL, HARTREE","TOTSA, ALTA, LITASCO",MERCURIASA,TOTSA,Jan21,1.1858183352373601,0.00016493485073396007,1.2275862068965517,0.06896551724137931,0.7692307692307693,1.98,OFFER_PRESSURE,,,,
2020-10-30,2020,10,86,8,14,72,76,1,1,800,37.823,37.82,37.84,0.02,1,8,0,0,0,,0,VITOL,5,LITASCO,4,"MERCURIASA, VITOL, HARTREE","LITASCO, TOTSA",STASCO,TOTSA,Jan21,0.35564120696212825,0.00032986970146792015,1.3488372093023255,0.13333333333333333,0.8888888888888888,1.47,OFFER_PRESSURE,,,,
2020-11-01,2020,11,2,0,2,0,1,1,0,0,,,,,1,0,0,0,0,,0,,0,,0,,,SELLER1,,Feb21,-1.4126863609565516,0.0,2.0,0.6666666666666666,0.0,1.33,BID_PRESSURE,,,,
2020-11-02,2020,11,167,6,24,143,152,5,4,600,38.205,38.18,38.24,0.06,3,8,167,6,600,38.205,-400,MERCURIASA,4,HARTREE,2,"VITOL, MERCURIASA","HARTREE, GUNVORSA, LITASCO, ALTA",MERCURIASA,ALTA,"Feb21, Jan21, Jan21/Feb21",-0.4115291969493994,0.0009896091044037604,1.4251497005988023,0.24,0.5714285714285714,1.12,OFFER_PRESSURE,,,,
2020-11-03,2020,11,284,9,17,267,216,57,2,900,39.692,39.49,40.07,0.58,4,62,284,9,900,39.692,-300,MERCURIASA,3,TOTSA,4,"MERCURIASA, OMVSTL, HARTREE, VITOL, GLENCORE","GUNVORSA, TOTSA, LITASCO, HARTREE, STASCO",MERCURIASA,GUNVORSA,"Feb21, Jan21, Jan21/Feb21",0.08904938505417671,0.009566221342569684,1.7605633802816902,0.4444444444444444,0.8,1.58,OFFER_PRESSURE,,,,
2020-11-04,2020,11,270,3,97,173,167,98,2,300,40.903,40.76,41.16,0.4,33,69,270,3,300,40.903,-100,VITOL,1,LITASCO,1,"VITOL, MERCURIASA, STASCO","LITASCO, ALTA, GUNVORSA",TOTSA,LITASCO,"Feb21, Jan21, Jan21/Feb21",-0.9121077789529756,0.006597394029358403,0.562962962962963,0.673469387755102,0.5,0.87,NORMAL,,,,
2020-11-05,2020,11,562,19,269,293,362,179,2,1900,34.512,-0.38,41.31,41.69,105,92,562,19,1900,34.512,-100,TOTSA,6,HARTREE,5,"TOTSA, HARTREE, MERCURIASA, OMVSTL, GLENCORE","HARTREE, TOTSA, ALTA, STASCO, GUNVORSA",TOTSA,TOTSA,"Feb21, Jan21, Jan21/Feb21",1.7576446583994305,0.6876133927098795,0.08540925266903915,0.7777777777777778,0.5,2.5,HIGH_PRICE_RANGE,,,,
2020-11-06,2020,11,301,7,130,171,195,96,3,700,39.867,39.71,40.19,0.48,55,50,300,7,700,39.867,-300,GLENCORE,4,ALTA,2,"GLENCORE, STASCO, OMVSTL","ALTA, MERCURIASA, VITOL, LITASCO, HARTREE",OMVSTL,TOTSA,"Feb21, Jan21, Jan21/Feb21",-0.24466966961487402,0.007916872835230083,0.2724252491694352,0.8396946564885496,0.5,0.81,NORMAL,,,,
2020-11-09,2020,11,348,3,173,175,228,111,6,300,28.46,-0.35,43.04,43.39,62,53,348,3,300,28.46,100,TOTSA,2,BP,2,"BP, TOTSA","TOTSA, BP",ALTA,TOTSA,"Feb21, Jan21, Jan21/Feb21",-0.9121077789529756,0.7156523173346528,0.011494252873563218,0.7126436781609196,1.0,1.29,HIGH_PRICE_RANGE,,,,
2020-11-10,2020,11,331,20,148,183,209,99,3,2000,30.184,-0.36,43.47,43.83,61,52,331,20,2000,30.184,200,TOTSA,10,BP,10,"OMVSTL, BP, GLENCORE, TOTSA, ICE","BP, VITOL, ALTA, TOTSA, MERCURIASA",OMVSTL,TOTSA,"Feb21, Jan21, Jan21/Feb21",1.9245041857339558,0.722909450766947,0.21148036253776434,0.8187919463087249,0.9523809523809523,2.96,HIGH_PRICE_RANGE,,,,
2020-11-11,2020,11,359,5,142,217,228,121,5,500,35.588,-0.3,44.75,45.05,53,73,359,5,500,35.588,-300,TOTSA,2,BP,2,"TOTSA, BP, GLENCORE","BP, TOTSA, MERCURIASA, VITOL",OMVSTL,MERCURIASA,"Feb21, Jan21, Jan21/Feb21",-0.5783887242839247,0.7430315025564901,0.4178272980501393,0.7412587412587412,0.6666666666666666,1.36,HIGH_PRICE_RANGE,,,,
2020-11-12,2020,11,357,19,225,132,214,122,2,1900,32.477,-0.27,44.32,44.59,86,48,356,19,1900,32.477,500,TOTSA,6,BP,8,"BP, STASCO, TOTSA, MERCURIASA, ALTA","OMVSTL, BP, TOTSA, VITOL, GLENCORE",STASCO,BP,"Feb21, Jan21, Jan21/Feb21",1.7576446583994305,0.735444499422728,0.5210084033613446,0.7610619469026548,0.8,2.89,HIGH_PRICE_RANGE,,,,
2020-11-13,2020,11,333,23,180,153,204,105,1,2300,31.785,-0.23,43.25,43.48,62,60,333,23,2300,31.785,700,TOTSA,8,GUNVORSA,8,"ALTA, STASCO, HARTREE, GUNVORSA, TOTSA","MERCURIASA, VITOL, TOTSA, GUNVORSA, BP",STASCO,MERCURIASA,"Feb21, Jan21, Jan21/Feb21",2.425082767737532,0.7171367309912584,0.16216216216216217,0.6850828729281768,0.6666666666666666,2.79,HIGH_PRICE_RANGE,,,,
2020-11-16,2020,11,109,10,31,78,77,21,1,1000,35.288,-0.16,44.27,44.43,5,23,109,10,1000,35.288,200,TOTSA,4,BP,4,"BP, TOTSA, HARTREE, ALTA","TOTSA, BP, MERCURIASA",ALTA,TOTSA,"Feb21, Jan21, Jan21/Feb21",0.2559089123887021,0.7328055418109847,0.8623853211009175,0.3125,0.7272727272727273,1.6,HIGH_PRICE_RANGE,,,,
2020-11-17,2020,11,203,6,122,81,142,52,3,600,43.355,43.28,43.47,0.19,52,7,203,6,600,43.355,-200,ALTA,3,MERCURIASA,3,"OMVSTL, ALTA, HARTREE","VITOL, STASCO, MERCURIASA",ALTA,VITOL,"Feb21, Jan21, Jan21/Feb21",-0.4115291969493994,0.0031337621639452415,0.4039408866995074,0.8455284552845529,0.8571428571428571,1.06,NORMAL,,,,
2020-11-18,2020,11,397,8,223,174,251,136,2,800,44.612,44.51,44.74,0.23,72,73,397,8,800,44.612,0,MERCURIASA,3,MERCURIASA,5,"LITASCO, MERCURIASA, ALTA, TRAFI","MERCURIASA, HARTREE",LITASCO,MERCURIASA,"Feb21, Jan21, Jan21/Feb21",-0.07781014228034866,0.003793501566881082,0.24685138539042822,0.6428571428571429,1.1111111111111112,1.0,NORMAL,,,,
2020-11-19,2020,11,403,9,202,201,235,156,3,900,34.212,-0.27,44.26,44.53,85,80,401,9,900,34.212,-700,GUNVORSA,3,STASCO,4,"GUNVORSA, MERCURIASA, HARTREE, VITOL, ICE","STASCO, GUNVORSA, ALTA, ICE",OMVSTL,GUNVORSA,"Feb21, Jan21, Jan21/Feb21",0.08904938505417671,0.7344548903183242,0.004962779156327543,0.8374384236453202,0.8,1.33,HIGH_PRICE_RANGE,,,,
2020-11-20,2020,11,35,6,3,32,25,3,1,600,37.017,-0.16,44.58,44.74,1,7,35,6,600,37.017,-400,VITOL,2,STASCO,3,"ALTA, VITOL, OMVSTL, MERCURIASA, HARTREE","STASCO, OMVSTL, VITOL",GUNVORSA,STASCO,"Feb21, Jan21, Jan21/Feb21",-0.4115291969493994,0.7379185221837374,1.6571428571428573,0.5,0.8571428571428571,1.95,HIGH_PRICE_RANGE,,,,
2020-11-23,2020,11,164,16,53,111,111,33,4,1600,31.109,-0.06,45.95,46.01,11,28,163,16,1600,31.109,400,CHEVUK,4,STASCO,6,"CHEVUK, HARTREE, VITOL, TRAFI, STASCO","HARTREE, CHEVUK, MERCURIASA, STASCO, TRAFI",CHEVUK,PTRIN,"Feb21, Jan21, Jan21/Feb21",1.2570660763958543,0.7588652482269503,0.7073170731707317,0.4074074074074074,0.7058823529411765,2.37,HIGH_PRICE_RANGE,,,,
2020-11-24,2020,11,287,5,130,157,189,90,3,500,47.734,47.72,47.76,0.04,59,39,287,5,500,47.734,-500,HARTREE,3,GUNVORSA,3,"LITASCO, VITOL, HARTREE","ALTA, MERCURIASA, GUNVORSA",LITASCO,GUNVORSA,"Feb21, Jan21, Jan21/Feb21",-0.5783887242839247,0.0006597394029358403,0.18815331010452963,0.9007633587786259,1.0,1.04,NORMAL,,,,
2020-11-25,2020,11,250,8,181,69,175,65,2,800,42.108,0.08,48.24,48.16,69,4,250,8,800,42.108,400,LITASCO,3,HARTREE,3,"HARTREE, LITASCO, OMVSTL, STASCO, CHEVUK","VITOL, HARTREE, MERCURIASA, CHEVUK, STASCO",LITASCO,MERCURIASA,"Feb21, Jan21, Jan21/Feb21",-0.07781014228034866,0.7943262411347517,0.896,0.7582417582417582,0.6666666666666666,1.64,HIGH_PRICE_RANGE,,,,
2020-11-26,2020,11,520,21,280,240,311,184,4,3000,36.4,0.0,47.83,47.83,100,97,520,21,3000,36.4,0,TRAFI,10,GUNVORSA,13,"LITASCO, TRAFI, GUNVORSA, VITOL","HARTREE, GUNVORSA, TRAFI, VITOL",LITASCO,GUNVORSA,"Feb21, Jan21, Jan21/Feb21",3.0,0.7888833910605311,0.15384615384615385,0.7117437722419929,1.1818181818181819,3.1,HIGH_PRICE_RANGE,,,,
2020-11-27,2020,11,98,6,45,53,85,5,2,600,48.222,48.22,48.23,0.01,4,7,98,6,600,48.222,-400,VITOL,3,MERCURIASA,5,"ALTA, VITOL, GLENCORE, STASCO","MERCURIASA, GUNVORSA",ALTA,MERCURIASA,Feb21,-0.4115291969493994,0.00016493485073396007,0.16326530612244897,0.17391304347826086,1.4285714285714286,0.88,SELLER_DOMINANT,,,,
2020-11-30,2020,11,35,2,2,33,30,2,1,200,47.35,47.35,47.35,0.0,1,4,35,2,200,47.35,-200,HARTREE,1,VITOL,2,"HARTREE, GLENCORE",VITOL,ALTA,VITOL,Feb21,-1.078967306287501,0.0,1.7714285714285714,0.6666666666666666,1.3333333333333333,1.89,SELLER_DOMINANT,,,,
2020-12-01,2020,12,229,3,83,146,168,53,5,300,47.52,47.5,47.56,0.06,5,52,229,3,300,47.52,-300,VITOL,2,ALTA,1,"STASCO, VITOL","ALTA, GUNVORSA, HARTREE",TOTSA,TRAFI,"Feb21, Feb21/Mar21, Mar21",-0.5764013862249723,0.0009896091044037604,0.5502183406113537,0.11904761904761904,0.5,0.59,NORMAL,,,,
2020-12-02,2020,12,107,0,46,61,96,5,6,0,,,,,4,4,107,0,0,,0,,0,,0,,,TRAFI,ALTA,Feb21,-1.021269316581746,0.0,0.2803738317757009,0.1702127659574468,0.0,0.23,NORMAL,,,,
2020-12-03,2020,12,151,13,117,34,103,31,4,1300,33.725,0.1,48.72,48.62,33,6,150,13,1300,33.725,-300,MERCURIASA,6,TOTSA,8,"TOTSA, MERCURIASA, TRAFI, VITOL","MERCURIASA, TOTSA, VITOL",TOTSA,TOTSA,"Feb21, Feb21/Mar21, Mar21",0.9064917149642733,0.8019132442685138,1.099337748344371,0.559322033898305,1.1428571428571428,2.61,HIGH_PRICE_RANGE,,,,
2020-12-04,2020,12,128,1,95,33,115,6,6,100,49.23,49.23,49.23,0.0,6,3,127,1,100,49.23,100,TOTSA,1,VITOL,1,TOTSA,VITOL,TOTSA,ALTA,Feb21,-0.8729800064628214,0.0,0.96875,0.125,1.0,1.05,SELLER_DOMINANT,,,,
2020-12-07,2020,12,352,18,225,127,234,99,1,1800,40.991,0.02,49.2,49.18,74,41,352,18,1800,40.991,-1400,VITOL,5,LITASCO,6,"ALTA, MERCURIASA, GUNVORSA, TOTSA, VITOL","LITASCO, GUNVORSA, TOTSA",ALTA,TOTSA,"Feb21, Feb21/Mar21, Mar21",1.647938265558896,0.8111495959096157,0.5568181818181818,0.6548672566371682,0.631578947368421,2.73,HIGH_PRICE_RANGE,,,,
2020-12-08,2020,12,149,3,80,69,112,28,6,300,32.62,-0.01,48.94,48.95,28,5,149,3,300,32.62,-100,MERCURIASA,2,TOTSA,2,"TOTSA, MERCURIASA","MERCURIASA, TOTSA",TOTSA,BP,"Feb21, Feb21/Mar21, Mar21",-0.5764013862249723,0.8073560943427346,0.1476510067114094,0.691358024691358,1.0,1.4,HIGH_PRICE_RANGE,,,,
2020-12-09,2020,12,299,9,95,204,225,60,5,900,43.351,0.05,48.81,48.76,31,40,297,9,900,43.351,-300,TRAFI,3,TOTSA,2,"TOTSA, MERCURIASA, TRAFI, GLENCORE, ALTA","MERCURIASA, TOTSA, LITASCO, STASCO, VITOL",TOTSA,CHEVUK,"Feb21, Feb21/Mar21, Mar21",0.31333447448857504,0.8042223321787894,0.7290969899665551,0.6458333333333334,0.4,1.62,HIGH_PRICE_RANGE,,,,
2020-12-10,2020,12,103,0,77,26,69,31,3,0,,,,,29,3,103,0,0,,0,,0,,0,,,TOTSA,GUNVORSA,"Feb21, Feb21/Mar21, Mar21",-1.021269316581746,0.0,0.9902912621359223,0.7435897435897436,0.0,0.87,NO_SELLER,,,,
2020-12-11,2020,12,321,4,206,115,213,100,4,400,37.652,0.11,50.21,50.1,65,42,320,4,400,37.652,0,TOTSA,1,TOTSA,2,"TOTSA, LITASCO, VITOL, ICE","MERCURIASA, TOTSA, GUNVORSA",VITOL,TOTSA,"Feb21, Feb21/Mar21, Mar21",-0.42811207610604773,0.8263236021771401,0.5669781931464174,0.6280193236714976,0.8,1.49,HIGH_PRICE_RANGE,,,,
2020-12-14,2020,12,428,8,238,190,260,155,5,800,37.305,0.05,49.76,49.71,82,81,428,8,800,37.305,200,LITASCO,4,LITASCO,2,"BP, LITASCO, ALTA, OMVSTL","LITASCO, BP, STASCO, OMVSTL",BP,GUNVORSA,"Feb21, Feb21/Mar21, Mar21",0.1650451643696505,0.8198911429985156,0.22429906542056074,0.6861924686192469,0.4444444444444444,1.3,HIGH_PRICE_RANGE,,,,
2020-12-15,2020,12,308,14,168,140,185,107,2,1400,36.313,0.04,50.85,50.81,57,58,306,14,1400,36.313,400,LITASCO,8,LITASCO,4,"ALTA, OMVSTL, LITASCO, BP","STASCO, LITASCO, OMVSTL, BP",LITASCO,STASCO,"Feb21, Feb21/Mar21, Mar21",1.054781025083198,0.8380339765792512,0.18181818181818182,0.6745562130177515,0.5333333333333333,2.04,HIGH_PRICE_RANGE,,,,
2020-12-16,2020,12,165,6,153,12,112,43,4,600,33.893,-0.03,50.87,50.9,43,3,164,6,600,33.893,200,LITASCO,4,BP,4,"BP, LITASCO","LITASCO, BP",BP,BP,"Feb21, Feb21/Mar21, Mar21",-0.13153345586819862,0.8395183902358567,1.709090909090909,0.5584415584415584,1.1428571428571428,2.21,HIGH_PRICE_RANGE,,,,
2020-12-17,2020,12,102,5,88,14,65,30,2,500,51.6,51.6,51.6,0.0,34,2,102,5,500,51.6,500,LITASCO,5,ALTA,1,LITASCO,"ALTA, TOTSA, HARTREE, GLENCORE, STASCO",BP,BP,"Feb21, Feb21/Mar21, Mar21",-0.2798227659871232,0.0,1.4509803921568627,0.7640449438202247,0.3333333333333333,1.27,BUYER_DOMINANT,,,,
2020-12-18,2020,12,243,4,136,107,149,86,4,400,39.172,-0.14,52.37,52.51,58,33,243,4,400,39.172,-200,HARTREE,2,BP,2,"STASCO, BP, HARTREE","ALTA, HARTREE, BP",BP,BP,"Feb21, Feb21/Mar21, Mar21",-0.42811207610604773,0.8660729012040244,0.23868312757201646,0.8467153284671532,0.8,1.46,HIGH_PRICE_RANGE,,,,
2020-12-21,2020,12,168,4,107,61,126,34,4,400,50.257,50.25,50.26,0.01,32,9,168,4,400,50.257,0,ALTA,2,STASCO,3,"ALTA, LITASCO","STASCO, MERCURIASA",BP,MERCURIASA,"Feb21, Feb21/Mar21, Mar21",-0.42811207610604773,0.00016493485073396007,0.5476190476190477,0.5925925925925926,1.2,1.17,SELLER_DOMINANT,,,,
2020-12-22,2020,12,92,24,22,70,48,19,1,2400,33.507,-0.12,50.38,50.5,5,23,92,24,2400,33.507,-200,STASCO,14,BP,10,"BP, STASCO, MERCURIASA, VITOL","STASCO, BP, MERCURIASA, VITOL",STASCO,BP,"Feb21, Feb21/Mar21, Mar21",2.5376741262724436,0.8329209962064984,1.0434782608695652,0.43478260869565216,0.8,3.24,HIGH_PRICE_RANGE,,,,
2020-12-23,2020,12,85,2,14,71,57,25,1,200,51.395,51.36,51.43,0.07,4,23,85,2,200,51.395,-200,CHEVUK,1,MERCURIASA,1,"CHEVUK, HARTREE","MERCURIASA, ALTA",STASCO,STASCO,"Feb21, Feb21/Mar21, Mar21",-0.7246906963438968,0.0011545439551377207,1.3411764705882352,0.5333333333333333,0.6666666666666666,1.27,OFFER_PRESSURE,,,,
2020-12-24,2020,12,108,1,28,80,76,30,1,100,50.88,50.88,50.88,0.0,5,27,0,0,0,,0,MERCURIASA,1,ALTA,1,MERCURIASA,ALTA,MERCURIASA,GUNVORSA,"Feb21, Feb21/Mar21, Mar21",-0.8729800064628214,0.0,0.9629629629629629,0.3448275862068966,1.0,1.15,SELLER_DOMINANT,,,,
2020-12-29,2020,12,142,4,0,142,131,4,3,400,51.285,51.26,51.31,0.05,0,9,141,4,400,51.285,-400,HARTREE,2,LITASCO,2,"MERCURIASA, HARTREE, VITOL","ALTA, LITASCO, BP",,ALTA,"Feb21/Mar21, Mar21",-0.42811207610604773,0.0008246742536698004,2.0,0.0,0.8,1.4,OFFER_PRESSURE,,,,
2020-12-30,2020,12,102,3,62,40,89,5,5,300,51.34,51.34,51.34,0.0,6,5,101,3,300,51.34,300,MERCURIASA,3,VITOL,3,MERCURIASA,VITOL,MERCURIASA,VITOL,Mar21,-0.5764013862249723,0.0,0.43137254901960786,0.19047619047619047,1.5,1.06,SELLER_DOMINANT,,,,
2020-12-31,2020,12,63,6,15,48,56,1,0,600,51.072,51.06,51.1,0.04,2,5,0,0,0,,0,MERCURIASA,4,VITOL,4,"MERCURIASA, GUNVORSA","LITASCO, VITOL, ALTA",MERCURIASA,VITOL,Mar21,-0.13153345586819862,0.0006597394029358403,1.0476190476190477,0.25,1.1428571428571428,1.22,OFFER_PRESSURE,,,,
2021-01-04,2021,1,141,8,39,102,128,3,2,800,51.015,51.01,51.03,0.02,2,10,141,8,800,51.015,-800,VITOL,3,TOTSA,4,"ALTA, VITOL, MERCURIASA, HARTREE","TOTSA, STASCO, BP",OMVSTL,TOTSA,Mar21,0.250667848723377,0.00032986970146792015,0.8936170212765957,0.1,0.8888888888888888,1.14,OFFER_PRESSURE,,,,
2021-01-05,2021,1,185,6,87,98,168,7,4,600,53.0,53.0,53.0,0.0,5,9,185,6,600,53.0,-600,VITOL,4,TOTSA,4,"VITOL, GLENCORE, MERCURIASA","TOTSA, BP",GUNVORSA,TOTSA,Mar21,-0.10815966809526345,0.0,0.11891891891891893,0.11363636363636363,1.1428571428571428,0.69,NORMAL,,,,
2021-01-06,2021,1,130,7,84,46,116,3,4,700,54.713,54.7,54.74,0.04,6,7,130,7,700,54.713,-100,VITOL,5,TOTSA,4,"VITOL, GUNVORSA, MERCURIASA","TOTSA, ALTA, HARTREE",VITOL,TOTSA,Mar21,0.07125409031405676,0.0006597394029358403,0.5846153846153846,0.1411764705882353,1.0,0.92,BUYER_DOMINANT,,,,
2021-01-07,2021,1,182,7,141,41,138,35,2,700,54.794,54.79,54.82,0.03,40,5,182,7,700,54.794,-100,GUNVORSA,3,TOTSA,6,"GUNVORSA, VITOL, MERCURIASA","TOTSA, ALTA",VITOL,ALTA,"Apr21, Mar21, Mar21/Apr21",0.07125409031405676,0.0004948045522018802,1.098901098901099,0.5633802816901409,1.5,1.64,SELLER_DOMINANT,,,,
2021-01-08,2021,1,60,1,60,0,57,1,1,100,55.65,55.65,55.65,0.0,3,0,60,1,100,55.65,100,STASCO,1,GUNVORSA,1,STASCO,GUNVORSA,MERCURIASA,,Mar21,-1.0052284601418646,0.0,2.0,0.09836065573770492,1.0,1.55,SELLER_DOMINANT,,,,
2021-01-11,2021,1,373,9,221,152,219,139,6,900,43.318,0.1,55.81,55.71,90,59,371,9,900,43.318,-500,TOTSA,2,BP,4,"TOTSA, BP, VITOL, MERCURIASA, ICE","BP, TOTSA, MERCURIASA, OMVSTL, ALTA",MERCURIASA,ALTA,"Apr21, Mar21, Mar21/Apr21",0.4300816071326972,0.9188520534388916,0.3699731903485255,0.8108108108108109,0.8,1.89,HIGH_PRICE_RANGE,,,,
2021-01-12,2021,1,250,4,128,122,157,85,4,1000,42.445,0.07,56.66,56.59,35,55,250,4,1000,42.445,400,MERCURIASA,2,OMVSTL,2,"VITOL, OMVSTL, MERCURIASA","HARTREE, MERCURIASA, OMVSTL",MERCURIASA,ALTA,"Apr21, Mar21, Mar21/Apr21",0.6094953655420174,0.9333663203034801,0.048,0.5426356589147286,0.8,1.74,HIGH_PRICE_RANGE,,,,
2021-01-13,2021,1,97,1,62,35,69,24,3,100,56.33,56.33,56.33,0.0,22,5,97,1,100,56.33,-100,VITOL,1,MERCURIASA,1,VITOL,MERCURIASA,MERCURIASA,ALTA,"Apr21, Mar21, Mar21/Apr21",-1.0052284601418646,0.0,0.5567010309278351,0.6984126984126984,1.0,1.13,SELLER_DOMINANT,,,,
2021-01-14,2021,1,214,4,102,112,139,65,6,400,41.84,-0.02,55.81,55.83,44,28,214,4,400,41.84,-400,VITOL,1,MERCURIASA,2,"VITOL, BP, STASCO, ICE","MERCURIASA, BP",MERCURIASA,BP,"Apr21, Mar21, Mar21/Apr21",-0.4669871849139039,0.9208312716476991,0.09345794392523364,0.8543689320388349,0.8,1.43,HIGH_PRICE_RANGE,,,,
2021-01-15,2021,1,197,4,89,108,137,54,2,400,55.028,54.98,55.05,0.07,24,36,197,4,400,55.028,0,BP,2,TOTSA,2,"STASCO, VITOL, BP","ALTA, MERCURIASA, TOTSA",STASCO,ALTA,"Apr21, Mar21, Mar21/Apr21",-0.4669871849139039,0.0011545439551377207,0.19289340101522842,0.5333333333333333,0.8,0.76,NORMAL,,,,
2021-01-18,2021,1,373,4,246,127,251,112,6,400,55.145,55.11,55.18,0.07,72,48,373,4,400,55.145,200,VITOL,2,HARTREE,2,"VITOL, MERCURIASA, BP","HARTREE, TOTSA, GUNVORSA",ALTA,ALTA,"Apr21, Mar21, Mar21/Apr21",-0.4669871849139039,0.0011545439551377207,0.6380697050938338,0.582995951417004,0.8,1.01,NORMAL,,,,
2021-01-19,2021,1,208,8,49,159,148,49,3,800,56.088,56.05,56.11,0.06,4,55,208,8,800,56.088,-200,MERCURIASA,3,HARTREE,2,"BP, TRAFI, MERCURIASA, VITOL, GLENCORE","HARTREE, GUNVORSA, OMVSTL, STASCO, ALTA",MERCURIASA,GUNVORSA,"Apr21, Mar21, Mar21/Apr21",0.250667848723377,0.0009896091044037604,1.0576923076923077,0.16,0.4444444444444444,1.03,OFFER_PRESSURE,,,,
2021-01-20,2021,1,267,7,112,155,177,80,3,700,48.4,0.1,56.55,56.45,27,60,266,7,700,48.4,-100,GLENCORE,2,CHEVUK,2,"CHEVUK, GLENCORE, MERCURIASA, VITOL, BP","GLENCORE, CHEVUK, OMVSTL, STASCO, TOTSA",ALTA,GUNVORSA,"Apr21, Mar21, Mar21/Apr21",0.07125409031405676,0.9310572323932047,0.32209737827715357,0.4778761061946903,0.5,1.27,HIGH_PRICE_RANGE,,,,
2021-01-21,2021,1,310,8,139,171,188,111,3,800,49.054,0.02,56.07,56.05,52,69,309,8,800,49.054,0,MERCURIASA,4,GUNVORSA,3,"MERCURIASA, TRAFI, ALTA, BP","HARTREE, GUNVORSA, TOTSA, BP, ICE",ALTA,GUNVORSA,"Apr21, Mar21, Mar21/Apr21",0.250667848723377,0.9244598383638462,0.2064516129032258,0.7428571428571429,0.6666666666666666,1.56,HIGH_PRICE_RANGE,,,,
2021-01-22,2021,1,325,5,129,196,197,120,3,500,55.402,55.37,55.43,0.06,52,75,324,5,500,55.402,100,ALTA,3,GUNVORSA,3,"MERCURIASA, ALTA","VITOL, GUNVORSA, HARTREE",ALTA,GUNVORSA,"Apr21, Mar21, Mar21/Apr21",-0.2875734265045837,0.0009896091044037604,0.4123076923076923,0.8,1.0,1.11,NORMAL,,,,
2021-01-25,2021,1,177,1,100,77,130,43,3,100,55.19,55.19,55.19,0.0,42,4,177,1,100,55.19,-100,STASCO,1,VITOL,1,STASCO,VITOL,ALTA,GUNVORSA,"Apr21, Mar21, Mar21/Apr21",-1.0052284601418646,0.0,0.2598870056497175,0.8316831683168316,1.0,1.05,SELLER_DOMINANT,,,,
2021-01-26,2021,1,125,5,67,58,93,26,1,500,55.854,55.7,55.9,0.2,26,5,125,5,500,55.854,-100,ALTA,3,GUNVORSA,4,"MERCURIASA, ALTA, VITOL","GUNVORSA, STASCO",ALTA,GUNVORSA,"Apr21, Mar21, Mar21/Apr21",-0.2875734265045837,0.0032986970146792016,0.144,0.7647058823529411,1.3333333333333333,1.12,SELLER_DOMINANT,,,,
2021-01-27,2021,1,114,3,35,79,86,24,1,300,56.047,56.04,56.06,0.02,4,25,114,3,300,56.047,-100,HARTREE,2,MERCURIASA,2,"HARTREE, CHEVUK","MERCURIASA, VITOL",CHEVUK,GUNVORSA,"Apr21, Mar21, Mar21/Apr21",-0.6464009433232241,0.00032986970146792015,0.7719298245614035,0.2222222222222222,1.0,1.0,OFFER_PRESSURE,,,,
2021-01-28,2021,1,111,7,67,44,101,3,0,700,55.429,55.4,55.44,0.04,7,3,111,7,700,55.429,300,MERCURIASA,5,HARTREE,3,"MERCURIASA, BP","GUNVORSA, ALTA, HARTREE, OMVSTL",BP,GUNVORSA,"Apr21, Mar21",0.07125409031405676,0.0006597394029358403,0.4144144144144144,0.20588235294117646,0.75,0.74,BUYER_DOMINANT,,,,
2021-01-29,2021,1,156,4,92,64,146,1,5,400,55.395,55.39,55.4,0.01,5,5,156,4,400,55.395,-200,LITASCO,2,MERCURIASA,2,"LITASCO, VITOL","ALTA, MERCURIASA, GUNVORSA",BP,GUNVORSA,Apr21,-0.4669871849139039,0.00016493485073396007,0.358974358974359,0.10752688172043011,0.8,0.63,NORMAL,,,,
2021-02-01,2021,2,177,5,104,73,132,37,3,500,55.954,55.95,55.96,0.01,36,7,177,5,500,55.954,100,STASCO,5,BP,3,STASCO,"BP, VITOL",STASCO,BP,"Apr21, Apr21/May21, May21",-0.3579172306446218,0.00016493485073396007,0.3502824858757062,0.6857142857142857,1.0,1.02,BUYER_DOMINANT,,,,
2021-02-02,2021,2,246,6,102,144,165,74,1,600,57.763,57.45,57.84,0.39,35,46,246,6,600,57.763,0,STASCO,5,BP,3,"ALTA, STASCO","MERCURIASA, BP, GUNVORSA",STASCO,BP,"Apr21, Apr21/May21, May21",-0.18414582156353734,0.006432459178624443,0.34146341463414637,0.6796116504854369,0.8571428571428571,0.94,BUYER_DOMINANT,,,,
2021-02-03,2021,2,107,7,82,25,91,7,2,700,58.726,58.72,58.75,0.03,11,3,103,7,700,58.726,500,STASCO,5,HARTREE,3,"STASCO, ALTA","CPUKLTD, HARTREE, MERCURIASA, BP",ALTA,BP,"Apr21, Apr21/May21, May21",-0.01037441248245289,0.0004948045522018802,1.0654205607476634,0.26506024096385544,0.75,1.04,BUYER_DOMINANT,,,,
2021-02-04,2021,2,108,6,72,36,93,6,3,600,58.653,58.61,58.68,0.07,8,4,107,6,600,58.653,400,STASCO,4,BP,3,"MERCURIASA, STASCO","BP, HARTREE, VITOL",STASCO,ALTA,"Apr21, Apr21/May21, May21",-0.18414582156353734,0.0011545439551377207,0.6666666666666666,0.2191780821917808,0.8571428571428571,0.87,NORMAL,,,,
2021-02-05,2021,2,294,3,127,167,212,72,7,300,59.773,59.76,59.78,0.02,37,41,293,3,300,59.773,300,STASCO,2,VITOL,1,"STASCO, TRAFI","VITOL, MERCURIASA, BP",TRAFI,BP,"Apr21, Apr21/May21, May21",-0.7054600488067907,0.00032986970146792015,0.272108843537415,0.578125,0.5,0.68,NORMAL,,,,
2021-02-08,2021,2,144,4,64,80,104,35,1,400,60.328,60.17,60.4,0.23,5,35,144,4,400,60.328,400,ALTA,2,MERCURIASA,1,"ALTA, MERCURIASA, GUNVORSA","MERCURIASA, TOTSA, VITOL, STASCO",MERCURIASA,MERCURIASA,"Apr21, Apr21/May21, May21",-0.5316886397257062,0.003793501566881082,0.2222222222222222,0.15384615384615385,0.4,0.39,NORMAL,,,,
2021-02-09,2021,2,145,4,78,67,106,33,2,400,60.965,60.96,60.97,0.01,5,32,145,4,400,60.965,400,ALTA,2,STASCO,3,"ALTA, BP","HARTREE, STASCO",MERCURIASA,MERCURIASA,"Apr21, Apr21/May21, May21",-0.5316886397257062,0.00016493485073396007,0.15172413793103448,0.12658227848101267,1.2,0.74,SELLER_DOMINANT,,,,
2021-02-10,2021,2,178,6,61,117,134,37,1,600,61.665,61.65,61.68,0.03,3,41,178,6,600,61.665,-400,VITOL,3,TOTSA,3,"HARTREE, VITOL, GUNVORSA","TOTSA, MERCURIASA",GUNVORSA,MERCURIASA,"Apr21, Apr21/May21, May21",-0.18414582156353734,0.0004948045522018802,0.6292134831460674,0.0967741935483871,0.8571428571428571,0.79,NORMAL,,,,
2021-02-11,2021,2,267,5,162,105,186,73,3,500,61.32,61.15,61.53,0.38,39,40,267,5,500,61.32,100,BP,2,STASCO,3,"ALTA, BP, MERCURIASA, HARTREE","STASCO, VITOL",ALTA,STASCO,"Apr21, Apr21/May21, May21",-0.3579172306446218,0.006267524327890483,0.42696629213483145,0.4785276073619632,1.0,0.96,NORMAL,,,,
2021-02-12,2021,2,106,5,106,0,100,0,1,500,61.77,61.59,62.03,0.44,6,0,106,5,500,61.77,500,ALTA,2,STASCO,3,"ALTA, MERCURIASA, BP","STASCO, HARTREE, GLENCORE",GUNVORSA,,"Apr21, May21",-0.3579172306446218,0.007257133432294244,2.0,0.11214953271028037,1.0,1.56,BID_PRESSURE,,,,
2021-02-15,2021,2,470,8,311,159,323,133,6,800,55.584,0.62,63.73,63.11,77,63,468,8,800,55.584,0,MERCURIASA,3,STASCO,3,"HARTREE, MERCURIASA, TOTSA, PTRIN, BP","STASCO, TOTSA, MERCURIASA, VITOL",TOTSA,STASCO,"Apr21, Apr21/May21, May21",0.16339699659863158,1.040903842982022,0.6468085106382979,0.4935897435897436,0.6666666666666666,1.66,HIGH_PRICE_RANGE,,,,
2021-02-16,2021,2,484,7,277,207,318,155,4,700,54.033,0.63,63.25,62.62,85,79,484,7,700,54.033,-300,TOTSA,3,VITOL,3,"TOTSA, PTRIN, BP, ICE","VITOL, GUNVORSA, HARTREE, TOTSA",TRAFI,GUNVORSA,"Apr21, Apr21/May21, May21",-0.01037441248245289,1.032822035296058,0.2892561983471074,0.6115107913669064,0.75,1.45,HIGH_PRICE_RANGE,,,,
2021-02-17,2021,2,489,13,305,184,328,145,3,1300,63.608,63.15,63.91,0.76,92,71,489,13,1300,63.608,300,PTRIN,5,VITOL,5,"BP, PTRIN, TOTSA, MERCURIASA","MERCURIASA, ALTA, VITOL, GUNVORSA, HARTREE",BP,ALTA,"Apr21, Apr21/May21, May21",1.0322540420040538,0.012535048655780966,0.4948875255623722,0.6013071895424836,0.7142857142857143,1.74,NORMAL,,,,
2021-02-18,2021,2,463,7,260,203,308,144,4,700,64.116,63.77,64.58,0.81,77,78,463,7,700,64.116,500,BP,3,VITOL,3,"TOTSA, MERCURIASA, BP","STASCO, VITOL, HARTREE, GUNVORSA",CPUKLTD,GUNVORSA,"Apr21, Apr21/May21, May21",-0.01037441248245289,0.013359722909450767,0.24622030237580994,0.5900383141762452,0.75,0.8,NORMAL,,,,
2021-02-19,2021,2,313,5,169,144,217,88,3,500,63.008,62.85,63.64,0.79,50,48,313,5,500,63.008,100,TOTSA,3,LITASCO,3,"TOTSA, OMVSTL, ALTA","LITASCO, GUNVORSA, VITOL",MERCURIASA,GUNVORSA,"Apr21, Apr21/May21, May21",-0.3579172306446218,0.013029853207982847,0.1597444089456869,0.5882352941176471,1.0,0.88,NORMAL,,,,
2021-02-22,2021,2,267,6,126,141,185,72,4,600,64.725,64.71,64.75,0.04,40,39,267,6,600,64.725,0,BP,6,GLENCORE,3,BP,"GLENCORE, PTRIN, MERCURIASA",BP,MERCURIASA,"Apr21, Apr21/May21, May21",-0.18414582156353734,0.0006597394029358403,0.11235955056179775,0.6299212598425197,0.8571428571428571,0.8,BUYER_DOMINANT,,,,
2021-02-23,2021,2,351,7,180,171,255,86,3,700,65.469,65.45,65.48,0.03,39,55,351,7,700,65.469,-300,BP,5,PTRIN,3,"BP, GUNVORSA, VITOL","PTRIN, GLENCORE, MERCURIASA, HARTREE",BP,MERCURIASA,"Apr21, Apr21/May21, May21",-0.01037441248245289,0.0004948045522018802,0.05128205128205128,0.430939226519337,0.75,0.62,BUYER_DOMINANT,,,,
2021-02-24,2021,2,258,3,46,212,192,60,3,300,66.403,66.11,66.99,0.88,3,62,258,3,300,66.403,100,MERCURIASA,2,STASCO,1,"MERCURIASA, BP","STASCO, PTRIN, OMVSTL",MERCURIASA,MERCURIASA,"Apr21, Apr21/May21, May21",-0.7054600488067907,0.014514266864588487,1.2868217054263567,0.1276595744680851,0.5,0.97,OFFER_PRESSURE,,,,
2021-02-25,2021,2,135,7,95,40,121,4,3,700,66.42,66.42,66.42,0.0,5,7,134,7,700,66.42,-100,BP,4,HARTREE,3,"BP, MERCURIASA","VITOL, HARTREE, ALTA",BP,HARTREE,May21,-0.01037441248245289,0.0,0.8148148148148148,0.10416666666666667,0.75,0.83,BID_PRESSURE,,,,
2021-02-26,2021,2,105,7,71,34,96,1,1,700,65.343,65.32,65.37,0.05,4,5,105,7,700,65.343,-100,MERCURIASA,3,VITOL,4,"MERCURIASA, ALTA, BP","STASCO, VITOL",MERCURIASA,VITOL,May21,-0.01037441248245289,0.0008246742536698004,0.7047619047619048,0.1111111111111111,1.0,0.91,BID_PRESSURE,,,,
2021-03-01,2021,3,130,4,130,0,125,1,0,400,64.885,64.34,65.09,0.75,5,0,130,4,400,64.885,400,MERCURIASA,2,GUNVORSA,2,"MERCURIASA, TOTSA, VITOL","GLENCORE, GUNVORSA, STASCO",TOTSA,,"Jun21, May21",-0.2883723460906977,0.012370113805047007,2.0,0.07633587786259542,0.8,1.45,BID_PRESSURE,,,-0.02,
2021-03-02,2021,3,156,2,56,100,111,42,1,200,63.735,63.72,63.75,0.03,4,41,156,2,200,63.735,0,MERCURIASA,2,ALTA,1,MERCURIASA,"ALTA, GLENCORE",MERCURIASA,ALTA,"Jun21, May21, May21/Jun21",-0.8924509099394579,0.0004948045522018802,0.5641025641025641,0.14035087719298245,0.6666666666666666,0.69,BUYER_DOMINANT,,,-0.08,-0.06
2021-03-03,2021,3,194,5,111,83,149,38,2,500,64.186,63.85,64.28,0.43,7,36,194,5,500,64.186,500,VITOL,2,HARTREE,2,"VITOL, MERCURIASA, STASCO","HARTREE, GLENCORE, GUNVORSA",VITOL,ALTA,"Jun21, May21, May21/Jun21",0.013666935833682394,0.0070921985815602835,0.28865979381443296,0.125,0.6666666666666666,0.56,NORMAL,,,-0.12,-0.04
2021-03-04,2021,3,194,4,59,135,138,51,1,400,66.965,66.7,67.24,0.54,4,51,194,4,400,66.965,200,BP,2,OMVSTL,1,"BP, MERCURIASA","OMVSTL, ALTA, STASCO, GLENCORE",BP,TRAFI,"Jun21, May21, May21/Jun21",-0.2883723460906977,0.008906481939633846,0.7835051546391752,0.13333333333333333,0.4,0.66,OFFER_PRESSURE,,,-0.19,-0.07
2021-03-05,2021,3,179,3,53,126,135,39,2,300,68.88,68.88,68.88,0.0,3,40,179,3,300,68.88,100,VITOL,3,MERCURIASA,2,VITOL,"GUNVORSA, MERCURIASA",VITOL,MERCURIASA,"Jun21, May21, May21/Jun21",-0.5904116280150777,0.0,0.8156424581005587,0.1111111111111111,1.0,0.96,BUYER_DOMINANT,,,-0.17,0.02
2021-03-08,2021,3,79,4,45,34,71,3,1,400,69.065,69.06,69.07,0.01,5,3,79,4,400,69.065,0,MERCURIASA,2,HARTREE,3,"STASCO, MERCURIASA, VITOL","HARTREE, ALTA",MERCURIASA,ALTA,"Jun21, May21, May21/Jun21",-0.2883723460906977,0.00016493485073396007,0.27848101265822783,0.21739130434782608,1.2,0.85,SELLER_DOMINANT,,,-0.23,-0.06
2021-03-09,2021,3,302,5,138,164,211,85,1,500,67.632,67.24,67.8,0.56,51,41,302,5,500,67.632,-300,MERCURIASA,2,STASCO,3,"GUNVORSA, MERCURIASA, OMVSTL, VITOL","ALTA, STASCO",MERCURIASA,STASCO,"Jun21, May21, May21/Jun21",0.013666935833682394,0.009236351641101766,0.17218543046357615,0.7338129496402878,1.0,0.97,NORMAL,,,-0.23,0.0
2021-03-10,2021,3,241,2,83,158,177,60,2,200,67.045,66.78,67.31,0.53,4,59,241,2,200,67.045,200,TOTSA,1,GUNVORSA,1,"TOTSA, MERCURIASA","GUNVORSA, STASCO",MERCURIASA,ALTA,"Jun21, May21, May21/Jun21",-0.8924509099394579,0.008741547088899885,0.6224066390041494,0.09523809523809523,0.6666666666666666,0.7,NORMAL,,,-0.21,0.02
2021-03-11,2021,3,294,4,151,143,204,80,6,400,52.038,0.59,69.57,68.98,36,51,294,4,400,52.038,200,MERCURIASA,1,OMVSTL,2,"MERCURIASA, OMVSTL, VITOL, ICE","OMVSTL, STASCO",OMVSTL,ALTA,"Jun21, May21, May21/Jun21",-0.2883723460906977,1.1377206003628566,0.05442176870748299,0.47368421052631576,0.8,1.35,HIGH_PRICE_RANGE,,,-0.18,0.03
2021-03-12,2021,3,352,8,294,58,250,90,4,1100,60.83,0.53,69.75,69.22,77,20,351,8,1100,60.83,300,MERCURIASA,3,GLENCORE,3,"MERCURIASA, OMVSTL, ALTA, VITOL, BP","OMVSTL, MERCURIASA, GLENCORE, HARTREE, STASCO",OMVSTL,OMVSTL,"Jun21, May21, May21/Jun21",1.825902627379963,1.1416790367804717,1.3409090909090908,0.5220338983050847,0.6666666666666666,3.41,HIGH_PRICE_RANGE,,,-0.22,-0.04
2021-03-15,2021,3,118,4,118,0,112,2,0,400,68.438,68.33,68.72,0.39,6,0,118,4,400,68.438,400,OMVSTL,1,STASCO,2,"OMVSTL, TOTSA, VITOL, MERCURIASA","STASCO, ALTA, HARTREE",TOTSA,,"Jun21, May21",-0.2883723460906977,0.006432459178624443,2.0,0.10084033613445378,0.8,1.45,BID_PRESSURE,,,-0.2,0.02
2021-03-16,2021,3,201,2,186,15,159,34,6,200,67.795,67.79,67.8,0.01,33,4,200,2,200,67.795,0,VITOL,2,HARTREE,1,VITOL,"HARTREE, GLENCORE",STASCO,HARTREE,"Jun21, May21, May21/Jun21",-0.8924509099394579,0.00016493485073396007,1.7014925373134329,0.35294117647058826,0.6666666666666666,1.36,BUYER_DOMINANT,,,-0.17,0.03
2021-03-17,2021,3,410,3,220,190,257,147,3,300,67.66,67.42,67.78,0.36,77,74,409,3,300,67.66,100,VITOL,1,MERCURIASA,2,"VITOL, STASCO, ALTA","MERCURIASA, GLENCORE",ALTA,MERCURIASA,"Jun21, May21, May21/Jun21",-0.5904116280150777,0.005937654626422563,0.14634146341463414,0.6968325791855203,1.0,0.93,NORMAL,,,-0.16,0.01
2021-03-18,2021,3,397,4,168,229,252,139,2,400,48.975,0.27,65.3,65.03,44,100,397,4,400,48.975,400,OMVSTL,2,HARTREE,2,"OMVSTL, BP, MERCURIASA","HARTREE, OMVSTL, ICE",OMVSTL,GUNVORSA,"Jun21, May21, May21/Jun21",-0.2883723460906977,1.0725713343229424,0.30730478589420657,0.5207100591715976,0.8,1.46,HIGH_PRICE_RANGE,,,-0.17,-0.01
2021-03-19,2021,3,95,2,45,50,81,10,2,200,64.22,64.21,64.23,0.02,3,9,95,2,200,64.22,0,MERCURIASA,2,HARTREE,1,MERCURIASA,"HARTREE, GUNVORSA",MERCURIASA,GUNVORSA,"Jun21, May21, May21/Jun21",-0.8924509099394579,0.00032986970146792015,0.10526315789473684,0.13043478260869565,0.6666666666666666,0.45,BUYER_DOMINANT,,,-0.27,-0.1
2021-03-22,2021,3,248,5,165,83,190,49,4,500,64.396,64.36,64.52,0.16,47,8,248,5,500,64.396,-300,HARTREE,2,MERCURIASA,3,"BP, HARTREE, ALTA, GLENCORE","GUNVORSA, MERCURIASA, VITOL",STASCO,MERCURIASA,"Jun21, May21, May21/Jun21",0.013666935833682394,0.002638957611743361,0.6612903225806451,0.5662650602409639,1.0,1.13,NORMAL,,,-0.32,-0.05
2021-03-23,2021,3,439,7,203,236,272,156,4,700,53.513,-0.08,62.49,62.57,70,95,438,7,700,53.513,300,PTRIN,3,VITOL,3,"OMVSTL, BP, ALTA, PTRIN","ALTA, GUNVORSA, BP, VITOL, ICE",OMVSTL,GUNVORSA,"Jun21, May21, May21/Jun21",0.6177454996824425,1.0319973610423883,0.15034168564920272,0.6862745098039216,0.75,1.91,HIGH_PRICE_RANGE,,,-0.37,-0.05
2021-03-24,2021,3,498,16,259,239,303,177,2,1900,48.103,0.0,64.21,64.21,85,101,498,16,1900,48.103,100,BP,8,TRAFI,8,"PTRIN, ALTA, BP, TRAFI","VITOL, GUNVORSA, TRAFI, BP, MERCURIASA",BP,GUNVORSA,"Jun21, May21, May21/Jun21",3.0,1.0590466765627575,0.08032128514056225,0.6538461538461539,0.9411764705882353,3.07,HIGH_PRICE_RANGE,,,-0.27,0.1
2021-03-25,2021,3,693,15,421,272,433,242,3,1500,49.532,0.08,61.96,61.88,142,113,0,0,0,,0,BP,6,MERCURIASA,4,"BP, TRAFI, PTRIN, TOTSA, CPUKLTD","TRAFI, BP, VITOL, MERCURIASA, CPUKLTD",ALTA,GUNVORSA,"Jun21, May21, May21/Jun21",3.0,1.020616856341745,0.43001443001443,0.6729857819905213,0.5,3.01,HIGH_PRICE_RANGE,,,-0.25,0.02
2021-03-26,2021,3,541,8,275,266,348,182,3,800,56.395,0.11,64.53,64.42,91,102,0,0,0,,0,TOTSA,3,MERCURIASA,4,"TOTSA, BP, OMVSTL, PTRIN","BP, GUNVORSA, MERCURIASA, ALTA, ICE",BP,GUNVORSA,"Jun21, May21, May21/Jun21",0.9197847816068226,1.0625103084281708,0.033271719038817,0.6594202898550725,0.8888888888888888,2.16,HIGH_PRICE_RANGE,,,-0.34,-0.09
2021-03-29,2021,3,422,7,191,231,281,130,4,700,64.254,64.21,64.28,0.07,55,83,420,7,700,64.254,100,VITOL,3,GLENCORE,3,"ALTA, VITOL, PTRIN","GLENCORE, MERCURIASA, STASCO",ALTA,GUNVORSA,"Jun21, May21, May21/Jun21",0.6177454996824425,0.0011545439551377207,0.1895734597156398,0.5729166666666666,0.75,1.25,NORMAL,,,-0.49,-0.15
2021-03-30,2021,3,177,14,85,92,158,3,2,1400,64.331,64.31,64.38,0.07,7,12,177,14,1400,64.331,-600,VITOL,6,GUNVORSA,10,"PTRIN, BP, VITOL, GLENCORE, HARTREE","GUNVORSA, STASCO, MERCURIASA",PTRIN,MERCURIASA,Jun21,2.7320204731531033,0.0011545439551377207,0.07909604519774012,0.16279069767441862,1.3333333333333333,2.39,SELLER_DOMINANT,,,-0.59,-0.1
2021-03-31,2021,3,107,5,45,62,97,1,4,500,64.57,64.57,64.57,0.0,5,3,107,5,500,64.57,500,PTRIN,3,MERCURIASA,2,"ALTA, PTRIN","MERCURIASA, OMVSTL, GLENCORE, STASCO",PTRIN,TRAFI,Jun21,0.013666935833682394,0.0,0.3177570093457944,0.21739130434782608,0.6666666666666666,0.61,NORMAL,,,0.37,0.96
2021-04-01,2021,4,218,7,72,146,167,44,0,700,54.11,0.51,63.15,62.64,4,45,0,0,0,,0,BP,2,MERCURIASA,3,"LITASCO, CPUKLTD, BP, PTRIN, VITOL","GUNVORSA, BP, CPUKLTD, MERCURIASA",PTRIN,BP,"Jul21, Jun21, Jun21/Jul21",0.09199062872687946,1.033151904997526,0.6788990825688074,0.1095890410958904,0.75,1.46,HIGH_PRICE_RANGE,0.06,,,
2021-04-06,2021,4,556,10,220,336,374,167,5,1000,57.213,0.34,63.6,63.26,85,93,555,10,1000,57.213,0,LITASCO,5,HARTREE,4,"ALTA, STASCO, BP, MERCURIASA, LITASCO","HARTREE, MERCURIASA, BP, PTRIN, VITOL",STASCO,HARTREE,"Jul21, Jun21, Jun21/Jul21",0.6000884004800177,1.0433778657430315,0.4172661870503597,0.7692307692307693,0.7272727272727273,2.06,HIGH_PRICE_RANGE,0.06,-0.01,,
2021-04-07,2021,4,264,9,89,175,197,54,4,900,62.079,62.06,62.11,0.05,11,56,261,9,900,62.079,300,LITASCO,5,VITOL,3,"ALTA, LITASCO, HARTREE, MERCURIASA","GUNVORSA, VITOL, PTRIN, GLENCORE",MERCURIASA,PTRIN,"Jul21, Jun21, Jun21/Jul21",0.43072247656230495,0.0008246742536698004,0.6515151515151515,0.24444444444444444,0.6,1.09,NORMAL,0.05,-0.01,,
2021-04-08,2021,4,107,4,43,64,98,1,4,400,62.938,62.91,63.02,0.11,2,5,107,4,400,62.938,-400,VITOL,3,PTRIN,3,"VITOL, STASCO","PTRIN, GUNVORSA",ALTA,PTRIN,Jun21,-0.41610714302625873,0.001814283358073561,0.3925233644859813,0.09090909090909091,1.2,0.84,SELLER_DOMINANT,0.11,0.06,,
2021-04-09,2021,4,276,5,100,176,219,49,3,500,63.202,63.16,63.23,0.07,4,53,275,5,500,63.202,-300,VITOL,2,PTRIN,3,"VITOL, LITASCO, BP","PTRIN, ALTA, CPUKLTD",BP,ALTA,"Jul21, Jun21, Jun21/Jul21",-0.24674121910854602,0.0011545439551377207,0.5507246376811594,0.07920792079207921,1.0,0.82,NORMAL,0.06,-0.05,,
2021-04-12,2021,4,136,2,0,136,124,4,6,200,63.605,63.58,63.63,0.05,0,8,135,2,200,63.605,-200,VITOL,2,PTRIN,1,VITOL,"PTRIN, STASCO",,MERCURIASA,"Jul21, Jun21",-0.7548389908616843,0.0008246742536698004,2.0,0.0,0.6666666666666666,1.33,BUYER_DOMINANT,0.06,0.0,,
2021-04-13,2021,4,359,5,245,114,246,103,5,500,63.866,63.6,63.94,0.34,89,22,359,5,500,63.866,-500,MERCURIASA,3,STASCO,3,"MERCURIASA, VITOL","STASCO, HARTREE, PTRIN",GUNVORSA,GUNVORSA,"Jul21, Jun21, Jun21/Jul21",-0.24674121910854602,0.0056077849249546435,0.7298050139275766,0.7235772357723578,1.0,1.23,BID_PRESSURE,0.04,-0.02,,
2021-04-14,2021,4,321,3,124,197,201,113,4,300,66.417,65.99,66.91,0.92,41,77,321,3,300,66.417,-100,VITOL,1,PTRIN,1,"VITOL, BP, HARTREE","PTRIN, HARTREE, MERCURIASA",ALTA,PTRIN,"Jul21, Jun21, Jun21/Jul21",-0.5854730669439715,0.015174006267524328,0.45482866043613707,0.656,0.5,0.81,NORMAL,0.02,-0.02,,
2021-04-15,2021,4,283,6,26,257,225,49,3,600,66.273,66.12,66.53,0.41,1,57,282,6,600,66.273,-400,VITOL,4,TOTSA,3,"HARTREE, VITOL, OMVSTL","PTRIN, TOTSA, MERCURIASA",VITOL,ALTA,"Jul21, Jun21, Jun21/Jul21",-0.07737529519083328,0.0067623288800923624,1.6325088339222615,0.07407407407407407,0.8571428571428571,1.29,OFFER_PRESSURE,0.03,0.01,,
2021-04-16,2021,4,244,4,117,127,155,81,4,400,66.308,66.3,66.31,0.01,52,33,244,4,400,66.308,-400,VITOL,4,MERCURIASA,3,VITOL,"MERCURIASA, STASCO",ALTA,OMVSTL,"Jul21, Jun21, Jun21/Jul21",-0.41610714302625873,0.00016493485073396007,0.08196721311475409,0.8813559322033898,1.2,1.08,SELLER_DOMINANT,-0.0,-0.03,,
2021-04-19,2021,4,218,8,145,73,134,72,4,800,50.045,0.5,66.9,66.4,58,26,217,8,800,50.045,-800,VITOL,2,TOTSA,4,"VITOL, MERCURIASA, BP, OMVSTL, ICE","TOTSA, BP, OMVSTL",MERCURIASA,BP,"Jul21, Jun21, Jun21/Jul21",0.2613565526445922,1.095167408873495,0.6605504587155964,0.7945205479452054,0.8888888888888888,2.04,HIGH_PRICE_RANGE,0.06,0.06,,
2021-04-20,2021,4,316,3,181,135,209,99,5,300,65.303,65.08,65.74,0.66,70,34,316,3,300,65.303,-100,VITOL,2,STASCO,1,"VITOL, MERCURIASA","STASCO, TOTSA, OMVSTL",ALTA,BP,"Jul21, Jun21, Jun21/Jul21",-0.5854730669439715,0.010885700148441365,0.2911392405063291,0.7692307692307693,0.5,0.79,NORMAL,0.1,0.04,,
2021-04-21,2021,4,241,4,197,44,189,43,5,400,65.457,65.27,66.02,0.75,43,6,241,4,400,65.457,-200,VITOL,2,STASCO,3,"GLENCORE, VITOL, MERCURIASA","STASCO, HARTREE",ALTA,BP,"Jul21, Jun21, Jun21/Jul21",-0.41610714302625873,0.012370113805047007,1.2697095435684647,0.43434343434343436,1.2,1.46,SELLER_DOMINANT,0.13,0.03,,
2021-04-22,2021,4,215,7,154,61,142,64,2,700,47.001,0.61,66.0,65.39,43,25,215,7,700,47.001,100,TOTSA,4,BP,4,"MERCURIASA, BP, TOTSA","HARTREE, TOTSA, BP",TOTSA,ALTA,"Jul21, Jun21, Jun21/Jul21",0.09199062872687946,1.0785089889493649,0.8651162790697674,0.5548387096774193,1.0,1.93,HIGH_PRICE_RANGE,0.14,0.01,,
2021-04-23,2021,4,86,1,86,0,81,2,2,100,65.42,65.42,65.42,0.0,3,0,85,1,100,65.42,100,MERCURIASA,1,STASCO,1,MERCURIASA,STASCO,VITOL,,"Jul21, Jun21",-0.9242049147793969,0.0,2.0,0.06896551724137931,1.0,1.53,SELLER_DOMINANT,0.2,0.06,,
2021-04-26,2021,4,228,3,51,177,166,56,3,300,65.41,65.23,65.76,0.53,3,58,227,3,300,65.41,100,GLENCORE,1,MERCURIASA,1,"GLENCORE, VITOL, LITASCO","MERCURIASA, TOTSA, STASCO",VITOL,MERCURIASA,"Jul21, Jun21, Jun21/Jul21",-0.5854730669439715,0.008741547088899885,1.105263157894737,0.11538461538461539,0.5,0.87,OFFER_PRESSURE,0.2,0.0,,
2021-04-27,2021,4,322,15,263,59,225,80,2,1500,52.601,0.41,65.95,65.54,90,5,321,15,1500,52.601,500,LITASCO,3,GLENCORE,6,"LITASCO, MERCURIASA, VITOL, TOTSA, GLENCORE","OMVSTL, HARTREE, TOTSA, GLENCORE, GUNVORSA",MERCURIASA,GUNVORSA,"Jul21, Jun21, Jun21/Jul21",1.4469180200685814,1.0809830117103745,1.2670807453416149,0.6818181818181818,0.75,3.16,HIGH_PRICE_RANGE,0.15,-0.05,,
2021-04-28,2021,4,366,13,218,148,234,116,3,1300,51.901,0.38,67.63,67.25,76,48,363,13,1300,51.901,-100,GUNVORSA,6,LITASCO,6,"LITASCO, GUNVORSA, MERCURIASA, VITOL","GUNVORSA, LITASCO, HARTREE",ALTA,LITASCO,"Jul21, Jun21, Jun21/Jul21",1.1081861722331559,1.1091868711858814,0.3825136612021858,0.6940639269406392,0.8571428571428571,2.52,HIGH_PRICE_RANGE,0.09,-0.06,,
2021-04-29,2021,4,133,16,32,101,115,1,1,1600,67.87,67.83,67.89,0.06,4,14,133,16,1600,67.87,-1000,VITOL,10,MERCURIASA,5,"VITOL, OMVSTL, GLENCORE, LITASCO","GUNVORSA, ALTA, MERCURIASA, STASCO, TRAFI",LITASCO,MERCURIASA,Jul21,1.6162839439862942,0.0009896091044037604,1.037593984962406,0.24242424242424243,0.5882352941176471,2.23,VOL_SPIKE,0.04,-0.05,,
2021-04-30,2021,4,110,8,63,47,98,3,1,800,66.664,66.64,66.68,0.04,8,4,110,8,800,66.664,200,LITASCO,5,GUNVORSA,3,"MERCURIASA, LITASCO","STASCO, GUNVORSA, ALTA, VITOL, TRAFI",LITASCO,GUNVORSA,Jul21,0.2613565526445922,0.0006597394029358403,0.2909090909090909,0.25,0.6666666666666666,0.81,NORMAL,0.01,-0.03,,
2021-05-04,2021,5,143,6,105,38,132,2,3,600,68.862,68.85,68.87,0.02,5,4,143,6,600,68.862,200,LITASCO,3,GUNVORSA,2,"LITASCO, VITOL","GUNVORSA, MERCURIASA, CPUKLTD, HARTREE",LITASCO,MERCURIASA,Jul21,-0.14051380039167433,0.00032986970146792015,0.9370629370629371,0.09433962264150944,0.5714285714285714,0.8,BID_PRESSURE,,,,
2021-05-05,2021,5,214,13,94,120,175,21,5,1300,64.378,0.43,69.78,69.35,26,12,214,13,1300,64.378,-300,VITOL,5,STASCO,3,"GLENCORE, LITASCO, VITOL, BP, CPUKLTD","ALTA, GUNVORSA, STASCO, MERCURIASA, GLENCORE",BP,ALTA,"Aug21, Jul21, Jul21/Aug21",1.5234037859130687,1.143823189840013,0.24299065420560748,0.5473684210526316,0.42857142857142855,2.51,HIGH_PRICE_RANGE,,,,
2021-05-06,2021,5,430,11,290,140,300,114,5,1100,62.412,0.33,68.76,68.43,96,34,430,11,1100,62.412,100,VITOL,3,GUNVORSA,4,"BP, VITOL, LITASCO, ALTA, TOTSA","MERCURIASA, BP, GUNVORSA, HARTREE, STASCO",VITOL,BP,"Aug21, Jul21, Jul21/Aug21",1.0479987612545707,1.128649183572489,0.6976744186046512,0.6597938144329897,0.6666666666666666,2.53,HIGH_PRICE_RANGE,,,,
2021-05-07,2021,5,231,7,177,54,181,38,5,700,58.664,0.33,68.45,68.12,42,5,230,7,700,58.664,100,LITASCO,2,GUNVORSA,2,"LITASCO, BP, STASCO, VITOL, ICE","GUNVORSA, BP, GLENCORE, MERCURIASA",BP,MERCURIASA,"Aug21, Jul21, Jul21/Aug21",0.0971887119375747,1.1235362031997362,1.0649350649350648,0.47191011235955055,0.5,1.77,HIGH_PRICE_RANGE,,,,
2021-05-10,2021,5,531,6,260,271,351,170,4,600,68.103,68.0,68.26,0.26,80,98,530,6,600,68.103,0,VITOL,3,MERCURIASA,3,"VITOL, CPUKLTD, ALTA, BP","TOTSA, GLENCORE, GUNVORSA, MERCURIASA",ALTA,GUNVORSA,"Aug21, Jul21, Jul21/Aug21",-0.14051380039167433,0.004288306119082962,0.04143126177024482,0.6130268199233716,0.8571428571428571,0.76,NORMAL,,,,
2021-05-11,2021,5,482,2,208,274,303,171,6,200,68.33,68.32,68.34,0.02,71,103,481,2,200,68.33,0,VITOL,2,MERCURIASA,2,VITOL,MERCURIASA,ALTA,GUNVORSA,"Aug21, Jul21, Jul21/Aug21",-1.0913238497086704,0.00032986970146792015,0.27385892116182575,0.6794258373205742,1.3333333333333333,1.14,SELLER_DOMINANT,,,,
2021-05-12,2021,5,464,4,186,278,307,147,6,400,69.712,69.63,69.75,0.12,67,87,463,4,400,69.712,0,STASCO,3,ALTA,2,"STASCO, VITOL","GUNVORSA, ALTA, HARTREE",STASCO,ALTA,"Aug21, Jul21, Jul21/Aug21",-0.6159188250501724,0.001979218208807521,0.39655172413793105,0.7165775401069518,0.8,0.96,BUYER_DOMINANT,,,,
2021-05-13,2021,5,446,2,219,227,292,147,5,200,67.48,67.48,67.48,0.0,75,78,446,2,200,67.48,-200,VITOL,2,MERCURIASA,2,VITOL,MERCURIASA,STASCO,ALTA,"Aug21, Jul21, Jul21/Aug21",-1.0913238497086704,0.0,0.03587443946188341,0.6818181818181818,1.3333333333333333,1.03,SELLER_DOMINANT,,,,
2021-05-14,2021,5,559,4,265,294,355,195,5,400,51.43,0.25,68.58,68.33,102,99,558,4,400,51.43,0,HARTREE,3,MERCURIASA,2,"HARTREE, VITOL","MERCURIASA, HARTREE, ICE",HARTREE,MERCURIASA,"Aug21, Jul21, Jul21/Aug21",-0.6159188250501724,1.1269998350651491,0.1037567084078712,0.7669172932330827,0.8,1.51,BUYER_DOMINANT,,,,
2021-05-17,2021,5,309,11,71,238,230,66,2,1100,69.053,68.99,69.27,0.28,14,65,308,11,1100,69.053,100,LITASCO,5,PTRIN,3,"LITASCO, VITOL, HARTREE","HARTREE, GUNVORSA, ALTA, TRAFI, PTRIN",LITASCO,ALTA,"Aug21, Jul21, Jul21/Aug21",1.0479987612545707,0.004618175820550883,1.080906148867314,0.3888888888888889,0.5,1.83,OFFER_PRESSURE,,,,
2021-05-18,2021,5,691,11,402,289,439,238,3,1100,62.99,0.2,69.43,69.23,139,112,690,11,1100,62.99,-100,VITOL,4,GUNVORSA,4,"GUNVORSA, CPUKLTD, VITOL, BP, LITASCO","PTRIN, GUNVORSA, MERCURIASA, OMVSTL",CPUKLTD,GUNVORSA,"Aug21, Jul21, Jul21/Aug21",1.0479987612545707,1.1418439716312057,0.32706222865412443,0.6898263027295285,0.6666666666666666,2.37,HIGH_PRICE_RANGE,,,,
2021-05-19,2021,5,659,5,309,350,415,234,5,500,66.18,66.18,66.18,0.0,113,129,658,5,500,66.18,300,LITASCO,3,MERCURIASA,2,"LITASCO, VITOL","GUNVORSA, HARTREE, PTRIN, MERCURIASA",ALTA,GUNVORSA,"Aug21, Jul21, Jul21/Aug21",-0.3782163127209233,0.0,0.1244309559939302,0.7290322580645161,0.6666666666666666,0.76,NORMAL,,,,
2021-05-20,2021,5,331,8,191,140,234,86,3,800,66.425,66.4,66.45,0.05,57,40,331,8,800,66.425,200,VITOL,4,ALTA,3,"VITOL, STASCO, CPUKLTD","PTRIN, ALTA, MERCURIASA, GUNVORSA, HARTREE",STASCO,GUNVORSA,"Aug21, Jul21, Jul21/Aug21",0.3348912242668237,0.0008246742536698004,0.3081570996978852,0.59375,0.6666666666666666,1.05,NORMAL,,,,
2021-05-21,2021,5,353,5,160,193,250,97,1,500,66.732,66.68,66.79,0.11,50,53,353,5,500,66.732,-100,MERCURIASA,3,GUNVORSA,2,"MERCURIASA, VITOL","GUNVORSA, PTRIN, OMVSTL",ALTA,OMVSTL,"Aug21, Jul21, Jul21/Aug21",-0.3782163127209233,0.001814283358073561,0.18696883852691218,0.6211180124223602,0.6666666666666666,0.74,NORMAL,,,,
2021-05-24,2021,5,488,3,236,252,286,193,6,300,68.237,68.23,68.25,0.02,94,103,487,3,300,68.237,100,BP,2,STASCO,1,"BP, ALTA","STASCO, HARTREE, GUNVORSA",ALTA,GUNVORSA,"Aug21, Jul21, Jul21/Aug21",-0.8536213373794214,0.00032986970146792015,0.06557377049180328,0.7932489451476793,0.5,0.68,NORMAL,,,,
2021-05-25,2021,5,242,6,129,113,165,67,4,600,68.683,68.66,68.74,0.08,40,34,232,6,600,68.683,0,ALTA,3,GUNVORSA,3,"ALTA, MERCURIASA","GUNVORSA, HARTREE, CPUKLTD",GUNVORSA,ALTA,"Aug21, Jul21, Jul21/Aug21",-0.14051380039167433,0.0013194788058716806,0.1322314049586777,0.6153846153846154,0.8571428571428571,0.8,NORMAL,,,,
2021-05-26,2021,5,362,4,195,167,227,125,6,400,68.915,68.85,69.0,0.15,73,59,360,4,400,68.915,200,ALTA,2,LITASCO,2,"ALTA, HARTREE, STASCO","LITASCO, MERCURIASA",ALTA,CPUKLTD,"Aug21, Jul21, Jul21/Aug21",-0.6159188250501724,0.002474022761009401,0.15469613259668508,0.7448979591836735,0.8,0.85,NORMAL,,,,
2021-05-27,2021,5,49,7,30,19,38,4,0,700,69.143,69.14,69.15,0.01,6,5,49,7,700,69.143,300,MERCURIASA,7,GUNVORSA,5,MERCURIASA,"GUNVORSA, ALTA",MERCURIASA,ALTA,"Aug21, Jul21, Jul21/Aug21",0.0971887119375747,0.00016493485073396007,0.4489795918367347,0.3870967741935484,1.25,1.12,SELLER_DOMINANT,,,,
2021-05-28,2021,5,32,1,32,0,28,3,0,100,69.6,69.6,69.6,0.0,4,0,32,1,100,69.6,100,MERCURIASA,1,HARTREE,1,MERCURIASA,HARTREE,MERCURIASA,,Aug21,-1.3290263620379192,0.0,2.0,0.24242424242424243,1.0,1.62,SELLER_DOMINANT,,,,
2021-06-01,2021,6,188,4,58,130,180,2,2,400,70.412,70.41,70.42,0.01,5,4,188,4,400,70.412,200,STASCO,2,VITOL,2,"STASCO, PTRIN","MERCURIASA, VITOL, GUNVORSA",PTRIN,GUNVORSA,Aug21,-0.5350570028813417,0.00016493485073396007,0.7659574468085106,0.1694915254237288,0.8,0.87,OFFER_PRESSURE,,,,
2021-06-02,2021,6,257,3,65,192,191,60,3,300,70.973,70.97,70.98,0.01,4,59,256,3,300,70.973,-300,VITOL,3,STASCO,2,VITOL,"MERCURIASA, STASCO",PTRIN,MERCURIASA,"Aug21, Aug21/Sep21, Sep21",-0.7161960923984626,0.00016493485073396007,0.9883268482490273,0.12121212121212122,1.0,1.05,BUYER_DOMINANT,,,,
2021-06-03,2021,6,141,4,16,125,134,2,1,400,70.985,70.89,71.08,0.19,1,6,141,4,400,70.985,-200,GLENCORE,2,MERCURIASA,2,"STASCO, PTRIN, GLENCORE","MERCURIASA, GUNVORSA, ALTA",PTRIN,MERCURIASA,Aug21,-0.5350570028813417,0.0031337621639452415,1.5460992907801419,0.11764705882352941,0.8,1.23,OFFER_PRESSURE,,,,
2021-06-04,2021,6,68,2,68,0,64,1,1,200,71.59,71.59,71.59,0.0,3,0,68,2,200,71.59,200,PTRIN,2,GUNVORSA,1,PTRIN,"GUNVORSA, ALTA",GLENCORE,,Aug21,-0.8973351819155835,0.0,2.0,0.08695652173913043,0.6666666666666666,1.38,BUYER_DOMINANT,,,,
2021-06-07,2021,6,171,7,83,88,148,14,2,700,71.37,71.36,71.38,0.02,9,13,170,7,700,71.37,100,GUNVORSA,2,VITOL,3,"GUNVORSA, STASCO, PTRIN, HARTREE","LITASCO, ALTA, VITOL",GUNVORSA,VITOL,"Aug21, Aug21/Sep21, Sep21",0.008360265670021013,0.00032986970146792015,0.05847953216374269,0.21428571428571427,0.75,0.52,NORMAL,,,,
2021-06-08,2021,6,501,5,316,185,368,122,6,500,71.716,71.42,71.79,0.37,75,55,500,5,500,71.716,-500,PTRIN,2,LITASCO,3,"BP, PTRIN, HARTREE, GUNVORSA","MERCURIASA, LITASCO, CPUKLTD",PTRIN,CPUKLTD,"Aug21, Aug21/Sep21, Sep21",-0.3539179133642208,0.006102589477156523,0.5229540918163673,0.47318611987381703,1.0,1.0,NORMAL,,,,
2021-06-09,2021,6,288,9,187,101,215,63,1,900,71.867,71.79,72.38,0.59,64,10,288,9,900,71.867,-900,GUNVORSA,4,LITASCO,5,"MERCURIASA, GUNVORSA, GLENCORE, TOTSA","VITOL, CPUKLTD, LITASCO",PTRIN,LITASCO,"Aug21, Aug21/Sep21, Sep21",0.3706384447042628,0.009731156193303643,0.5972222222222222,0.6808510638297872,1.0,1.44,NORMAL,,,,
2021-06-10,2021,6,429,6,190,239,302,116,5,600,72.013,72.0,72.02,0.02,57,68,428,6,600,72.013,-600,GUNVORSA,3,LITASCO,3,"HARTREE, MERCURIASA, GUNVORSA, STASCO","LITASCO, TRAFI, VITOL",ALTA,CPUKLTD,"Aug21, Aug21/Sep21, Sep21",-0.1727788238470999,0.00032986970146792015,0.22843822843822845,0.5968586387434555,0.8571428571428571,0.84,NORMAL,,,,
2021-06-11,2021,6,352,6,132,220,247,96,3,600,72.282,72.07,72.72,0.65,46,60,351,6,600,72.282,0,GUNVORSA,4,VITOL,4,"HARTREE, GUNVORSA, ALTA","LITASCO, VITOL",ALTA,CPUKLTD,"Aug21, Aug21/Sep21, Sep21",-0.1727788238470999,0.010720765297707406,0.5,0.6917293233082706,1.1428571428571428,1.17,NORMAL,,,,
2021-06-14,2021,6,296,5,106,190,205,82,4,500,73.042,72.65,73.3,0.65,36,53,296,5,500,73.042,-100,ALTA,2,MERCURIASA,3,"ALTA, HARTREE, TOTSA","MERCURIASA, VITOL",ALTA,MERCURIASA,"Aug21, Aug21/Sep21, Sep21",-0.3539179133642208,0.010720765297707406,0.5675675675675675,0.6728971962616822,1.0,1.13,NORMAL,,,,
2021-06-15,2021,6,348,4,156,192,242,100,2,400,73.145,73.14,73.16,0.02,42,64,346,4,400,73.145,-200,MERCURIASA,3,ALTA,3,"MERCURIASA, TOTSA","ALTA, VITOL",ALTA,GUNVORSA,"Aug21, Aug21/Sep21, Sep21",-0.5350570028813417,0.00032986970146792015,0.20689655172413793,0.535031847133758,1.2,0.97,SELLER_DOMINANT,,,,
2021-06-16,2021,6,290,1,139,151,199,85,5,100,75.05,75.05,75.05,0.0,34,54,290,1,100,75.05,-100,ALTA,1,GUNVORSA,1,ALTA,GUNVORSA,STASCO,GUNVORSA,"Aug21, Aug21/Sep21, Sep21",-1.0784742714327045,0.0,0.08275862068965517,0.4857142857142857,1.0,0.78,SELLER_DOMINANT,,,,
2021-06-17,2021,6,592,4,253,339,390,191,7,400,72.812,72.39,73.23,0.84,94,104,591,4,400,72.812,-400,GUNVORSA,2,PTRIN,2,"GUNVORSA, STASCO","MERCURIASA, PTRIN, VITOL",ALTA,PTRIN,"Aug21, Aug21/Sep21, Sep21",-0.5350570028813417,0.013854527461652647,0.2905405405405405,0.7401574803149606,0.8,0.92,NORMAL,,,,
2021-06-18,2021,6,518,4,217,301,337,173,4,400,73.072,72.87,73.64,0.77,76,104,517,4,400,73.072,-400,MERCURIASA,2,VITOL,2,"MERCURIASA, ALTA, CPUKLTD","VITOL, GUNVORSA, HARTREE",ALTA,GUNVORSA,"Aug21, Aug21/Sep21, Sep21",-0.5350570028813417,0.012699983506514927,0.32432432432432434,0.6972477064220184,0.8,0.92,NORMAL,,,,
2021-06-21,2021,6,456,6,313,143,309,137,4,600,73.687,73.67,73.7,0.03,92,53,454,6,600,73.687,-200,MERCURIASA,4,HARTREE,4,"MERCURIASA, CPUKLTD","HARTREE, ALTA, VITOL",TOTSA,TOTSA,"Aug21, Aug21/Sep21, Sep21",-0.1727788238470999,0.0004948045522018802,0.7456140350877193,0.5859872611464968,1.1428571428571428,1.24,BID_PRESSURE,,,,
2021-06-22,2021,6,668,7,398,270,433,222,6,700,63.827,0.74,74.83,74.09,128,103,664,7,700,63.827,-100,MERCURIASA,3,ALTA,2,"MERCURIASA, GUNVORSA, TOTSA, TRAFI, ICE","ALTA, VITOL, TOTSA, HARTREE",TRAFI,VITOL,"Aug21, Aug21/Sep21, Sep21",0.008360265670021013,1.2220023090879102,0.38323353293413176,0.6416040100250626,0.5,1.5,HIGH_PRICE_RANGE,,,,
2021-06-23,2021,6,637,15,273,364,403,217,2,1500,60.523,0.67,75.75,75.08,101,130,635,15,1500,60.523,-100,GUNVORSA,4,VITOL,4,"GUNVORSA, STASCO, MERCURIASA, TOTSA, TRAFI","BP, GUNVORSA, ALTA, TOTSA, MERCURIASA",TRAFI,GUNVORSA,"Aug21, Aug21/Sep21, Sep21",1.4574729818069883,1.2383308593105722,0.2857142857142857,0.7372262773722628,0.5,2.67,HIGH_PRICE_RANGE,,,,
2021-06-24,2021,6,230,8,195,35,175,45,2,800,74.865,74.75,75.47,0.72,46,10,230,8,800,74.865,400,MERCURIASA,4,BP,4,"TOTSA, MERCURIASA, CPUKLTD","GUNVORSA, BP, ALTA, VITOL",TRAFI,BP,"Aug21, Aug21/Sep21, Sep21",0.18949935518714192,0.011875309252845126,1.391304347826087,0.46938775510204084,0.8888888888888888,1.53,BID_PRESSURE,,,,
2021-06-25,2021,6,313,3,183,130,231,74,5,300,75.723,75.28,75.95,0.67,34,45,313,3,300,75.723,300,MERCURIASA,1,STASCO,1,"MERCURIASA, TRAFI, CPUKLTD","STASCO, BP, VITOL",ALTA,BP,"Aug21, Aug21/Sep21, Sep21",-0.7161960923984626,0.011050634999175326,0.33865814696485624,0.3695652173913043,0.5,0.61,NORMAL,,,,
2021-06-28,2021,6,420,16,143,277,284,119,1,1600,60.78,0.65,75.17,74.52,60,71,419,16,1600,60.78,-1200,HARTREE,5,BP,6,"STASCO, VITOL, BP, HARTREE, GUNVORSA","LITASCO, GUNVORSA, HARTREE, BP, PTRIN",ALTA,BP,"Aug21, Aug21/Sep21, Sep21",1.6386120713241092,1.2290945076694704,0.638095238095238,0.8333333333333334,0.7058823529411765,3.14,HIGH_PRICE_RANGE,,,,
2021-06-29,2021,6,165,11,77,88,147,3,4,1100,74.704,74.7,74.72,0.02,4,12,165,11,1100,74.704,-1100,VITOL,9,LITASCO,5,"VITOL, MERCURIASA, CPUKLTD","STASCO, LITASCO, GUNVORSA",MERCURIASA,GUNVORSA,Sep21,0.7329166237385046,0.00032986970146792015,0.13333333333333333,0.10256410256410256,0.8333333333333334,1.12,BUYER_DOMINANT,,,,
2021-06-30,2021,6,89,3,63,26,82,1,3,300,74.58,74.58,74.58,0.0,4,1,88,3,300,74.58,300,TOTSA,3,HARTREE,1,TOTSA,"HARTREE, VITOL, GUNVORSA",TOTSA,GUNVORSA,Sep21,-0.7161960923984626,0.0,0.8314606741573034,0.125,0.5,0.73,BUYER_DOMINANT,,,,
2021-07-01,2021,7,247,5,142,105,197,41,4,500,75.858,75.84,75.9,0.06,7,42,247,5,500,75.858,100,STASCO,2,PTRIN,2,"STASCO, TOTSA, VITOL","GLENCORE, PTRIN, GUNVORSA",VITOL,GUNVORSA,"Oct21, Sep21, Sep21/Oct21",-0.30543015258248396,0.0009896091044037604,0.29959514170040485,0.0979020979020979,0.6666666666666666,0.53,NORMAL,,,,
2021-07-02,2021,7,150,2,98,52,143,3,2,200,76.22,76.22,76.22,0.0,5,2,150,2,200,76.22,0,STASCO,1,PTRIN,1,"STASCO, TOTSA","PTRIN, MERCURIASA",CPUKLTD,PTRIN,Sep21,-0.9733488379002236,0.0,0.6133333333333333,0.10101010101010101,0.6666666666666666,0.69,NORMAL,,,,
2021-07-05,2021,7,334,5,253,81,243,83,3,500,76.838,76.01,77.09,1.08,74,16,334,5,500,76.838,300,CPUKLTD,2,GUNVORSA,2,"CPUKLTD, VITOL, GLENCORE","GUNVORSA, HARTREE, MERCURIASA",CPUKLTD,MERCURIASA,"Oct21, Sep21, Sep21/Oct21",-0.30543015258248396,0.01781296387926769,1.029940119760479,0.5826771653543307,0.6666666666666666,1.15,HIGH_PRICE_RANGE,,,,
2021-07-06,2021,7,323,10,168,155,258,55,0,1000,59.901,1.0,74.89,73.89,61,5,323,10,1000,59.901,200,VITOL,3,GUNVORSA,5,"VITOL, GUNVORSA, ALTA, ICE","GUNVORSA, MERCURIASA, PTRIN, HARTREE",ALTA,MERCURIASA,"Oct21, Sep21, Sep21/Oct21",0.8077676562804155,1.218703612073231,0.0804953560371517,0.7218934911242604,0.9090909090909091,2.23,HIGH_PRICE_RANGE,,,,
2021-07-07,2021,7,178,5,67,111,169,1,3,500,73.112,73.09,73.13,0.04,2,5,177,5,500,73.112,-100,VITOL,4,MERCURIASA,2,"ALTA, VITOL","OMVSTL, PTRIN, GUNVORSA, MERCURIASA",VITOL,MERCURIASA,Sep21,-0.30543015258248396,0.0006597394029358403,0.4943820224719101,0.058823529411764705,0.6666666666666666,0.61,BUYER_DOMINANT,,,,
2021-07-08,2021,7,69,4,2,67,63,2,0,400,73.695,73.69,73.7,0.01,1,5,69,4,400,73.695,-400,VITOL,4,MERCURIASA,2,VITOL,"MERCURIASA, PTRIN",VITOL,PTRIN,Sep21,-0.5280697143550639,0.00016493485073396007,1.8840579710144927,0.6666666666666666,0.8,1.68,BUYER_DOMINANT,,,,
2021-07-09,2021,7,141,6,83,58,130,4,1,600,75.88,75.86,75.92,0.06,6,4,140,6,600,75.88,0,MERCURIASA,3,BP,2,"MERCURIASA, VITOL","BP, TOTSA, PTRIN, GUNVORSA",VITOL,PTRIN,Sep21,-0.08279059080990407,0.0009896091044037604,0.3546099290780142,0.14285714285714285,0.5714285714285714,0.54,NORMAL,,,,
2021-07-12,2021,7,305,7,152,153,206,91,1,700,64.313,0.76,75.3,74.54,39,58,305,7,700,64.313,100,ALTA,2,PTRIN,2,"ALTA, CPUKLTD, TOTSA, MERCURIASA","PTRIN, TOTSA, CPUKLTD, GUNVORSA",TOTSA,PTRIN,"Oct21, Sep21, Sep21/Oct21",0.13984897096267582,1.2294243773709386,0.006557377049180328,0.5098039215686274,0.5,1.36,HIGH_PRICE_RANGE,,,,
2021-07-13,2021,7,312,4,147,165,199,107,2,400,56.8,0.71,75.96,75.25,45,66,310,4,400,56.8,0,MERCURIASA,2,ALTA,2,"MERCURIASA, ALTA","ALTA, PTRIN, ICE",ALTA,PTRIN,"Oct21, Sep21, Sep21/Oct21",-0.5280697143550639,1.2411347517730495,0.11538461538461539,0.6081081081081081,0.8,1.51,HIGH_PRICE_RANGE,,,,
2021-07-14,2021,7,453,9,130,323,279,163,2,900,59.358,0.74,76.51,75.77,52,118,453,9,900,59.358,-700,MERCURIASA,4,VITOL,2,"MERCURIASA, TOTSA, VITOL, BP, ICE","GUNVORSA, VITOL, TOTSA, BP, PTRIN",ALTA,PTRIN,"Oct21, Sep21, Sep21/Oct21",0.5851280945078356,1.2497113640112154,0.8520971302428256,0.7938931297709924,0.4,2.24,HIGH_PRICE_RANGE,,,,
2021-07-15,2021,7,305,6,195,110,179,119,1,600,49.807,0.76,74.71,73.95,84,37,305,6,600,49.807,-200,VITOL,4,PTRIN,4,"VITOL, PTRIN","PTRIN, VITOL",MERCURIASA,PTRIN,"Oct21, Sep21, Sep21/Oct21",-0.08279059080990407,1.2196932211776348,0.5573770491803278,0.8571428571428571,1.1428571428571428,2.01,HIGH_PRICE_RANGE,,,,
2021-07-16,2021,7,154,5,130,24,107,40,2,500,59.002,0.62,74.03,73.41,39,5,153,5,500,59.002,100,VITOL,2,PTRIN,2,"LITASCO, ALTA, VITOL, PTRIN","MERCURIASA, GUNVORSA, PTRIN, VITOL",PTRIN,PTRIN,"Oct21, Sep21, Sep21/Oct21",-0.30543015258248396,1.210786739238001,1.3766233766233766,0.5954198473282443,0.6666666666666666,2.05,HIGH_PRICE_RANGE,,,,
2021-07-19,2021,7,191,1,23,168,140,48,2,100,69.15,69.15,69.15,0.0,1,48,190,1,100,69.15,-100,CPUKLTD,1,MERCURIASA,1,CPUKLTD,MERCURIASA,ALTA,MERCURIASA,"Oct21, Sep21, Sep21/Oct21",-1.1959883996728036,0.0,1.5183246073298429,0.08333333333333333,1.0,1.3,SELLER_DOMINANT,,,,
2021-07-20,2021,7,239,7,31,208,173,56,3,700,69.259,69.23,69.38,0.15,1,63,238,7,700,69.259,-700,VITOL,4,GUNVORSA,3,"VITOL, ALTA, LITASCO","GUNVORSA, MERCURIASA, STASCO, CPUKLTD",ALTA,STASCO,"Oct21, Sep21, Sep21/Oct21",0.13984897096267582,0.002474022761009401,1.4811715481171548,0.0625,0.75,1.26,OFFER_PRESSURE,,,,
2021-07-21,2021,7,129,0,24,105,83,43,3,0,,,,,1,42,129,0,0,,0,,0,,0,,,ALTA,MERCURIASA,"Oct21, Sep21, Sep21/Oct21",-1.4186279614453834,0.0,1.255813953488372,0.08,0.0,0.67,OFFER_PRESSURE,,,,
2021-07-22,2021,7,177,2,25,152,122,50,3,200,72.89,72.89,72.89,0.0,1,51,176,2,200,72.89,-200,MERCURIASA,2,VITOL,2,MERCURIASA,VITOL,ALTA,VITOL,"Oct21, Sep21, Sep21/Oct21",-0.9733488379002236,0.0,1.4350282485875707,0.07692307692307693,1.3333333333333333,1.42,SELLER_DOMINANT,,,,
2021-07-23,2021,7,212,3,30,182,145,62,2,300,73.8,73.79,73.82,0.03,2,63,212,3,300,73.8,-300,HARTREE,2,CPUKLTD,2,"HARTREE, MERCURIASA","GUNVORSA, CPUKLTD",ALTA,CPUKLTD,"Oct21, Sep21, Sep21/Oct21",-0.7507092761276437,0.0004948045522018802,1.4339622641509433,0.12903225806451613,1.0,1.28,OFFER_PRESSURE,,,,
2021-07-26,2021,7,362,12,338,24,236,113,1,1200,55.61,0.69,74.18,73.49,114,7,361,12,1200,55.61,800,PTRIN,6,VITOL,6,"MERCURIASA, ALTA, PTRIN, VITOL","CPUKLTD, PTRIN, VITOL, HARTREE, ICE",VITOL,VITOL,"Oct21, Sep21, Sep21/Oct21",1.2530467798255753,1.2121062180438726,1.7348066298342542,0.672566371681416,0.9230769230769231,3.39,HIGH_PRICE_RANGE,,,,
2021-07-27,2021,7,301,11,149,152,195,95,0,1100,54.079,0.91,74.6,73.69,54,48,301,11,1100,54.079,-100,PTRIN,6,VITOL,6,"TOTSA, PTRIN, MERCURIASA, VITOL","VITOL, GUNVORSA, PTRIN, ICE",CPUKLTD,PTRIN,"Oct21, Sep21, Sep21/Oct21",1.0304072180529955,1.2154049150585517,0.019933554817275746,0.72,1.0,2.42,HIGH_PRICE_RANGE,,,,
2021-07-28,2021,7,409,11,306,103,258,136,4,1100,61.025,0.91,74.7,73.79,109,39,409,11,1100,61.025,900,PTRIN,4,VITOL,3,"LITASCO, OMVSTL, PTRIN, BP, HARTREE","ALTA, MERCURIASA, PTRIN, VITOL, GUNVORSA",PTRIN,CPUKLTD,"Oct21, Sep21, Sep21/Oct21",1.0304072180529955,1.2170542635658914,0.9926650366748166,0.7100977198697068,0.5,2.66,HIGH_PRICE_RANGE,,,,
2021-07-29,2021,7,111,5,59,52,102,3,1,500,74.764,74.72,74.81,0.09,4,4,110,5,500,74.764,-300,MERCURIASA,3,STASCO,2,"ALTA, MERCURIASA","STASCO, PTRIN, CPUKLTD",ALTA,PTRIN,Oct21,-0.30543015258248396,0.0014844136566056407,0.12612612612612611,0.13333333333333333,0.6666666666666666,0.46,NORMAL,,,,
2021-07-30,2021,7,21,2,15,6,17,2,0,200,75.3,75.3,75.3,0.0,2,2,21,2,200,75.3,200,ALTA,2,MERCURIASA,2,ALTA,MERCURIASA,ALTA,MERCURIASA,Oct21,-0.9733488379002236,0.0,0.8571428571428571,0.25,1.3333333333333333,1.22,SELLER_DOMINANT,,,,
2021-08-02,2021,8,198,0,88,110,155,39,4,0,,,,,3,37,198,0,0,,0,,0,,0,,,CPUKLTD,BP,"Nov21, Oct21, Oct21/Nov21",-1.3675983523498272,0.0,0.2222222222222222,0.06741573033707865,0.0,0.14,NORMAL,,,,
2021-08-03,2021,8,95,1,72,23,88,3,3,100,72.49,72.49,72.49,0.0,4,1,94,1,100,72.49,100,ALTA,1,GLENCORE,1,ALTA,GLENCORE,PTRIN,MERCURIASA,Oct21,-1.1608174814745331,0.0,1.0315789473684212,0.1095890410958904,1.0,1.07,SELLER_DOMINANT,,,,
2021-08-04,2021,8,195,0,151,44,128,65,2,0,,,,,65,1,195,0,0,,0,,0,,0,,,ALTA,MERCURIASA,"Nov21, Oct21, Oct21/Nov21",-1.3675983523498272,0.0,1.0974358974358975,0.8552631578947368,0.0,0.98,NO_SELLER,,,,
2021-08-05,2021,8,288,3,173,115,225,56,4,300,71.547,71.51,71.58,0.07,15,44,288,3,300,71.547,300,CPUKLTD,2,STASCO,2,"BP, CPUKLTD","HARTREE, STASCO",CPUKLTD,MERCURIASA,"Nov21, Oct21, Oct21/Nov21",-0.7472557397239455,0.0011545439551377207,0.4027777777777778,0.1724137931034483,1.0,0.79,NORMAL,,,,
2021-08-06,2021,8,199,2,137,62,135,59,3,200,70.7,70.37,71.03,0.66,59,3,199,2,200,70.7,0,STASCO,1,HARTREE,1,"STASCO, GLENCORE","HARTREE, MERCURIASA",STASCO,MERCURIASA,"Nov21, Oct21, Oct21/Nov21",-0.9540366105992394,0.010885700148441365,0.7537688442211056,0.855072463768116,0.6666666666666666,1.14,BID_PRESSURE,,,,
2021-08-09,2021,8,329,4,163,166,217,104,4,400,51.705,0.43,68.94,68.51,37,72,327,4,400,51.705,400,MERCURIASA,2,VITOL,2,"STASCO, MERCURIASA, LITASCO","VITOL, MERCURIASA, ICE",MERCURIASA,ALTA,"Nov21, Oct21, Oct21/Nov21",-0.5404748688486517,1.1299686623783607,0.0182370820668693,0.45121951219512196,0.8,1.31,HIGH_PRICE_RANGE,,,,
2021-08-10,2021,8,241,2,117,124,191,45,3,200,70.6,70.6,70.6,0.0,5,44,241,2,200,70.6,200,MERCURIASA,1,VITOL,2,"MERCURIASA, BP",VITOL,CPUKLTD,ALTA,"Nov21, Oct21, Oct21/Nov21",-0.9540366105992394,0.0,0.058091286307053944,0.0847457627118644,1.3333333333333333,0.74,SELLER_DOMINANT,,,,
2021-08-11,2021,8,63,1,42,21,46,12,4,100,70.33,70.33,70.33,0.0,4,10,63,1,100,70.33,100,STASCO,1,GUNVORSA,1,STASCO,GUNVORSA,CPUKLTD,GUNVORSA,"Nov21, Oct21, Oct21/Nov21",-1.1608174814745331,0.0,0.6666666666666666,0.18604651162790697,1.0,0.93,SELLER_DOMINANT,,,,
2021-08-12,2021,8,332,4,138,194,222,103,3,400,70.957,70.83,71.32,0.49,42,68,332,4,400,70.957,0,MERCURIASA,3,VITOL,3,"MERCURIASA, STASCO","VITOL, ALTA",STASCO,ALTA,"Nov21, Oct21, Oct21/Nov21",-0.5404748688486517,0.008081807685964044,0.3373493975903614,0.60431654676259,1.2,1.08,SELLER_DOMINANT,,,,
2021-08-13,2021,8,205,2,47,158,146,55,2,200,71.19,71.19,71.19,0.0,3,57,205,2,200,71.19,200,STASCO,2,ALTA,1,STASCO,"ALTA, HARTREE",MERCURIASA,ALTA,"Nov21, Oct21, Oct21/Nov21",-0.9540366105992394,0.0,1.0829268292682928,0.125,0.6666666666666666,0.94,BUYER_DOMINANT,,,,
2021-08-16,2021,8,331,8,187,144,238,81,4,800,60.87,0.29,69.7,69.41,34,58,329,8,800,60.87,400,VITOL,2,HARTREE,3,"VITOL, MERCURIASA, BP, CPUKLTD","HARTREE, MERCURIASA, ALTA, CPUKLTD, ICE",ALTA,ALTA,"Nov21, Oct21, Oct21/Nov21",0.2866486146525238,1.1448127989444168,0.2598187311178248,0.3617021276595745,0.6666666666666666,1.56,HIGH_PRICE_RANGE,,,,
2021-08-17,2021,8,532,11,323,209,339,176,6,1100,57.181,0.37,70.03,69.66,95,95,531,11,1100,57.181,900,MERCURIASA,4,MERCURIASA,4,"ALTA, MERCURIASA, VITOL, BP","MERCURIASA, HARTREE, GUNVORSA, BP, ICE",BP,GUNVORSA,"Nov21, Oct21, Oct21/Nov21",0.9069912272784053,1.1489361702127658,0.42857142857142855,0.5864197530864198,0.6666666666666666,2.26,HIGH_PRICE_RANGE,,,,
2021-08-18,2021,8,560,22,196,364,345,189,4,2300,53.656,0.45,69.69,69.24,65,138,558,22,2300,53.656,-700,BP,6,MERCURIASA,10,"TOTSA, VITOL, MERCURIASA, BP, PTRIN","ALTA, MERCURIASA, BP, PTRIN",BP,MERCURIASA,"Nov21, Oct21, Oct21/Nov21",3.0,1.1420089064819394,0.6,0.6598984771573604,0.8695652173913043,3.35,HIGH_PRICE_RANGE,,,,
2021-08-19,2021,8,519,10,229,290,343,158,8,1000,52.696,0.39,65.87,65.48,70,104,518,10,1000,52.696,-200,PTRIN,4,MERCURIASA,4,"VITOL, PTRIN, HARTREE, BP","PTRIN, ALTA, MERCURIASA, ICE",BP,ALTA,"Nov21, Oct21, Oct21/Nov21",0.7002103564031115,1.0799934026059708,0.2350674373795761,0.6086956521739131,0.7272727272727273,1.99,HIGH_PRICE_RANGE,,,,
2021-08-20,2021,8,392,6,159,233,256,126,4,600,55.072,0.34,66.18,65.84,41,94,392,6,600,55.072,0,BP,2,MERCURIASA,3,"BP, VITOL, PTRIN","MERCURIASA, HARTREE, PTRIN, ICE",BP,GUNVORSA,"Nov21, Oct21, Oct21/Nov21",-0.12691312709806393,1.0859310572323932,0.37755102040816324,0.5125,0.8571428571428571,1.53,HIGH_PRICE_RANGE,,,,
2021-08-23,2021,8,347,5,156,191,223,118,1,500,55.074,0.37,68.92,68.55,39,84,347,5,500,55.074,300,BP,4,GUNVORSA,2,"BP, VITOL","MERCURIASA, GUNVORSA, BP, ICE",BP,MERCURIASA,"Nov21, Oct21, Oct21/Nov21",-0.3336939979733578,1.1306284017812962,0.2017291066282421,0.4968152866242038,0.6666666666666666,1.36,BUYER_DOMINANT,,,,
2021-08-24,2021,8,227,4,113,114,155,66,2,400,70.797,70.31,70.96,0.65,41,30,227,4,400,70.797,200,MERCURIASA,3,HARTREE,2,"MERCURIASA, VITOL","GUNVORSA, STASCO, HARTREE",MERCURIASA,PTRIN,"Nov21, Oct21, Oct21/Nov21",-0.5404748688486517,0.010720765297707406,0.00881057268722467,0.7192982456140351,0.8,0.77,BUYER_DOMINANT,,,,
2021-08-25,2021,8,311,8,292,19,212,89,2,800,71.098,70.87,71.75,0.88,94,4,311,8,800,71.098,0,LITASCO,2,STASCO,4,"HARTREE, LITASCO, MERCURIASA, TRAFI, VITOL","STASCO, HARTREE, TOTSA",TRAFI,STASCO,"Nov21, Nov21/Dec21, Oct21, Oct21/Nov21",0.2866486146525238,0.014514266864588487,1.7556270096463023,0.6416382252559727,0.8888888888888888,1.88,BID_PRESSURE,,,,
2021-08-26,2021,8,45,1,45,0,40,1,3,100,71.58,71.58,71.58,0.0,3,0,45,1,100,71.58,100,MERCURIASA,1,LITASCO,1,MERCURIASA,LITASCO,MERCURIASA,,"Oct21, Oct21/Nov21",-1.1608174814745331,0.0,2.0,0.13043478260869565,1.0,1.57,SELLER_DOMINANT,,,,
2021-08-27,2021,8,59,1,22,37,57,0,1,100,71.58,71.58,71.58,0.0,1,1,59,1,100,71.58,100,LITASCO,1,HARTREE,1,LITASCO,HARTREE,LITASCO,MERCURIASA,Nov21,-1.1608174814745331,0.0,0.5084745762711864,0.08695652173913043,1.0,0.8,SELLER_DOMINANT,,,,
2021-08-31,2021,8,63,4,32,31,57,0,2,400,54.128,0.0,72.17,72.17,4,2,63,4,400,54.128,200,LITASCO,3,HARTREE,2,"LITASCO, MERCURIASA","HARTREE, GUNVORSA, STASCO",LITASCO,GUNVORSA,Nov21,-0.5404748688486517,1.19033481774699,0.031746031746031744,0.24242424242424243,0.8,1.25,BUYER_DOMINANT,,,,
2021-09-01,2021,9,93,4,49,44,85,1,3,400,70.968,70.95,70.98,0.03,5,3,93,4,400,70.968,0,MERCURIASA,3,HARTREE,2,"MERCURIASA, VITOL","HARTREE, GLENCORE",MERCURIASA,GUNVORSA,Nov21,-0.5440114258669798,0.0004948045522018802,0.10752688172043011,0.2,0.8,0.55,BUYER_DOMINANT,,,,
2021-09-02,2021,9,37,2,6,31,27,5,3,200,73.56,73.56,73.56,0.0,3,4,37,2,200,73.56,-200,MERCURIASA,1,STASCO,2,"MERCURIASA, VITOL",STASCO,HARTREE,ALTA,Nov21,-1.0659310171809857,0.0,1.3513513513513513,0.8571428571428571,1.3333333333333333,1.77,SELLER_DOMINANT,,,,
2021-09-03,2021,9,76,3,43,33,70,2,1,300,73.113,73.1,73.13,0.03,2,3,76,3,300,73.113,-100,MERCURIASA,2,HARTREE,1,"BP, MERCURIASA","HARTREE, ALTA, STASCO",BP,ALTA,Nov21,-0.8049712215239828,0.0004948045522018802,0.2631578947368421,0.09090909090909091,0.5,0.43,NORMAL,,,,
2021-09-06,2021,9,99,3,47,52,92,2,2,300,72.25,72.24,72.26,0.02,3,3,99,3,300,72.25,300,VITOL,2,HARTREE,3,"STASCO, VITOL",HARTREE,VITOL,GUNVORSA,Nov21,-0.8049712215239828,0.00032986970146792015,0.10101010101010101,0.125,1.5,0.86,SELLER_DOMINANT,,,,
2021-09-07,2021,9,247,5,68,179,181,59,2,500,71.978,71.97,71.98,0.01,3,64,247,5,500,71.978,-300,VITOL,3,MERCURIASA,2,"ALTA, VITOL","STASCO, GUNVORSA, MERCURIASA, CPUKLTD",MERCURIASA,CPUKLTD,"Dec21, Nov21, Nov21/Dec21",-0.28305163020997687,0.00016493485073396007,0.8987854251012146,0.08695652173913043,0.6666666666666666,0.83,OFFER_PRESSURE,,,,
2021-09-08,2021,9,121,8,0,121,107,1,5,800,72.48,71.9,72.7,0.8,0,12,121,8,800,72.48,-800,MERCURIASA,3,CPUKLTD,4,"VITOL, MERCURIASA, HARTREE, STASCO","CPUKLTD, ALTA, MERCURIASA",,GUNVORSA,"Dec21, Nov21",0.499827756761032,0.013194788058716806,2.0,0.0,0.8888888888888888,1.85,OFFER_PRESSURE,,,,
2021-09-09,2021,9,308,6,178,130,218,82,2,600,72.257,72.12,72.86,0.74,40,49,307,6,600,72.257,0,VITOL,5,MERCURIASA,4,"STASCO, VITOL","GUNVORSA, MERCURIASA",STASCO,GUNVORSA,"Dec21, Nov21, Nov21/Dec21",-0.022091834552973914,0.012205178954313046,0.3116883116883117,0.44692737430167595,1.1428571428571428,0.96,BUYER_DOMINANT,,,,
2021-09-10,2021,9,240,1,111,129,160,77,2,100,72.92,72.92,72.92,0.0,35,43,240,1,100,72.92,100,STASCO,1,MERCURIASA,1,STASCO,MERCURIASA,STASCO,ALTA,"Dec21, Nov21, Nov21/Dec21",-1.3268908128379888,0.0,0.15,0.625,1.0,0.89,SELLER_DOMINANT,,,,
2021-09-13,2021,9,239,6,73,166,177,53,3,600,73.028,72.9,73.55,0.65,3,56,239,6,600,73.028,-200,VITOL,3,LITASCO,4,"STASCO, MERCURIASA, VITOL","ALTA, LITASCO, GUNVORSA",MERCURIASA,ALTA,"Dec21, Nov21, Nov21/Dec21",-0.022091834552973914,0.010720765297707406,0.7782426778242678,0.08108108108108109,1.1428571428571428,1.01,OFFER_PRESSURE,,,,
2021-09-14,2021,9,321,14,180,141,242,64,1,1400,68.14,0.6,73.81,73.21,66,12,321,14,1400,68.14,-800,VITOL,7,LITASCO,8,"VITOL, ALTA, GUNVORSA, TRAFI, ICE","LITASCO, MERCURIASA, ALTA, GUNVORSA, PTRIN",TRAFI,LITASCO,"Dec21, Nov21, Nov21/Dec21",2.0655865307030497,1.2074880422233216,0.24299065420560748,0.7292817679558011,1.0666666666666667,3.34,HIGH_PRICE_RANGE,,,,
2021-09-15,2021,9,251,4,154,97,191,52,4,400,75.77,75.19,75.98,0.79,52,6,251,4,400,75.77,-200,ALTA,3,MERCURIASA,2,"ALTA, VITOL","PTRIN, MERCURIASA, LITASCO",TRAFI,PTRIN,"Dec21, Nov21, Nov21/Dec21",-0.5440114258669798,0.013029853207982847,0.4541832669322709,0.6709677419354839,0.8,0.97,BUYER_DOMINANT,,,,
2021-09-16,2021,9,589,7,262,327,365,212,5,700,74.619,74.33,75.01,0.68,99,124,589,7,700,74.619,-100,VITOL,2,LITASCO,4,"VITOL, ALTA, MERCURIASA, STASCO","LITASCO, PTRIN, MERCURIASA",STASCO,MERCURIASA,"Dec21, Nov21, Nov21/Dec21",0.23886796110402905,0.011215569849909287,0.22071307300509338,0.752851711026616,1.0,1.18,NORMAL,,,,
2021-09-17,2021,9,486,10,300,186,313,161,2,1000,74.481,74.29,75.09,0.8,103,69,485,10,1000,74.481,0,MERCURIASA,4,LITASCO,6,"MERCURIASA, BP, VITOL","HARTREE, PTRIN, GUNVORSA, LITASCO",CPUKLTD,PTRIN,"Dec21, Nov21, Nov21/Dec21",1.0217473480750379,0.013194788058716806,0.4691358024691358,0.6843853820598007,1.0909090909090908,1.95,NORMAL,,,,
2021-09-20,2021,9,186,5,43,143,128,51,2,500,74.2,73.88,74.65,0.77,8,49,186,5,500,74.2,100,MERCURIASA,3,VITOL,3,"GUNVORSA, MERCURIASA","VITOL, STASCO, LITASCO",MERCURIASA,VITOL,"Dec21, Nov21, Nov21/Dec21",-0.28305163020997687,0.012699983506514927,1.075268817204301,0.36363636363636365,1.0,1.23,OFFER_PRESSURE,,,,
2021-09-21,2021,9,413,6,268,145,274,128,5,600,73.308,73.17,73.94,0.77,80,58,413,6,600,73.308,0,MERCURIASA,2,LITASCO,4,"MERCURIASA, GUNVORSA, PTRIN, VITOL","LITASCO, STASCO, ALTA",TRAFI,STASCO,"Dec21, Nov21, Nov21/Dec21",-0.022091834552973914,0.012699983506514927,0.5956416464891041,0.5947955390334573,1.1428571428571428,1.17,NORMAL,,,,
2021-09-22,2021,9,251,6,136,115,202,42,1,600,75.183,74.93,75.67,0.74,4,44,251,6,600,75.183,-200,GUNVORSA,2,LITASCO,4,"GUNVORSA, MERCURIASA, PTRIN, VITOL","STASCO, LITASCO",PTRIN,STASCO,"Dec21, Nov21, Nov21/Dec21",-0.022091834552973914,0.012205178954313046,0.16733067729083664,0.058394160583941604,1.1428571428571428,0.69,NORMAL,,,,
2021-09-23,2021,9,142,1,142,0,131,6,4,100,76.51,76.51,76.51,0.0,8,0,141,1,100,76.51,100,MERCURIASA,1,HARTREE,1,MERCURIASA,HARTREE,PTRIN,,"Dec21, Nov21",-1.3268908128379888,0.0,2.0,0.11188811188811189,1.0,1.56,SELLER_DOMINANT,,,,
2021-09-24,2021,9,444,7,312,132,279,154,4,700,77.453,77.11,77.9,0.79,120,45,444,7,700,77.453,100,TRAFI,3,LITASCO,4,"ALTA, PTRIN, TRAFI, MERCURIASA","LITASCO, VITOL",TRAFI,VITOL,"Dec21, Nov21, Nov21/Dec21",0.23886796110402905,0.013029853207982847,0.8108108108108109,0.7667731629392971,1.0,1.49,BID_PRESSURE,,,,
2021-09-27,2021,9,270,4,155,115,193,71,2,400,79.358,78.95,79.78,0.83,32,45,270,4,400,79.358,200,PTRIN,2,GUNVORSA,2,"PTRIN, MERCURIASA","ALTA, GUNVORSA, STASCO",VITOL,GUNVORSA,"Dec21, Nov21, Nov21/Dec21",-0.5440114258669798,0.013689592610918686,0.2962962962962963,0.41025641025641024,0.8,0.76,NORMAL,,,,
2021-09-28,2021,9,165,2,165,0,121,40,2,200,78.805,78.43,79.18,0.75,43,0,165,2,200,78.805,200,PTRIN,1,MERCURIASA,1,"PTRIN, MERCURIASA","MERCURIASA, VITOL",HARTREE,,"Dec21, Nov21, Nov21/Dec21",-1.0659310171809857,0.012370113805047007,2.0,0.5180722891566265,0.6666666666666666,1.6,BID_PRESSURE,,,,
2021-09-29,2021,9,90,5,16,74,77,5,3,500,78.328,78.28,78.38,0.1,3,8,89,5,500,78.328,-500,MERCURIASA,4,PTRIN,3,"VITOL, MERCURIASA","PTRIN, HARTREE",MERCURIASA,HARTREE,Dec21,-0.28305163020997687,0.0016493485073396008,1.288888888888889,0.35294117647058826,1.0,1.32,BUYER_DOMINANT,,,,
2021-09-30,2021,9,74,3,74,0,70,0,1,300,78.663,78.66,78.67,0.01,4,0,74,3,300,78.663,300,LITASCO,2,ALTA,1,"LITASCO, MERCURIASA","ALTA, VITOL, STASCO",LITASCO,,Dec21,-0.8049712215239828,0.00016493485073396007,2.0,0.10666666666666667,0.5,1.3,BID_PRESSURE,,,,
2021-10-01,2021,10,94,2,73,21,84,5,3,200,78.635,78.63,78.64,0.01,4,3,93,2,200,78.635,0,STASCO,1,GUNVORSA,1,"STASCO, VITOL","GUNVORSA, PTRIN",TRAFI,PTRIN,Dec21,-0.8896244854507196,0.00016493485073396007,1.1063829787234043,0.10810810810810811,0.6666666666666666,0.94,BID_PRESSURE,,,,
2021-10-04,2021,10,298,4,202,96,232,57,5,400,81.47,80.79,81.7,0.91,60,4,297,4,400,81.47,0,LITASCO,2,GUNVORSA,1,"LITASCO, HARTREE, PTRIN","GUNVORSA, VITOL, ALTA, MERCURIASA",LITASCO,VITOL,"Dec21, Dec21/Jan22, Jan22",-0.4745359213131036,0.015009071416790368,0.7114093959731543,0.5911330049261084,0.4,0.86,BID_PRESSURE,,,,
2021-10-05,2021,10,172,9,134,38,161,0,2,900,83.2,83.15,83.25,0.1,10,1,172,9,900,83.2,700,LITASCO,4,MERCURIASA,6,"LITASCO, PTRIN, TRAFI, GUNVORSA, VITOL","MERCURIASA, ALTA, STASCO, GLENCORE",LITASCO,MERCURIASA,Dec21,0.5631854890309362,0.0016493485073396008,1.1162790697674418,0.14814814814814814,1.2,1.68,BID_PRESSURE,,,,
2021-10-06,2021,10,285,7,213,72,231,44,3,700,69.957,0.71,83.16,82.45,50,4,283,6,600,67.757,0,LITASCO,2,MERCURIASA,3,"LITASCO, GUNVORSA, PTRIN, VITOL, TRAFI","MERCURIASA, VITOL, GUNVORSA, TOTSA",TRAFI,MERCURIASA,"Dec21, Dec21/Jan22, Jan22",0.1480969248933203,1.359887844301501,0.9894736842105263,0.4672897196261682,0.75,2.04,HIGH_PRICE_RANGE,,,,
2021-10-07,2021,10,266,2,181,85,182,80,2,200,82.115,82.11,82.12,0.01,58,25,266,2,200,82.115,0,ALTA,1,GUNVORSA,1,"ALTA, CPUKLTD","GUNVORSA, STASCO",MERCURIASA,CPUKLTD,"Dec21, Dec21/Jan22, Jan22",-0.8896244854507196,0.00016493485073396007,0.7218045112781954,0.6373626373626373,0.6666666666666666,1.01,BID_PRESSURE,,,,
2021-10-08,2021,10,26,0,22,4,19,6,1,0,,,,,4,2,26,0,0,,0,,0,,0,,,TRAFI,CPUKLTD,"Dec21, Dec21/Jan22, Jan22",-1.3047130495883354,0.0,1.3846153846153846,0.34782608695652173,0.0,0.87,BID_PRESSURE,,,,
2021-10-11,2021,10,563,2,197,366,356,201,4,200,84.25,84.25,84.25,0.0,50,156,563,2,200,84.25,200,TRAFI,2,GUNVORSA,1,TRAFI,"GUNVORSA, MERCURIASA",HARTREE,GUNVORSA,"Dec21, Dec21/Jan22, Jan22",-0.8896244854507196,0.0,0.6003552397868561,0.5050505050505051,0.6666666666666666,0.89,BUYER_DOMINANT,,,,
2021-10-12,2021,10,422,7,240,182,284,128,3,700,71.254,0.65,83.5,82.85,75,63,422,7,700,71.254,-100,LITASCO,2,BP,3,"LITASCO, HARTREE, MERCURIASA, CPUKLTD, ALTA","HARTREE, GUNVORSA, BP, STASCO, ICE",TRAFI,GUNVORSA,"Dec21, Dec21/Jan22, Jan22",0.1480969248933203,1.3664852383308592,0.27488151658767773,0.6224066390041494,0.75,1.76,HIGH_PRICE_RANGE,,,,
2021-10-13,2021,10,231,5,63,168,167,56,3,500,83.048,82.8,83.39,0.59,8,55,230,5,500,83.048,100,LITASCO,3,GUNVORSA,2,"TRAFI, LITASCO, STASCO","GUNVORSA, ALTA, VITOL",LITASCO,GUNVORSA,"Dec21, Dec21/Jan22, Jan22",-0.26699163924429564,0.009731156193303643,0.9090909090909091,0.25,0.6666666666666666,0.92,OFFER_PRESSURE,,,,
2021-10-14,2021,10,106,2,10,96,74,28,2,200,82.93,82.88,82.98,0.1,1,30,106,2,200,82.93,-200,LITASCO,2,BP,2,LITASCO,BP,GLENCORE,GLENCORE,"Dec21, Dec21/Jan22, Jan22",-0.8896244854507196,0.0016493485073396008,1.6226415094339623,0.18181818181818182,1.3333333333333333,1.57,SELLER_DOMINANT,,,,
2021-10-15,2021,10,300,13,81,219,188,99,0,1300,71.7,0.6,84.97,84.37,29,82,300,13,1300,71.7,100,LITASCO,5,HARTREE,4,"LITASCO, CPUKLTD, HARTREE, VITOL, STASCO","GUNVORSA, ALTA, MERCURIASA, HARTREE, BP",HARTREE,MERCURIASA,"Dec21, Dec21/Jan22, Jan22",1.3933626173061682,1.3915553356424213,0.92,0.7073170731707317,0.5714285714285714,3.05,HIGH_PRICE_RANGE,,,,
2021-10-18,2021,10,143,4,49,94,99,38,2,500,84.602,84.07,84.78,0.71,5,39,141,4,500,84.602,500,MERCURIASA,3,GUNVORSA,2,"MERCURIASA, LITASCO","STASCO, ALTA, GUNVORSA",MERCURIASA,GUNVORSA,"Dec21, Dec21/Jan22, Jan22",-0.26699163924429564,0.011710374402111165,0.6293706293706294,0.2,0.8,0.82,BUYER_DOMINANT,,,,
2021-10-19,2021,10,252,2,55,197,162,85,3,200,84.43,84.42,84.44,0.02,16,73,252,2,200,84.43,0,LITASCO,2,PTRIN,1,LITASCO,"PTRIN, ALTA",LITASCO,HARTREE,"Dec21, Dec21/Jan22, Jan22",-0.8896244854507196,0.00032986970146792015,1.126984126984127,0.5714285714285714,0.6666666666666666,1.18,BUYER_DOMINANT,,,,
2021-10-20,2021,10,196,3,28,168,149,41,3,300,84.76,84.75,84.77,0.02,2,45,196,3,300,84.76,-100,LITASCO,2,MERCURIASA,2,"LITASCO, VITOL","PTRIN, MERCURIASA",LITASCO,STASCO,"Dec21, Dec21/Jan22, Jan22",-0.6820802033819116,0.00032986970146792015,1.4285714285714286,0.13793103448275862,1.0,1.28,OFFER_PRESSURE,,,,
2021-10-21,2021,10,523,8,207,316,310,203,2,800,72.982,0.66,83.78,83.12,89,124,510,8,800,72.982,400,LITASCO,4,STASCO,3,"PTRIN, MERCURIASA, LITASCO, ICE","STASCO, PTRIN, GUNVORSA, ALTA",MERCURIASA,GUNVORSA,"Dec21, Dec21/Jan22, Jan22",0.35564120696212825,1.3709384793006762,0.4168260038240918,0.8557692307692307,0.6666666666666666,2.08,HIGH_PRICE_RANGE,,,,
2021-10-22,2021,10,346,4,184,162,216,124,2,400,63.632,0.76,85.1,84.34,80,48,345,4,400,63.632,-400,LITASCO,1,PTRIN,3,"LITASCO, PTRIN, ALTA, ICE","PTRIN, MERCURIASA",STASCO,PTRIN,"Dec21, Dec21/Jan22, Jan22",-0.4745359213131036,1.3910605310902193,0.12716763005780346,0.8648648648648649,1.2,1.93,SELLER_DOMINANT,,,,
2021-10-25,2021,10,422,10,205,217,267,144,1,1000,69.369,0.82,86.74,85.92,74,78,422,10,1000,69.369,-400,BP,4,PTRIN,5,"STASCO, MERCURIASA, BP, PTRIN, ALTA","GUNVORSA, HARTREE, PTRIN, BP",MERCURIASA,PTRIN,"Dec21, Dec21/Jan22, Jan22",0.7707297710997442,1.417120237506185,0.05687203791469194,0.7184466019417476,0.9090909090909091,2.31,HIGH_PRICE_RANGE,,,,
2021-10-26,2021,10,360,4,140,220,232,122,2,400,64.842,0.78,86.46,85.68,62,67,360,4,400,64.842,-200,STASCO,1,GUNVORSA,2,"STASCO, ALTA, GUNVORSA, ICE","PTRIN, GUNVORSA, MERCURIASA",STASCO,GUNVORSA,"Dec21, Dec21/Jan22, Jan22",-0.4745359213131036,1.41316180108857,0.4444444444444444,0.8794326241134752,0.8,1.91,HIGH_PRICE_RANGE,,,,
2021-10-27,2021,10,211,1,29,182,144,63,3,100,84.4,84.4,84.4,0.0,1,64,211,1,100,84.4,100,MERCURIASA,1,STASCO,1,MERCURIASA,STASCO,MERCURIASA,GUNVORSA,"Dec21, Dec21/Jan22, Jan22",-1.0971687675195276,0.0,1.4502369668246446,0.06666666666666667,1.0,1.26,SELLER_DOMINANT,,,,
2021-10-28,2021,10,104,4,41,63,98,1,1,400,83.242,83.23,83.28,0.05,2,4,104,4,400,83.242,-200,MERCURIASA,2,GUNVORSA,2,"MERCURIASA, VITOL","HARTREE, GUNVORSA, PTRIN",MERCURIASA,GUNVORSA,Jan22,-0.4745359213131036,0.0008246742536698004,0.4230769230769231,0.09523809523809523,0.8,0.66,NORMAL,,,,
2021-10-29,2021,10,80,2,34,46,77,0,1,200,83.55,83.46,83.64,0.18,2,2,80,2,200,83.55,0,MERCURIASA,1,PTRIN,1,"MERCURIASA, STASCO","PTRIN, GUNVORSA",MERCURIASA,PTRIN,Jan22,-0.8896244854507196,0.0029688273132112814,0.3,0.11428571428571428,0.6666666666666666,0.54,NORMAL,,,,
2021-11-01,2021,11,116,7,0,116,108,1,0,700,84.584,84.57,84.59,0.02,0,8,116,7,700,84.584,-700,MERCURIASA,7,GUNVORSA,4,MERCURIASA,"GUNVORSA, HARTREE, PTRIN",,GUNVORSA,Jan22,-0.24466966961487402,0.00032986970146792015,2.0,0.0,1.0,1.5,BUYER_DOMINANT,,,,
2021-11-02,2021,11,193,5,40,153,140,45,3,500,84.504,84.47,84.53,0.06,4,46,193,5,500,84.504,-100,MERCURIASA,3,PTRIN,2,"MERCURIASA, BP","PTRIN, GUNVORSA, HARTREE",BP,BP,"Feb22, Jan22, Jan22/Feb22",-0.5783887242839247,0.0009896091044037604,1.1709844559585492,0.1951219512195122,0.6666666666666666,1.02,OFFER_PRESSURE,,,,
2021-11-03,2021,11,344,5,163,181,238,97,4,500,82.322,82.31,82.33,0.02,26,76,343,5,500,82.322,100,STASCO,2,PTRIN,2,"MERCURIASA, STASCO, BP","PTRIN, HARTREE, VITOL, GUNVORSA",BP,PTRIN,"Feb22, Jan22, Jan22/Feb22",-0.5783887242839247,0.00032986970146792015,0.10465116279069768,0.3170731707317073,0.6666666666666666,0.54,NORMAL,,,,
2021-11-04,2021,11,250,3,19,231,178,67,2,300,81.03,81.03,81.03,0.0,3,68,250,3,300,81.03,300,MERCURIASA,3,GUNVORSA,2,MERCURIASA,"GUNVORSA, HARTREE",MERCURIASA,PTRIN,"Feb22, Jan22, Jan22/Feb22",-0.9121077789529756,0.0,1.696,0.3,1.0,1.5,BUYER_DOMINANT,,,,
2021-11-05,2021,11,390,10,169,221,266,111,3,1000,82.655,81.81,82.87,1.06,36,88,390,10,1000,82.655,400,BP,3,LITASCO,5,"MERCURIASA, TRAFI, CPUKLTD, STASCO, BP","GUNVORSA, LITASCO, HARTREE",BP,LITASCO,"Feb22, Jan22, Jan22/Feb22",0.2559089123887021,0.01748309417779977,0.26666666666666666,0.4235294117647059,0.9090909090909091,1.01,HIGH_PRICE_RANGE,,,,
2021-11-08,2021,11,311,12,100,211,230,69,0,1200,83.578,82.71,83.76,1.05,8,75,311,12,1200,83.578,-200,HARTREE,5,LITASCO,5,"MERCURIASA, STASCO, HARTREE, VITOL, TRAFI","GLENCORE, LITASCO, ALTA, GUNVORSA, CPUKLTD",MERCURIASA,LITASCO,"Feb22, Jan22, Jan22/Feb22",0.5896279670577529,0.017318159327065808,0.7138263665594855,0.15841584158415842,0.7692307692307693,1.3,HIGH_PRICE_RANGE,,,,
2021-11-09,2021,11,454,3,202,252,299,147,5,300,84.153,84.15,84.16,0.01,62,93,454,3,300,84.153,300,STASCO,2,LITASCO,2,"STASCO, TRAFI","ALTA, LITASCO",MERCURIASA,LITASCO,"Feb22, Jan22, Jan22/Feb22",-0.9121077789529756,0.00016493485073396007,0.22026431718061673,0.6108374384236454,1.0,0.92,NORMAL,,,,
2021-11-10,2021,11,622,8,318,304,387,223,4,800,73.501,1.22,84.19,82.97,113,119,620,8,800,73.501,-200,HARTREE,3,LITASCO,3,"HARTREE, GUNVORSA, BP, LITASCO, ICE","LITASCO, VITOL, GUNVORSA, MERCURIASA",HARTREE,GUNVORSA,"Feb22, Jan22, Jan22/Feb22",-0.07781014228034866,1.3684644565396669,0.04501607717041801,0.7084639498432602,0.6666666666666666,1.53,HIGH_PRICE_RANGE,,,,
2021-11-11,2021,11,280,6,18,262,214,59,1,600,82.013,81.45,82.6,1.15,2,64,280,6,600,82.013,-200,BP,4,MERCURIASA,2,"BP, VITOL, TRAFI","MERCURIASA, LITASCO, GUNVORSA",BP,LITASCO,"Feb22, Jan22, Jan22/Feb22",-0.4115291969493994,0.018967507834405407,1.7428571428571429,0.21052631578947367,0.5714285714285714,1.27,HIGH_PRICE_RANGE,,,,
2021-11-12,2021,11,341,8,149,192,233,97,3,800,82.145,81.23,82.48,1.25,56,52,341,8,800,82.145,-800,VITOL,3,LITASCO,3,"GLENCORE, BP, CPUKLTD, MERCURIASA, VITOL","MERCURIASA, LITASCO, GUNVORSA",BP,LITASCO,"Feb22, Jan22, Jan22/Feb22",-0.07781014228034866,0.02061685634174501,0.25219941348973607,0.7466666666666667,0.6666666666666666,0.85,HIGH_PRICE_RANGE,,,,
2021-11-15,2021,11,110,7,0,110,99,2,2,700,80.969,80.35,81.4,1.05,0,10,110,7,700,80.969,-700,HARTREE,2,MERCURIASA,3,"HARTREE, GUNVORSA, VITOL, ALTA","MERCURIASA, LITASCO, STASCO",,GUNVORSA,"Feb22, Jan22",-0.24466966961487402,0.017318159327065808,2.0,0.0,0.75,1.39,HIGH_PRICE_RANGE,,,,
2021-11-16,2021,11,316,10,24,292,217,86,3,1000,73.936,1.0,82.39,81.39,2,95,316,10,1000,73.936,-600,MERCURIASA,4,STASCO,3,"CPUKLTD, PTRIN, MERCURIASA, TRAFI, LITASCO","MERCURIASA, LITASCO, PTRIN, STASCO, GUNVORSA",CPUKLTD,PTRIN,"Feb22, Jan22, Jan22/Feb22",0.2559089123887021,1.342404750123701,1.6962025316455696,0.16,0.5454545454545454,2.21,HIGH_PRICE_RANGE,,,,
2021-11-17,2021,11,92,5,65,27,83,3,1,500,65.028,1.0,82.0,81.0,2,4,92,5,500,65.028,100,MERCURIASA,3,PTRIN,2,"MERCURIASA, CPUKLTD, PTRIN","LITASCO, STASCO, MERCURIASA, PTRIN",MERCURIASA,PTRIN,"Feb22, Jan22, Jan22/Feb22",-0.5783887242839247,1.3359722909450766,0.8260869565217391,0.06060606060606061,0.6666666666666666,1.58,HIGH_PRICE_RANGE,,,,
2021-11-18,2021,11,389,7,227,162,237,144,1,700,57.697,0.93,80.98,80.05,88,65,389,7,700,57.697,-100,MERCURIASA,2,PTRIN,4,"MERCURIASA, PTRIN, CPUKLTD, ICE","PTRIN, LITASCO",MERCURIASA,PTRIN,"Feb22, Jan22, Jan22/Feb22",-0.24466966961487402,1.3203034801253504,0.3341902313624679,0.7719298245614035,1.0,1.85,HIGH_PRICE_RANGE,,,,
2021-11-19,2021,11,406,11,292,114,248,146,1,1100,64.186,0.72,78.71,77.99,122,32,406,11,1100,64.186,-500,ALTA,4,PTRIN,4,"ALTA, PTRIN, MERCURIASA, VITOL","PTRIN, ALTA, GUNVORSA, HARTREE, LITASCO",MERCURIASA,PTRIN,"Feb22, Jan22, Jan22/Feb22",0.4227684397232275,1.2863269008741545,0.8768472906403941,0.8327645051194539,0.6666666666666666,2.3,HIGH_PRICE_RANGE,,,,
2021-11-22,2021,11,413,15,226,187,257,140,1,1500,63.799,0.63,80.08,79.45,92,64,413,15,1500,63.799,-900,VITOL,5,LITASCO,6,"MERCURIASA, PTRIN, GUNVORSA, VITOL, CPUKLTD","GUNVORSA, LITASCO, PTRIN, CPUKLTD, STASCO",MERCURIASA,CPUKLTD,"Feb22, Jan22, Jan22/Feb22",1.0902065490613289,1.3104073890813128,0.18886198547215496,0.8105726872246696,0.75,2.53,HIGH_PRICE_RANGE,,,,
2021-11-23,2021,11,353,7,197,156,216,128,2,700,58.446,0.77,82.07,81.3,82,55,353,7,700,58.446,-100,CPUKLTD,2,LITASCO,2,"PTRIN, MERCURIASA, CPUKLTD, VITOL, ICE","LITASCO, PTRIN, GUNVORSA, CPUKLTD, ICE",MERCURIASA,CPUKLTD,"Feb22, Jan22, Jan22/Feb22",-0.24466966961487402,1.3409203364670954,0.23229461756373937,0.8282828282828283,0.5,1.58,HIGH_PRICE_RANGE,,,,
2021-11-24,2021,11,670,9,318,352,412,241,8,900,81.933,81.81,82.89,1.08,128,125,668,9,900,81.933,-300,STASCO,4,LITASCO,5,"ALTA, STASCO, VITOL","PTRIN, LITASCO, HARTREE",GUNVORSA,MERCURIASA,"Feb22, Jan22, Jan22/Feb22",0.08904938505417671,0.01781296387926769,0.10149253731343283,0.8025078369905956,1.0,1.03,HIGH_PRICE_RANGE,,,,
2021-11-25,2021,11,96,3,69,27,61,30,2,300,81.08,81.08,81.08,0.0,31,4,96,3,300,81.08,-300,VITOL,3,LITASCO,3,VITOL,LITASCO,GUNVORSA,LITASCO,"Feb22, Jan22, Jan22/Feb22",-0.9121077789529756,0.0,0.875,0.8857142857142857,1.5,1.63,SELLER_DOMINANT,,,,
2021-11-26,2021,11,2,0,0,2,1,1,0,0,,,,,0,1,2,0,0,,0,,0,,0,,,,GUNVORSA,Jan22,-1.4126863609565516,0.0,2.0,0.0,0.0,1.0,OFFER_PRESSURE,,,,
2021-11-29,2021,11,118,4,30,88,112,1,1,400,74.245,74.23,74.26,0.03,1,6,118,4,400,74.245,-400,MERCURIASA,4,PTRIN,3,MERCURIASA,"PTRIN, GUNVORSA",MERCURIASA,GUNVORSA,Feb22,-0.7452482516184502,0.0004948045522018802,0.9830508474576272,0.06451612903225806,1.2,1.12,SELLER_DOMINANT,,,,
2021-11-30,2021,11,125,2,59,66,117,3,3,200,70.57,70.56,70.58,0.02,2,4,123,2,200,70.57,0,MERCURIASA,2,STASCO,1,MERCURIASA,"STASCO, GUNVORSA",MERCURIASA,PTRIN,Feb22,-1.078967306287501,0.00032986970146792015,0.112,0.06666666666666667,0.6666666666666666,0.42,BUYER_DOMINANT,,,,
2021-12-01,2021,12,65,3,26,39,61,1,0,300,71.647,71.64,71.66,0.02,2,2,65,3,300,71.647,-100,MERCURIASA,3,GUNVORSA,3,MERCURIASA,GUNVORSA,MERCURIASA,GUNVORSA,Feb22,-0.5764013862249723,0.00032986970146792015,0.4,0.14814814814814814,1.5,1.02,SELLER_DOMINANT,,,,
2021-12-02,2021,12,55,2,27,28,53,0,0,200,69.975,69.97,69.98,0.01,1,1,55,2,200,69.975,0,BP,2,PTRIN,2,BP,PTRIN,BP,PTRIN,Feb22,-0.7246906963438968,0.00016493485073396007,0.03636363636363636,0.07142857142857142,1.3333333333333333,0.72,SELLER_DOMINANT,,,,
2021-12-03,2021,12,86,7,6,80,77,2,0,700,71.239,70.7,71.45,0.75,3,6,86,7,700,71.239,-300,BP,3,GUNVORSA,3,"BP, MERCURIASA, VITOL","GUNVORSA, PTRIN, VITOL",VITOL,GUNVORSA,Feb22,0.01675585425072593,0.012370113805047007,1.7209302325581395,0.8571428571428571,0.75,1.68,OFFER_PRESSURE,,,,
2021-12-06,2021,12,150,7,80,70,141,1,1,700,72.151,72.13,72.18,0.05,5,6,150,7,700,72.151,-300,MERCURIASA,3,GUNVORSA,3,"MERCURIASA, LITASCO, BP","GUNVORSA, PTRIN, STASCO, CPUKLTD",MERCURIASA,GUNVORSA,Feb22,0.01675585425072593,0.0008246742536698004,0.13333333333333333,0.12345679012345678,0.75,0.52,NORMAL,,,,
2021-12-07,2021,12,127,8,2,125,117,2,0,800,75.898,75.89,75.92,0.03,1,9,127,8,800,75.898,-800,MERCURIASA,6,GUNVORSA,6,"LITASCO, MERCURIASA","GUNVORSA, PTRIN",LITASCO,GUNVORSA,Feb22,0.1650451643696505,0.0004948045522018802,1.937007874015748,0.6666666666666666,1.3333333333333333,2.1,SELLER_DOMINANT,,,,
2021-12-08,2021,12,96,7,42,54,87,1,1,700,75.956,75.95,75.96,0.01,4,5,96,7,700,75.956,-100,MERCURIASA,4,GUNVORSA,3,"MERCURIASA, LITASCO","CPUKLTD, PTRIN, HARTREE, GUNVORSA",MERCURIASA,GUNVORSA,Feb22,0.01675585425072593,0.00016493485073396007,0.25,0.18604651162790697,0.75,0.61,NORMAL,,,,
2021-12-09,2021,12,249,4,74,175,187,58,0,400,75.352,75.19,75.41,0.22,3,60,249,4,400,75.352,-200,LITASCO,2,GUNVORSA,2,"MERCURIASA, LITASCO, BP","GUNVORSA, PTRIN, VITOL",LITASCO,GUNVORSA,"Feb22, Feb22/Mar22, Mar22",-0.42811207610604773,0.003628566716147122,0.8112449799196787,0.08,0.8,0.85,OFFER_PRESSURE,,,,
2021-12-10,2021,12,343,2,165,178,242,94,5,200,74.75,74.75,74.75,0.0,49,49,343,2,200,74.75,200,LITASCO,2,PTRIN,1,LITASCO,"PTRIN, GUNVORSA",LITASCO,GUNVORSA,"Feb22, Feb22/Mar22, Mar22",-0.7246906963438968,0.0,0.07580174927113703,0.5903614457831325,0.6666666666666666,0.67,BUYER_DOMINANT,,,,
2021-12-13,2021,12,281,5,159,122,189,85,2,500,74.832,74.66,74.96,0.3,65,26,281,5,500,74.832,-300,LITASCO,2,PTRIN,2,"LITASCO, VITOL, STASCO, CPUKLTD","HARTREE, PTRIN, MERCURIASA",LITASCO,STASCO,"Feb22, Feb22/Mar22, Mar22",-0.2798227659871232,0.004948045522018802,0.26334519572953735,0.8125,0.6666666666666666,0.87,NORMAL,,,,
2021-12-14,2021,12,344,5,205,139,217,118,4,500,59.12,0.27,73.94,73.67,82,43,344,5,500,59.12,-500,LITASCO,3,CPUKLTD,2,"LITASCO, CPUKLTD, ICE","CPUKLTD, MERCURIASA, PTRIN",STASCO,CPUKLTD,"Feb22, Feb22/Mar22, Mar22",-0.2798227659871232,1.215075045357084,0.38372093023255816,0.7961165048543689,0.6666666666666666,1.65,HIGH_PRICE_RANGE,,,,
2021-12-15,2021,12,292,4,91,201,201,83,4,400,73.052,72.98,73.09,0.11,28,60,291,4,400,73.052,-200,LITASCO,3,PTRIN,2,"LITASCO, MERCURIASA","GUNVORSA, PTRIN, CPUKLTD",GLENCORE,PTRIN,"Feb22, Feb22/Mar22, Mar22",-0.42811207610604773,0.001814283358073561,0.7534246575342466,0.6086956521739131,0.8,1.08,BUYER_DOMINANT,,,,
2021-12-16,2021,12,320,3,174,146,203,112,2,300,75.277,75.13,75.35,0.22,77,39,320,3,300,75.277,100,LITASCO,2,GUNVORSA,1,"LITASCO, STASCO","GUNVORSA, MERCURIASA, STASCO",LITASCO,CPUKLTD,"Feb22, Feb22/Mar22, Mar22",-0.5764013862249723,0.003628566716147122,0.175,0.88,0.5,0.78,NORMAL,,,,
2021-12-17,2021,12,417,7,278,139,277,132,1,700,73.859,73.7,74.09,0.39,106,33,416,7,700,73.859,-100,LITASCO,3,GUNVORSA,3,"LITASCO, BP, STASCO","PTRIN, GUNVORSA, CPUKLTD, MERCURIASA",LITASCO,CPUKLTD,"Feb22, Feb22/Mar22, Mar22",0.01675585425072593,0.006432459178624443,0.6666666666666666,0.7598566308243727,0.75,1.11,NORMAL,,,,
2021-12-20,2021,12,313,2,177,136,188,120,3,200,69.97,69.97,69.97,0.0,79,43,313,2,200,69.97,-200,GUNVORSA,2,MERCURIASA,2,GUNVORSA,MERCURIASA,LITASCO,PTRIN,"Feb22, Feb22/Mar22, Mar22",-0.7246906963438968,0.0,0.26198083067092653,0.8876404494382022,1.3333333333333333,1.24,SELLER_DOMINANT,,,,
2021-12-21,2021,12,213,3,172,41,154,55,1,300,73.55,73.5,73.58,0.08,55,4,213,3,300,73.55,300,PTRIN,1,CPUKLTD,2,"PTRIN, GUNVORSA, LITASCO","MERCURIASA, CPUKLTD",GUNVORSA,MERCURIASA,"Feb22, Feb22/Mar22, Mar22",-0.5764013862249723,0.0013194788058716806,1.2300469483568075,0.6358381502890174,1.0,1.43,BID_PRESSURE,,,,
2021-12-22,2021,12,82,3,45,37,76,2,1,300,74.61,74.61,74.61,0.0,1,5,82,3,300,74.61,-300,GUNVORSA,3,MERCURIASA,3,GUNVORSA,MERCURIASA,PTRIN,MERCURIASA,"Feb22, Feb22/Mar22, Mar22",-0.5764013862249723,0.0,0.1951219512195122,0.043478260869565216,1.5,0.87,SELLER_DOMINANT,,,,
2021-12-23,2021,12,240,4,150,90,167,67,2,400,76.098,75.48,76.31,0.83,53,19,240,4,400,76.098,200,LITASCO,3,GUNVORSA,3,"LITASCO, PTRIN","GUNVORSA, MERCURIASA",LITASCO,GUNVORSA,"Feb22, Feb22/Mar22, Mar22",-0.42811207610604773,0.013689592610918686,0.5,0.7019867549668874,1.2,1.21,SELLER_DOMINANT,,,,
2021-12-24,2021,12,41,1,4,37,37,2,1,100,76.0,76.0,76.0,0.0,2,2,0,0,0,,0,STASCO,1,MERCURIASA,1,STASCO,MERCURIASA,STASCO,GUNVORSA,"Feb22, Feb22/Mar22, Mar22",-0.8729800064628214,0.0,1.6097560975609757,0.8,1.0,1.7,SELLER_DOMINANT,,,,
2021-12-29,2021,12,157,2,2,155,150,3,2,200,78.31,78.31,78.31,0.0,1,5,156,2,200,78.31,-200,STASCO,2,PTRIN,2,STASCO,PTRIN,STASCO,PTRIN,Mar22,-0.7246906963438968,0.0,1.9490445859872612,0.6666666666666666,1.3333333333333333,1.97,SELLER_DOMINANT,,,,
2021-12-30,2021,12,62,6,33,29,56,0,0,600,79.188,79.18,79.19,0.01,5,1,62,6,600,79.188,400,HARTREE,3,MERCURIASA,4,"HARTREE, LITASCO, STASCO","PTRIN, MERCURIASA",LITASCO,PTRIN,Mar22,-0.13153345586819862,0.00016493485073396007,0.12903225806451613,0.29411764705882354,1.1428571428571428,0.78,NORMAL,,,,
2021-12-31,2021,12,76,5,8,68,71,0,0,500,77.954,77.75,78.09,0.34,2,3,0,0,0,,0,MERCURIASA,3,TOTSA,2,"CPUKLTD, MERCURIASA","TOTSA, STASCO, PTRIN",CPUKLTD,PTRIN,Mar22,-0.2798227659871232,0.0056077849249546435,1.5789473684210527,0.4444444444444444,0.6666666666666666,1.35,OFFER_PRESSURE,,,,
2022-01-04,2022,1,134,7,55,79,126,0,1,700,79.731,79.72,79.76,0.04,2,6,134,7,700,79.731,-500,GUNVORSA,4,STASCO,3,"GUNVORSA, HARTREE, CPUKLTD","PTRIN, MERCURIASA, STASCO",GUNVORSA,PTRIN,Mar22,0.07125409031405676,0.0006597394029358403,0.3582089552238806,0.07142857142857142,0.75,0.65,NORMAL,,,,
2022-01-05,2022,1,131,2,68,63,123,2,4,200,81.31,81.3,81.32,0.02,3,3,131,2,200,81.31,200,STASCO,1,MERCURIASA,1,"STASCO, GUNVORSA","MERCURIASA, PTRIN",CPUKLTD,PTRIN,Mar22,-0.8258147017325443,0.00032986970146792015,0.07633587786259542,0.08695652173913043,0.6666666666666666,0.42,NORMAL,,,,
2022-01-06,2022,1,109,1,80,29,106,1,1,100,82.5,82.5,82.5,0.0,2,2,109,1,100,82.5,100,MERCURIASA,1,PTRIN,1,MERCURIASA,PTRIN,CPUKLTD,PTRIN,Mar22,-1.0052284601418646,0.0,0.9357798165137615,0.04938271604938271,1.0,0.99,SELLER_DOMINANT,,,,
2022-01-07,2022,1,38,2,2,36,33,2,1,200,82.11,82.11,82.11,0.0,1,3,38,2,200,82.11,-200,VITOL,2,PTRIN,2,VITOL,PTRIN,MERCURIASA,PTRIN,Mar22,-0.8258147017325443,0.0,1.7894736842105263,0.6666666666666666,1.3333333333333333,1.89,SELLER_DOMINANT,,,,
2022-01-10,2022,1,40,4,0,40,36,0,0,400,81.408,81.4,81.43,0.03,0,4,40,4,400,81.408,-400,VITOL,3,STASCO,2,"ALTA, VITOL","STASCO, MERCURIASA",,MERCURIASA,Mar22,-0.4669871849139039,0.0004948045522018802,2.0,0.0,0.8,1.4,BUYER_DOMINANT,,,,
2022-01-11,2022,1,74,0,47,27,71,0,3,0,,,,,1,1,74,0,0,,0,,0,,0,,,CPUKLTD,MERCURIASA,Mar22,-1.1846422185511847,0.0,0.5405405405405406,0.041666666666666664,0.0,0.29,NORMAL,,,,
2022-01-12,2022,1,74,2,74,0,72,0,0,200,84.875,84.8,84.95,0.15,2,0,74,2,200,84.875,200,CPUKLTD,1,STASCO,1,"CPUKLTD, MERCURIASA","STASCO, HARTREE",CPUKLTD,,Mar22,-0.8258147017325443,0.002474022761009401,2.0,0.05333333333333334,0.6666666666666666,1.36,BID_PRESSURE,,,,
2022-01-13,2022,1,87,1,87,0,83,2,1,100,84.64,84.64,84.64,0.0,4,0,87,1,100,84.64,100,MERCURIASA,1,GUNVORSA,1,MERCURIASA,GUNVORSA,MERCURIASA,,"Apr22, Mar22",-1.0052284601418646,0.0,2.0,0.09090909090909091,1.0,1.55,SELLER_DOMINANT,,,,
2022-01-14,2022,1,148,1,107,41,98,46,3,100,85.61,85.61,85.61,0.0,35,15,148,1,100,85.61,100,MERCURIASA,1,HARTREE,1,MERCURIASA,HARTREE,CPUKLTD,CPUKLTD,"Apr22, Mar22, Mar22/Apr22",-1.0052284601418646,0.0,0.8918918918918919,0.6481481481481481,1.0,1.27,SELLER_DOMINANT,,,,
2022-01-17,2022,1,301,4,123,178,232,63,2,400,86.478,86.46,86.49,0.03,5,63,301,4,400,86.478,0,HARTREE,3,MERCURIASA,2,"HARTREE, GUNVORSA","MERCURIASA, PTRIN",GUNVORSA,PTRIN,"Apr22, Mar22, Mar22/Apr22",-0.4669871849139039,0.0004948045522018802,0.3654485049833887,0.08064516129032258,0.8,0.62,BUYER_DOMINANT,,,,
2022-01-18,2022,1,280,10,84,196,204,65,1,1000,69.716,0.51,87.15,86.64,14,61,280,10,1000,69.716,-600,GUNVORSA,4,STASCO,4,"ALTA, GUNVORSA, TOTSA, HARTREE, VITOL","STASCO, MERCURIASA, GUNVORSA, ICE",TOTSA,STASCO,"Apr22, Mar22, Mar22/Apr22",0.6094953655420174,1.42899554675903,0.8,0.32941176470588235,0.7272727272727273,2.27,HIGH_PRICE_RANGE,,,,
2022-01-19,2022,1,408,4,183,225,280,119,5,400,66.482,0.7,88.88,88.18,45,81,407,4,400,66.482,400,GLENCORE,2,CPUKLTD,1,"TOTSA, GLENCORE, VITOL","CPUKLTD, STASCO, GLENCORE, ICE",GLENCORE,STASCO,"Apr22, Mar22, Mar22/Apr22",-0.4669871849139039,1.4543955137720601,0.20588235294117646,0.4891304347826087,0.4,1.42,HIGH_PRICE_RANGE,,,,
2022-01-20,2022,1,371,6,216,155,231,131,3,600,74.255,0.74,89.26,88.52,74,63,371,6,600,74.255,-200,PTRIN,2,STASCO,3,"PTRIN, TOTSA, CPUKLTD, STASCO","MERCURIASA, GUNVORSA, STASCO, CPUKLTD",GLENCORE,STASCO,"Apr22, Mar22, Mar22/Apr22",-0.10815966809526345,1.4600032986970146,0.3288409703504043,0.6820276497695853,0.8571428571428571,1.81,HIGH_PRICE_RANGE,,,,
2022-01-21,2022,1,450,4,252,198,286,157,3,400,88.008,87.42,88.25,0.83,89,73,450,4,400,88.008,-200,TOTSA,1,STASCO,3,"TOTSA, PTRIN, ALTA, HARTREE","STASCO, MERCURIASA",PTRIN,STASCO,"Apr22, Mar22, Mar22/Apr22",-0.4669871849139039,0.013689592610918686,0.24,0.7035573122529645,1.2,1.08,SELLER_DOMINANT,,,,
2022-01-24,2022,1,504,8,311,193,328,163,5,800,85.561,85.18,85.92,0.74,88,85,504,8,800,85.561,800,BP,2,MERCURIASA,3,"BP, PTRIN, GUNVORSA, TOTSA","CPUKLTD, HARTREE, MERCURIASA, STASCO",CPUKLTD,MERCURIASA,"Apr22, Mar22, Mar22/Apr22",0.250667848723377,0.012205178954313046,0.46825396825396826,0.5641025641025641,0.6666666666666666,1.06,NORMAL,,,,
2022-01-25,2022,1,475,5,329,146,306,158,6,500,86.84,86.78,86.89,0.11,106,60,475,5,500,86.84,500,TOTSA,2,GUNVORSA,2,"MERCURIASA, TOTSA, BP","GUNVORSA, HARTREE, STASCO",CPUKLTD,MERCURIASA,"Apr22, Mar22, Mar22/Apr22",-0.2875734265045837,0.001814283358073561,0.7705263157894737,0.6424242424242425,0.6666666666666666,1.04,BID_PRESSURE,,,,
2022-01-26,2022,1,362,6,282,80,240,114,2,600,89.862,89.22,90.43,1.21,92,28,360,6,600,89.862,200,PTRIN,3,GUNVORSA,3,"TRAFI, TOTSA, PTRIN","GUNVORSA, HARTREE",PTRIN,CPUKLTD,"Apr22, Mar22, Mar22/Apr22",-0.10815966809526345,0.01995711693880917,1.1160220994475138,0.6501766784452296,0.8571428571428571,1.32,HIGH_PRICE_RANGE,,,,
2022-01-27,2022,1,418,8,319,99,279,127,4,800,89.414,88.78,90.07,1.29,108,29,416,8,800,89.414,400,PTRIN,4,GUNVORSA,3,"PTRIN, TOTSA, VITOL","ALTA, GUNVORSA, HARTREE, STASCO",PTRIN,CPUKLTD,"Apr22, Mar22, Mar22/Apr22",0.250667848723377,0.02127659574468085,1.0526315789473684,0.675,0.6666666666666666,1.41,HIGH_PRICE_RANGE,,,,
2022-01-28,2022,1,109,7,54,55,101,0,1,700,89.717,89.71,89.73,0.02,4,5,109,7,700,89.717,-100,TOTSA,3,MERCURIASA,5,"STASCO, TRAFI, TOTSA, VITOL","MERCURIASA, GUNVORSA",TOTSA,MERCURIASA,Apr22,0.07125409031405676,0.00032986970146792015,0.01834862385321101,0.14545454545454545,1.25,0.76,SELLER_DOMINANT,,,,
2022-01-31,2022,1,106,8,63,43,97,1,0,800,89.115,89.1,89.13,0.03,7,4,106,8,800,89.115,600,TOTSA,4,STASCO,3,"TOTSA, MERCURIASA","HARTREE, STASCO, BP, VITOL",MERCURIASA,BP,Apr22,0.250667848723377,0.0004948045522018802,0.37735849056603776,0.21875,0.6666666666666666,0.83,NORMAL,,,,
2022-02-01,2022,2,103,5,31,72,95,2,1,500,89.728,89.72,89.74,0.02,5,3,101,5,500,89.728,100,MERCURIASA,5,VITOL,2,MERCURIASA,"VITOL, PTRIN, GUNVORSA",MERCURIASA,PTRIN,Apr22,-0.3579172306446218,0.00032986970146792015,0.7961165048543689,0.3125,0.6666666666666666,0.89,BUYER_DOMINANT,,,,
2022-02-02,2022,2,134,5,73,61,127,0,2,500,88.694,88.69,88.71,0.02,4,4,134,5,500,88.694,-100,MERCURIASA,4,GUNVORSA,3,"CPUKLTD, MERCURIASA","GUNVORSA, PTRIN",MERCURIASA,PTRIN,Apr22,-0.3579172306446218,0.00032986970146792015,0.1791044776119403,0.10810810810810811,1.0,0.64,BUYER_DOMINANT,,,,
2022-02-03,2022,2,58,4,46,12,50,2,2,400,89.998,89.98,90.03,0.05,4,3,58,4,400,89.998,0,CPUKLTD,3,STASCO,3,"CPUKLTD, MERCURIASA","STASCO, VITOL",CPUKLTD,STASCO,Apr22,-0.5316886397257062,0.0008246742536698004,1.1724137931034482,0.1702127659574468,1.2,1.27,SELLER_DOMINANT,,,,
2022-02-04,2022,2,45,2,27,18,42,1,0,200,93.55,93.55,93.55,0.0,1,2,45,2,200,93.55,-200,ALTA,1,PTRIN,2,"ALTA, STASCO",PTRIN,MERCURIASA,PTRIN,Apr22,-0.8792314578878752,0.0,0.4,0.07142857142857142,1.3333333333333333,0.9,SELLER_DOMINANT,,,,
2022-02-07,2022,2,192,5,49,143,134,53,0,600,92.72,91.8,93.35,1.55,5,53,188,5,600,92.72,0,MERCURIASA,2,GUNVORSA,3,"TRAFI, MERCURIASA, VITOL","MERCURIASA, HARTREE, GUNVORSA",MERCURIASA,GUNVORSA,"Apr22, Apr22/May22, May22",-0.18414582156353734,0.02556490186376381,0.9791666666666666,0.2,1.0,1.1,HIGH_PRICE_RANGE,,,,
2022-02-08,2022,2,227,6,125,102,177,42,2,600,89.803,89.16,90.46,1.3,6,43,227,6,600,89.803,400,MERCURIASA,3,GUNVORSA,4,"MERCURIASA, VITOL, TRAFI","GUNVORSA, STASCO, MERCURIASA",TRAFI,STASCO,"Apr22, Apr22/May22, May22",-0.18414582156353734,0.02144153059541481,0.2026431718061674,0.09523809523809523,1.1428571428571428,0.73,HIGH_PRICE_RANGE,,,,
2022-02-09,2022,2,310,4,164,146,196,108,2,400,91.365,90.76,91.97,1.21,49,64,310,4,400,91.365,400,MERCURIASA,2,GUNVORSA,3,"MERCURIASA, TRAFI","GUNVORSA, MERCURIASA",PTRIN,MERCURIASA,"Apr22, Apr22/May22, May22",-0.5316886397257062,0.01995711693880917,0.11612903225806452,0.593939393939394,1.2,0.97,SELLER_DOMINANT,,,,
2022-02-10,2022,2,487,7,206,281,327,149,4,700,66.329,1.39,92.86,91.47,53,109,483,7,700,66.329,100,PTRIN,4,MERCURIASA,3,"PTRIN, MERCURIASA, HARTREE","MERCURIASA, PTRIN, ICE",PTRIN,MERCURIASA,"Apr22, Apr22/May22, May22",-0.01037441248245289,1.5086590796635329,0.3080082135523614,0.5120772946859904,0.75,1.69,HIGH_PRICE_RANGE,,,,
2022-02-11,2022,2,169,1,169,0,117,49,2,100,91.64,91.64,91.64,0.0,50,0,169,1,100,91.64,100,MERCURIASA,1,HARTREE,1,MERCURIASA,HARTREE,PTRIN,,"Apr22, Apr22/May22, May22",-1.0530028669689597,0.0,2.0,0.5882352941176471,1.0,1.79,SELLER_DOMINANT,,,,
2022-02-14,2022,2,202,5,89,113,149,47,1,500,95.088,95.08,95.09,0.01,6,46,202,5,500,95.088,500,GUNVORSA,5,CPUKLTD,2,GUNVORSA,"CPUKLTD, MERCURIASA, ALTA, HARTREE",GUNVORSA,PTRIN,"Apr22, Apr22/May22, May22",-0.3579172306446218,0.00016493485073396007,0.2376237623762376,0.13333333333333333,0.6666666666666666,0.52,BUYER_DOMINANT,,,,
2022-02-15,2022,2,182,5,111,71,140,35,2,500,74.424,2.06,93.03,90.97,6,33,182,5,500,74.424,300,PTRIN,2,MERCURIASA,2,"MERCURIASA, PTRIN, GUNVORSA","PTRIN, MERCURIASA, STASCO, VITOL",GUNVORSA,PTRIN,"Apr22, Apr22/May22, May22",-0.3579172306446218,1.5004123371268347,0.43956043956043955,0.10714285714285714,0.6666666666666666,1.51,HIGH_PRICE_RANGE,,,,
2022-02-16,2022,2,179,3,165,14,133,42,1,300,94.33,93.5,95.99,2.49,43,2,179,3,300,94.33,-100,GLENCORE,2,STASCO,2,"GLENCORE, TRAFI","STASCO, MERCURIASA",TRAFI,STASCO,"Apr22, Apr22/May22, May22",-0.7054600488067907,0.041068777832756066,1.687150837988827,0.5180722891566265,1.0,1.63,HIGH_PRICE_RANGE,,,,
2022-02-17,2022,2,74,3,53,21,68,2,1,300,93.11,93.11,93.11,0.0,2,3,74,3,300,93.11,-300,VITOL,3,STASCO,3,VITOL,STASCO,GUNVORSA,STASCO,Apr22,-0.7054600488067907,0.0,0.8648648648648649,0.07407407407407407,1.5,1.22,SELLER_DOMINANT,,,,
2022-02-18,2022,2,288,9,85,203,204,72,3,900,72.623,2.07,93.41,91.34,5,78,288,9,900,72.623,-300,PTRIN,4,MERCURIASA,5,"CPUKLTD, HARTREE, PTRIN, VITOL, TRAFI","MERCURIASA, PTRIN, ICE",GUNVORSA,PTRIN,"Apr22, Apr22/May22, May22",0.337168405679716,1.5065149266039914,0.8194444444444444,0.11627906976744186,1.0,2.14,HIGH_PRICE_RANGE,,,,
2022-02-21,2022,2,136,1,136,0,89,44,2,100,92.88,92.88,92.88,0.0,45,0,136,1,100,92.88,100,VITOL,1,GUNVORSA,1,VITOL,GUNVORSA,PTRIN,,"Apr22, Apr22/May22, May22",-1.0530028669689597,0.0,2.0,0.656934306569343,1.0,1.83,SELLER_DOMINANT,,,,
2022-02-22,2022,2,252,10,216,36,179,63,0,1000,77.397,2.91,97.11,94.2,69,2,252,10,1000,77.397,400,STASCO,3,GUNVORSA,6,"PTRIN, GUNVORSA, STASCO, BP, ICE","GUNVORSA, PTRIN, VITOL, HARTREE",BP,VITOL,"Apr22, Apr22/May22, May22",0.5109398147608005,1.553686293913904,1.4285714285714286,0.6359447004608295,1.0909090909090908,2.92,HIGH_PRICE_RANGE,,,,
2022-02-23,2022,2,103,11,103,0,68,23,1,1100,79.432,2.8,97.52,94.72,35,0,103,11,1100,79.432,1100,CPUKLTD,4,HARTREE,3,"CPUKLTD, BP, STASCO","GUNVORSA, CPUKLTD, HARTREE, VITOL, MERCURIASA",CPUKLTD,,"Apr22, Apr22/May22, May22",0.684711223841885,1.5622629061520699,2.0,0.6730769230769231,0.5,3.07,HIGH_PRICE_RANGE,,,,
2022-02-24,2022,2,223,3,223,0,157,60,3,300,102.61,99.69,104.07,4.38,64,0,222,3,300,102.61,300,STASCO,2,GUNVORSA,1,"STASCO, MERCURIASA","GUNVORSA, VITOL, MERCURIASA",CPUKLTD,,"Apr22, Apr22/May22, May22",-0.7054600488067907,0.07224146462147452,2.0,0.5714285714285714,0.5,1.58,HIGH_PRICE_RANGE,,,,
2022-02-25,2022,2,114,10,58,56,102,1,1,1000,93.729,93.67,93.86,0.19,3,9,114,10,1000,93.729,-600,BP,3,GUNVORSA,8,"BP, MERCURIASA, STASCO, VITOL, HARTREE","GUNVORSA, HARTREE",BP,GUNVORSA,May22,0.5109398147608005,0.0031337621639452415,0.03508771929824561,0.1016949152542373,1.4545454545454546,1.21,SELLER_DOMINANT,,,,
2022-02-28,2022,2,138,7,138,0,129,1,1,700,97.88,97.87,97.9,0.03,9,0,138,7,700,97.88,700,MERCURIASA,4,GUNVORSA,3,"VITOL, MERCURIASA, BP","GUNVORSA, HARTREE, CPUKLTD",VITOL,,May22,-0.01037441248245289,0.0004948045522018802,2.0,0.12949640287769784,0.75,1.44,BID_PRESSURE,,,,
2022-03-01,2022,3,188,1,155,33,180,3,4,100,106.35,106.35,106.35,0.0,6,1,188,1,100,106.35,100,MERCURIASA,1,GUNVORSA,1,MERCURIASA,GUNVORSA,VITOL,GUNVORSA,May22,-1.194490191863838,0.0,1.297872340425532,0.07692307692307693,1.0,1.19,SELLER_DOMINANT,,,0.68,
2022-03-02,2022,3,275,3,254,21,269,2,1,300,110.28,110.27,110.3,0.03,5,1,275,3,300,110.28,300,MERCURIASA,2,STASCO,1,"MERCURIASA, VITOL","STASCO, GUNVORSA, CPUKLTD",VITOL,GUNVORSA,May22,-0.5904116280150777,0.0004948045522018802,1.6945454545454546,0.0392156862745098,0.5,1.12,BID_PRESSURE,,,0.51,-0.17
2022-03-03,2022,3,193,3,174,19,188,1,1,300,113.82,113.81,113.84,0.03,4,1,193,3,300,113.82,300,BP,2,GUNVORSA,2,"BP, VITOL","CPUKLTD, GUNVORSA",BP,GUNVORSA,May22,-0.5904116280150777,0.0004948045522018802,1.6062176165803108,0.045714285714285714,1.0,1.33,BID_PRESSURE,,,0.38,-0.13
2022-03-04,2022,3,165,5,144,21,156,1,3,500,114.784,114.74,114.8,0.06,6,2,165,5,500,114.784,500,VITOL,3,HARTREE,3,"MERCURIASA, VITOL","HARTREE, GUNVORSA, CPUKLTD",VITOL,GUNVORSA,May22,0.013666935833682394,0.0009896091044037604,1.490909090909091,0.08275862068965517,1.0,1.3,BID_PRESSURE,,,0.3,-0.08
2022-03-07,2022,3,139,4,8,131,133,1,1,400,124.95,124.93,124.97,0.04,1,5,139,4,400,124.95,-400,VITOL,4,PTRIN,2,VITOL,"PTRIN, MERCURIASA",HARTREE,GUNVORSA,May22,-0.2883723460906977,0.0006597394029358403,1.7697841726618706,0.2222222222222222,0.8,1.4,BUYER_DOMINANT,,,0.57,0.27
2022-03-08,2022,3,158,2,55,103,154,2,0,200,131.63,131.53,131.73,0.2,1,3,158,2,200,131.63,0,VITOL,1,PTRIN,1,"VITOL, MERCURIASA","PTRIN, GUNVORSA",MERCURIASA,PTRIN,May22,-0.8924509099394579,0.0032986970146792016,0.6075949367088608,0.03571428571428571,0.6666666666666666,0.66,NORMAL,,,0.36,-0.21
2022-03-09,2022,3,197,5,142,55,188,2,2,500,122.778,122.74,122.8,0.06,5,3,197,5,500,122.778,500,VITOL,3,CPUKLTD,2,"VITOL, MERCURIASA","GUNVORSA, CPUKLTD, HARTREE",VITOL,PTRIN,May22,0.013666935833682394,0.0009896091044037604,0.883248730964467,0.06993006993006994,0.6666666666666666,0.82,BID_PRESSURE,,,0.59,0.23
2022-03-10,2022,3,137,2,0,137,134,1,0,200,113.975,113.9,114.05,0.15,0,3,137,2,200,113.975,-200,MERCURIASA,1,PTRIN,1,"MERCURIASA, HARTREE","PTRIN, CPUKLTD",,CPUKLTD,May22,-0.8924509099394579,0.002474022761009401,2.0,0.0,0.6666666666666666,1.33,OFFER_PRESSURE,,,0.83,0.24
2022-03-11,2022,3,362,4,100,262,260,93,5,400,110.868,108.13,111.78,3.65,5,94,361,4,400,110.868,400,MERCURIASA,3,BP,1,"MERCURIASA, VITOL","BP, STASCO, PTRIN, GUNVORSA",VITOL,PTRIN,"Jun22, May22, May22/Jun22",-0.2883723460906977,0.06020122051789543,0.8950276243093923,0.09900990099009901,0.4,0.73,BUYER_DOMINANT,,,0.63,-0.2
2022-03-14,2022,3,310,3,258,52,210,93,4,300,105.433,105.38,105.51,0.13,96,2,309,3,300,105.433,300,VITOL,3,MERCURIASA,3,VITOL,MERCURIASA,PTRIN,PTRIN,"Jun22, May22, May22/Jun22",-0.5904116280150777,0.002144153059541481,1.3290322580645162,0.7413127413127413,1.5,1.79,SELLER_DOMINANT,,,0.68,0.05
2022-03-15,2022,3,97,2,72,25,94,1,0,200,101.23,100.63,101.83,1.2,2,1,97,2,200,101.23,0,GUNVORSA,2,MERCURIASA,1,GUNVORSA,"MERCURIASA, PTRIN",GUNVORSA,PTRIN,May22,-0.8924509099394579,0.01979218208807521,0.9690721649484536,0.0547945205479452,0.6666666666666666,0.86,BUYER_DOMINANT,,,0.39,-0.29
2022-03-16,2022,3,258,5,237,21,201,4,48,500,99.928,99.9,99.94,0.04,9,2,213,5,500,99.928,500,VITOL,5,GUNVORSA,2,VITOL,"GUNVORSA, MERCURIASA, PTRIN, CPUKLTD",VITOL,PTRIN,"Jun22, May22, May22/Jun22",0.013666935833682394,0.0006597394029358403,1.6744186046511629,0.07563025210084033,0.6666666666666666,1.22,BUYER_DOMINANT,,,0.4,0.01
2022-03-17,2022,3,189,2,149,40,184,1,2,200,106.84,106.59,107.09,0.5,4,1,189,2,200,106.84,200,TRAFI,1,MERCURIASA,1,"TRAFI, VITOL","MERCURIASA, HARTREE",VITOL,MERCURIASA,May22,-0.8924509099394579,0.008246742536698003,1.1534391534391535,0.05333333333333334,0.6666666666666666,0.94,BID_PRESSURE,,,0.47,0.07
2022-03-18,2022,3,138,4,4,134,130,1,3,400,107.238,107.2,107.26,0.06,1,5,138,4,400,107.238,-400,HARTREE,2,VITOL,3,"HARTREE, GLENCORE, GUNVORSA","MERCURIASA, VITOL",GLENCORE,VITOL,May22,-0.2883723460906977,0.0009896091044037604,1.8840579710144927,0.4,1.2,1.74,SELLER_DOMINANT,,,0.33,-0.14
2022-03-21,2022,3,320,3,279,41,222,93,2,300,111.78,111.76,111.79,0.03,93,4,320,3,300,111.78,100,VITOL,2,MERCURIASA,3,"VITOL, GUNVORSA",MERCURIASA,CPUKLTD,MERCURIASA,"Jun22, May22, May22/Jun22",-0.5904116280150777,0.0004948045522018802,1.4875,0.6642857142857143,1.5,1.83,SELLER_DOMINANT,,,0.42,0.09
2022-03-22,2022,3,758,3,613,145,469,284,2,300,111.453,111.41,111.48,0.07,240,49,757,3,300,111.453,100,VITOL,3,HARTREE,2,VITOL,"MERCURIASA, HARTREE",GUNVORSA,BP,"Jun22, May22, May22/Jun22",-0.5904116280150777,0.0011545439551377207,1.2348284960422165,0.7817589576547231,1.0,1.51,BUYER_DOMINANT,,,0.35,-0.07
2022-03-23,2022,3,235,5,103,132,168,61,1,500,95.692,3.95,121.59,117.64,20,44,235,5,500,95.692,100,GUNVORSA,2,BP,2,"GUNVORSA, BP, VITOL","BP, GUNVORSA, HARTREE",VITOL,BP,"Jun22, May22, May22/Jun22",0.013666935833682394,1.9402935840343063,0.24680851063829787,0.38461538461538464,0.6666666666666666,1.82,HIGH_PRICE_RANGE,,,-0.04,-0.39
2022-03-24,2022,3,599,6,505,94,370,219,4,600,97.795,3.53,119.01,115.48,196,31,599,6,600,97.795,400,VITOL,3,MERCURIASA,3,"VITOL, BP, GUNVORSA, ICE","GLENCORE, MERCURIASA, BP",GUNVORSA,BP,"Jun22, May22, May22/Jun22",0.31570621775806246,1.904667656275771,1.3722871452420702,0.7747035573122529,0.8571428571428571,2.9,HIGH_PRICE_RANGE,,,-0.06,-0.02
2022-03-25,2022,3,352,4,345,7,248,97,3,400,117.362,117.19,117.42,0.23,103,1,0,0,0,,0,VITOL,3,GLENCORE,2,"VITOL, MERCURIASA","GLENCORE, HARTREE, GUNVORSA",CPUKLTD,BP,"Jun22, May22, May22/Jun22",-0.2883723460906977,0.003793501566881082,1.9204545454545454,0.5953757225433526,0.8,1.66,BUYER_DOMINANT,,,-0.51,-0.45
2022-03-28,2022,3,556,6,553,3,387,161,2,600,93.507,2.95,113.97,111.02,166,1,556,6,600,93.507,400,VITOL,2,BP,2,"VITOL, CPUKLTD, BP, MERCURIASA","GUNVORSA, BP, CPUKLTD, HARTREE, GLENCORE",CPUKLTD,BP,"Jun22, May22, May22/Jun22",0.31570621775806246,1.8311067128484246,1.9784172661870503,0.5992779783393501,0.5714285714285714,2.93,HIGH_PRICE_RANGE,,,-0.34,0.17
2022-03-29,2022,3,508,1,506,2,360,144,3,100,107.21,107.21,107.21,0.0,145,1,508,1,100,107.21,100,CPUKLTD,1,ALTA,1,CPUKLTD,ALTA,GUNVORSA,BP,"Jun22, May22, May22/Jun22",-1.194490191863838,0.0,1.984251968503937,0.571992110453649,1.0,1.78,SELLER_DOMINANT,,,-0.45,-0.11
2022-03-30,2022,3,185,3,159,26,177,4,1,300,111.52,111.51,111.54,0.03,6,2,185,3,300,111.52,300,VITOL,3,HARTREE,3,VITOL,HARTREE,VITOL,GUNVORSA,Jun22,-0.5904116280150777,0.0004948045522018802,1.4378378378378378,0.075,1.5,1.51,SELLER_DOMINANT,,,-0.79,-0.34
2022-03-31,2022,3,159,4,159,0,152,3,0,400,107.792,107.78,107.81,0.03,7,0,159,4,400,107.792,400,MERCURIASA,3,GUNVORSA,2,"MERCURIASA, VITOL","GUNVORSA, CPUKLTD, GLENCORE",VITOL,,Jun22,-0.2883723460906977,0.0004948045522018802,2.0,0.0875,0.8,1.44,BUYER_DOMINANT,,,1.22,2.01
2022-04-01,2022,4,132,4,48,84,127,0,1,400,106.01,106.01,106.01,0.0,4,2,132,4,400,106.01,400,MERCURIASA,4,GUNVORSA,2,MERCURIASA,"GUNVORSA, VITOL",MERCURIASA,GUNVORSA,Jun22,-0.41610714302625873,0.0,0.5454545454545454,0.16326530612244897,0.8,0.75,BUYER_DOMINANT,0.19,,,
2022-04-04,2022,4,99,3,46,53,92,2,2,300,108.22,108.15,108.27,0.12,2,4,99,3,300,108.22,-300,BP,3,MERCURIASA,3,BP,MERCURIASA,BP,MERCURIASA,Jun22,-0.5854730669439715,0.001979218208807521,0.1414141414141414,0.0851063829787234,1.5,0.86,SELLER_DOMINANT,0.09,-0.1,,
2022-04-05,2022,4,84,1,0,84,81,2,0,100,107.22,107.22,107.22,0.0,0,3,84,1,100,107.22,-100,MERCURIASA,1,GUNVORSA,1,MERCURIASA,GUNVORSA,,GUNVORSA,Jun22,-0.9242049147793969,0.0,2.0,0.0,1.0,1.5,SELLER_DOMINANT,0.04,-0.05,,
2022-04-06,2022,4,177,5,57,120,171,1,0,500,104.538,104.49,104.55,0.06,3,4,177,5,500,104.538,100,VITOL,5,MERCURIASA,4,VITOL,"MERCURIASA, GUNVORSA",VITOL,MERCURIASA,Jun22,-0.24674121910854602,0.0009896091044037604,0.711864406779661,0.10344827586206896,1.3333333333333333,1.07,SELLER_DOMINANT,-0.12,-0.16,,
2022-04-07,2022,4,145,1,0,145,142,1,1,100,99.05,99.05,99.05,0.0,0,2,145,1,100,99.05,-100,GUNVORSA,1,VITOL,1,GUNVORSA,VITOL,,VITOL,Jun22,-0.9242049147793969,0.0,2.0,0.0,1.0,1.5,SELLER_DOMINANT,-0.16,-0.04,,
2022-04-08,2022,4,165,3,165,0,162,0,0,300,101.467,101.42,101.49,0.07,3,0,165,3,300,101.467,300,VITOL,2,GUNVORSA,2,"VITOL, MERCURIASA","GLENCORE, GUNVORSA",VITOL,,Jun22,-0.5854730669439715,0.0011545439551377207,2.0,0.03614457831325301,1.0,1.52,BID_PRESSURE,-0.19,-0.03,,
2022-04-11,2022,4,95,2,0,95,91,1,1,200,99.31,99.31,99.31,0.0,0,4,95,2,200,99.31,-200,VITOL,1,MERCURIASA,2,"VITOL, GUNVORSA",MERCURIASA,,MERCURIASA,Jun22,-0.7548389908616843,0.0,2.0,0.0,1.3333333333333333,1.67,SELLER_DOMINANT,-0.19,0.0,,
2022-04-12,2022,4,349,5,130,219,250,94,0,500,105.18,104.97,105.54,0.57,6,93,349,5,500,105.18,500,VITOL,3,GUNVORSA,5,"VITOL, MERCURIASA",GUNVORSA,VITOL,GUNVORSA,"Jul22, Jun22, Jun22/Jul22",-0.24674121910854602,0.009401286491835723,0.5100286532951289,0.0916030534351145,1.6666666666666667,1.14,SELLER_DOMINANT,-0.25,-0.06,,
2022-04-13,2022,4,284,3,35,249,196,85,0,300,71.353,0.54,107.05,106.51,1,88,284,3,300,71.353,-100,MERCURIASA,1,GLENCORE,1,"MERCURIASA, VITOL, GLENCORE","GLENCORE, GUNVORSA, ICE",MERCURIASA,GUNVORSA,"Jul22, Jun22, Jun22/Jul22",-0.5854730669439715,1.7567210951674088,1.5070422535211268,0.05555555555555555,0.5,2.09,HIGH_PRICE_RANGE,-0.39,-0.14,,
2022-04-14,2022,4,490,3,269,221,325,161,1,300,106.79,106.75,106.81,0.06,95,70,0,0,0,,0,MERCURIASA,3,VITOL,3,MERCURIASA,VITOL,GUNVORSA,GUNVORSA,"Jul22, Jun22, Jun22/Jul22",-0.5854730669439715,0.0009896091044037604,0.19591836734693877,0.7037037037037037,1.5,1.2,SELLER_DOMINANT,-0.43,-0.04,,
2022-04-19,2022,4,85,1,3,82,79,3,2,100,107.41,107.41,107.41,0.0,1,4,85,1,100,107.41,-100,GUNVORSA,1,MERCURIASA,1,GUNVORSA,MERCURIASA,MERCURIASA,GUNVORSA,"Jul22, Jun22, Jun22/Jul22",-0.9242049147793969,0.0,1.8588235294117648,0.5,1.0,1.68,SELLER_DOMINANT,-0.78,-0.37,,
2022-04-20,2022,4,80,3,66,14,76,0,1,300,107.24,107.24,107.24,0.0,3,1,80,3,300,107.24,300,VITOL,3,GLENCORE,1,VITOL,"GLENCORE, HARTREE, GUNVORSA",VITOL,GUNVORSA,Jun22,-0.5854730669439715,0.0,1.3,0.08955223880597014,0.5,0.94,BUYER_DOMINANT,-0.65,0.13,,
2022-04-21,2022,4,72,2,0,72,68,0,2,200,107.71,107.71,107.71,0.0,0,3,72,2,200,107.71,-200,GUNVORSA,2,VITOL,2,GUNVORSA,VITOL,,VITOL,"Jul22, Jun22",-0.7548389908616843,0.0,2.0,0.0,1.3333333333333333,1.67,SELLER_DOMINANT,-0.82,-0.17,,
2022-04-22,2022,4,783,2,286,497,471,308,2,200,106.735,106.59,106.88,0.29,93,217,783,2,200,106.735,0,HARTREE,1,GUNVORSA,1,"HARTREE, VITOL","GUNVORSA, HARTREE",PTRIN,GUNVORSA,"Jul22, Jun22, Jun22/Jul22",-0.7548389908616843,0.004783110671284842,0.5389527458492975,0.6480836236933798,0.6666666666666666,0.93,NORMAL,-0.78,0.04,,
2022-04-25,2022,4,338,5,222,116,236,95,2,500,99.472,99.42,99.49,0.07,96,6,338,5,500,99.472,-500,HARTREE,3,VITOL,3,"CPUKLTD, HARTREE, GLENCORE","MERCURIASA, VITOL",GUNVORSA,VITOL,"Jul22, Jun22, Jun22/Jul22",-0.24674121910854602,0.0011545439551377207,0.6272189349112426,0.8609865470852018,1.0,1.24,NORMAL,-0.8,-0.02,,
2022-04-26,2022,4,335,3,183,152,250,81,1,300,103.837,103.69,104.13,0.44,81,4,335,3,300,103.837,-100,HARTREE,2,VITOL,2,"HARTREE, MERCURIASA","VITOL, GUNVORSA",MERCURIASA,VITOL,"Jul22, Jun22, Jun22/Jul22",-0.5854730669439715,0.007257133432294244,0.18507462686567164,0.8804347826086957,1.0,1.04,NORMAL,-0.71,0.09,,
2022-04-27,2022,4,173,9,89,84,161,3,0,900,104.116,104.06,104.15,0.09,7,5,173,9,900,104.116,-100,MERCURIASA,8,HARTREE,5,"MERCURIASA, GUNVORSA","VITOL, HARTREE",MERCURIASA,VITOL,"Jul22, Jun22, Jun22/Jul22",0.43072247656230495,0.0014844136566056407,0.057803468208092484,0.15555555555555556,1.0,0.95,BUYER_DOMINANT,-0.73,-0.02,,
2022-04-28,2022,4,191,6,129,62,182,2,1,600,106.612,106.54,106.65,0.11,4,5,191,6,600,106.612,0,VITOL,5,MERCURIASA,6,"VITOL, HARTREE",MERCURIASA,VITOL,GUNVORSA,Jul22,-0.07737529519083328,0.001814283358073561,0.7015706806282722,0.06153846153846154,1.7142857142857142,1.24,SELLER_DOMINANT,-1.21,-0.48,,
2022-04-29,2022,4,109,3,2,107,102,1,3,300,108.7,108.63,108.84,0.21,1,5,109,3,300,108.7,-300,HARTREE,1,MERCURIASA,2,"HARTREE, VITOL, CPUKLTD","MERCURIASA, GUNVORSA",VITOL,MERCURIASA,Jul22,-0.5854730669439715,0.0034636318654131617,1.926605504587156,0.6666666666666666,1.0,1.8,OFFER_PRESSURE,0.51,1.72,,
2022-05-03,2022,5,98,6,58,40,90,1,1,600,106.492,106.47,106.5,0.03,4,5,98,6,600,106.492,200,VITOL,6,MERCURIASA,3,VITOL,"MERCURIASA, GUNVORSA, CPUKLTD, TOTSA",VITOL,MERCURIASA,Jul22,-0.14051380039167433,0.0004948045522018802,0.3673469387755102,0.13559322033898305,0.8571428571428571,0.68,BUYER_DOMINANT,,,,
2022-05-04,2022,5,141,5,67,74,132,1,3,500,108.71,108.71,108.71,0.0,4,5,141,5,500,108.71,300,VITOL,5,TOTSA,2,VITOL,"GUNVORSA, PTRIN, MERCURIASA, TOTSA",VITOL,PTRIN,Jul22,-0.3782163127209233,0.0,0.09929078014184398,0.11764705882352941,0.6666666666666666,0.44,BUYER_DOMINANT,,,,
2022-05-05,2022,5,373,6,69,304,268,99,0,600,110.6,109.83,111.37,1.54,3,102,373,6,600,110.6,0,VITOL,3,PTRIN,3,"VITOL, ALTA, HARTREE, GUNVORSA","CPUKLTD, TOTSA, PTRIN, MERCURIASA",VITOL,MERCURIASA,"Aug22, Jul22, Jul22/Aug22",-0.14051380039167433,0.025399967013029854,1.260053619302949,0.08571428571428572,0.8571428571428571,1.12,HIGH_PRICE_RANGE,,,,
2022-05-06,2022,5,358,2,237,121,259,95,2,200,112.5,111.61,113.39,1.78,93,5,358,2,200,112.5,-200,GUNVORSA,2,MERCURIASA,1,GUNVORSA,"MERCURIASA, PTRIN",GUNVORSA,PTRIN,"Aug22, Jul22, Jul22/Aug22",-1.0913238497086704,0.029358403430644893,0.6480446927374302,0.7815126050420168,0.6666666666666666,1.07,BUYER_DOMINANT,,,,
2022-05-09,2022,5,550,7,209,341,390,152,1,700,91.351,1.45,106.59,105.14,73,84,549,7,700,91.351,300,MERCURIASA,4,PTRIN,3,"MERCURIASA, VITOL, CPUKLTD","PTRIN, CPUKLTD, VITOL, HARTREE",MERCURIASA,VITOL,"Aug22, Jul22, Jul22/Aug22",0.0971887119375747,1.7341250206168564,0.48,0.6952380952380952,0.75,2.08,HIGH_PRICE_RANGE,,,,
2022-05-10,2022,5,370,8,242,128,275,86,1,800,103.529,102.59,104.11,1.52,89,7,370,8,800,103.529,-200,MERCURIASA,5,TOTSA,3,"MERCURIASA, GUNVORSA, HARTREE","TOTSA, PTRIN, VITOL",MERCURIASA,PTRIN,"Aug22, Jul22, Jul22/Aug22",0.3348912242668237,0.025070097311561932,0.6162162162162163,0.7325102880658436,0.6666666666666666,1.29,HIGH_PRICE_RANGE,,,,
2022-05-11,2022,5,323,5,62,261,227,88,3,500,106.604,106.15,107.3,1.15,3,92,323,5,500,106.604,100,MERCURIASA,4,TOTSA,2,"MERCURIASA, ALTA","TOTSA, PTRIN, VITOL",MERCURIASA,PTRIN,"Aug22, Jul22, Jul22/Aug22",-0.3782163127209233,0.018967507834405407,1.2321981424148607,0.09523809523809523,0.6666666666666666,1.01,BUYER_DOMINANT,,,,
2022-05-12,2022,5,484,8,150,334,307,168,1,800,80.951,1.44,108.42,106.98,50,126,484,8,800,80.951,0,MERCURIASA,4,MERCURIASA,3,"MERCURIASA, VITOL","GUNVORSA, MERCURIASA, PTRIN, TOTSA, ICE",MERCURIASA,GUNVORSA,"Aug22, Jul22, Jul22/Aug22",0.3348912242668237,1.764473033151905,0.7603305785123967,0.6622516556291391,0.6666666666666666,2.37,HIGH_PRICE_RANGE,,,,
2022-05-13,2022,5,13,0,13,0,10,2,1,0,,,,,2,0,13,0,0,,0,,0,,0,,,MERCURIASA,,Jul22/Aug22,-1.5667288743671683,0.0,2.0,0.2857142857142857,0.0,1.14,BID_PRESSURE,,,,
2022-05-16,2022,5,262,4,54,208,188,69,1,400,111.032,110.54,112.44,1.9,4,71,262,4,400,111.032,-200,MERCURIASA,3,PTRIN,2,"MERCURIASA, CPUKLTD","PTRIN, CPUKLTD, GUNVORSA",MERCURIASA,GUNVORSA,"Aug22, Jul22, Jul22/Aug22",-0.6159188250501724,0.03133762163945241,1.1755725190839694,0.14545454545454545,0.8,1.08,BUYER_DOMINANT,,,,
2022-05-17,2022,5,318,5,273,45,221,91,1,500,113.864,113.0,115.14,2.14,95,2,318,5,500,113.864,100,MERCURIASA,3,PTRIN,2,"MERCURIASA, VITOL","PTRIN, CPUKLTD, GUNVORSA, HARTREE",VITOL,PTRIN,"Aug22, Jul22, Jul22/Aug22",-0.3782163127209233,0.03529605805706746,1.4339622641509433,0.6934306569343066,0.6666666666666666,1.42,HIGH_PRICE_RANGE,,,,
2022-05-18,2022,5,464,7,256,208,321,134,2,700,93.51,2.18,110.2,108.02,85,59,464,7,700,93.51,-100,MERCURIASA,3,GUNVORSA,3,"GUNVORSA, VITOL, MERCURIASA, ICE","HARTREE, GUNVORSA, PTRIN",VITOL,GUNVORSA,"Aug22, Jul22, Jul22/Aug22",0.0971887119375747,1.7816262576282367,0.20689655172413793,0.6614785992217899,0.75,1.96,HIGH_PRICE_RANGE,,,,
2022-05-19,2022,5,297,8,46,251,209,80,0,800,82.19,1.95,110.21,108.26,2,86,297,8,800,82.19,-400,CPUKLTD,4,GUNVORSA,2,"CPUKLTD, MERCURIASA, VITOL","GUNVORSA, CPUKLTD, PTRIN, ICE",MERCURIASA,GUNVORSA,"Aug22, Jul22, Jul22/Aug22",0.3348912242668237,1.785584694045852,1.3804713804713804,0.0851063829787234,0.4444444444444444,2.29,HIGH_PRICE_RANGE,,,,
2022-05-20,2022,5,369,4,60,309,266,93,6,400,110.085,110.06,110.11,0.05,1,98,368,4,400,110.085,-200,VITOL,4,MERCURIASA,3,VITOL,"PTRIN, MERCURIASA",VITOL,GUNVORSA,"Aug22, Jul22, Jul22/Aug22",-0.6159188250501724,0.0008246742536698004,1.3495934959349594,0.03278688524590164,1.2,1.29,SELLER_DOMINANT,,,,
2022-05-23,2022,5,283,2,105,178,208,72,1,200,110.95,110.95,110.95,0.0,2,74,283,2,200,110.95,0,MERCURIASA,1,PTRIN,2,"MERCURIASA, VITOL",PTRIN,VITOL,GUNVORSA,"Aug22, Jul22, Jul22/Aug22",-1.0913238497086704,0.0,0.5159010600706714,0.03773584905660377,1.3333333333333333,0.94,SELLER_DOMINANT,,,,
2022-05-24,2022,5,459,3,185,274,328,124,4,300,111.23,111.19,111.28,0.09,39,92,459,3,300,111.23,100,VITOL,2,PTRIN,2,"VITOL, MERCURIASA","PTRIN, BP",MERCURIASA,GUNVORSA,"Aug22, Jul22, Jul22/Aug22",-0.8536213373794214,0.0014844136566056407,0.3877995642701525,0.41935483870967744,1.0,0.9,NORMAL,,,,
2022-05-25,2022,5,437,4,200,237,306,127,0,400,111.143,111.12,111.18,0.06,42,89,437,4,400,111.143,200,VITOL,3,BP,2,"MERCURIASA, VITOL","PTRIN, CPUKLTD, BP",MERCURIASA,GUNVORSA,"Aug22, Jul22, Jul22/Aug22",-0.6159188250501724,0.0009896091044037604,0.16933638443935928,0.417910447761194,0.8,0.69,BUYER_DOMINANT,,,,
2022-05-26,2022,5,139,7,33,106,132,0,0,700,113.957,113.88,114.06,0.18,1,6,139,7,700,113.957,-500,MERCURIASA,3,VITOL,3,"GUNVORSA, MERCURIASA, ALTA, HARTREE","VITOL, BP, PTRIN",MERCURIASA,PTRIN,Aug22,0.0971887119375747,0.0029688273132112814,1.0503597122302157,0.058823529411764705,0.75,1.01,OFFER_PRESSURE,,,,
2022-05-27,2022,5,386,5,283,103,265,114,2,500,114.692,114.69,114.7,0.01,96,25,385,5,500,114.692,100,VITOL,5,PTRIN,2,VITOL,"GUNVORSA, PTRIN, BP",GUNVORSA,CPUKLTD,"Aug22, Jul22, Jul22/Aug22",-0.3782163127209233,0.00016493485073396007,0.9326424870466321,0.676056338028169,0.6666666666666666,1.14,BUYER_DOMINANT,,,,
2022-05-30,2022,5,132,7,78,54,125,0,0,700,116.901,116.87,116.92,0.05,5,2,132,7,700,116.901,300,MERCURIASA,6,PTRIN,2,"MERCURIASA, TOTSA","PTRIN, HARTREE, GUNVORSA, CPUKLTD, VITOL",MERCURIASA,PTRIN,Aug22,0.0971887119375747,0.0008246742536698004,0.36363636363636365,0.12658227848101267,0.5,0.57,BUYER_DOMINANT,,,,
2022-05-31,2022,5,174,8,129,45,163,1,2,800,118.205,118.18,118.25,0.07,4,6,174,8,800,118.205,-200,MERCURIASA,5,VITOL,3,"TOTSA, MERCURIASA","CPUKLTD, VITOL, PTRIN, HARTREE",TOTSA,VITOL,Aug22,0.3348912242668237,0.0011545439551377207,0.9655172413793104,0.06153846153846154,0.6666666666666666,1.12,BID_PRESSURE,,,,
2022-06-01,2022,6,227,9,111,116,212,6,0,900,117.393,117.2,117.76,0.56,8,7,227,9,900,117.393,-300,GUNVORSA,5,VITOL,7,"TOTSA, GUNVORSA, HARTREE, MERCURIASA","VITOL, PTRIN",TOTSA,PTRIN,Aug22,0.3706384447042628,0.009236351641101766,0.04405286343612335,0.14285714285714285,1.4,1.1,SELLER_DOMINANT,,,,
2022-06-03,2022,6,2,0,2,0,1,1,0,0,,,,,1,0,0,0,0,,0,,0,,0,,,TOTSA,,Aug22,-1.2596133609498252,0.0,2.0,0.6666666666666666,0.0,1.33,BID_PRESSURE,,,,
2022-06-06,2022,6,418,15,139,279,308,95,0,1500,118.673,116.95,119.75,2.8,10,100,418,15,1500,118.673,300,TRAFI,6,VITOL,8,"MERCURIASA, TOTSA, TRAFI","HARTREE, VITOL, GUNVORSA, ALTA, GLENCORE",MERCURIASA,VITOL,"Aug22, Aug22/Sep22, Sep22",1.4574729818069883,0.04618175820550882,0.6698564593301436,0.14285714285714285,1.0,2.1,HIGH_PRICE_RANGE,,,,
2022-06-07,2022,6,658,15,242,416,448,191,4,1500,119.836,118.14,120.41,2.27,55,154,658,15,1500,119.836,500,TOTSA,6,VITOL,10,"TOTSA, MERCURIASA, HARTREE, TRAFI, STASCO","HARTREE, GLENCORE, VITOL, CPUKLTD, PTRIN",CPUKLTD,VITOL,"Aug22, Aug22/Sep22, Sep22",1.4574729818069883,0.03744021111660894,0.5288753799392097,0.45267489711934156,1.25,2.3,HIGH_PRICE_RANGE,,,,
2022-06-08,2022,6,636,12,589,47,457,165,2,1200,121.396,120.06,122.72,2.66,172,7,636,12,1200,121.396,600,MERCURIASA,6,VITOL,6,"MERCURIASA, TOTSA, PTRIN","VITOL, CPUKLTD, GUNVORSA",TRAFI,VITOL,"Aug22, Aug22/Sep22, Sep22",0.9140557132556255,0.04387267029523338,1.7044025157232705,0.5830508474576271,0.9230769230769231,2.36,HIGH_PRICE_RANGE,,,,
2022-06-09,2022,6,570,8,370,200,404,158,0,800,122.019,120.88,123.86,2.98,93,74,570,8,800,122.019,200,MERCURIASA,4,VITOL,5,"MERCURIASA, PTRIN, TOTSA, HARTREE","VITOL, ALTA, GUNVORSA, CPUKLTD",TOTSA,GUNVORSA,"Aug22, Aug22/Sep22, Sep22",0.18949935518714192,0.049150585518720105,0.5964912280701754,0.5013477088948787,1.1111111111111112,1.29,HIGH_PRICE_RANGE,,,,
2022-06-10,2022,6,302,8,48,254,219,75,0,800,119.01,118.17,121.32,3.15,5,78,302,8,800,119.01,200,MERCURIASA,6,VITOL,5,"MERCURIASA, TRAFI","VITOL, CPUKLTD, GUNVORSA",MERCURIASA,GUNVORSA,"Aug22, Aug22/Sep22, Sep22",0.18949935518714192,0.05195447798119742,1.3642384105960266,0.20408163265306123,1.1111111111111112,1.52,BUYER_DOMINANT,,,,
2022-06-13,2022,6,446,8,181,265,306,129,3,800,117.85,117.77,117.96,0.19,24,114,445,8,800,117.85,400,MERCURIASA,7,VITOL,5,"MERCURIASA, TOTSA","VITOL, HARTREE, CPUKLTD",MERCURIASA,GUNVORSA,"Aug22, Aug22/Sep22, Sep22",0.18949935518714192,0.0031337621639452415,0.37668161434977576,0.26373626373626374,1.1111111111111112,1.03,BUYER_DOMINANT,,,,
2022-06-14,2022,6,151,11,103,48,108,32,0,1100,90.725,3.61,124.87,121.26,37,4,151,11,1100,90.725,100,TRAFI,3,CPUKLTD,6,"TRAFI, MERCURIASA, CPUKLTD, ICE","GUNVORSA, CPUKLTD, MERCURIASA, VITOL",CPUKLTD,GUNVORSA,"Aug22, Aug22/Sep22, Sep22",0.7329166237385046,2.0,0.7284768211920529,0.7115384615384616,1.0,3.01,HIGH_PRICE_RANGE,,,,
2022-06-15,2022,6,299,5,127,172,220,73,1,500,119.876,117.83,121.24,3.41,6,73,299,5,500,119.876,500,TRAFI,3,GUNVORSA,2,"MERCURIASA, TRAFI","GUNVORSA, ALTA, STASCO",MERCURIASA,GUNVORSA,"Aug22, Aug22/Sep22, Sep22",-0.3539179133642208,0.05624278410028039,0.3010033444816054,0.09375,0.6666666666666666,0.56,HIGH_PRICE_RANGE,,,,
2022-06-16,2022,6,410,3,158,252,279,127,1,300,116.113,115.19,117.96,2.77,59,71,410,3,300,116.113,100,MERCURIASA,2,STASCO,1,"HARTREE, MERCURIASA","STASCO, GLENCORE, HARTREE",TRAFI,STASCO,"Aug22, Aug22/Sep22, Sep22",-0.7161960923984626,0.04568695365330694,0.4585365853658537,0.7421383647798742,0.5,0.88,HIGH_PRICE_RANGE,,,,
2022-06-17,2022,6,87,6,83,4,78,3,0,600,111.898,111.54,113.3,1.76,7,2,87,6,600,111.898,600,MERCURIASA,5,VITOL,4,"MERCURIASA, TRAFI","GUNVORSA, VITOL",MERCURIASA,VITOL,"Aug22, Aug22/Sep22, Sep22",-0.1727788238470999,0.029028533729176974,1.8160919540229885,0.16666666666666666,1.1428571428571428,1.58,BUYER_DOMINANT,,,,
2022-06-20,2022,6,102,7,102,0,94,0,1,700,111.267,111.26,111.27,0.01,8,0,102,7,700,111.267,700,MERCURIASA,5,GUNVORSA,3,"MERCURIASA, TOTSA","VITOL, GUNVORSA, HARTREE, CPUKLTD",MERCURIASA,,Sep22,0.008360265670021013,0.00016493485073396007,2.0,0.1553398058252427,0.75,1.46,BUYER_DOMINANT,,,,
2022-06-21,2022,6,366,12,88,278,265,86,3,1200,112.285,112.19,112.34,0.15,8,92,365,12,1200,112.285,400,TOTSA,6,VITOL,10,"TOTSA, MERCURIASA, HARTREE","VITOL, HARTREE, GLENCORE",MERCURIASA,GUNVORSA,"Aug22, Aug22/Sep22, Sep22",0.9140557132556255,0.002474022761009401,1.0382513661202186,0.1797752808988764,1.5384615384615385,2.11,SELLER_DOMINANT,,,,
2022-06-22,2022,6,129,2,129,0,127,0,0,200,108.21,108.2,108.22,0.02,2,0,129,2,200,108.21,200,TOTSA,1,STASCO,1,"TOTSA, MERCURIASA","STASCO, GLENCORE",TOTSA,,Sep22,-0.8973351819155835,0.00032986970146792015,2.0,0.03076923076923077,0.6666666666666666,1.35,BID_PRESSURE,,,,
2022-06-23,2022,6,60,1,60,0,59,0,0,100,108.21,108.21,108.21,0.0,1,0,60,1,100,108.21,100,MERCURIASA,1,HARTREE,1,MERCURIASA,HARTREE,MERCURIASA,,Sep22,-1.0784742714327045,0.0,2.0,0.03278688524590164,1.0,1.52,SELLER_DOMINANT,,,,
2022-06-24,2022,6,63,1,63,0,62,0,0,100,110.41,110.41,110.41,0.0,1,0,63,1,100,110.41,100,MERCURIASA,1,GLENCORE,1,MERCURIASA,GLENCORE,MERCURIASA,,Sep22,-1.0784742714327045,0.0,2.0,0.03125,1.0,1.52,SELLER_DOMINANT,,,,
2022-06-27,2022,6,532,3,179,353,332,196,1,300,113.603,111.07,114.87,3.8,60,138,532,3,300,113.603,-100,HARTREE,2,MERCURIASA,2,"TOTSA, HARTREE","STASCO, MERCURIASA",HARTREE,MERCURIASA,"Aug22, Aug22/Sep22, Sep22",-0.7161960923984626,0.06267524327890482,0.6541353383458647,0.6666666666666666,1.0,1.2,HIGH_PRICE_RANGE,,,,
2022-06-28,2022,6,262,7,94,168,193,61,1,700,83.844,3.99,117.4,113.41,5,65,262,7,700,83.844,-300,GUNVORSA,5,MERCURIASA,3,"GUNVORSA, TOTSA","MERCURIASA, GUNVORSA, ICE",GUNVORSA,MERCURIASA,"Aug22, Aug22/Sep22, Sep22",0.008360265670021013,1.8705261421738413,0.5648854961832062,0.10526315789473684,0.75,1.84,BUYER_DOMINANT,,,,
2022-06-29,2022,6,171,10,99,72,160,0,1,1000,114.753,114.72,114.76,0.04,10,2,171,10,1000,114.753,800,MERCURIASA,8,BP,5,"MERCURIASA, TOTSA","BP, GUNVORSA, ALTA, HARTREE",MERCURIASA,BP,Sep22,0.5517775342213838,0.0006597394029358403,0.3157894736842105,0.2,0.9090909090909091,1.15,BUYER_DOMINANT,,,,
2022-06-30,2022,6,225,6,182,43,217,2,0,600,110.597,110.55,110.64,0.09,5,3,225,6,600,110.597,0,TOTSA,4,HARTREE,4,"TOTSA, MERCURIASA","HARTREE, GUNVORSA",TOTSA,GUNVORSA,Sep22,-0.1727788238470999,0.0014844136566056407,1.2355555555555555,0.0546448087431694,1.1428571428571428,1.22,BID_PRESSURE,,,,
2022-07-01,2022,7,135,4,100,35,129,1,1,400,111.16,111.11,111.18,0.07,5,1,135,4,400,111.16,400,PTRIN,3,HARTREE,2,"PTRIN, MERCURIASA","GLENCORE, GUNVORSA, HARTREE",PTRIN,GUNVORSA,Sep22,-0.5280697143550639,0.0011545439551377207,0.9629629629629629,0.09900990099009901,0.8,0.93,BUYER_DOMINANT,,,,
2022-07-04,2022,7,90,4,45,45,84,2,0,400,113.928,113.89,114.04,0.15,2,4,90,4,400,113.928,-400,GUNVORSA,2,VITOL,4,"GUNVORSA, HARTREE, MERCURIASA",VITOL,TOTSA,VITOL,Sep22,-0.5280697143550639,0.002474022761009401,0.0,0.08695652173913043,1.6,0.84,SELLER_DOMINANT,,,,
2022-07-05,2022,7,118,9,75,43,104,3,2,900,102.966,102.71,103.06,0.35,10,1,118,9,900,102.966,900,MERCURIASA,6,VITOL,5,"MERCURIASA, PTRIN","GUNVORSA, BP, VITOL",PTRIN,VITOL,Sep22,0.5851280945078356,0.005772719775688603,0.5423728813559322,0.2631578947368421,1.0,1.37,NORMAL,,,,
2022-07-06,2022,7,190,5,155,35,179,2,4,500,100.452,100.4,100.53,0.13,6,1,188,5,500,100.452,300,PTRIN,3,VITOL,4,"PTRIN, MERCURIASA","VITOL, GUNVORSA",PTRIN,GUNVORSA,Sep22,-0.30543015258248396,0.002144153059541481,1.263157894736842,0.07692307692307693,1.3333333333333333,1.34,SELLER_DOMINANT,,,,
2022-07-07,2022,7,123,7,101,22,115,1,0,700,105.663,105.6,105.74,0.14,7,1,123,7,700,105.663,700,PTRIN,6,VITOL,7,"PTRIN, MERCURIASA",VITOL,PTRIN,VITOL,Sep22,0.13984897096267582,0.0023090879102754414,1.2845528455284554,0.13725490196078433,1.75,1.7,SELLER_DOMINANT,,,,
2022-07-08,2022,7,159,6,159,0,152,0,1,600,107.047,107.04,107.05,0.01,7,0,159,6,600,107.047,600,PTRIN,4,GUNVORSA,4,"PTRIN, MERCURIASA","GUNVORSA, GLENCORE, HARTREE",PTRIN,,Sep22,-0.08279059080990407,0.00016493485073396007,2.0,0.0875,1.1428571428571428,1.62,BID_PRESSURE,,,,
2022-07-11,2022,7,239,9,219,20,227,3,0,900,106.573,106.5,106.72,0.22,6,6,239,9,900,106.573,-100,VITOL,3,MERCURIASA,6,"GUNVORSA, VITOL, PTRIN, HARTREE","MERCURIASA, CPUKLTD, STASCO, HARTREE",VITOL,MERCURIASA,Sep22,0.5851280945078356,0.003628566716147122,1.6652719665271967,0.05454545454545454,1.2,1.93,BID_PRESSURE,,,,
2022-07-12,2022,7,150,2,121,29,145,1,2,200,100.5,100.5,100.5,0.0,4,1,150,2,200,100.5,200,PTRIN,2,VITOL,2,PTRIN,VITOL,GUNVORSA,MERCURIASA,Sep22,-0.9733488379002236,0.0,1.2266666666666666,0.06557377049180328,1.3333333333333333,1.31,SELLER_DOMINANT,,,,
2022-07-13,2022,7,123,1,69,54,118,0,4,100,100.06,100.06,100.06,0.0,2,2,123,1,100,100.06,-100,PTRIN,1,MERCURIASA,1,PTRIN,MERCURIASA,PTRIN,MERCURIASA,Sep22,-1.1959883996728036,0.0,0.24390243902439024,0.05714285714285714,1.0,0.65,SELLER_DOMINANT,,,,
2022-07-14,2022,7,385,4,128,257,296,85,0,400,95.49,93.78,97.22,3.44,3,86,385,4,400,95.49,200,VITOL,2,GUNVORSA,3,"VITOL, PTRIN","GUNVORSA, MERCURIASA",PTRIN,GUNVORSA,"Oct22, Sep22, Sep22/Oct22",-0.5280697143550639,0.05673758865248227,0.6701298701298701,0.046511627906976744,1.2,0.99,SELLER_DOMINANT,,,,
2022-07-15,2022,7,144,1,144,0,141,2,0,100,97.96,97.96,97.96,0.0,3,0,144,1,100,97.96,100,VITOL,1,HARTREE,1,VITOL,HARTREE,PTRIN,,"Oct22, Sep22",-1.1959883996728036,0.0,2.0,0.041379310344827586,1.0,1.52,SELLER_DOMINANT,,,,
2022-07-18,2022,7,321,15,317,4,231,75,0,1500,77.145,4.13,106.0,101.87,82,0,321,15,1500,77.145,700,BP,6,MERCURIASA,6,"MERCURIASA, BP, STASCO, GUNVORSA, PTRIN","BP, MERCURIASA, CPUKLTD, ALTA, GLENCORE",BP,BP,"Oct22, Sep22, Sep22/Oct22",1.920965465143315,1.6801913244268514,1.9501557632398754,0.5157232704402516,0.75,4.15,HIGH_PRICE_RANGE,,,,
2022-07-19,2022,7,261,16,217,44,185,60,0,1600,78.833,4.3,105.9,101.6,69,3,261,16,1600,78.833,400,MERCURIASA,6,MERCURIASA,10,"GUNVORSA, MERCURIASA, STASCO, PTRIN, BP","MERCURIASA, GUNVORSA, PTRIN, BP",STASCO,PTRIN,"Oct22, Sep22, Sep22/Oct22",2.143605026915895,1.6757380834570343,1.3256704980842913,0.6330275229357798,1.1764705882352942,4.17,HIGH_PRICE_RANGE,,,,
2022-07-20,2022,7,810,3,388,422,493,309,5,300,102.47,102.46,102.48,0.02,145,172,810,3,300,102.47,-100,VITOL,3,PTRIN,3,VITOL,PTRIN,BP,MERCURIASA,"Oct22, Sep22, Sep22/Oct22",-0.7507092761276437,0.00032986970146792015,0.08395061728395062,0.7455012853470437,1.5,1.16,SELLER_DOMINANT,,,,
2022-07-21,2022,7,707,5,360,347,454,245,3,500,101.506,99.77,104.11,4.34,116,138,707,5,500,101.506,-100,VITOL,3,MERCURIASA,2,"STASCO, VITOL, GUNVORSA","MERCURIASA, PTRIN, CPUKLTD",STASCO,MERCURIASA,"Oct22, Sep22, Sep22/Oct22",-0.30543015258248396,0.07158172521853867,0.036775106082036775,0.6426592797783933,0.6666666666666666,0.72,HIGH_PRICE_RANGE,,,,
2022-07-22,2022,7,592,19,424,168,372,200,1,1900,81.698,4.68,105.46,100.78,156,57,592,19,1900,81.698,-300,BP,8,PTRIN,13,"MERCURIASA, GUNVORSA, VITOL, BP, PTRIN","GLENCORE, PTRIN, ALTA, BP",GUNVORSA,PTRIN,"Oct22, Sep22, Sep22/Oct22",2.8115237122336345,1.6622134256968497,0.8648648648648649,0.7341176470588235,1.3,4.05,HIGH_PRICE_RANGE,,,,
2022-07-25,2022,7,487,6,197,290,329,146,6,600,100.148,100.14,100.17,0.03,68,86,487,6,600,100.148,-200,VITOL,5,PTRIN,3,"VITOL, BP","PTRIN, CPUKLTD, MERCURIASA, STASCO",HARTREE,PTRIN,"Oct22, Sep22, Sep22/Oct22",-0.08279059080990407,0.0004948045522018802,0.38193018480492813,0.6868686868686869,0.8571428571428571,0.96,BUYER_DOMINANT,,,,
2022-07-26,2022,7,756,22,254,502,455,276,3,2200,75.84,4.66,105.46,100.8,100,195,756,22,2200,75.84,-800,HARTREE,6,PTRIN,9,"BP, HARTREE, VITOL, PTRIN, ALTA","PTRIN, HARTREE, MERCURIASA, CPUKLTD, ALTA",HARTREE,PTRIN,"Oct22, Sep22, Sep22/Oct22",3.0,1.6625432953983175,0.656084656084656,0.7843137254901961,0.782608695652174,3.71,HIGH_PRICE_RANGE,,,,
2022-07-27,2022,7,286,3,37,249,205,74,4,300,101.87,101.86,101.89,0.03,4,71,282,3,300,101.87,100,BP,3,CPUKLTD,1,BP,"CPUKLTD, GLENCORE, PTRIN",BP,PTRIN,"Oct22, Sep22, Sep22/Oct22",-0.7507092761276437,0.0004948045522018802,1.4825174825174825,0.21052631578947367,0.5,1.1,BUYER_DOMINANT,,,,
2022-07-28,2022,7,148,4,127,21,141,1,2,400,102.895,102.87,102.92,0.05,3,3,148,4,400,102.895,-200,BP,2,PTRIN,2,"BP, VITOL","STASCO, PTRIN, GUNVORSA",BP,PTRIN,Oct22,-0.5280697143550639,0.0008246742536698004,1.4324324324324325,0.046875,0.8,1.14,BID_PRESSURE,,,,
2022-07-29,2022,7,167,10,50,117,152,2,3,1000,105.981,105.93,106.06,0.13,7,7,167,10,1000,105.981,0,VITOL,7,MERCURIASA,5,"VITOL, BP","HARTREE, PTRIN, MERCURIASA, GUNVORSA",VITOL,PTRIN,Oct22,0.8077676562804155,0.002144153059541481,0.8023952095808383,0.27450980392156865,0.9090909090909091,1.64,OFFER_PRESSURE,,,,
2022-08-01,2022,8,84,6,41,43,77,1,0,600,99.995,99.96,100.01,0.05,4,3,84,6,600,99.995,0,MERCURIASA,6,PTRIN,3,MERCURIASA,"PTRIN, GUNVORSA, HARTREE",MERCURIASA,PTRIN,Oct22,-0.12691312709806393,0.0008246742536698004,0.047619047619047616,0.19047619047619047,0.8571428571428571,0.55,BUYER_DOMINANT,,,,
2022-08-02,2022,8,102,8,16,86,93,0,1,800,100.769,100.72,100.79,0.07,1,8,102,8,800,100.769,-800,MERCURIASA,8,GUNVORSA,5,MERCURIASA,"PTRIN, GUNVORSA",MERCURIASA,PTRIN,Oct22,0.2866486146525238,0.0011545439551377207,1.3725490196078431,0.11764705882352941,1.1111111111111112,1.53,BUYER_DOMINANT,,,,
2022-08-03,2022,8,84,2,0,84,81,1,0,200,98.77,98.73,98.81,0.08,0,3,84,2,200,98.77,-200,HARTREE,1,PTRIN,1,"HARTREE, MERCURIASA","PTRIN, GUNVORSA",,PTRIN,Oct22,-0.9540366105992394,0.0013194788058716806,2.0,0.0,0.6666666666666666,1.33,OFFER_PRESSURE,,,,
2022-08-04,2022,8,175,5,15,160,169,1,0,500,94.144,94.1,94.17,0.07,1,5,175,5,500,94.144,-500,MERCURIASA,5,PTRIN,3,MERCURIASA,"PTRIN, CPUKLTD, GUNVORSA",MERCURIASA,CPUKLTD,Oct22,-0.3336939979733578,0.0011545439551377207,1.6571428571428573,0.125,1.0,1.39,BUYER_DOMINANT,,,,
2022-08-05,2022,8,321,4,54,267,201,114,2,400,96.072,96.06,96.09,0.03,19,101,321,4,400,96.072,-400,MERCURIASA,4,PTRIN,3,MERCURIASA,"PTRIN, GUNVORSA",MERCURIASA,PTRIN,"Nov22, Oct22, Oct22/Nov22",-0.5404748688486517,0.0004948045522018802,1.3271028037383177,0.6909090909090909,1.2,1.61,SELLER_DOMINANT,,,,
2022-08-08,2022,8,130,2,105,25,122,4,2,200,96.75,96.75,96.75,0.0,4,2,119,2,200,96.75,-200,MERCURIASA,1,PTRIN,2,"MERCURIASA, GLENCORE",PTRIN,GLENCORE,PTRIN,Oct22,-0.9540366105992394,0.0,1.2307692307692308,0.07547169811320754,1.3333333333333333,1.32,SELLER_DOMINANT,,,,
2022-08-09,2022,8,263,6,163,100,209,47,1,600,97.522,97.42,97.64,0.22,49,5,263,6,600,97.522,-200,GLENCORE,4,PTRIN,3,"MERCURIASA, GLENCORE","PTRIN, VITOL",MERCURIASA,PTRIN,"Nov22, Oct22, Oct22/Nov22",-0.12691312709806393,0.003628566716147122,0.4790874524714829,0.5975609756097561,0.8571428571428571,0.97,NORMAL,,,,
2022-08-10,2022,8,343,10,168,175,262,66,5,1000,95.712,95.64,95.8,0.16,65,12,341,10,1000,95.712,-800,GLENCORE,10,VITOL,5,GLENCORE,"PTRIN, GUNVORSA, VITOL",MERCURIASA,VITOL,"Nov22, Oct22, Oct22/Nov22",0.7002103564031115,0.002638957611743361,0.04081632653061224,0.7692307692307693,0.9090909090909091,1.42,BUYER_DOMINANT,,,,
2022-08-11,2022,8,393,2,224,169,257,130,4,200,98.47,97.89,99.05,1.16,61,73,392,2,200,98.47,200,PTRIN,1,ALTA,1,"PTRIN, GLENCORE","ALTA, HARTREE",MERCURIASA,MERCURIASA,"Nov22, Oct22, Oct22/Nov22",-0.9540366105992394,0.01913244268513937,0.27989821882951654,0.5422222222222223,0.6666666666666666,0.76,HIGH_PRICE_RANGE,,,,
2022-08-12,2022,8,415,7,213,202,290,115,3,700,84.023,1.07,98.08,97.01,77,44,414,7,700,84.023,-300,HARTREE,2,BP,3,"PTRIN, HARTREE, MERCURIASA, STASCO, GLENCORE","BP, MERCURIASA, HARTREE",MERCURIASA,HARTREE,"Nov22, Oct22, Oct22/Nov22",0.07986774377722992,1.6000329869701468,0.05301204819277108,0.719626168224299,0.75,1.79,HIGH_PRICE_RANGE,,,,
2022-08-15,2022,8,458,6,354,104,334,115,3,600,94.243,93.32,94.49,1.17,120,3,457,6,600,94.243,400,PTRIN,4,HARTREE,4,"PTRIN, GUNVORSA, VITOL","GLENCORE, HARTREE, MERCURIASA",PTRIN,MERCURIASA,"Nov22, Oct22, Oct22/Nov22",-0.12691312709806393,0.01929737753587333,1.091703056768559,0.676056338028169,1.1428571428571428,1.47,HIGH_PRICE_RANGE,,,,
2022-08-16,2022,8,339,9,125,214,250,78,2,900,93.232,92.54,93.34,0.8,9,80,339,9,900,93.232,900,PTRIN,8,GUNVORSA,5,"PTRIN, MERCURIASA","GLENCORE, GUNVORSA, HARTREE, VITOL",PTRIN,GUNVORSA,"Nov22, Oct22, Oct22/Nov22",0.4934294855278176,0.013194788058716806,0.5250737463126843,0.14285714285714285,1.0,1.24,BUYER_DOMINANT,,,,
2022-08-17,2022,8,451,4,247,204,320,124,3,400,92.908,92.65,93.15,0.5,51,78,449,4,400,92.908,0,BP,2,GUNVORSA,2,"BP, VITOL","GUNVORSA, GLENCORE, STASCO",VITOL,GUNVORSA,"Nov22, Oct22, Oct22/Nov22",-0.5404748688486517,0.008246742536698003,0.19068736141906872,0.4112903225806452,0.8,0.71,NORMAL,,,,
2022-08-18,2022,8,499,5,321,178,311,181,2,500,76.77,0.83,96.37,95.54,138,49,498,5,500,76.77,-500,GUNVORSA,3,VITOL,2,"GUNVORSA, CPUKLTD, ICE","MERCURIASA, VITOL, CPUKLTD",GUNVORSA,CPUKLTD,"Nov22, Oct22, Oct22/Nov22",-0.3336939979733578,1.5757875639122547,0.5731462925851704,0.8571428571428571,0.6666666666666666,1.99,HIGH_PRICE_RANGE,,,,
2022-08-19,2022,8,64,1,40,24,61,2,0,100,96.8,96.8,96.8,0.0,2,1,64,1,100,96.8,100,GUNVORSA,1,MERCURIASA,1,GUNVORSA,MERCURIASA,GUNVORSA,MERCURIASA,Oct22,-1.1608174814745331,0.0,0.5,0.0975609756097561,1.0,0.8,SELLER_DOMINANT,,,,
2022-08-22,2022,8,98,2,0,98,93,2,1,200,94.2,94.2,94.2,0.0,0,5,98,2,200,94.2,-200,PTRIN,1,VITOL,2,"PTRIN, STASCO",VITOL,,VITOL,"Nov22, Oct22",-0.9540366105992394,0.0,2.0,0.0,1.3333333333333333,1.67,SELLER_DOMINANT,,,,
2022-08-23,2022,8,386,5,263,123,282,96,3,500,99.236,98.59,99.66,1.07,100,4,386,5,500,99.236,300,HARTREE,3,VITOL,2,"HARTREE, GUNVORSA","PTRIN, GLENCORE, MERCURIASA, VITOL",HARTREE,VITOL,"Nov22, Oct22, Oct22/Nov22",-0.3336939979733578,0.01764802902853373,0.7253886010362695,0.7575757575757576,0.6666666666666666,1.09,HIGH_PRICE_RANGE,,,,
2022-08-24,2022,8,301,2,175,126,225,72,2,200,99.325,98.91,99.74,0.83,73,3,301,2,200,99.325,0,HARTREE,1,GUNVORSA,1,"HARTREE, STASCO","GUNVORSA, VITOL",HARTREE,MERCURIASA,"Nov22, Oct22, Oct22/Nov22",-0.9540366105992394,0.013689592610918686,0.32558139534883723,0.8295454545454546,0.6666666666666666,0.92,NORMAL,,,,
2022-08-25,2022,8,239,8,71,168,156,73,2,800,99.72,99.72,99.72,0.0,13,67,239,8,800,99.72,800,MERCURIASA,8,VITOL,4,MERCURIASA,"VITOL, STASCO",MERCURIASA,GUNVORSA,"Nov22, Oct22, Oct22/Nov22",0.2866486146525238,0.0,0.8117154811715481,0.3611111111111111,0.8888888888888888,1.26,BUYER_DOMINANT,,,,
2022-08-26,2022,8,74,3,74,0,68,2,1,300,99.72,99.72,99.72,0.0,6,0,74,3,300,99.72,300,GUNVORSA,3,CPUKLTD,1,GUNVORSA,"CPUKLTD, HARTREE, GLENCORE",GUNVORSA,,"Nov22, Oct22",-0.7472557397239455,0.0,2.0,0.16,0.5,1.33,BUYER_DOMINANT,,,,
2022-08-30,2022,8,92,5,62,30,87,0,0,500,98.756,98.71,98.79,0.08,5,1,92,5,500,98.756,300,MERCURIASA,4,GUNVORSA,5,"MERCURIASA, GLENCORE",GUNVORSA,MERCURIASA,GUNVORSA,Nov22,-0.3336939979733578,0.0013194788058716806,0.6956521739130435,0.15873015873015872,1.6666666666666667,1.26,SELLER_DOMINANT,,,,
2022-08-31,2022,8,74,2,37,37,72,0,0,200,96.33,96.33,96.33,0.0,2,1,74,2,200,96.33,0,MERCURIASA,2,GUNVORSA,2,MERCURIASA,GUNVORSA,MERCURIASA,GUNVORSA,Nov22,-0.9540366105992394,0.0,0.0,0.10526315789473684,1.3333333333333333,0.72,SELLER_DOMINANT,,,,
2022-09-01,2022,9,94,3,51,43,90,1,0,300,92.81,92.79,92.82,0.03,2,2,92,3,300,92.81,100,MERCURIASA,3,VITOL,2,MERCURIASA,"TOTSA, VITOL",MERCURIASA,VITOL,Nov22,-0.8049712215239828,0.0004948045522018802,0.1702127659574468,0.07692307692307693,1.0,0.62,BUYER_DOMINANT,,,,
2022-09-02,2022,9,201,7,45,156,190,2,2,700,94.211,94.11,94.28,0.17,4,6,201,7,700,94.211,-100,MERCURIASA,3,GUNVORSA,3,"MERCURIASA, CPUKLTD, GLENCORE","TOTSA, GUNVORSA, VITOL",MERCURIASA,GUNVORSA,Nov22,0.23886796110402905,0.0028038924624773217,1.1044776119402986,0.17391304347826086,0.75,1.21,OFFER_PRESSURE,,,,
2022-09-05,2022,9,237,7,3,234,166,63,1,700,95.556,95.53,95.62,0.09,1,69,237,7,700,95.556,-700,HARTREE,3,PTRIN,4,"HARTREE, GLENCORE, STASCO, GUNVORSA","PTRIN, MERCURIASA",HARTREE,HARTREE,"Dec22, Nov22, Nov22/Dec22",0.23886796110402905,0.0014844136566056407,1.9493670886075949,0.5,1.0,1.92,OFFER_PRESSURE,,,,
2022-09-06,2022,9,130,5,62,68,125,0,0,500,93.32,93.18,93.41,0.23,2,3,130,5,500,93.32,-100,MERCURIASA,4,GUNVORSA,2,"MERCURIASA, VITOL","GUNVORSA, HARTREE, PTRIN",MERCURIASA,GUNVORSA,Nov22,-0.28305163020997687,0.003793501566881082,0.09230769230769231,0.06349206349206349,0.6666666666666666,0.41,BUYER_DOMINANT,,,,
2022-09-07,2022,9,135,7,2,133,126,2,0,700,89.644,89.61,89.71,0.1,1,8,133,7,700,89.644,-700,GUNVORSA,2,MERCURIASA,5,"GUNVORSA, ALTA, STASCO, GLENCORE","MERCURIASA, PTRIN",GLENCORE,MERCURIASA,Nov22,0.23886796110402905,0.0016493485073396008,1.9407407407407407,0.6666666666666666,1.25,2.12,SELLER_DOMINANT,,,,
2022-09-08,2022,9,73,4,0,73,65,2,2,400,89.065,89.01,89.23,0.22,0,7,73,4,400,89.065,-400,MERCURIASA,2,STASCO,3,"MERCURIASA, GLENCORE, VITOL","GUNVORSA, STASCO",,GUNVORSA,Nov22,-0.5440114258669798,0.003628566716147122,2.0,0.0,1.2,1.6,SELLER_DOMINANT,,,,
2022-09-09,2022,9,51,4,0,51,45,1,1,400,91.59,91.59,91.59,0.0,0,6,51,4,400,91.59,-400,GLENCORE,1,VITOL,4,"GLENCORE, MERCURIASA, HARTREE, CPUKLTD",VITOL,,VITOL,Nov22,-0.5440114258669798,0.0,2.0,0.0,1.6,1.8,SELLER_DOMINANT,,,,
2022-09-12,2022,9,164,8,21,143,111,44,1,800,70.89,1.14,94.52,93.38,2,47,164,8,800,70.89,0,CPUKLTD,4,MERCURIASA,6,"MERCURIASA, CPUKLTD, GLENCORE, HARTREE","CPUKLTD, MERCURIASA",CPUKLTD,CPUKLTD,"Dec22, Nov22, Nov22/Dec22",0.499827756761032,1.5401616361537191,1.4878048780487805,0.18181818181818182,1.3333333333333333,2.83,SELLER_DOMINANT,,,,
2022-09-14,2022,9,79,2,22,57,76,0,1,200,94.51,94.51,94.51,0.0,1,2,79,2,200,94.51,-200,CPUKLTD,1,MERCURIASA,2,"CPUKLTD, GUNVORSA",MERCURIASA,GUNVORSA,MERCURIASA,Nov22,-1.0659310171809857,0.0,0.8860759493670886,0.08695652173913043,1.3333333333333333,1.15,SELLER_DOMINANT,,,,
2022-09-15,2022,9,85,3,65,20,82,0,0,300,91.02,91.02,91.02,0.0,1,2,85,3,300,91.02,-100,GUNVORSA,3,MERCURIASA,3,GUNVORSA,MERCURIASA,GUNVORSA,MERCURIASA,Nov22,-0.8049712215239828,0.0,1.0588235294117647,0.030303030303030304,1.5,1.29,SELLER_DOMINANT,,,,
2022-09-16,2022,9,309,4,160,149,206,99,0,400,91.888,91.28,92.48,1.2,48,55,309,4,400,91.888,0,BP,2,TOTSA,2,"BP, GUNVORSA","TOTSA, MERCURIASA",GUNVORSA,MERCURIASA,"Dec22, Nov22, Nov22/Dec22",-0.5440114258669798,0.01979218208807521,0.07119741100323625,0.5962732919254659,0.8,0.75,HIGH_PRICE_RANGE,,,,
2022-09-20,2022,9,198,4,53,145,193,1,0,400,90.515,90.35,90.63,0.28,3,2,198,4,400,90.515,200,MERCURIASA,3,CPUKLTD,1,"MERCURIASA, GUNVORSA","CPUKLTD, TOTSA, STASCO, GLENCORE",GUNVORSA,CPUKLTD,Nov22,-0.5440114258669798,0.004618175820550883,0.9292929292929293,0.1111111111111111,0.4,0.72,BUYER_DOMINANT,,,,
2022-09-21,2022,9,322,3,36,286,244,73,2,300,59.747,1.04,89.62,88.58,2,76,322,3,300,59.747,-100,PTRIN,2,PTRIN,1,"GLENCORE, PTRIN","PTRIN, GUNVORSA, ICE",PTRIN,PTRIN,"Dec22, Nov22, Nov22/Dec22",-0.8049712215239828,1.4609929078014183,1.5527950310559007,0.10810810810810811,0.5,1.96,HIGH_PRICE_RANGE,,,,
2022-09-22,2022,9,396,9,298,98,274,111,2,900,70.419,0.91,90.73,89.82,68,48,394,9,900,70.419,500,PTRIN,4,ALTA,2,"PTRIN, ALTA, GUNVORSA, MERCURIASA","ALTA, PTRIN, GUNVORSA, HARTREE, VITOL",PTRIN,GUNVORSA,"Dec22, Nov22, Nov22/Dec22",0.760787552418035,1.4814448292924294,1.0101010101010102,0.45484949832775917,0.4,2.43,HIGH_PRICE_RANGE,,,,
2022-09-23,2022,9,393,7,232,161,239,146,1,700,73.803,1.0,86.75,85.75,78,73,392,7,700,73.803,500,MERCURIASA,4,VITOL,3,"MERCURIASA, ALTA, PTRIN","VITOL, GLENCORE, PTRIN, ALTA",PTRIN,CPUKLTD,"Dec22, Nov22, Nov22/Dec22",0.23886796110402905,1.4143163450437077,0.361323155216285,0.6695278969957081,0.75,1.93,HIGH_PRICE_RANGE,,,,
2022-09-26,2022,9,214,0,22,192,144,67,3,0,,,,,4,65,213,0,0,,0,,0,,0,,,PTRIN,CPUKLTD,"Dec22, Nov22, Nov22/Dec22",-1.5878506084949917,0.0,1.588785046728972,0.34782608695652173,0.0,0.97,OFFER_PRESSURE,,,,
2022-09-27,2022,9,120,5,119,1,78,37,0,500,68.608,1.31,86.4,85.09,40,0,120,5,500,68.608,300,MERCURIASA,2,STASCO,2,"MERCURIASA, GLENCORE, PTRIN","STASCO, PTRIN, GLENCORE",PTRIN,PTRIN,"Dec22, Nov22, Nov22/Dec22",-0.28305163020997687,1.4034306448952665,1.9666666666666666,0.6666666666666666,0.6666666666666666,2.49,HIGH_PRICE_RANGE,,,,
2022-09-28,2022,9,325,5,11,314,244,74,2,500,87.418,86.86,88.22,1.36,1,78,325,5,500,87.418,-500,GLENCORE,2,MERCURIASA,2,"GUNVORSA, GLENCORE, ALTA, HARTREE","VITOL, MERCURIASA, GUNVORSA",CPUKLTD,CPUKLTD,"Dec22, Nov22, Nov22/Dec22",-0.28305163020997687,0.022431139699818574,1.8646153846153846,0.16666666666666666,0.6666666666666666,1.36,HIGH_PRICE_RANGE,,,,
2022-09-29,2022,9,47,2,0,47,45,0,0,200,87.78,87.78,87.78,0.0,0,2,47,2,200,87.78,-200,STASCO,1,MERCURIASA,2,"STASCO, VITOL",MERCURIASA,,MERCURIASA,Dec22,-1.0659310171809857,0.0,2.0,0.0,1.3333333333333333,1.67,SELLER_DOMINANT,,,,
2022-09-30,2022,9,34,1,0,34,33,0,0,100,86.27,86.27,86.27,0.0,0,1,34,1,100,86.27,-100,GLENCORE,1,MERCURIASA,1,GLENCORE,MERCURIASA,,MERCURIASA,Dec22,-1.3268908128379888,0.0,2.0,0.0,1.0,1.5,SELLER_DOMINANT,,,,
2022-10-03,2022,10,150,7,63,87,142,0,1,700,88.563,88.5,88.79,0.29,1,8,150,7,700,88.563,-500,VITOL,7,MERCURIASA,6,VITOL,"MERCURIASA, GUNVORSA",VITOL,MERCURIASA,Dec22,0.1480969248933203,0.004783110671284842,0.32,0.03125,1.5,1.05,SELLER_DOMINANT,,,,
2022-10-04,2022,10,83,6,2,81,75,2,0,600,91.89,91.89,91.89,0.0,1,7,83,6,600,91.89,-600,VITOL,3,MERCURIASA,6,"VITOL, CPUKLTD, HARTREE, STASCO",MERCURIASA,VITOL,MERCURIASA,Dec22,-0.059447357175487686,0.0,1.9036144578313252,0.6666666666666666,1.7142857142857142,2.14,SELLER_DOMINANT,,,,
2022-10-05,2022,10,57,3,57,0,54,0,0,300,93.71,93.71,93.71,0.0,3,0,57,3,300,93.71,300,MERCURIASA,3,CPUKLTD,1,MERCURIASA,"CPUKLTD, GUNVORSA, HARTREE",MERCURIASA,,Dec22,-0.6820802033819116,0.0,2.0,0.10344827586206896,0.5,1.3,BUYER_DOMINANT,,,,
2022-10-06,2022,10,67,2,49,18,63,2,0,200,94.54,94.54,94.54,0.0,3,1,67,2,200,94.54,200,MERCURIASA,2,GUNVORSA,2,MERCURIASA,GUNVORSA,MERCURIASA,GUNVORSA,Dec22,-0.8896244854507196,0.0,0.9253731343283582,0.12,1.3333333333333333,1.19,SELLER_DOMINANT,,,,
2022-10-07,2022,10,124,3,109,15,119,0,2,300,97.753,97.75,97.76,0.01,3,1,124,3,300,97.753,300,PTRIN,2,GUNVORSA,1,"PTRIN, MERCURIASA","GUNVORSA, STASCO, HARTREE",PTRIN,GUNVORSA,Dec22,-0.6820802033819116,0.00016493485073396007,1.5161290322580645,0.05454545454545454,0.5,1.04,BID_PRESSURE,,,,
2022-10-10,2022,10,155,3,132,23,102,49,1,300,97.44,97.44,97.44,0.0,50,2,154,3,300,97.44,300,MERCURIASA,3,GUNVORSA,1,MERCURIASA,"GUNVORSA, VITOL, STASCO",BP,BP,"Dec22, Dec22/Jan23, Jan23",-0.6820802033819116,0.0,1.4064516129032258,0.7518796992481203,0.5,1.33,BUYER_DOMINANT,,,,
2022-10-11,2022,10,133,4,36,97,127,1,1,400,94.33,94.31,94.38,0.07,3,3,133,4,400,94.33,200,MERCURIASA,4,GUNVORSA,2,MERCURIASA,"GUNVORSA, VITOL",MERCURIASA,GUNVORSA,Dec22,-0.4745359213131036,0.0011545439551377207,0.9172932330827067,0.16216216216216217,0.8,0.94,BUYER_DOMINANT,,,,
2022-10-12,2022,10,102,4,41,61,97,1,0,400,92.845,92.82,92.92,0.1,1,4,102,4,400,92.845,-200,MERCURIASA,3,GUNVORSA,3,"MERCURIASA, HARTREE","GUNVORSA, GLENCORE",MERCURIASA,GUNVORSA,Dec22,-0.4745359213131036,0.0016493485073396008,0.39215686274509803,0.047619047619047616,1.2,0.82,SELLER_DOMINANT,,,,
2022-10-13,2022,10,98,10,43,55,87,0,1,1000,93.836,93.72,93.92,0.2,6,6,98,10,1000,93.836,0,MERCURIASA,7,VITOL,6,"GUNVORSA, MERCURIASA, GLENCORE","VITOL, HARTREE, PTRIN, GLENCORE",MERCURIASA,VITOL,Dec22,0.7707297710997442,0.0032986970146792016,0.24489795918367346,0.2727272727272727,1.0909090909090908,1.42,NORMAL,,,,
2022-10-14,2022,10,233,2,59,174,165,65,1,200,91.765,91.08,92.45,1.37,2,65,233,2,200,91.765,0,HARTREE,1,CPUKLTD,1,"HARTREE, MERCURIASA","CPUKLTD, BP",MERCURIASA,GUNVORSA,"Dec22, Dec22/Jan23, Jan23",-0.8896244854507196,0.02259607455055253,0.9871244635193133,0.06666666666666667,0.6666666666666666,0.87,HIGH_PRICE_RANGE,,,,
2022-10-17,2022,10,77,6,51,26,69,2,0,600,91.83,91.8,91.86,0.06,4,4,77,6,600,91.83,0,MERCURIASA,5,GUNVORSA,5,"MERCURIASA, VITOL","GUNVORSA, GLENCORE",MERCURIASA,GUNVORSA,"Dec22, Dec22/Jan23, Jan23",-0.059447357175487686,0.0009896091044037604,0.6493506493506493,0.15384615384615385,1.4285714285714286,1.12,SELLER_DOMINANT,,,,
2022-10-18,2022,10,248,2,42,206,165,81,0,200,87.92,87.92,87.92,0.0,2,81,248,2,200,87.92,200,MERCURIASA,2,GUNVORSA,1,MERCURIASA,"GUNVORSA, GLENCORE",MERCURIASA,GUNVORSA,"Dec22, Dec22/Jan23, Jan23",-0.8896244854507196,0.0,1.3225806451612903,0.09302325581395349,0.6666666666666666,1.04,BUYER_DOMINANT,,,,
2022-10-20,2022,10,44,2,44,0,41,1,0,200,93.62,93.62,93.62,0.0,3,0,44,2,200,93.62,200,MERCURIASA,2,PTRIN,1,MERCURIASA,"PTRIN, GLENCORE",MERCURIASA,,Dec22,-0.8896244854507196,0.0,2.0,0.13333333333333333,0.6666666666666666,1.4,BUYER_DOMINANT,,,,
2022-10-21,2022,10,46,2,46,0,44,0,0,200,92.98,92.97,92.99,0.02,2,0,46,2,200,92.98,200,MERCURIASA,2,PTRIN,1,MERCURIASA,"PTRIN, GLENCORE",MERCURIASA,,Dec22,-0.8896244854507196,0.00032986970146792015,2.0,0.0851063829787234,0.6666666666666666,1.38,BUYER_DOMINANT,,,,
2022-10-24,2022,10,647,10,413,234,401,233,3,1000,92.286,91.26,93.31,2.05,143,102,647,10,1000,92.286,200,PTRIN,5,MERCURIASA,5,"PTRIN, VITOL","GUNVORSA, ALTA, MERCURIASA",PTRIN,GUNVORSA,"Dec22, Dec22/Jan23, Jan23",0.7707297710997442,0.03381164440046181,0.5533230293663061,0.6908212560386473,0.9090909090909091,1.71,HIGH_PRICE_RANGE,,,,
2022-10-25,2022,10,242,18,63,179,162,59,3,1800,67.561,1.75,93.59,91.84,8,61,242,18,1800,67.561,600,MERCURIASA,10,GUNVORSA,11,"PTRIN, MERCURIASA, GUNVORSA","GUNVORSA, MERCURIASA, ALTA, GLENCORE",PTRIN,MERCURIASA,"Dec22, Dec22/Jan23, Jan23",2.431084027650208,1.5147616691406893,0.9586776859504132,0.25,1.1578947368421053,3.69,HIGH_PRICE_RANGE,,,,
2022-10-26,2022,10,469,7,430,39,311,148,3,700,81.129,1.95,95.95,94.0,153,5,469,7,700,81.129,-100,VITOL,5,GUNVORSA,4,"VITOL, MERCURIASA","GUNVORSA, MERCURIASA, GLENCORE, ICE",PTRIN,GUNVORSA,"Dec22, Dec22/Jan23, Jan23",0.1480969248933203,1.5503875968992247,1.6673773987206824,0.7099767981438515,1.0,2.74,BUYER_DOMINANT,,,,
2022-10-27,2022,10,135,6,26,109,129,0,0,700,79.86,2.08,97.07,94.99,1,3,135,6,700,79.86,-300,GLENCORE,4,GLENCORE,2,"GLENCORE, MERCURIASA","MERCURIASA, GLENCORE, GUNVORSA, CPUKLTD",MERCURIASA,GUNVORSA,"Dec22, Dec22/Jan23, Jan23",0.1480969248933203,1.5667161471218867,1.2296296296296296,0.07407407407407407,0.5714285714285714,2.0,HIGH_PRICE_RANGE,,,,
2022-10-28,2022,10,100,4,50,50,95,1,0,400,93.71,93.71,93.71,0.0,3,2,100,4,400,93.71,200,MERCURIASA,4,GUNVORSA,2,MERCURIASA,"BP, CPUKLTD, GUNVORSA",MERCURIASA,CPUKLTD,Jan23,-0.4745359213131036,0.0,0.0,0.11764705882352941,0.8,0.46,BUYER_DOMINANT,,,,
2022-10-31,2022,10,30,3,0,30,27,0,0,300,92.673,92.67,92.68,0.01,0,3,0,0,0,,0,VITOL,2,GUNVORSA,2,"HARTREE, VITOL","GUNVORSA, MERCURIASA",,GUNVORSA,Jan23,-0.6820802033819116,0.00016493485073396007,2.0,0.0,1.0,1.5,OFFER_PRESSURE,,,,
2022-11-01,2022,11,176,4,53,123,171,0,1,400,94.655,94.62,94.71,0.09,3,3,176,4,400,94.655,-200,MERCURIASA,3,VITOL,3,"CPUKLTD, MERCURIASA","GUNVORSA, VITOL",MERCURIASA,GUNVORSA,Jan23,-0.7452482516184502,0.0014844136566056407,0.7954545454545454,0.1111111111111111,1.2,1.05,SELLER_DOMINANT,,,,
2022-11-02,2022,11,84,2,55,29,80,1,1,200,96.45,96.45,96.45,0.0,3,1,84,2,200,96.45,200,MERCURIASA,2,VITOL,1,MERCURIASA,"VITOL, GUNVORSA",MERCURIASA,GUNVORSA,Jan23,-1.078967306287501,0.0,0.6190476190476191,0.10714285714285714,0.6666666666666666,0.7,BUYER_DOMINANT,,,,
2022-11-03,2022,11,124,7,75,49,114,1,2,700,95.289,95.28,95.34,0.06,6,4,124,7,700,95.289,100,MERCURIASA,6,VITOL,7,"MERCURIASA, HARTREE",VITOL,MERCURIASA,VITOL,Jan23,-0.24466966961487402,0.0009896091044037604,0.41935483870967744,0.15789473684210525,1.75,1.16,SELLER_DOMINANT,,,,
2022-11-04,2022,11,97,3,52,45,92,2,0,300,97.693,97.68,97.72,0.04,2,3,97,3,300,97.693,-100,PTRIN,1,MERCURIASA,3,"PTRIN, STASCO, TRAFI",MERCURIASA,PTRIN,MERCURIASA,Jan23,-0.9121077789529756,0.0006597394029358403,0.14432989690721648,0.07547169811320754,1.5,0.86,SELLER_DOMINANT,,,,
2022-11-07,2022,11,193,2,164,29,129,61,1,200,99.53,99.53,99.53,0.0,62,2,193,2,200,99.53,200,PTRIN,2,HARTREE,2,PTRIN,HARTREE,MERCURIASA,MERCURIASA,"Feb23, Jan23, Jan23/Feb23",-1.078967306287501,0.0,1.3989637305699483,0.7515151515151515,1.3333333333333333,1.74,SELLER_DOMINANT,,,,
2022-11-08,2022,11,266,7,96,170,194,64,1,700,96.947,96.06,97.38,1.32,6,65,265,7,700,96.947,100,GUNVORSA,5,MERCURIASA,5,"GUNVORSA, STASCO","MERCURIASA, ALTA, VITOL",PTRIN,MERCURIASA,"Feb23, Jan23, Jan23/Feb23",-0.24466966961487402,0.02177140029688273,0.556390977443609,0.12371134020618557,1.25,0.98,SELLER_DOMINANT,,,,
2022-11-09,2022,11,237,2,153,84,154,78,3,200,92.725,92.7,92.75,0.05,50,31,234,2,200,92.725,0,STASCO,1,MERCURIASA,2,"STASCO, GUNVORSA",MERCURIASA,CPUKLTD,MERCURIASA,"Feb23, Jan23, Jan23/Feb23",-1.078967306287501,0.0008246742536698004,0.5822784810126582,0.6493506493506493,1.3333333333333333,1.28,SELLER_DOMINANT,,,,
2022-11-10,2022,11,360,7,321,39,259,92,2,700,80.11,1.53,94.0,92.47,96,4,360,7,700,80.11,300,VITOL,3,MERCURIASA,2,"STASCO, VITOL, GUNVORSA, ICE","MERCURIASA, GLENCORE, HARTREE, GUNVORSA",VITOL,MERCURIASA,"Feb23, Jan23, Jan23/Feb23",-0.24466966961487402,1.5251525647369288,1.5666666666666667,0.5962732919254659,0.5,2.25,HIGH_PRICE_RANGE,,,,
2022-11-11,2022,11,163,10,65,98,123,29,1,1000,85.44,1.65,96.26,94.61,4,34,163,10,1000,85.44,0,VITOL,5,MERCURIASA,7,"HARTREE, STASCO, VITOL, GUNVORSA, CPUKLTD","MERCURIASA, CPUKLTD, GUNVORSA",VITOL,GUNVORSA,"Feb23, Jan23, Jan23/Feb23",0.2559089123887021,1.5604486227939962,0.4049079754601227,0.12121212121212122,1.2727272727272727,2.04,HIGH_PRICE_RANGE,,,,
2022-11-14,2022,11,566,9,233,333,341,213,3,900,73.457,1.36,94.86,93.5,76,144,566,9,900,73.457,300,MERCURIASA,4,PTRIN,3,"MERCURIASA, GUNVORSA, HARTREE","VITOL, GUNVORSA, PTRIN, HARTREE, ICE",CPUKLTD,PTRIN,"Feb23, Jan23, Jan23/Feb23",0.08904938505417671,1.5421408543625268,0.35335689045936397,0.6495726495726496,0.6,1.8,HIGH_PRICE_RANGE,,,,
2022-11-15,2022,11,283,16,224,59,193,71,3,1600,70.165,1.03,94.53,93.5,75,6,283,16,1600,70.165,200,MERCURIASA,5,PTRIN,6,"MERCURIASA, CPUKLTD, GUNVORSA, PTRIN, ALTA","CPUKLTD, MERCURIASA, VITOL, HARTREE, PTRIN",CPUKLTD,PTRIN,"Feb23, Jan23, Jan23/Feb23",1.2570660763958543,1.5421408543625268,1.1660777385159011,0.6666666666666666,0.7058823529411765,3.2,HIGH_PRICE_RANGE,,,,
2022-11-16,2022,11,238,7,123,115,156,75,0,700,91.076,91.01,91.14,0.13,42,40,238,7,700,91.076,300,MERCURIASA,6,VITOL,5,"MERCURIASA, GLENCORE","VITOL, CPUKLTD, GUNVORSA",GUNVORSA,GUNVORSA,"Feb23, Jan23, Jan23/Feb23",-0.24466966961487402,0.002144153059541481,0.06722689075630252,0.6774193548387096,1.25,1.0,SELLER_DOMINANT,,,,
2022-11-17,2022,11,84,9,52,32,73,0,2,900,70.038,1.06,90.51,89.45,4,3,84,9,900,70.038,100,MERCURIASA,3,PTRIN,4,"ALTA, PTRIN, MERCURIASA, HARTREE","PTRIN, ALTA, HARTREE, VITOL, CPUKLTD",MERCURIASA,PTRIN,"Feb23, Jan23, Jan23/Feb23",0.08904938505417671,1.475342239815273,0.47619047619047616,0.1509433962264151,0.8,1.67,HIGH_PRICE_RANGE,,,,
2022-11-18,2022,11,291,4,268,23,192,91,4,400,87.14,87.14,87.14,0.0,94,2,291,4,400,87.14,400,MERCURIASA,4,VITOL,3,MERCURIASA,"VITOL, STASCO",GUNVORSA,PTRIN,"Feb23, Jan23, Jan23/Feb23",-0.7452482516184502,0.0,1.6838487972508591,0.6988847583643123,1.2,1.79,SELLER_DOMINANT,,,,
2022-11-21,2022,11,145,4,106,39,134,6,1,400,82.895,82.89,82.91,0.02,5,6,145,4,400,82.895,0,MERCURIASA,4,PTRIN,2,MERCURIASA,"VITOL, PTRIN, HARTREE",MERCURIASA,PTRIN,"Feb23, Jan23, Jan23/Feb23",-0.7452482516184502,0.00032986970146792015,0.9241379310344827,0.09345794392523364,0.8,0.91,BUYER_DOMINANT,,,,
2022-11-22,2022,11,266,4,97,169,212,47,3,400,88.59,88.52,88.66,0.14,3,51,266,4,400,88.59,0,MERCURIASA,3,PTRIN,2,"CPUKLTD, MERCURIASA","STASCO, GLENCORE, PTRIN",MERCURIASA,MERCURIASA,"Feb23, Jan23, Jan23/Feb23",-0.7452482516184502,0.0023090879102754414,0.5413533834586466,0.061224489795918366,0.8,0.7,BUYER_DOMINANT,,,,
2022-11-23,2022,11,365,11,57,308,285,68,1,1100,77.205,0.22,85.02,84.8,5,78,363,11,1100,77.205,-900,MERCURIASA,5,VITOL,5,"MERCURIASA, GLENCORE, HARTREE, ICE","VITOL, MERCURIASA, GUNVORSA, PTRIN, CPUKLTD",MERCURIASA,MERCURIASA,"Feb23, Jan23, Jan23/Feb23",0.4227684397232275,1.3986475342239815,1.3753424657534246,0.1724137931034483,0.8333333333333334,2.37,HIGH_PRICE_RANGE,,,,
2022-11-24,2022,11,164,1,164,0,162,1,0,100,85.2,85.2,85.2,0.0,2,0,164,1,100,85.2,100,MERCURIASA,1,PTRIN,1,MERCURIASA,PTRIN,CPUKLTD,,Feb23,-1.2458268336220262,0.0,2.0,0.024242424242424242,1.0,1.51,SELLER_DOMINANT,,,,
2022-11-25,2022,11,48,2,48,0,45,0,1,200,85.5,85.5,85.5,0.0,3,0,48,2,200,85.5,200,MERCURIASA,2,GLENCORE,1,MERCURIASA,"GLENCORE, VITOL",MERCURIASA,,Feb23,-1.078967306287501,0.0,2.0,0.12244897959183673,0.6666666666666666,1.39,BUYER_DOMINANT,,,,
2022-11-28,2022,11,514,24,212,302,319,168,3,2400,65.561,-0.55,83.21,83.76,73,111,514,24,2400,65.561,400,PTRIN,10,GUNVORSA,8,"PTRIN, GUNVORSA, MERCURIASA, STASCO, GLENCORE","GUNVORSA, PTRIN, VITOL, STASCO, MERCURIASA",PTRIN,GUNVORSA,"Feb23, Jan23, Jan23/Feb23",2.5919422950720574,1.3814943097476498,0.35019455252918286,0.6854460093896714,0.64,3.27,HIGH_PRICE_RANGE,,,,
2022-11-29,2022,11,195,13,37,158,179,1,2,1300,83.922,83.75,84.21,0.46,7,8,195,13,1300,83.922,100,MERCURIASA,12,VITOL,5,"MERCURIASA, GLENCORE","CPUKLTD, VITOL, HARTREE, GUNVORSA",MERCURIASA,VITOL,Feb23,0.7564874943922782,0.007587003133762164,1.241025641025641,0.3684210526315789,0.7142857142857143,1.77,BUYER_DOMINANT,,,,
2022-11-30,2022,11,88,5,0,88,81,0,2,500,86.71,86.65,86.75,0.1,0,6,88,5,500,86.71,-500,MERCURIASA,2,PTRIN,3,"MERCURIASA, STASCO, GLENCORE, HARTREE","PTRIN, VITOL",,PTRIN,Feb23,-0.5783887242839247,0.0016493485073396008,2.0,0.0,1.0,1.5,OFFER_PRESSURE,,,,
2022-12-01,2022,12,120,6,49,71,111,3,0,600,88.735,88.73,88.74,0.01,4,5,120,6,600,88.735,0,VITOL,5,GUNVORSA,3,"VITOL, MERCURIASA","GUNVORSA, GLENCORE, STASCO",VITOL,GUNVORSA,Feb23,-0.13153345586819862,0.00016493485073396007,0.36666666666666664,0.16,0.8571428571428571,0.69,BUYER_DOMINANT,,,,
2022-12-02,2022,12,174,4,0,174,168,2,0,400,86.508,86.47,86.53,0.06,0,6,174,4,400,86.508,-400,GLENCORE,2,MERCURIASA,3,"ALTA, CPUKLTD, GLENCORE","PTRIN, MERCURIASA",,PTRIN,Feb23,-0.42811207610604773,0.0009896091044037604,2.0,0.0,1.2,1.6,SELLER_DOMINANT,,,,
2022-12-05,2022,12,350,3,121,229,274,70,3,300,84.853,84.27,85.18,0.91,4,70,348,3,300,84.853,100,MERCURIASA,2,STASCO,2,"MERCURIASA, CPUKLTD","STASCO, HARTREE",CPUKLTD,STASCO,"Feb23, Feb23/Mar23, Mar23",-0.5764013862249723,0.015009071416790368,0.6171428571428571,0.06557377049180328,1.0,0.85,NORMAL,,,,
2022-12-06,2022,12,194,6,47,147,186,2,0,600,80.51,80.45,80.63,0.18,1,7,194,6,600,80.51,-400,MERCURIASA,5,VITOL,5,"MERCURIASA, PTRIN","VITOL, CPUKLTD",MERCURIASA,GUNVORSA,Feb23,-0.13153345586819862,0.0029688273132112814,1.0309278350515463,0.041666666666666664,1.4285714285714286,1.25,SELLER_DOMINANT,,,,
2022-12-07,2022,12,325,6,90,235,222,96,1,600,79.005,78.59,79.23,0.64,5,98,325,6,600,79.005,200,MERCURIASA,4,GLENCORE,2,"MERCURIASA, PTRIN, STASCO","GLENCORE, BP, GUNVORSA, STASCO",MERCURIASA,BP,"Feb23, Feb23/Mar23, Mar23",-0.13153345586819862,0.010555830446973445,0.8923076923076924,0.10989010989010989,0.5714285714285714,0.79,OFFER_PRESSURE,,,,
2022-12-08,2022,12,128,2,14,114,91,34,1,200,76.6,76.6,76.6,0.0,2,35,128,2,200,76.6,-200,MERCURIASA,2,HARTREE,1,MERCURIASA,"HARTREE, GUNVORSA",MERCURIASA,MERCURIASA,"Feb23, Feb23/Mar23, Mar23",-0.7246906963438968,0.0,1.5625,0.26666666666666666,0.6666666666666666,1.25,BUYER_DOMINANT,,,,
2022-12-09,2022,12,119,6,48,71,113,0,0,600,77.508,77.45,77.54,0.09,4,2,119,6,600,77.508,200,MERCURIASA,6,GUNVORSA,3,MERCURIASA,"GLENCORE, GUNVORSA, VITOL",MERCURIASA,VITOL,Feb23,-0.13153345586819862,0.0014844136566056407,0.3865546218487395,0.16326530612244897,0.8571428571428571,0.7,BUYER_DOMINANT,,,,
2022-12-12,2022,12,251,6,179,72,179,65,1,600,78.817,78.6,78.96,0.36,67,5,251,6,600,78.817,-200,MERCURIASA,4,CPUKLTD,2,"MERCURIASA, TOTSA","CPUKLTD, GUNVORSA, BP",MERCURIASA,GUNVORSA,"Feb23, Feb23/Mar23, Mar23",-0.13153345586819862,0.005937654626422563,0.852589641434263,0.7444444444444445,0.5714285714285714,1.09,BID_PRESSURE,,,,
2022-12-13,2022,12,189,5,0,189,176,0,8,500,80.81,80.6,80.98,0.38,0,8,189,5,500,80.81,-500,GUNVORSA,2,VITOL,2,"PTRIN, GUNVORSA, GLENCORE, TOTSA","MERCURIASA, VITOL, BP",,VITOL,"Feb23, Mar23",-0.2798227659871232,0.006267524327890483,2.0,0.0,0.6666666666666666,1.34,OFFER_PRESSURE,,,,
2022-12-14,2022,12,92,2,50,42,88,1,1,200,82.79,82.78,82.8,0.02,3,1,92,2,200,82.79,0,GUNVORSA,2,MERCURIASA,2,GUNVORSA,MERCURIASA,GUNVORSA,MERCURIASA,Feb23,-0.7246906963438968,0.00032986970146792015,0.17391304347826086,0.11764705882352941,1.3333333333333333,0.81,SELLER_DOMINANT,,,,
2022-12-15,2022,12,286,4,14,272,207,73,2,500,81.2,81.14,81.26,0.12,6,73,286,4,500,81.2,-500,GUNVORSA,1,VITOL,3,"GUNVORSA, HARTREE, GLENCORE, TOTSA","VITOL, MERCURIASA",MERCURIASA,GUNVORSA,"Feb23, Feb23/Mar23, Mar23",-0.2798227659871232,0.001979218208807521,1.8041958041958042,0.8,1.2,1.9,SELLER_DOMINANT,,,,
2022-12-16,2022,12,347,2,47,300,245,99,1,200,78.915,78.55,79.28,0.73,1,101,347,2,200,78.915,0,GLENCORE,1,PTRIN,1,"GLENCORE, MERCURIASA","PTRIN, VITOL",MERCURIASA,PTRIN,"Feb23, Feb23/Mar23, Mar23",-0.7246906963438968,0.012040244103579085,1.45821325648415,0.041666666666666664,0.6666666666666666,1.09,OFFER_PRESSURE,,,,
2022-12-19,2022,12,278,10,20,258,191,75,2,1000,64.152,-0.59,80.9,81.49,2,85,278,10,1000,64.152,-800,GUNVORSA,5,VITOL,4,"GUNVORSA, STASCO, CPUKLTD, ICE","VITOL, CPUKLTD, MERCURIASA, ICE",CPUKLTD,CPUKLTD,"Feb23, Feb23/Mar23, Mar23",0.4616237846074996,1.3440540986310405,1.7122302158273381,0.19047619047619047,0.7272727272727273,2.49,HIGH_PRICE_RANGE,,,,
2022-12-20,2022,12,282,4,20,262,214,63,1,400,79.865,79.85,79.88,0.03,2,66,282,4,400,79.865,0,CPUKLTD,2,VITOL,3,"CPUKLTD, GUNVORSA","MERCURIASA, VITOL",CPUKLTD,MERCURIASA,"Feb23, Feb23/Mar23, Mar23",-0.42811207610604773,0.0004948045522018802,1.7163120567375887,0.19047619047619047,1.2,1.55,SELLER_DOMINANT,,,,
2022-12-21,2022,12,224,3,15,209,132,87,2,300,81.71,81.71,81.71,0.0,6,86,224,3,300,81.71,-300,GUNVORSA,3,MERCURIASA,3,GUNVORSA,MERCURIASA,GUNVORSA,MERCURIASA,"Feb23, Feb23/Mar23, Mar23",-0.5764013862249723,0.0,1.7321428571428572,0.75,1.5,1.99,SELLER_DOMINANT,,,,
2022-12-22,2022,12,43,4,0,43,39,0,0,400,82.11,82.11,82.11,0.0,0,4,43,4,400,82.11,-400,GUNVORSA,3,MERCURIASA,4,"PTRIN, GUNVORSA",MERCURIASA,,MERCURIASA,Feb23,-0.42811207610604773,0.0,2.0,0.0,1.6,1.8,SELLER_DOMINANT,,,,
2022-12-23,2022,12,309,0,243,66,209,97,3,0,,,,,97,1,0,0,0,,0,,0,,0,,,CPUKLTD,MERCURIASA,"Feb23, Feb23/Mar23, Mar23",-1.021269316581746,0.0,1.145631067961165,0.7950819672131147,0.0,0.97,NO_SELLER,,,,
2022-12-28,2022,12,45,2,2,43,42,1,0,200,83.12,83.12,83.12,0.0,1,2,45,2,200,83.12,-200,HARTREE,2,MERCURIASA,2,HARTREE,MERCURIASA,MERCURIASA,MERCURIASA,Mar23,-0.7246906963438968,0.0,1.8222222222222222,0.6666666666666666,1.3333333333333333,1.91,SELLER_DOMINANT,,,,
2022-12-29,2022,12,103,3,37,66,98,1,1,300,82.81,82.81,82.81,0.0,1,4,103,3,300,82.81,-300,HARTREE,2,MERCURIASA,3,"GUNVORSA, HARTREE",MERCURIASA,CPUKLTD,MERCURIASA,Mar23,-0.5764013862249723,0.0,0.5631067961165048,0.05263157894736842,1.5,1.06,SELLER_DOMINANT,,,,
2022-12-30,2022,12,113,3,21,92,107,2,1,300,83.22,83.17,83.26,0.09,2,3,0,0,0,,0,CPUKLTD,3,MERCURIASA,3,CPUKLTD,MERCURIASA,CPUKLTD,MERCURIASA,Mar23,-0.5764013862249723,0.0014844136566056407,1.2566371681415929,0.18181818181818182,1.5,1.47,SELLER_DOMINANT,,,,
2023-01-03,2023,1,167,7,36,131,159,0,1,700,83.217,83.16,83.25,0.09,1,7,167,7,700,83.217,-700,HARTREE,4,VITOL,5,"HARTREE, CPUKLTD, GLENCORE","VITOL, MERCURIASA",CPUKLTD,VITOL,Mar23,0.07125409031405676,0.0014844136566056407,1.1377245508982037,0.05405405405405406,1.25,1.28,SELLER_DOMINANT,,,,
2023-01-04,2023,1,97,4,0,97,90,1,2,400,77.97,77.97,77.97,0.0,0,6,97,4,400,77.97,-400,HARTREE,3,MERCURIASA,2,"HARTREE, CPUKLTD","MERCURIASA, VITOL",,VITOL,Mar23,-0.4669871849139039,0.0,2.0,0.0,0.8,1.4,BUYER_DOMINANT,,,,
2023-01-05,2023,1,131,4,60,71,125,1,1,400,79.142,79.11,79.16,0.05,3,3,131,4,400,79.142,0,PTRIN,2,MERCURIASA,4,"PTRIN, CPUKLTD",MERCURIASA,PTRIN,MERCURIASA,Mar23,-0.4669871849139039,0.0008246742536698004,0.16793893129770993,0.09836065573770492,1.6,0.93,SELLER_DOMINANT,,,,
2023-01-06,2023,1,104,2,57,47,99,1,2,200,79.755,79.75,79.76,0.01,2,2,104,2,200,79.755,0,PTRIN,2,MERCURIASA,2,PTRIN,MERCURIASA,PTRIN,MERCURIASA,Mar23,-0.8258147017325443,0.00016493485073396007,0.19230769230769232,0.06896551724137931,1.3333333333333333,0.8,SELLER_DOMINANT,,,,
2023-01-09,2023,1,313,6,199,114,228,77,2,600,79.798,79.74,79.97,0.23,77,8,313,6,600,79.798,-200,PTRIN,3,MERCURIASA,5,"GUNVORSA, PTRIN, CPUKLTD","BP, MERCURIASA",PTRIN,MERCURIASA,"Apr23, Mar23, Mar23/Apr23",-0.10815966809526345,0.003793501566881082,0.5431309904153354,0.77,1.4285714285714286,1.37,SELLER_DOMINANT,,,,
2023-01-10,2023,1,247,4,168,79,178,65,0,400,79.815,79.72,80.04,0.32,67,3,247,4,400,79.815,0,PTRIN,2,MERCURIASA,3,"PTRIN, GLENCORE, MERCURIASA","MERCURIASA, BP",PTRIN,MERCURIASA,"Apr23, Mar23, Mar23/Apr23",-0.4669871849139039,0.005277915223486722,0.7206477732793523,0.7928994082840237,1.2,1.36,SELLER_DOMINANT,,,,
2023-01-11,2023,1,305,3,263,42,219,82,1,300,82.207,82.19,82.24,0.05,83,2,305,3,300,82.207,100,MERCURIASA,2,VITOL,2,"MERCURIASA, GUNVORSA","VITOL, BP",MERCURIASA,BP,"Apr23, Mar23, Mar23/Apr23",-0.6464009433232241,0.0008246742536698004,1.4491803278688524,0.6287878787878788,1.0,1.54,BID_PRESSURE,,,,
2023-01-12,2023,1,64,1,48,16,52,10,1,100,84.34,84.34,84.34,0.0,3,8,64,1,100,84.34,100,MERCURIASA,1,CPUKLTD,1,MERCURIASA,CPUKLTD,MERCURIASA,GUNVORSA,"Apr23, Mar23, Mar23/Apr23",-1.0052284601418646,0.0,1.0,0.12244897959183673,1.0,1.06,SELLER_DOMINANT,,,,
2023-01-13,2023,1,112,1,22,90,107,1,3,100,84.91,84.91,84.91,0.0,1,3,112,1,100,84.91,-100,HARTREE,1,MERCURIASA,1,HARTREE,MERCURIASA,MERCURIASA,MERCURIASA,Mar23,-1.0052284601418646,0.0,1.2142857142857142,0.08695652173913043,1.0,1.15,SELLER_DOMINANT,,,,
2023-01-16,2023,1,53,2,22,31,50,1,0,200,84.305,84.29,84.32,0.03,1,2,53,2,200,84.305,-200,VITOL,2,MERCURIASA,2,VITOL,MERCURIASA,MERCURIASA,MERCURIASA,Mar23,-0.8258147017325443,0.0004948045522018802,0.33962264150943394,0.08695652173913043,1.3333333333333333,0.88,SELLER_DOMINANT,,,,
2023-01-17,2023,1,70,1,48,22,68,1,0,100,85.75,85.75,85.75,0.0,1,1,70,1,100,85.75,100,MERCURIASA,1,GLENCORE,1,MERCURIASA,GLENCORE,MERCURIASA,MERCURIASA,Mar23,-1.0052284601418646,0.0,0.7428571428571429,0.04081632653061224,1.0,0.89,SELLER_DOMINANT,,,,
2023-01-18,2023,1,540,2,123,417,352,182,4,200,87.41,87.41,87.41,0.0,34,153,539,2,200,87.41,-200,GUNVORSA,2,MERCURIASA,2,GUNVORSA,MERCURIASA,PTRIN,GUNVORSA,"Apr23, Mar23, Mar23/Apr23",-0.8258147017325443,0.0,1.0888888888888888,0.5483870967741935,1.3333333333333333,1.49,SELLER_DOMINANT,,,,
2023-01-19,2023,1,148,17,31,117,94,35,2,1700,60.426,-0.18,85.81,85.99,6,37,148,17,1700,60.426,300,PTRIN,10,GUNVORSA,10,"GLENCORE, GUNVORSA, PTRIN","HARTREE, PTRIN, GUNVORSA, STASCO",PTRIN,PTRIN,"Apr23, Mar23, Mar23/Apr23",1.8653916744072592,1.4182747814613226,1.162162162162162,0.375,1.1111111111111112,3.67,HIGH_PRICE_RANGE,,,,
2023-01-20,2023,1,191,13,66,125,126,51,1,1300,59.559,-0.16,86.93,87.09,18,38,188,13,1300,59.559,300,PTRIN,8,GUNVORSA,8,"GLENCORE, PTRIN, GUNVORSA","MERCURIASA, GUNVORSA, PTRIN",PTRIN,PTRIN,"Apr23, Mar23, Mar23/Apr23",1.147736640769978,1.4364176150420584,0.6178010471204188,0.5373134328358209,1.1428571428571428,2.93,HIGH_PRICE_RANGE,,,,
2023-01-23,2023,1,428,17,222,206,277,133,1,1700,68.119,0.03,89.13,89.1,77,66,428,17,1700,68.119,500,PTRIN,8,GUNVORSA,10,"PTRIN, GUNVORSA, MERCURIASA, VITOL","GUNVORSA, PTRIN, GLENCORE, HARTREE, CPUKLTD",MERCURIASA,PTRIN,"Apr23, Mar23, Mar23/Apr23",1.8653916744072592,1.4695695200395842,0.07476635514018691,0.6905829596412556,1.1111111111111112,3.31,HIGH_PRICE_RANGE,,,,
2023-01-24,2023,1,273,9,268,5,199,62,3,900,67.566,-0.12,86.99,87.11,69,1,273,9,900,67.566,500,PTRIN,4,GUNVORSA,6,"PTRIN, GUNVORSA, CPUKLTD, MERCURIASA","GUNVORSA, PTRIN, VITOL",GUNVORSA,GUNVORSA,"Apr23, Mar23, Mar23/Apr23",0.4300816071326972,1.4367474847435262,1.9267399267399268,0.5130111524163569,1.2,3.03,HIGH_PRICE_RANGE,,,,
2023-01-25,2023,1,583,2,336,247,364,213,4,200,86.66,86.66,86.66,0.0,120,97,583,2,200,86.66,200,MERCURIASA,2,GLENCORE,2,MERCURIASA,GLENCORE,MERCURIASA,GUNVORSA,"Apr23, Mar23, Mar23/Apr23",-0.8258147017325443,0.0,0.3053173241852487,0.712166172106825,1.3333333333333333,1.18,SELLER_DOMINANT,,,,
2023-01-26,2023,1,406,2,188,218,252,148,4,200,87.735,87.72,87.75,0.03,64,87,405,2,200,87.735,-200,PTRIN,1,MERCURIASA,2,"PTRIN, STASCO",MERCURIASA,PTRIN,MERCURIASA,"Apr23, Mar23, Mar23/Apr23",-0.8258147017325443,0.0004948045522018802,0.1477832512315271,0.6772486772486772,1.3333333333333333,1.08,SELLER_DOMINANT,,,,
2023-01-27,2023,1,209,0,209,0,137,69,3,0,,,,,70,0,209,0,0,,0,,0,,0,,,PTRIN,,"Apr23, Mar23, Mar23/Apr23",-1.1846422185511847,0.0,2.0,0.6666666666666666,0.0,1.33,NO_SELLER,,,,
2023-01-30,2023,1,165,8,44,121,155,2,0,800,85.704,85.64,85.76,0.12,5,6,165,8,800,85.704,200,HARTREE,5,VITOL,7,"HARTREE, MERCURIASA","VITOL, GUNVORSA",MERCURIASA,VITOL,Apr23,0.250667848723377,0.001979218208807521,0.9333333333333333,0.2222222222222222,1.5555555555555556,1.56,SELLER_DOMINANT,,,,
2023-01-31,2023,1,156,5,46,110,149,1,1,500,85.258,85.24,85.3,0.06,3,4,156,5,500,85.258,100,MERCURIASA,4,VITOL,5,"MERCURIASA, PTRIN",VITOL,MERCURIASA,VITOL,Apr23,-0.2875734265045837,0.0009896091044037604,0.8205128205128205,0.1276595744680851,1.6666666666666667,1.31,SELLER_DOMINANT,,,,
2023-02-01,2023,2,202,6,58,144,189,5,2,600,84.298,84.28,84.32,0.04,5,7,194,6,600,84.298,-200,GUNVORSA,3,VITOL,6,"GUNVORSA, CPUKLTD, TRAFI, GLENCORE",VITOL,GUNVORSA,VITOL,"Apr23, Jun23",-0.18414582156353734,0.0006597394029358403,0.8514851485148515,0.1694915254237288,1.7142857142857142,1.37,SELLER_DOMINANT,,,,
2023-02-02,2023,2,165,5,0,165,158,2,0,500,81.884,81.6,81.97,0.37,0,7,165,5,500,81.884,-500,STASCO,3,VITOL,4,"STASCO, HARTREE, CPUKLTD","MERCURIASA, VITOL",,VITOL,"Apr23, Jun23",-0.3579172306446218,0.006102589477156523,2.0,0.0,1.3333333333333333,1.67,SELLER_DOMINANT,,,,
2023-02-03,2023,2,192,6,60,132,147,38,1,700,81.74,81.63,81.78,0.15,7,38,192,6,700,81.74,300,GUNVORSA,4,VITOL,6,"GUNVORSA, MERCURIASA, TRAFI",VITOL,MERCURIASA,GUNVORSA,"Apr23, Apr23/May23, May23",-0.01037441248245289,0.002474022761009401,0.75,0.22950819672131148,1.7142857142857142,1.35,SELLER_DOMINANT,,,,
2023-02-06,2023,2,143,4,54,89,134,2,3,400,80.215,80.2,80.22,0.02,2,6,143,4,400,80.215,-200,MERCURIASA,1,VITOL,4,"MERCURIASA, HARTREE, STASCO, CPUKLTD",VITOL,MERCURIASA,VITOL,Apr23,-0.5316886397257062,0.00032986970146792015,0.48951048951048953,0.07272727272727272,1.6,1.08,SELLER_DOMINANT,,,,
2023-02-07,2023,2,161,12,112,49,148,1,0,1200,83.058,82.98,83.1,0.12,8,6,161,12,1200,83.058,400,MERCURIASA,10,VITOL,7,"PTRIN, MERCURIASA","VITOL, HARTREE, GUNVORSA",MERCURIASA,VITOL,Apr23,0.8584826329229694,0.001979218208807521,0.782608695652174,0.1415929203539823,1.0769230769230769,1.69,BUYER_DOMINANT,,,,
2023-02-08,2023,2,169,9,61,108,160,0,0,900,84.002,83.96,84.07,0.11,3,8,169,9,900,84.002,-500,MERCURIASA,5,VITOL,5,"STASCO, MERCURIASA, TRAFI, GUNVORSA","VITOL, PTRIN",MERCURIASA,VITOL,Apr23,0.337168405679716,0.001814283358073561,0.5562130177514792,0.0967741935483871,1.0,1.1,NORMAL,,,,
2023-02-09,2023,2,103,1,44,59,98,2,2,100,84.1,84.1,84.1,0.0,1,3,103,1,100,84.1,-100,TRAFI,1,PTRIN,1,TRAFI,PTRIN,MERCURIASA,GUNVORSA,Apr23,-1.0530028669689597,0.0,0.2912621359223301,0.044444444444444446,1.0,0.67,SELLER_DOMINANT,,,,
2023-02-10,2023,2,89,3,36,53,85,1,0,300,86.447,86.41,86.49,0.08,1,3,89,3,300,86.447,-100,MERCURIASA,3,PTRIN,2,MERCURIASA,"VITOL, PTRIN",MERCURIASA,PTRIN,Apr23,-0.7054600488067907,0.0013194788058716806,0.38202247191011235,0.05405405405405406,1.0,0.72,BUYER_DOMINANT,,,,
2023-02-13,2023,2,125,3,40,85,118,2,2,300,86.06,86.02,86.11,0.09,1,6,125,3,300,86.06,-100,MERCURIASA,2,PTRIN,2,"MERCURIASA, TRAFI","GUNVORSA, PTRIN",MERCURIASA,PTRIN,Apr23,-0.7054600488067907,0.0014844136566056407,0.72,0.04878048780487805,1.0,0.89,OFFER_PRESSURE,,,,
2023-02-14,2023,2,120,4,27,93,114,1,1,400,85.348,85.34,85.37,0.03,2,4,120,4,400,85.348,-400,VITOL,3,MERCURIASA,3,"GUNVORSA, VITOL","MERCURIASA, PTRIN",GUNVORSA,MERCURIASA,Apr23,-0.5316886397257062,0.0004948045522018802,1.1,0.14285714285714285,1.2,1.22,SELLER_DOMINANT,,,,
2023-02-15,2023,2,201,3,139,62,194,2,2,300,84.423,84.4,84.44,0.04,4,3,201,3,300,84.423,-100,MERCURIASA,3,GUNVORSA,1,MERCURIASA,"GUNVORSA, PTRIN, CPUKLTD",MERCURIASA,GUNVORSA,Apr23,-0.7054600488067907,0.0006597394029358403,0.7661691542288557,0.05714285714285714,0.5,0.66,BUYER_DOMINANT,,,,
2023-02-16,2023,2,359,8,243,116,270,79,2,800,85.234,84.9,85.42,0.52,81,8,359,8,800,85.234,-400,MERCURIASA,5,PTRIN,3,"MERCURIASA, GLENCORE, TRAFI, STASCO","PTRIN, VITOL, GUNVORSA, CPUKLTD",MERCURIASA,VITOL,"Apr23, Apr23/May23, May23",0.16339699659863158,0.008576612238165924,0.7075208913649025,0.6639344262295082,0.6666666666666666,1.15,BID_PRESSURE,,,,
2023-02-17,2023,2,331,5,121,210,254,70,2,500,82.814,82.72,83.01,0.29,5,72,331,5,500,82.814,300,VITOL,3,GUNVORSA,3,"MERCURIASA, VITOL","GUNVORSA, GLENCORE, CPUKLTD",VITOL,GUNVORSA,"Apr23, Apr23/May23, May23",-0.3579172306446218,0.004783110671284842,0.5377643504531722,0.08196721311475409,1.0,0.81,NORMAL,,,,
2023-02-20,2023,2,531,19,307,224,360,147,5,1900,74.491,-0.17,83.35,83.52,82,88,531,19,1900,74.491,100,VITOL,6,MERCURIASA,11,"GUNVORSA, CPUKLTD, VITOL, HARTREE, GLENCORE","MERCURIASA, HARTREE, GUNVORSA, GLENCORE",TRAFI,GUNVORSA,"Apr23, Apr23/May23, May23",2.0748824964905603,1.3775358733300345,0.3126177024482109,0.5324675324675324,1.1,3.4,HIGH_PRICE_RANGE,,,,
2023-02-21,2023,2,790,6,425,365,503,273,8,600,69.222,0.24,83.2,82.96,136,148,790,6,600,69.222,-200,VITOL,4,MERCURIASA,3,"VITOL, MERCURIASA","MERCURIASA, GUNVORSA, CPUKLTD, ICE",MERCURIASA,GUNVORSA,"Apr23, Apr23/May23, May23",-0.18414582156353734,1.3682995216889327,0.1518987341772152,0.6384976525821596,0.8571428571428571,1.64,HIGH_PRICE_RANGE,,,,
2023-02-22,2023,2,197,5,167,30,135,54,3,500,81.312,81.3,81.32,0.02,58,3,197,5,500,81.312,100,VITOL,5,MERCURIASA,2,VITOL,"PTRIN, MERCURIASA, GUNVORSA",MERCURIASA,MERCURIASA,"Apr23, Apr23/May23, May23",-0.3579172306446218,0.00032986970146792015,1.3908629441624365,0.6904761904761905,0.6666666666666666,1.37,BUYER_DOMINANT,,,,
2023-02-23,2023,2,380,6,318,62,255,117,2,600,81.573,81.54,81.63,0.09,122,3,380,6,600,81.573,0,VITOL,5,GUNVORSA,3,"VITOL, TRAFI","GUNVORSA, MERCURIASA",PTRIN,MERCURIASA,"Apr23, Apr23/May23, May23",-0.18414582156353734,0.0014844136566056407,1.3473684210526315,0.7648902821316614,0.8571428571428571,1.49,BUYER_DOMINANT,,,,
2023-02-24,2023,2,490,7,419,71,334,149,0,700,70.774,0.18,82.84,82.66,151,5,490,7,700,70.774,100,PTRIN,3,VITOL,3,"GUNVORSA, PTRIN, MERCURIASA, HARTREE, STASCO","VITOL, GLENCORE, PTRIN, HARTREE, ICE",PTRIN,GUNVORSA,"Apr23, Apr23/May23, May23",-0.01037441248245289,1.3633514761669139,1.420408163265306,0.719047619047619,0.75,2.26,HIGH_PRICE_RANGE,,,,
2023-02-27,2023,2,123,6,74,49,114,1,2,600,81.913,81.86,81.97,0.11,5,4,122,6,600,81.913,0,MERCURIASA,4,VITOL,6,"MERCURIASA, PTRIN, GLENCORE",VITOL,MERCURIASA,VITOL,May23,-0.18414582156353734,0.001814283358073561,0.4065040650406504,0.13333333333333333,1.7142857142857142,1.13,SELLER_DOMINANT,,,,
2023-02-28,2023,2,31,0,2,29,28,1,2,0,,,,,1,1,31,0,0,,0,,0,,0,,,MERCURIASA,MERCURIASA,May23,-1.2267742760500442,0.0,1.7419354838709677,0.6666666666666666,0.0,1.2,OFFER_PRESSURE,,,,
2023-03-01,2023,3,57,3,55,2,53,1,0,300,83.71,83.71,83.71,0.0,3,1,57,3,300,83.71,300,VITOL,3,GUNVORSA,3,VITOL,GUNVORSA,VITOL,GUNVORSA,May23,-0.5904116280150777,0.0,1.8596491228070176,0.10714285714285714,1.5,1.73,SELLER_DOMINANT,,,0.1,
2023-03-02,2023,3,116,7,60,56,106,2,1,800,85.111,85.1,85.12,0.02,3,7,116,7,800,85.111,-600,VITOL,7,MERCURIASA,4,VITOL,"MERCURIASA, GUNVORSA, STASCO",VITOL,MERCURIASA,May23,0.9197847816068226,0.00032986970146792015,0.06896551724137931,0.09836065573770492,1.0,1.32,BUYER_DOMINANT,,,0.14,0.04
2023-03-03,2023,3,135,5,91,44,124,5,1,500,85.438,85.43,85.44,0.01,7,4,118,5,500,85.438,300,VITOL,5,GUNVORSA,3,VITOL,"GUNVORSA, BP",VITOL,MERCURIASA,"Jun23/Jul23, May23, May23/Jun23",0.013666935833682394,0.00016493485073396007,0.6962962962962963,0.15217391304347827,1.0,0.94,BUYER_DOMINANT,,,0.09,-0.05
2023-03-06,2023,3,150,6,119,31,142,1,1,600,86.18,86.15,86.19,0.04,6,2,150,6,600,86.18,600,VITOL,3,GLENCORE,4,"VITOL, MERCURIASA","GLENCORE, HARTREE, TOTSA",VITOL,GUNVORSA,May23,0.31570621775806246,0.0006597394029358403,1.1733333333333333,0.1,1.1428571428571428,1.46,BID_PRESSURE,,,0.1,0.01
2023-03-07,2023,3,145,2,85,60,139,2,2,200,84.305,84.3,84.31,0.01,3,2,145,2,200,84.305,0,MERCURIASA,2,GUNVORSA,2,MERCURIASA,GUNVORSA,MERCURIASA,GUNVORSA,May23,-0.8924509099394579,0.00016493485073396007,0.3448275862068966,0.06976744186046512,1.3333333333333333,0.87,SELLER_DOMINANT,,,0.12,0.02
2023-03-08,2023,3,91,3,85,6,81,6,1,300,82.827,82.78,82.85,0.07,6,3,91,3,300,82.827,300,MERCURIASA,2,GUNVORSA,2,"MERCURIASA, STASCO","GUNVORSA, GLENCORE",MERCURIASA,GUNVORSA,"Jun23, May23, May23/Jun23",-0.5904116280150777,0.0011545439551377207,1.7362637362637363,0.13953488372093023,1.0,1.44,BID_PRESSURE,,,0.1,-0.02
2023-03-09,2023,3,59,3,55,4,51,3,2,300,83.39,83.37,83.4,0.03,5,2,59,3,300,83.39,300,MERCURIASA,2,HARTREE,2,"MERCURIASA, STASCO","GUNVORSA, HARTREE",MERCURIASA,GUNVORSA,May23,-0.5904116280150777,0.0004948045522018802,1.728813559322034,0.17857142857142858,1.0,1.45,BID_PRESSURE,,,0.12,0.02
2023-03-10,2023,3,105,2,73,32,99,3,1,200,82.785,82.77,82.8,0.03,3,2,105,2,200,82.785,200,MERCURIASA,2,HARTREE,1,MERCURIASA,"HARTREE, PTRIN",MERCURIASA,GUNVORSA,May23,-0.8924509099394579,0.0004948045522018802,0.780952380952381,0.08108108108108109,0.6666666666666666,0.76,BUYER_DOMINANT,,,0.22,0.1
2023-03-13,2023,3,121,3,77,44,113,4,1,300,81.723,81.72,81.73,0.01,4,4,121,3,300,81.723,100,MERCURIASA,3,GUNVORSA,2,MERCURIASA,"GUNVORSA, STASCO",MERCURIASA,GUNVORSA,May23,-0.5904116280150777,0.00016493485073396007,0.5454545454545454,0.10256410256410256,1.0,0.82,BUYER_DOMINANT,,,0.18,-0.04
2023-03-14,2023,3,159,4,76,83,150,2,3,400,79.525,79.51,79.55,0.04,4,5,159,4,400,79.525,0,HARTREE,4,MERCURIASA,3,HARTREE,"MERCURIASA, VITOL",GUNVORSA,GUNVORSA,May23,-0.2883723460906977,0.0006597394029358403,0.0880503144654088,0.1038961038961039,1.2,0.7,SELLER_DOMINANT,,,0.17,-0.01
2023-03-15,2023,3,114,1,39,75,110,2,1,100,72.51,72.51,72.51,0.0,2,2,114,1,100,72.51,-100,TOTSA,1,GUNVORSA,1,TOTSA,GUNVORSA,GUNVORSA,GUNVORSA,May23,-1.194490191863838,0.0,0.631578947368421,0.1,1.0,0.87,SELLER_DOMINANT,,,0.18,0.01
2023-03-16,2023,3,48,2,16,32,45,1,0,200,74.36,74.36,74.36,0.0,1,2,48,2,200,74.36,-200,GLENCORE,1,MERCURIASA,2,"GLENCORE, GUNVORSA",MERCURIASA,MERCURIASA,MERCURIASA,May23,-0.8924509099394579,0.0,0.6666666666666666,0.11764705882352941,1.3333333333333333,1.06,SELLER_DOMINANT,,,0.19,0.01
2023-03-17,2023,3,114,3,109,5,107,2,2,300,73.42,73.4,73.43,0.03,4,2,114,3,300,73.42,100,MERCURIASA,3,GUNVORSA,3,MERCURIASA,GUNVORSA,GUNVORSA,MERCURIASA,May23,-0.5904116280150777,0.0004948045522018802,1.8245614035087718,0.07272727272727272,1.5,1.7,SELLER_DOMINANT,,,0.11,-0.08
2023-03-18,2023,3,7,0,6,1,0,7,0,0,,,,,6,1,0,0,0,,0,,0,,0,,,BUYER1,SELLER1,"Jun23, May23, May23/Jun23",-1.496529473788218,0.0,1.4285714285714286,1.7142857142857142,0.0,1.57,NO_SELLER,,,,
2023-03-20,2023,3,138,4,100,38,127,5,2,400,72.78,72.77,72.79,0.02,4,6,138,4,400,72.78,0,MERCURIASA,3,GUNVORSA,4,"MERCURIASA, VITOL",GUNVORSA,PTRIN,GUNVORSA,"Jun23, May23, May23/Jun23",-0.2883723460906977,0.00032986970146792015,0.8985507246376812,0.07920792079207921,1.6,1.29,SELLER_DOMINANT,,,0.19,0.08
2023-03-21,2023,3,183,3,109,74,176,4,0,300,74.727,74.71,74.74,0.03,4,3,183,3,300,74.727,100,MERCURIASA,2,GUNVORSA,3,"MERCURIASA, PTRIN",GUNVORSA,PTRIN,GUNVORSA,"Jun23, May23, May23/Jun23",-0.5904116280150777,0.0004948045522018802,0.3825136612021858,0.07272727272727272,1.5,0.98,SELLER_DOMINANT,,,0.17,-0.02
2023-03-22,2023,3,143,4,107,36,121,18,0,400,76.19,76.0,76.38,0.38,4,18,143,4,400,76.19,400,MERCURIASA,2,GUNVORSA,3,"MERCURIASA, VITOL","GLENCORE, GUNVORSA",VITOL,MERCURIASA,"Jun23, May23, May23/Jun23",-0.2883723460906977,0.006267524327890483,0.993006993006993,0.07407407407407407,1.2,1.14,SELLER_DOMINANT,,,0.18,0.01
2023-03-23,2023,3,255,4,247,8,172,78,1,400,76.73,76.54,76.92,0.38,79,4,255,4,400,76.73,400,VITOL,2,STASCO,2,"VITOL, MERCURIASA","GUNVORSA, STASCO, MERCURIASA",GUNVORSA,GUNVORSA,"Jun23, May23, May23/Jun23",-0.2883723460906977,0.006267524327890483,1.8745098039215686,0.6370967741935484,0.8,1.66,BID_PRESSURE,,,0.31,0.13
2023-03-24,2023,3,78,0,76,2,72,5,1,0,,,,,5,1,78,0,0,,0,,0,,0,,,GUNVORSA,VITOL,"Jun23, May23, May23/Jun23",-1.496529473788218,0.0,1.8974358974358974,0.12987012987012986,0.0,1.01,BID_PRESSURE,,,0.33,0.02
2023-03-27,2023,3,79,2,10,69,66,11,0,200,75.885,75.87,75.9,0.03,1,12,79,2,200,75.885,-200,VITOL,2,MERCURIASA,2,VITOL,MERCURIASA,MERCURIASA,MERCURIASA,"Jun23, May23, May23/Jun23",-0.8924509099394579,0.0004948045522018802,1.4936708860759493,0.18181818181818182,1.3333333333333333,1.5,SELLER_DOMINANT,,,0.28,-0.05
2023-03-28,2023,3,495,8,409,86,338,147,2,800,78.35,78.19,78.8,0.61,153,4,495,8,800,78.35,0,VITOL,6,PTRIN,2,"VITOL, GUNVORSA","PTRIN, GLENCORE, MERCURIASA, GUNVORSA",GUNVORSA,PTRIN,"Jun23, May23, May23/Jun23",0.9197847816068226,0.010061025894771565,1.305050505050505,0.7463414634146341,0.4444444444444444,1.99,BUYER_DOMINANT,,,0.35,0.07
2023-03-29,2023,3,210,5,127,83,161,43,1,500,78.44,78.41,78.49,0.08,44,5,210,5,500,78.44,-100,MERCURIASA,5,VITOL,4,MERCURIASA,"VITOL, GUNVORSA",MERCURIASA,VITOL,"Jun23, May23, May23/Jun23",0.013666935833682394,0.0013194788058716806,0.41904761904761906,0.6875,1.3333333333333333,1.23,SELLER_DOMINANT,,,0.54,0.19
2023-03-30,2023,3,114,10,43,71,103,1,0,1000,78.361,78.27,78.49,0.22,4,7,114,10,1000,78.361,-200,MERCURIASA,7,GUNVORSA,10,"MERCURIASA, GLENCORE, VITOL",GUNVORSA,MERCURIASA,GUNVORSA,Jun23,1.5238633454555828,0.003628566716147122,0.49122807017543857,0.18181818181818182,1.8181818181818181,2.47,SELLER_DOMINANT,,,0.53,-0.01
2023-03-31,2023,3,130,3,56,74,122,4,1,300,79.2,79.2,79.2,0.0,3,5,130,3,300,79.2,-300,VITOL,2,MERCURIASA,3,"VITOL, GUNVORSA",MERCURIASA,VITOL,MERCURIASA,Jun23,-0.5904116280150777,0.0,0.27692307692307694,0.10526315789473684,1.5,0.94,SELLER_DOMINANT,,,-0.28,-0.81
2023-04-03,2023,4,167,6,94,73,157,1,3,600,84.8,84.76,84.84,0.08,5,6,167,6,600,84.8,200,MERCURIASA,5,PTRIN,3,"MERCURIASA, GLENCORE","PTRIN, VITOL",MERCURIASA,VITOL,Jun23,-0.07737529519083328,0.0013194788058716806,0.25149700598802394,0.10526315789473684,0.8571428571428571,0.61,BUYER_DOMINANT,-0.2,,,
2023-04-04,2023,4,101,8,51,50,90,2,1,800,84.495,84.47,84.5,0.03,2,9,101,8,800,84.495,-600,MERCURIASA,7,GUNVORSA,4,"MERCURIASA, STASCO","BP, PTRIN, GUNVORSA",MERCURIASA,PTRIN,Jun23,0.2613565526445922,0.0004948045522018802,0.019801980198019802,0.07692307692307693,0.8888888888888888,0.7,BUYER_DOMINANT,-0.19,0.01,,
2023-04-05,2023,4,337,2,160,177,227,105,3,200,84.785,84.78,84.79,0.01,33,76,337,2,200,84.785,0,MERCURIASA,2,GUNVORSA,2,MERCURIASA,GUNVORSA,MERCURIASA,GUNVORSA,"Jul23, Jun23, Jun23/Jul23",-0.7548389908616843,0.00016493485073396007,0.10089020771513353,0.40993788819875776,1.3333333333333333,0.92,SELLER_DOMINANT,-0.21,-0.02,,
2023-04-06,2023,4,39,1,39,0,38,0,0,100,85.2,85.2,85.2,0.0,1,0,0,0,0,,0,MERCURIASA,1,GUNVORSA,1,MERCURIASA,GUNVORSA,MERCURIASA,,Jun23,-0.9242049147793969,0.0,2.0,0.05,1.0,1.52,SELLER_DOMINANT,-0.18,0.03,,
2023-04-11,2023,4,405,2,134,271,287,111,5,200,84.835,84.66,85.01,0.35,59,55,403,2,200,84.835,0,MERCURIASA,1,BP,1,"MERCURIASA, STASCO","BP, VITOL",MERCURIASA,PTRIN,"Jul23, Jun23, Jun23/Jul23",-0.7548389908616843,0.005772719775688603,0.6765432098765433,0.8740740740740741,0.6666666666666666,1.11,OFFER_PRESSURE,-0.19,0.0,,
2023-04-12,2023,4,238,2,79,159,173,63,0,200,86.86,86.55,87.17,0.62,3,63,238,2,200,86.86,200,GUNVORSA,1,PTRIN,1,"GUNVORSA, MERCURIASA","PTRIN, GUNVORSA",GUNVORSA,PTRIN,"Jul23, Jun23, Jun23/Jul23",-0.7548389908616843,0.010225960745505525,0.6722689075630253,0.075,0.6666666666666666,0.71,OFFER_PRESSURE,-0.13,0.06,,
2023-04-13,2023,4,270,1,29,241,210,55,4,100,86.59,86.59,86.59,0.0,2,59,270,1,100,86.59,100,MERCURIASA,1,GUNVORSA,1,MERCURIASA,GUNVORSA,MERCURIASA,GUNVORSA,"Jul23, Jun23, Jun23/Jul23",-0.9242049147793969,0.0,1.5703703703703704,0.13333333333333333,1.0,1.35,SELLER_DOMINANT,-0.18,-0.05,,
2023-04-14,2023,4,373,4,173,200,243,124,2,400,64.915,0.45,86.56,86.11,42,86,372,4,400,64.915,400,GUNVORSA,3,BP,1,"GUNVORSA, MERCURIASA","BP, VITOL, GUNVORSA, ICE",GUNVORSA,PTRIN,"Jul23, Jun23, Jun23/Jul23",-0.41610714302625873,1.4202539996701302,0.1447721179624665,0.4827586206896552,0.4,1.37,BUYER_DOMINANT,-0.15,0.03,,
2023-04-17,2023,4,457,0,238,219,304,147,6,0,,,,,86,65,457,0,0,,0,,0,,0,,,PTRIN,MERCURIASA,"Jul23, Jun23, Jun23/Jul23",-1.0935708386971097,0.0,0.08315098468271334,0.7196652719665272,0.0,0.4,NO_SELLER,-0.21,-0.06,,
2023-04-18,2023,4,546,3,323,223,390,149,4,300,84.84,84.84,84.84,0.0,76,80,546,3,300,84.84,300,TOTSA,3,GUNVORSA,3,TOTSA,GUNVORSA,GUNVORSA,GUNVORSA,"Jul23, Jun23, Jun23/Jul23",-0.5854730669439715,0.0,0.3663003663003663,0.4691358024691358,1.5,1.17,SELLER_DOMINANT,-0.17,0.04,,
2023-04-19,2023,4,595,2,306,289,390,201,2,200,83.69,83.56,83.82,0.26,85,120,595,2,200,83.69,200,MERCURIASA,1,GUNVORSA,1,"MERCURIASA, TOTSA","GUNVORSA, STASCO",GUNVORSA,GUNVORSA,"Jul23, Jun23, Jun23/Jul23",-0.7548389908616843,0.004288306119082962,0.05714285714285714,0.5537459283387622,0.6666666666666666,0.64,NORMAL,-0.11,0.06,,
2023-04-20,2023,4,271,10,130,141,199,61,1,1000,81.197,81.11,81.35,0.24,11,61,271,10,1000,81.197,1000,TOTSA,7,GUNVORSA,8,"GUNVORSA, TOTSA, MERCURIASA","PTRIN, GUNVORSA, STASCO",TOTSA,MERCURIASA,"Jul23, Jun23, Jun23/Jul23",0.6000884004800177,0.003958436417615042,0.08118081180811808,0.16793893129770993,1.4545454545454546,1.33,SELLER_DOMINANT,-0.12,-0.01,,
2023-04-21,2023,4,331,5,99,232,245,80,1,500,81.602,81.49,81.63,0.14,3,83,331,5,500,81.602,-300,PTRIN,1,MERCURIASA,4,"PTRIN, GLENCORE, TOTSA, GUNVORSA, STASCO","MERCURIASA, GUNVORSA",TOTSA,MERCURIASA,"Jul23, Jun23, Jun23/Jul23",-0.24674121910854602,0.0023090879102754414,0.8036253776435045,0.06,1.3333333333333333,1.1,SELLER_DOMINANT,-0.16,-0.04,,
2023-04-24,2023,4,368,8,148,220,272,85,3,800,82.481,82.47,82.56,0.09,12,82,368,8,800,82.481,800,TOTSA,7,GUNVORSA,6,"TOTSA, GUNVORSA","GUNVORSA, MERCURIASA, VITOL",TOTSA,MERCURIASA,"Jul23, Jun23, Jun23/Jul23",0.2613565526445922,0.0014844136566056407,0.391304347826087,0.1610738255033557,1.3333333333333333,1.15,SELLER_DOMINANT,-0.18,-0.02,,
2023-04-25,2023,4,622,13,360,262,455,154,0,1300,80.802,80.73,80.91,0.18,92,79,622,13,1300,80.802,900,TOTSA,8,GUNVORSA,5,"TOTSA, PTRIN, VITOL, GUNVORSA","MERCURIASA, GUNVORSA, STASCO, GLENCORE",VITOL,MERCURIASA,"Jul23, Jun23, Jun23/Jul23",1.1081861722331559,0.0029688273132112814,0.31511254019292606,0.5096952908587258,0.7142857142857143,1.66,NORMAL,-0.2,-0.02,,
2023-04-26,2023,4,299,10,112,187,207,78,4,1000,80.473,80.46,80.49,0.03,10,80,299,10,1000,80.473,800,TOTSA,7,VITOL,3,"PTRIN, TOTSA","GUNVORSA, VITOL, MERCURIASA, TRAFI, GLENCORE",TOTSA,MERCURIASA,"Jul23, Jun23, Jun23/Jul23",0.6000884004800177,0.0004948045522018802,0.5016722408026756,0.17699115044247787,0.5454545454545454,1.09,NORMAL,-0.26,-0.06,,
2023-04-27,2023,4,151,9,127,24,139,2,1,900,78.283,78.24,78.33,0.09,9,3,151,9,900,78.283,500,TOTSA,9,GUNVORSA,6,TOTSA,"PTRIN, BP, GUNVORSA",TOTSA,BP,Jul23,0.43072247656230495,0.0014844136566056407,1.3642384105960266,0.140625,1.2,1.7,BUYER_DOMINANT,-0.18,0.08,,
2023-04-28,2023,4,116,7,41,75,109,0,0,700,80.179,80.07,80.25,0.18,2,5,116,7,700,80.179,-300,TOTSA,4,MERCURIASA,4,"TOTSA, GUNVORSA","TRAFI, MERCURIASA, GUNVORSA",TOTSA,MERCURIASA,Jul23,0.09199062872687946,0.0029688273132112814,0.5862068965517241,0.09523809523809523,1.0,0.92,NORMAL,-1.2,-1.02,,
2023-05-02,2023,5,57,2,2,55,53,1,1,200,75.74,75.74,75.74,0.0,1,3,57,2,200,75.74,-200,GUNVORSA,2,MERCURIASA,2,GUNVORSA,MERCURIASA,MERCURIASA,MERCURIASA,Jul23,-1.0913238497086704,0.0,1.8596491228070176,0.6666666666666666,1.3333333333333333,1.93,SELLER_DOMINANT,,,,
2023-05-03,2023,5,80,2,0,80,76,0,2,200,71.92,71.92,71.92,0.0,0,3,80,2,200,71.92,-200,GUNVORSA,2,VITOL,2,GUNVORSA,VITOL,,MERCURIASA,Jul23,-1.0913238497086704,0.0,2.0,0.0,1.3333333333333333,1.67,SELLER_DOMINANT,,,,
2023-05-04,2023,5,93,4,0,93,89,0,0,400,72.47,72.47,72.47,0.0,0,4,93,4,400,72.47,-400,PTRIN,2,MERCURIASA,2,"PTRIN, GLENCORE, STASCO","MERCURIASA, VITOL",,MERCURIASA,Jul23,-0.6159188250501724,0.0,2.0,0.0,0.8,1.4,OFFER_PRESSURE,,,,
2023-05-05,2023,5,107,6,66,41,99,2,0,600,75.095,75.07,75.1,0.03,4,4,107,6,600,75.095,0,VITOL,6,MERCURIASA,4,VITOL,"MERCURIASA, GUNVORSA, STASCO",VITOL,MERCURIASA,Jul23,-0.14051380039167433,0.0004948045522018802,0.4672897196261682,0.11940298507462686,1.1428571428571428,0.87,BUYER_DOMINANT,,,,
2023-05-09,2023,5,168,6,81,87,161,1,0,600,75.258,75.22,75.29,0.07,3,4,168,6,600,75.258,0,MERCURIASA,5,GUNVORSA,4,"MERCURIASA, CPUKLTD","GUNVORSA, STASCO, VITOL",CPUKLTD,GUNVORSA,Jul23,-0.14051380039167433,0.0011545439551377207,0.07142857142857142,0.07317073170731707,1.1428571428571428,0.64,BUYER_DOMINANT,,,,
2023-05-10,2023,5,213,5,133,80,202,2,4,500,76.96,76.94,77.01,0.07,6,4,213,5,500,76.96,-100,VITOL,5,MERCURIASA,2,VITOL,"GUNVORSA, MERCURIASA, HARTREE, STASCO",VITOL,MERCURIASA,Jul23,-0.3782163127209233,0.0011545439551377207,0.49765258215962443,0.08955223880597014,0.6666666666666666,0.63,BUYER_DOMINANT,,,,
2023-05-11,2023,5,157,6,70,87,149,2,0,600,75.73,75.73,75.73,0.0,5,4,157,6,600,75.73,-200,VITOL,6,GUNVORSA,3,VITOL,"GUNVORSA, MERCURIASA",VITOL,MERCURIASA,Jul23,-0.14051380039167433,0.0,0.21656050955414013,0.14084507042253522,0.8571428571428571,0.61,BUYER_DOMINANT,,,,
2023-05-12,2023,5,33,3,33,0,30,0,0,300,74.78,74.75,74.81,0.06,3,0,33,3,300,74.78,300,VITOL,3,MERCURIASA,2,VITOL,"MERCURIASA, STASCO",VITOL,,Jul23,-0.8536213373794214,0.0009896091044037604,2.0,0.17647058823529413,1.0,1.59,BUYER_DOMINANT,,,,
2023-05-15,2023,5,296,6,171,125,221,68,1,700,75.103,74.97,75.33,0.36,69,6,296,6,700,75.103,-500,GUNVORSA,2,MERCURIASA,5,"GLENCORE, GUNVORSA, STASCO, VITOL","MERCURIASA, GUNVORSA",VITOL,MERCURIASA,"Aug23, Jul23, Jul23/Aug23",0.0971887119375747,0.005937654626422563,0.3108108108108108,0.8023255813953488,1.4285714285714286,1.35,SELLER_DOMINANT,,,,
2023-05-16,2023,5,247,3,184,63,173,69,2,300,74.98,74.96,74.99,0.03,71,3,247,3,300,74.98,-100,VITOL,3,MERCURIASA,3,VITOL,MERCURIASA,VITOL,MERCURIASA,"Aug23, Jul23, Jul23/Aug23",-0.8536213373794214,0.0004948045522018802,0.979757085020243,0.7675675675675676,1.5,1.62,SELLER_DOMINANT,,,,
2023-05-17,2023,5,106,4,53,53,100,2,0,400,76.175,76.11,76.23,0.12,4,2,106,4,400,76.175,200,VITOL,4,MERCURIASA,2,VITOL,"MERCURIASA, HARTREE, TOTSA",VITOL,MERCURIASA,Jul23,-0.6159188250501724,0.001979218208807521,0.0,0.14814814814814814,0.8,0.48,BUYER_DOMINANT,,,,
2023-05-18,2023,5,133,7,42,91,125,1,0,700,76.07,76.03,76.13,0.1,2,6,133,7,700,76.07,-500,VITOL,6,MERCURIASA,4,"VITOL, HARTREE","MERCURIASA, GUNVORSA",VITOL,MERCURIASA,Jul23,0.0971887119375747,0.0016493485073396008,0.7368421052631579,0.09302325581395349,1.0,0.99,BUYER_DOMINANT,,,,
2023-05-19,2023,5,82,7,44,38,75,0,0,800,75.873,75.82,75.91,0.09,4,3,82,7,800,75.873,0,VITOL,7,MERCURIASA,3,VITOL,"MERCURIASA, GLENCORE, GUNVORSA, HARTREE",VITOL,MERCURIASA,Jul23,0.3348912242668237,0.0014844136566056407,0.14634146341463414,0.17777777777777778,0.75,0.81,BUYER_DOMINANT,,,,
2023-05-22,2023,5,643,0,350,293,410,226,7,0,,,,,126,106,643,0,0,,0,,0,,0,,,GUNVORSA,MERCURIASA,"Aug23, Jul23, Jul23/Aug23",-1.5667288743671683,0.0,0.17729393468118196,0.717948717948718,0.0,0.45,NO_SELLER,,,,
2023-05-23,2023,5,549,3,260,289,355,186,5,300,77.093,77.03,77.18,0.15,91,103,549,3,300,77.093,100,VITOL,2,PTRIN,2,"STASCO, VITOL","GUNVORSA, PTRIN",STASCO,MERCURIASA,"Aug23, Jul23, Jul23/Aug23",-0.8536213373794214,0.002474022761009401,0.10564663023679417,0.6973180076628352,1.0,0.9,NORMAL,,,,
2023-05-24,2023,5,199,4,18,181,144,49,2,400,58.635,0.15,78.18,78.03,1,51,199,4,400,58.635,0,BP,2,GUNVORSA,2,"BP, GUNVORSA, STASCO","GUNVORSA, BP, MERCURIASA",BP,BP,"Aug23, Jul23, Jul23/Aug23",-0.6159188250501724,1.2869866402770904,1.6381909547738693,0.10526315789473684,0.8,2.04,HIGH_PRICE_RANGE,,,,
2023-05-25,2023,5,164,1,17,147,111,51,1,100,76.3,76.3,76.3,0.0,1,52,164,1,100,76.3,-100,STASCO,1,PTRIN,1,STASCO,PTRIN,BP,BP,"Aug23, Jul23, Jul23/Aug23",-1.3290263620379192,0.0,1.5853658536585367,0.1111111111111111,1.0,1.35,SELLER_DOMINANT,,,,
2023-05-26,2023,5,123,4,8,115,80,39,0,400,57.41,-0.02,77.04,77.06,1,40,123,4,400,57.41,0,MERCURIASA,2,MERCURIASA,2,"MERCURIASA, BP","GUNVORSA, MERCURIASA, BP",BP,BP,"Aug23, Jul23, Jul23/Aug23",-0.6159188250501724,1.2709879597558964,1.7398373983739837,0.2222222222222222,0.8,2.14,HIGH_PRICE_RANGE,,,,
2023-05-30,2023,5,185,17,35,150,168,0,0,1700,74.371,74.31,74.47,0.16,1,17,185,17,1700,74.371,-1500,VITOL,12,GUNVORSA,11,"GLENCORE, VITOL, STASCO","MERCURIASA, GUNVORSA, PTRIN",VITOL,GUNVORSA,Aug23,2.4742138352300644,0.002638957611743361,1.2432432432432432,0.05555555555555555,1.2222222222222223,2.86,BUYER_DOMINANT,,,,
2023-05-31,2023,5,111,7,43,68,104,0,0,700,73.144,73.12,73.17,0.05,1,6,111,7,700,73.144,-500,VITOL,7,MERCURIASA,3,VITOL,"MERCURIASA, PTRIN, GUNVORSA",VITOL,MERCURIASA,Aug23,0.0971887119375747,0.0008246742536698004,0.45045045045045046,0.045454545454545456,0.75,0.7,BUYER_DOMINANT,,,,
2023-06-01,2023,6,143,12,62,81,127,4,0,1200,74.61,74.59,74.65,0.06,4,12,143,12,1200,74.61,-400,VITOL,12,PTRIN,9,VITOL,"PTRIN, HARTREE, MERCURIASA, GLENCORE",VITOL,PTRIN,Aug23,0.9140557132556255,0.0009896091044037604,0.26573426573426573,0.12698412698412698,1.3846153846153846,1.62,SELLER_DOMINANT,,,,
2023-06-02,2023,6,114,17,51,63,97,0,0,1700,75.944,75.79,76.0,0.21,8,5,114,17,1700,75.944,-100,VITOL,17,GUNVORSA,8,VITOL,"STASCO, GUNVORSA, PTRIN, TOTSA, TRAFI",VITOL,PTRIN,Aug23,1.81975116084123,0.0034636318654131617,0.21052631578947367,0.3076923076923077,0.8888888888888888,2.16,BUYER_DOMINANT,,,,
2023-06-05,2023,6,188,21,55,133,166,0,1,2100,77.408,77.35,77.47,0.12,3,19,188,21,2100,77.408,-1500,VITOL,19,PTRIN,8,"VITOL, CPUKLTD, HARTREE","PTRIN, MERCURIASA, GUNVORSA, TOTSA, STASCO",VITOL,GUNVORSA,Aug23,2.5443075189097137,0.001979218208807521,0.8297872340425532,0.10714285714285714,0.7272727272727273,2.43,BUYER_DOMINANT,,,,
2023-06-06,2023,6,140,11,50,90,126,0,3,1100,76.473,76.44,76.52,0.08,7,6,140,11,1100,76.473,300,VITOL,11,TOTSA,6,VITOL,"TOTSA, PTRIN, TRAFI",VITOL,PTRIN,Aug23,0.7329166237385046,0.0013194788058716806,0.5714285714285714,0.27450980392156865,1.0,1.51,BUYER_DOMINANT,,,,
2023-06-07,2023,6,156,1,79,77,151,2,2,100,77.31,77.31,77.31,0.0,2,2,156,1,100,77.31,-100,VITOL,1,PTRIN,1,VITOL,PTRIN,VITOL,PTRIN,Aug23,-1.0784742714327045,0.0,0.02564102564102564,0.05,1.0,0.54,SELLER_DOMINANT,,,,
2023-06-08,2023,6,156,2,23,133,150,1,3,200,76.16,76.15,76.17,0.02,1,4,156,2,200,76.16,-200,STASCO,2,PTRIN,1,STASCO,"PTRIN, VITOL",GUNVORSA,VITOL,Aug23,-0.8973351819155835,0.00032986970146792015,1.4102564102564104,0.08333333333333333,0.6666666666666666,1.08,BUYER_DOMINANT,,,,
2023-06-09,2023,6,149,5,19,130,143,0,1,500,76.182,76.18,76.19,0.01,1,6,149,5,500,76.182,-300,GUNVORSA,5,PTRIN,3,GUNVORSA,"PTRIN, VITOL, MERCURIASA",GUNVORSA,VITOL,Aug23,-0.3539179133642208,0.00016493485073396007,1.4899328859060403,0.1,1.0,1.3,BUYER_DOMINANT,,,,
2023-06-12,2023,6,243,5,20,223,172,65,1,500,72.626,72.59,72.68,0.09,2,70,243,5,500,72.626,-100,BP,2,PTRIN,2,"HARTREE, GUNVORSA, BP, STASCO","PTRIN, MERCURIASA, GUNVORSA",BP,MERCURIASA,"Aug23, Aug23/Sep23, Sep23",-0.3539179133642208,0.0014844136566056407,1.6707818930041152,0.19047619047619047,0.6666666666666666,1.26,OFFER_PRESSURE,,,,
2023-06-13,2023,6,198,3,4,194,145,48,2,300,74.09,74.05,74.14,0.09,1,50,198,3,300,74.09,-300,TOTSA,1,MERCURIASA,2,"TOTSA, HARTREE, STASCO","MERCURIASA, PTRIN",GUNVORSA,GUNVORSA,"Aug23, Aug23/Sep23, Sep23",-0.7161960923984626,0.0014844136566056407,1.9191919191919191,0.4,1.0,1.66,OFFER_PRESSURE,,,,
2023-06-14,2023,6,342,10,42,300,237,95,0,1000,73.966,73.84,74.14,0.3,2,103,342,10,1000,73.966,-600,HARTREE,4,PTRIN,7,"HARTREE, GUNVORSA, VITOL, STASCO","PTRIN, MERCURIASA, GUNVORSA, CPUKLTD",VITOL,PTRIN,"Aug23, Aug23/Sep23, Sep23",0.5517775342213838,0.004948045522018802,1.5087719298245614,0.09302325581395349,1.2727272727272727,1.88,OFFER_PRESSURE,,,,
2023-06-15,2023,6,207,6,5,202,161,37,3,600,74.893,74.87,74.91,0.04,1,44,207,6,600,74.893,-600,VITOL,3,MERCURIASA,3,"VITOL, TOTSA","MERCURIASA, PTRIN",GUNVORSA,PTRIN,"Aug23, Aug23/Sep23, Sep23",-0.1727788238470999,0.0006597394029358403,1.9033816425120773,0.3333333333333333,0.8571428571428571,1.55,OFFER_PRESSURE,,,,
2023-06-16,2023,6,240,10,55,185,186,44,0,1000,75.743,75.69,75.81,0.12,3,52,240,10,1000,75.743,-400,VITOL,3,GUNVORSA,5,"VITOL, BP, TOTSA, PTRIN","GUNVORSA, STASCO, PTRIN, MERCURIASA",BP,STASCO,"Aug23, Aug23/Sep23, Sep23",0.5517775342213838,0.001979218208807521,1.0833333333333333,0.10714285714285714,0.9090909090909091,1.49,OFFER_PRESSURE,,,,
2023-06-19,2023,6,577,13,387,190,364,198,2,1300,64.412,0.0,76.17,76.17,141,71,577,13,1300,64.412,100,MERCURIASA,6,STASCO,5,"PTRIN, MERCURIASA, CPUKLTD, TOTSA, GUNVORSA","STASCO, GUNVORSA, CPUKLTD, TOTSA, ICE",PTRIN,STASCO,"Aug23, Aug23/Sep23, Sep23",1.0951948027727465,1.2563087580405738,0.682842287694974,0.7268041237113402,0.7142857142857143,2.69,HIGH_PRICE_RANGE,,,,
2023-06-20,2023,6,405,8,336,69,273,122,2,800,75.09,75.08,75.12,0.04,115,17,405,8,800,75.09,400,PTRIN,4,GUNVORSA,3,"PTRIN, MERCURIASA","HARTREE, GUNVORSA, TOTSA, STASCO",PTRIN,GUNVORSA,"Aug23, Aug23/Sep23, Sep23",0.18949935518714192,0.0006597394029358403,1.3185185185185184,0.6824925816023739,0.6666666666666666,1.49,BID_PRESSURE,,,,
2023-06-21,2023,6,480,14,400,80,304,159,3,1400,77.044,77.0,77.06,0.06,155,20,480,14,1400,77.044,200,MERCURIASA,11,GUNVORSA,8,"MERCURIASA, PTRIN","GUNVORSA, STASCO, HARTREE, TOTSA",PTRIN,GUNVORSA,"Aug23, Aug23/Sep23, Sep23",1.2763338922898673,0.0009896091044037604,1.3333333333333333,0.773067331670823,1.0666666666666667,2.61,BUYER_DOMINANT,,,,
2023-06-22,2023,6,229,5,133,96,180,39,5,500,74.436,74.43,74.44,0.01,41,6,229,5,500,74.436,-300,MERCURIASA,5,GUNVORSA,4,MERCURIASA,"GUNVORSA, PTRIN",PTRIN,GUNVORSA,"Aug23, Aug23/Sep23, Sep23",-0.3539179133642208,0.00016493485073396007,0.3231441048034934,0.6119402985074627,1.3333333333333333,1.13,SELLER_DOMINANT,,,,
2023-06-23,2023,6,512,9,276,236,318,183,2,900,57.41,-0.14,73.93,74.07,94,96,512,9,900,57.41,300,PTRIN,5,MERCURIASA,5,"GUNVORSA, MERCURIASA, PTRIN","TOTSA, PTRIN, MERCURIASA",PTRIN,MERCURIASA,"Aug23, Aug23/Sep23, Sep23",0.3706384447042628,1.2216724393864422,0.15625,0.6787003610108303,1.0,1.95,HIGH_PRICE_RANGE,,,,
2023-06-26,2023,6,329,15,260,69,250,63,1,1500,69.387,-0.17,74.42,74.59,73,6,328,15,1500,69.387,300,MERCURIASA,10,GUNVORSA,10,"MERCURIASA, VITOL, PTRIN","GUNVORSA, TOTSA, PTRIN, HARTREE, ICE",GUNVORSA,GUNVORSA,"Aug23, Aug23/Sep23, Sep23",1.4574729818069883,1.2302490516246083,1.1610942249240122,0.5593869731800766,1.25,3.39,HIGH_PRICE_RANGE,,,,
2023-06-27,2023,6,562,18,133,429,389,152,3,1800,61.333,-0.26,73.76,74.02,46,125,562,18,1800,61.333,-800,GUNVORSA,6,GUNVORSA,7,"STASCO, GUNVORSA, PTRIN, VITOL, TOTSA","GUNVORSA, MERCURIASA, CPUKLTD, BP, ICE",GUNVORSA,GUNVORSA,"Aug23, Aug23/Sep23, Sep23",2.000890250358351,1.2208477651327725,1.0533807829181494,0.6865671641791045,0.7368421052631579,3.57,HIGH_PRICE_RANGE,,,,
2023-06-28,2023,6,281,8,47,234,196,77,0,800,74.019,73.71,74.15,0.44,5,80,281,8,800,74.019,0,VITOL,5,GUNVORSA,4,"GUNVORSA, VITOL, TOTSA, MERCURIASA","MERCURIASA, GUNVORSA, PTRIN",VITOL,MERCURIASA,"Aug23, Aug23/Sep23, Sep23",0.18949935518714192,0.007257133432294244,1.3309608540925266,0.20833333333333334,0.8888888888888888,1.37,OFFER_PRESSURE,,,,
2023-06-29,2023,6,292,13,115,177,275,2,2,1300,73.861,73.82,73.92,0.1,7,10,292,13,1300,73.861,100,VITOL,8,PTRIN,6,"MERCURIASA, VITOL","BP, PTRIN, HARTREE, GUNVORSA",VITOL,GUNVORSA,Sep23,1.0951948027727465,0.0016493485073396008,0.4246575342465753,0.1206896551724138,0.8571428571428571,1.58,NORMAL,,,,
2023-06-30,2023,6,174,13,99,75,158,2,1,1300,75.585,75.51,75.61,0.1,12,5,174,13,1300,75.585,900,VITOL,7,GUNVORSA,11,"VITOL, MERCURIASA","GUNVORSA, CPUKLTD, PTRIN",MERCURIASA,GUNVORSA,Sep23,1.0951948027727465,0.0016493485073396008,0.27586206896551724,0.24,1.5714285714285714,1.92,SELLER_DOMINANT,,,,
2023-07-03,2023,7,131,10,55,76,120,0,1,1000,75.801,75.79,75.85,0.06,5,7,131,10,1000,75.801,-400,MERCURIASA,10,GUNVORSA,7,MERCURIASA,"GUNVORSA, PTRIN, CPUKLTD",MERCURIASA,PTRIN,Sep23,0.8077676562804155,0.0009896091044037604,0.32061068702290074,0.17857142857142858,1.2727272727272727,1.53,BUYER_DOMINANT,,,,
2023-07-04,2023,7,162,11,40,122,148,1,2,1100,76.105,76.05,76.17,0.12,5,8,162,11,1100,76.105,-100,MERCURIASA,9,VITOL,4,"MERCURIASA, HARTREE, STASCO","VITOL, PTRIN, CPUKLTD, GUNVORSA",MERCURIASA,PTRIN,Sep23,1.0304072180529955,0.001979218208807521,1.0123456790123457,0.24390243902439024,0.6666666666666666,1.79,BUYER_DOMINANT,,,,
2023-07-05,2023,7,94,2,29,65,86,5,1,200,76.695,76.69,76.7,0.01,3,5,92,2,200,76.695,0,MERCURIASA,2,PTRIN,1,MERCURIASA,"PTRIN, VITOL",MERCURIASA,PTRIN,Sep23,-0.9733488379002236,0.00016493485073396007,0.7659574468085106,0.2,0.6666666666666666,0.82,BUYER_DOMINANT,,,,
2023-07-06,2023,7,114,4,57,57,107,3,0,400,75.368,75.36,75.39,0.03,4,3,114,4,400,75.368,400,MERCURIASA,2,VITOL,4,"MERCURIASA, GUNVORSA",VITOL,MERCURIASA,PTRIN,Sep23,-0.5280697143550639,0.0004948045522018802,0.0,0.13793103448275862,1.6,0.87,SELLER_DOMINANT,,,,
2023-07-07,2023,7,115,4,83,32,109,1,1,400,77.715,77.67,77.73,0.06,5,3,115,4,400,77.715,0,MERCURIASA,2,PTRIN,3,"MERCURIASA, GUNVORSA","HARTREE, PTRIN",MERCURIASA,PTRIN,Sep23,-0.5280697143550639,0.0009896091044037604,0.8869565217391304,0.11904761904761904,1.2,1.1,SELLER_DOMINANT,,,,
2023-07-10,2023,7,122,6,34,88,113,3,0,600,78.543,78.51,78.57,0.06,3,6,122,6,600,78.543,-200,GUNVORSA,6,PTRIN,3,GUNVORSA,"PTRIN, MERCURIASA",GUNVORSA,MERCURIASA,Sep23,-0.08279059080990407,0.0009896091044037604,0.8852459016393442,0.17142857142857143,0.8571428571428571,0.96,BUYER_DOMINANT,,,,
2023-07-11,2023,7,142,1,42,100,134,5,2,100,79.12,79.12,79.12,0.0,1,5,141,1,100,79.12,100,MERCURIASA,1,PTRIN,1,MERCURIASA,PTRIN,MERCURIASA,PTRIN,Sep23,-1.1959883996728036,0.0,0.8169014084507042,0.046511627906976744,1.0,0.93,SELLER_DOMINANT,,,,
2023-07-12,2023,7,36,0,2,34,33,2,1,0,,,,,1,1,36,0,0,,0,,0,,0,,,PTRIN,PTRIN,Sep23,-1.4186279614453834,0.0,1.7777777777777777,0.6666666666666666,0.0,1.22,OFFER_PRESSURE,,,,
2023-07-13,2023,7,145,2,46,99,138,3,2,200,80.6,80.6,80.6,0.0,2,4,144,2,200,80.6,-200,GUNVORSA,1,VITOL,2,"GUNVORSA, STASCO",VITOL,GUNVORSA,MERCURIASA,Sep23,-0.9733488379002236,0.0,0.7310344827586207,0.0851063829787234,1.3333333333333333,1.07,SELLER_DOMINANT,,,,
2023-07-14,2023,7,86,3,84,2,81,1,1,300,80.263,80.22,80.3,0.08,4,1,86,3,300,80.263,300,MERCURIASA,2,GUNVORSA,2,"MERCURIASA, PTRIN","GUNVORSA, VITOL",MERCURIASA,PTRIN,Sep23,-0.7507092761276437,0.0013194788058716806,1.9069767441860466,0.09411764705882353,1.0,1.5,BID_PRESSURE,,,,
2023-07-17,2023,7,246,5,211,35,175,66,0,500,79.214,79.01,79.28,0.27,70,1,246,5,500,79.214,300,MERCURIASA,2,VITOL,3,"MERCURIASA, PTRIN, TOTSA","HARTREE, STASCO, VITOL",MERCURIASA,VITOL,"Oct23, Sep23, Sep23/Oct23",-0.30543015258248396,0.004453240969816923,1.4308943089430894,0.660377358490566,1.0,1.55,BID_PRESSURE,,,,
2023-07-18,2023,7,495,17,273,222,327,151,0,1700,79.668,79.47,79.76,0.29,92,76,495,17,1700,79.668,100,GUNVORSA,13,MERCURIASA,7,"GUNVORSA, PTRIN, TOTSA","MERCURIASA, VITOL, BP, STASCO, HARTREE",GUNVORSA,MERCURIASA,"Oct23, Sep23, Sep23/Oct23",2.366244588688475,0.004783110671284842,0.20606060606060606,0.6715328467153284,0.7777777777777778,2.43,BUYER_DOMINANT,,,,
2023-07-19,2023,7,382,6,209,173,274,99,3,600,80.415,80.32,80.49,0.17,58,49,382,6,600,80.415,0,GUNVORSA,4,TOTSA,3,"GUNVORSA, TOTSA, MERCURIASA","TOTSA, VITOL",GUNVORSA,MERCURIASA,"Oct23, Sep23, Sep23/Oct23",-0.08279059080990407,0.0028038924624773217,0.18848167539267016,0.5523809523809524,0.8571428571428571,0.8,NORMAL,,,,
2023-07-20,2023,7,203,5,157,46,135,63,0,500,79.342,79.2,79.49,0.29,65,3,203,5,500,79.342,-100,TOTSA,2,VITOL,3,"TOTSA, MERCURIASA, CPUKLTD","VITOL, TOTSA",MERCURIASA,VITOL,"Oct23, Sep23, Sep23/Oct23",-0.30543015258248396,0.004783110671284842,1.0935960591133005,0.8227848101265823,1.0,1.46,BID_PRESSURE,,,,
2023-07-21,2023,7,623,15,440,183,381,223,4,1500,69.661,0.13,80.44,80.31,165,73,623,15,1500,69.661,1100,GUNVORSA,11,TOTSA,9,"GUNVORSA, MERCURIASA, TOTSA","TOTSA, GUNVORSA, PTRIN, ICE",GUNVORSA,GLENCORE,"Oct23, Sep23, Sep23/Oct23",1.920965465143315,1.3245917862444334,0.8250401284109149,0.7482993197278912,1.125,3.68,BUYER_DOMINANT,,,,
2023-07-24,2023,7,506,4,245,261,309,189,4,400,82.38,82.37,82.39,0.02,90,105,506,4,400,82.38,0,VITOL,4,GUNVORSA,2,VITOL,"GUNVORSA, MERCURIASA",CPUKLTD,GUNVORSA,"Oct23, Sep23, Sep23/Oct23",-0.5280697143550639,0.00032986970146792015,0.06324110671936758,0.7317073170731707,0.8,0.8,BUYER_DOMINANT,,,,
2023-07-25,2023,7,488,6,287,201,319,159,4,600,82.873,82.78,83.06,0.28,99,70,488,6,600,82.873,400,PTRIN,4,GUNVORSA,4,"PTRIN, VITOL","TOTSA, GUNVORSA, TRAFI",PTRIN,GUNVORSA,"Oct23, Sep23, Sep23/Oct23",-0.08279059080990407,0.004618175820550883,0.3524590163934426,0.6875,1.1428571428571428,1.09,NORMAL,,,,
2023-07-26,2023,7,320,5,156,164,244,69,2,500,83.458,83.36,83.69,0.33,6,70,320,5,500,83.458,500,MERCURIASA,2,GUNVORSA,5,"MERCURIASA, VITOL, PTRIN",GUNVORSA,PTRIN,GUNVORSA,"Oct23, Sep23, Sep23/Oct23",-0.30543015258248396,0.0054428500742206825,0.05,0.07643312101910828,1.6666666666666667,0.9,SELLER_DOMINANT,,,,
2023-07-27,2023,7,663,8,358,305,424,225,6,800,83.889,83.6,84.0,0.4,123,115,663,8,800,83.889,600,GUNVORSA,5,MERCURIASA,5,"GUNVORSA, PTRIN","MERCURIASA, BP, TOTSA, GUNVORSA",GUNVORSA,MERCURIASA,"Oct23, Sep23, Sep23/Oct23",0.3624885327352557,0.006597394029358403,0.15987933634992457,0.6852367688022284,1.1111111111111112,1.27,NORMAL,,,,
2023-07-28,2023,7,93,5,48,45,87,1,0,500,83.83,83.82,83.84,0.02,4,2,93,5,500,83.83,100,MERCURIASA,5,PTRIN,2,MERCURIASA,"PTRIN, GUNVORSA, VITOL, TOTSA",MERCURIASA,PTRIN,Oct23,-0.30543015258248396,0.00032986970146792015,0.06451612903225806,0.16326530612244897,0.6666666666666666,0.45,BUYER_DOMINANT,,,,
2023-07-31,2023,7,92,14,37,55,76,1,1,1400,85.339,85.3,85.36,0.06,4,12,91,14,1400,85.339,-800,PTRIN,7,GUNVORSA,13,"PTRIN, TOTSA","GUNVORSA, HARTREE",PTRIN,GUNVORSA,Oct23,1.6983259033707352,0.0009896091044037604,0.391304347826087,0.21052631578947367,1.7333333333333334,2.53,SELLER_DOMINANT,,,,
2023-08-01,2023,8,157,10,106,51,143,3,1,1000,84.9,84.76,84.93,0.17,6,9,157,10,1000,84.9,-200,VITOL,5,GUNVORSA,9,"VITOL, PTRIN, TOTSA","GUNVORSA, STASCO",PTRIN,GUNVORSA,Oct23,0.7002103564031115,0.0028038924624773217,0.7006369426751592,0.11214953271028037,1.6363636363636365,1.79,SELLER_DOMINANT,,,,
2023-08-02,2023,8,107,9,59,48,95,3,0,900,83.374,83.3,83.42,0.12,5,7,107,9,900,83.374,-300,TOTSA,7,GUNVORSA,6,"VITOL, TOTSA","GUNVORSA, PTRIN",TOTSA,GUNVORSA,Oct23,0.4934294855278176,0.001979218208807521,0.205607476635514,0.16666666666666666,1.2,1.18,BUYER_DOMINANT,,,,
2023-08-03,2023,8,114,8,65,49,105,1,0,800,85.008,84.99,85.03,0.04,4,5,114,8,800,85.008,-200,TOTSA,8,GUNVORSA,3,TOTSA,"PTRIN, CPUKLTD, GUNVORSA, STASCO",TOTSA,GUNVORSA,Oct23,0.2866486146525238,0.0006597394029358403,0.2807017543859649,0.12121212121212122,0.6666666666666666,0.76,BUYER_DOMINANT,,,,
2023-08-04,2023,8,103,3,66,37,95,3,2,300,86.027,86.0,86.08,0.08,4,2,103,3,300,86.027,100,TOTSA,3,STASCO,1,TOTSA,"STASCO, PTRIN, GUNVORSA",TOTSA,GUNVORSA,Oct23,-0.7472557397239455,0.0013194788058716806,0.5631067961165048,0.11940298507462686,0.5,0.59,BUYER_DOMINANT,,,,
2023-08-07,2023,8,141,9,136,5,126,4,2,900,85.393,85.33,85.41,0.08,12,2,141,9,900,85.393,900,TOTSA,7,VITOL,5,"TOTSA, MERCURIASA, PTRIN","VITOL, GUNVORSA, STASCO",PTRIN,PTRIN,Oct23,0.4934294855278176,0.0013194788058716806,1.8581560283687943,0.17518248175182483,1.0,1.91,BUYER_DOMINANT,,,,
2023-08-08,2023,8,152,7,152,0,143,2,0,700,85.267,85.19,85.31,0.12,9,0,152,7,700,85.267,700,TOTSA,5,GUNVORSA,2,"TOTSA, MERCURIASA","GUNVORSA, HARTREE, GLENCORE, STASCO",TOTSA,,Oct23,0.07986774377722992,0.001979218208807521,2.0,0.11764705882352941,0.5,1.37,BUYER_DOMINANT,,,,
2023-08-09,2023,8,186,13,165,21,171,1,1,1300,87.04,87.01,87.07,0.06,12,4,186,13,1300,87.04,700,TOTSA,8,BP,5,"TOTSA, MERCURIASA, STASCO","BP, HARTREE, PTRIN, VITOL",TOTSA,BP,Oct23,1.320552969028993,0.0009896091044037604,1.5483870967741935,0.14457831325301204,0.7142857142857143,2.26,BID_PRESSURE,,,,
2023-08-10,2023,8,136,8,100,36,124,2,2,800,87.194,87.16,87.22,0.06,9,3,110,8,800,87.194,400,TOTSA,8,VITOL,3,TOTSA,"MERCURIASA, VITOL, PTRIN",TOTSA,MERCURIASA,Oct23,0.2866486146525238,0.0009896091044037604,0.9411764705882353,0.1782178217821782,0.6666666666666666,1.12,BUYER_DOMINANT,,,,
2023-08-11,2023,8,190,8,55,135,172,5,5,800,87.159,87.13,87.18,0.05,7,6,188,8,800,87.159,200,TOTSA,8,GUNVORSA,4,TOTSA,"GUNVORSA, HARTREE, PTRIN",TOTSA,PTRIN,Oct23,0.2866486146525238,0.0008246742536698004,0.8421052631578947,0.25,0.8888888888888888,1.22,BUYER_DOMINANT,,,,
2023-08-14,2023,8,124,7,71,53,113,2,2,700,86.55,86.55,86.55,0.0,8,3,124,7,700,86.55,700,TOTSA,4,VITOL,3,"MERCURIASA, TOTSA","PTRIN, HARTREE, VITOL, CPUKLTD",MERCURIASA,PTRIN,Oct23,0.07986774377722992,0.0,0.2903225806451613,0.2222222222222222,0.75,0.7,NORMAL,,,,
2023-08-15,2023,8,164,12,88,76,149,1,2,1200,84.936,84.9,84.97,0.07,11,4,164,12,1200,84.936,1000,TOTSA,9,VITOL,5,"TOTSA, MERCURIASA","CPUKLTD, OMVSTL, VITOL, PTRIN, TRAFI",TOTSA,GUNVORSA,Oct23,1.1137720981536992,0.0011545439551377207,0.14634146341463414,0.24719101123595505,0.7692307692307693,1.47,BUYER_DOMINANT,,,,
2023-08-16,2023,8,208,11,125,83,165,31,1,1100,77.215,0.5,84.96,84.46,9,31,208,11,1100,77.215,700,TOTSA,3,VITOL,8,"TOTSA, MERCURIASA, BP, CPUKLTD, PTRIN","VITOL, CPUKLTD, BP",TOTSA,BP,"Nov23, Oct23, Oct23/Nov23",0.9069912272784053,1.3930397492990267,0.40384615384615385,0.14285714285714285,1.3333333333333333,2.5,SELLER_DOMINANT,,,,
2023-08-17,2023,8,274,8,120,154,211,53,2,800,84.854,84.84,84.95,0.11,9,52,274,8,800,84.854,600,TOTSA,6,VITOL,6,"TOTSA, BP","VITOL, OMVSTL, TRAFI",TOTSA,OMVSTL,"Nov23, Oct23, Oct23/Nov23",0.2866486146525238,0.001814283358073561,0.24817518248175183,0.1487603305785124,1.3333333333333333,1.1,SELLER_DOMINANT,,,,
2023-08-18,2023,8,370,12,282,88,273,83,2,1200,84.408,84.1,84.52,0.42,52,44,370,12,1200,84.408,1200,TOTSA,7,VITOL,6,"TOTSA, MERCURIASA, BP","VITOL, GUNVORSA, TRAFI, CPUKLTD",GUNVORSA,PTRIN,"Nov23, Oct23, Oct23/Nov23",1.1137720981536992,0.006927263730826323,1.0486486486486486,0.3674911660777385,0.9230769230769231,2.06,BID_PRESSURE,,,,
2023-08-21,2023,8,476,13,232,244,299,161,3,1300,59.026,0.38,85.26,84.88,78,91,476,13,1300,59.026,300,GUNVORSA,8,MERCURIASA,8,"MERCURIASA, GUNVORSA, ICE","GUNVORSA, MERCURIASA, VITOL, STASCO",GUNVORSA,OMVSTL,"Nov23, Oct23, Oct23/Nov23",1.320552969028993,1.3999670130298532,0.05042016806722689,0.6695278969957081,1.1428571428571428,2.83,HIGH_PRICE_RANGE,,,,
2023-08-22,2023,8,353,3,209,144,225,123,2,300,84.207,84.02,84.3,0.28,91,37,353,3,300,84.207,100,BP,3,MERCURIASA,1,BP,"MERCURIASA, VITOL, GLENCORE",BP,OMVSTL,"Nov23, Oct23, Oct23/Nov23",-0.7472557397239455,0.004618175820550883,0.36827195467422097,0.8666666666666667,0.5,0.87,BUYER_DOMINANT,,,,
2023-08-23,2023,8,192,3,81,111,138,51,0,300,83.16,83.01,83.43,0.42,4,50,192,3,300,83.16,100,GUNVORSA,1,PTRIN,1,"GUNVORSA, PTRIN, MERCURIASA","PTRIN, VITOL, STASCO",PTRIN,PTRIN,"Nov23, Oct23, Oct23/Nov23",-0.7472557397239455,0.006927263730826323,0.3125,0.0975609756097561,0.5,0.46,NORMAL,,,,
2023-08-24,2023,8,193,1,116,77,127,63,2,100,82.78,82.78,82.78,0.0,32,33,192,1,100,82.78,100,PTRIN,1,STASCO,1,PTRIN,STASCO,MERCURIASA,GUNVORSA,"Nov23, Oct23, Oct23/Nov23",-1.1608174814745331,0.0,0.40414507772020725,0.5470085470085471,1.0,0.98,SELLER_DOMINANT,,,,
2023-08-25,2023,8,253,2,80,173,174,74,3,200,84.23,84.23,84.23,0.0,3,74,253,2,200,84.23,200,MERCURIASA,2,TRAFI,2,MERCURIASA,TRAFI,PTRIN,OMVSTL,"Nov23, Oct23, Oct23/Nov23",-0.9540366105992394,0.0,0.7351778656126482,0.07407407407407407,1.3333333333333333,1.07,SELLER_DOMINANT,,,,
2023-08-29,2023,8,57,2,34,23,54,0,1,200,84.445,84.43,84.46,0.03,1,2,57,2,200,84.445,0,PTRIN,1,MERCURIASA,2,"PTRIN, GUNVORSA",MERCURIASA,PTRIN,MERCURIASA,Nov23,-0.9540366105992394,0.0004948045522018802,0.38596491228070173,0.05714285714285714,1.3333333333333333,0.89,SELLER_DOMINANT,,,,
2023-08-30,2023,8,130,10,84,46,120,0,0,1000,84.77,84.71,84.8,0.09,9,1,130,10,1000,84.77,800,MERCURIASA,8,VITOL,8,"MERCURIASA, PTRIN","GLENCORE, VITOL",MERCURIASA,VITOL,Nov23,0.7002103564031115,0.0014844136566056407,0.5846153846153846,0.21176470588235294,1.4545454545454546,1.69,SELLER_DOMINANT,,,,
2023-08-31,2023,8,144,2,79,65,139,1,2,200,85.995,85.99,86.0,0.01,2,3,144,2,200,85.995,200,PTRIN,1,BP,1,"PTRIN, MERCURIASA","BP, GUNVORSA",PTRIN,GUNVORSA,Nov23,-0.9540366105992394,0.00016493485073396007,0.19444444444444445,0.05,0.6666666666666666,0.46,NORMAL,,,,
2023-09-01,2023,9,109,5,35,74,102,0,2,500,87.866,87.85,87.89,0.04,2,4,109,5,500,87.866,-100,MERCURIASA,4,PTRIN,2,"MERCURIASA, HARTREE","PTRIN, GUNVORSA, BP",MERCURIASA,PTRIN,Nov23,-0.28305163020997687,0.0006597394029358403,0.7155963302752294,0.1111111111111111,0.6666666666666666,0.75,BUYER_DOMINANT,,,,
2023-09-04,2023,9,114,3,77,37,108,0,3,300,89.0,88.98,89.01,0.03,3,2,114,3,300,89.0,-100,MERCURIASA,2,VITOL,3,"GUNVORSA, MERCURIASA",VITOL,PTRIN,VITOL,Nov23,-0.8049712215239828,0.0004948045522018802,0.7017543859649122,0.07692307692307693,1.5,1.14,SELLER_DOMINANT,,,,
2023-09-05,2023,9,388,8,209,179,318,61,1,800,90.699,90.03,90.81,0.78,10,61,382,8,800,90.699,0,GUNVORSA,6,VITOL,5,"GUNVORSA, MERCURIASA","VITOL, GLENCORE, OMVSTL, PTRIN",GUNVORSA,VITOL,"Dec23, Nov23, Nov23/Dec23",0.499827756761032,0.012864918357248886,0.15463917525773196,0.09523809523809523,1.1111111111111112,1.09,BUYER_DOMINANT,,,,
2023-09-06,2023,9,304,4,113,191,227,70,3,400,89.722,89.59,90.08,0.49,8,70,304,4,400,89.722,200,MERCURIASA,3,STASCO,2,"MERCURIASA, GUNVORSA","STASCO, GUNVORSA, VITOL",MERCURIASA,VITOL,"Dec23, Nov23, Nov23/Dec23",-0.5440114258669798,0.008081807685964044,0.5131578947368421,0.14035087719298245,0.8,0.73,BUYER_DOMINANT,,,,
2023-09-07,2023,9,370,7,165,205,258,102,3,700,90.51,90.48,90.54,0.06,49,63,370,7,700,90.51,-100,MERCURIASA,7,VITOL,5,MERCURIASA,"PTRIN, VITOL, CPUKLTD",GUNVORSA,BP,"Dec23, Nov23, Nov23/Dec23",0.23886796110402905,0.0009896091044037604,0.21621621621621623,0.5903614457831325,1.25,1.22,SELLER_DOMINANT,,,,
2023-09-08,2023,9,381,9,188,193,273,95,4,900,90.937,90.89,90.98,0.09,45,62,380,9,900,90.937,100,TOTSA,4,VITOL,5,"TOTSA, CPUKLTD, MERCURIASA","VITOL, PTRIN, GUNVORSA",PTRIN,CPUKLTD,"Dec23, Nov23, Nov23/Dec23",0.760787552418035,0.0014844136566056407,0.026246719160104987,0.47619047619047616,1.0,1.36,NORMAL,,,,
2023-09-11,2023,9,282,7,105,177,212,61,2,700,90.524,90.16,90.64,0.48,7,62,282,7,700,90.524,-100,MERCURIASA,2,VITOL,5,"MERCURIASA, GUNVORSA, BP, TRAFI","VITOL, STASCO, CPUKLTD",PTRIN,VITOL,"Dec23, Nov23, Nov23/Dec23",0.23886796110402905,0.007916872835230083,0.5106382978723404,0.1320754716981132,1.25,1.14,SELLER_DOMINANT,,,,
2023-09-12,2023,9,104,2,41,63,88,9,5,200,92.26,92.26,92.26,0.0,7,6,91,2,200,92.26,200,MERCURIASA,2,VITOL,2,MERCURIASA,VITOL,MERCURIASA,PTRIN,"Dec23, Nov23, Nov23/Dec23",-1.0659310171809857,0.0,0.4230769230769231,0.3333333333333333,1.3333333333333333,1.04,SELLER_DOMINANT,,,,
2023-09-13,2023,9,218,6,27,191,158,54,0,600,91.933,91.42,92.25,0.83,5,56,218,6,600,91.933,-200,GUNVORSA,3,MERCURIASA,3,"GUNVORSA, HARTREE, CPUKLTD, VITOL","MERCURIASA, OMVSTL, VITOL, PTRIN",GUNVORSA,MERCURIASA,"Dec23, Nov23, Nov23/Dec23",-0.022091834552973914,0.013689592610918686,1.5045871559633028,0.35714285714285715,0.8571428571428571,1.37,OFFER_PRESSURE,,,,
2023-09-14,2023,9,280,7,107,173,216,54,3,700,93.494,92.96,93.73,0.77,10,56,275,7,700,93.494,100,GUNVORSA,3,MERCURIASA,3,"GUNVORSA, PTRIN, VITOL, BP","CPUKLTD, VITOL, MERCURIASA, UNIPECUK",GUNVORSA,MERCURIASA,"Dec23, Nov23, Nov23/Dec23",0.23886796110402905,0.012699983506514927,0.4714285714285714,0.18518518518518517,0.75,0.9,NORMAL,,,,
2023-09-15,2023,9,107,3,95,12,97,6,1,300,93.277,92.98,93.87,0.89,4,6,107,3,300,93.277,300,GUNVORSA,1,VITOL,2,"GUNVORSA, PTRIN, MERCURIASA","VITOL, CPUKLTD",MERCURIASA,MERCURIASA,"Dec23, Nov23, Nov23/Dec23",-0.8049712215239828,0.014679201715322446,1.5514018691588785,0.08333333333333333,1.0,1.33,BID_PRESSURE,,,,
2023-09-18,2023,9,633,12,306,327,401,218,2,1200,86.435,1.03,94.79,93.76,118,112,632,12,1200,86.435,200,MERCURIASA,6,GUNVORSA,6,"MERCURIASA, PTRIN, GUNVORSA","GUNVORSA, VITOL, MERCURIASA",MERCURIASA,GUNVORSA,"Dec23, Nov23, Nov23/Dec23",1.5436669393890439,1.5464291604816098,0.06635071090047394,0.7687296416938111,0.9230769230769231,3.04,HIGH_PRICE_RANGE,,,,
2023-09-19,2023,9,369,8,199,170,248,112,1,800,94.689,93.99,95.39,1.4,71,51,369,8,800,94.689,200,PTRIN,4,MERCURIASA,4,"TRAFI, PTRIN, UNIPECUK, HARTREE, GUNVORSA","MERCURIASA, VITOL",UNIPECUK,MERCURIASA,"Dec23, Nov23, Nov23/Dec23",0.499827756761032,0.02309087910275441,0.15718157181571815,0.71,0.8888888888888888,1.29,HIGH_PRICE_RANGE,,,,
2023-09-20,2023,9,223,4,70,153,155,62,2,400,94.125,93.27,94.41,1.14,5,62,223,4,400,94.125,400,MERCURIASA,3,GUNVORSA,3,"MERCURIASA, PTRIN","GUNVORSA, GLENCORE",PTRIN,GUNVORSA,"Dec23, Nov23, Nov23/Dec23",-0.5440114258669798,0.018802572983671446,0.7443946188340808,0.14084507042253522,1.2,1.05,SELLER_DOMINANT,,,,
2023-09-21,2023,9,227,7,39,188,151,65,4,700,93.867,92.27,94.17,1.9,2,73,227,7,700,93.867,-500,VITOL,5,GUNVORSA,4,"VITOL, HARTREE, PTRIN","CPUKLTD, GUNVORSA, MERCURIASA",PTRIN,GUNVORSA,"Dec23, Nov23, Nov23/Dec23",0.23886796110402905,0.03133762163945241,1.3127753303964758,0.1,1.0,1.42,BUYER_DOMINANT,,,,
2023-09-22,2023,9,35,7,35,0,28,0,0,700,92.597,92.55,92.61,0.06,7,0,35,7,700,92.597,700,PTRIN,7,GUNVORSA,4,PTRIN,"GUNVORSA, MERCURIASA",PTRIN,,Dec23,0.23886796110402905,0.0009896091044037604,2.0,0.3888888888888889,1.0,1.89,BUYER_DOMINANT,,,,
2023-09-25,2023,9,234,5,41,193,175,54,0,500,91.94,91.67,93.0,1.33,1,59,234,5,500,91.94,-300,VITOL,4,MERCURIASA,2,"STASCO, VITOL","GUNVORSA, MERCURIASA, PTRIN",VITOL,GUNVORSA,"Dec23, Nov23, Nov23/Dec23",-0.28305163020997687,0.02193633514761669,1.2991452991452992,0.047619047619047616,0.6666666666666666,1.02,BUYER_DOMINANT,,,,
2023-09-26,2023,9,179,8,0,179,165,4,2,800,92.261,92.25,92.28,0.03,0,13,179,8,800,92.261,-800,VITOL,8,PTRIN,3,VITOL,"PTRIN, GUNVORSA, MERCURIASA",,GUNVORSA,"Dec23, Nov23",0.499827756761032,0.0004948045522018802,2.0,0.0,0.6666666666666666,1.73,BUYER_DOMINANT,,,,
2023-09-27,2023,9,132,6,103,29,121,4,1,600,94.84,94.79,94.85,0.06,10,1,132,6,600,94.84,600,GUNVORSA,6,VITOL,3,GUNVORSA,"VITOL, PTRIN, STASCO",GUNVORSA,MERCURIASA,Dec23,-0.022091834552973914,0.0009896091044037604,1.121212121212121,0.19230769230769232,0.8571428571428571,1.09,BUYER_DOMINANT,,,,
2023-09-28,2023,9,220,10,88,132,208,0,2,1000,94.046,94.03,94.06,0.03,9,5,220,10,1000,94.046,600,MERCURIASA,6,VITOL,9,"GUNVORSA, MERCURIASA","VITOL, OMVSTL",MERCURIASA,PTRIN,Dec23,1.0217473480750379,0.0004948045522018802,0.4,0.20224719101123595,1.6363636363636365,1.94,SELLER_DOMINANT,,,,
2023-09-29,2023,9,145,11,108,37,131,3,0,1100,92.805,92.78,92.83,0.05,10,4,145,11,1100,92.805,900,GUNVORSA,6,VITOL,11,"PTRIN, GUNVORSA, MERCURIASA",VITOL,PTRIN,VITOL,Dec23,1.282707143732041,0.0008246742536698004,0.9793103448275862,0.1834862385321101,1.8333333333333333,2.52,SELLER_DOMINANT,,,,
2023-10-02,2023,10,153,10,153,0,142,0,1,1000,90.954,90.9,91.02,0.12,11,0,153,10,1000,90.954,1000,VITOL,4,STASCO,4,"VITOL, MERCURIASA, UNIPECUK, PTRIN","GLENCORE, HARTREE, STASCO, TOTSA, TRAFI",VITOL,,Dec23,0.7707297710997442,0.001979218208807521,2.0,0.14285714285714285,0.7272727272727273,2.05,BID_PRESSURE,,,,
2023-10-03,2023,10,174,5,130,44,163,4,2,500,91.23,91.2,91.25,0.05,8,3,174,5,500,91.23,500,MERCURIASA,3,BP,4,"MERCURIASA, UNIPECUK","PTRIN, BP",MERCURIASA,OMVSTL,Dec23,-0.26699163924429564,0.0008246742536698004,0.9885057471264368,0.12213740458015267,1.3333333333333333,1.22,SELLER_DOMINANT,,,,
2023-10-04,2023,10,123,8,118,5,111,3,1,800,88.129,88.11,88.15,0.04,9,2,122,8,800,88.129,800,PTRIN,4,BP,6,"PTRIN, GUNVORSA, MERCURIASA, UNIPECUK","BP, TOTSA, HARTREE",PTRIN,PTRIN,Dec23,0.35564120696212825,0.0006597394029358403,1.8373983739837398,0.15126050420168066,1.3333333333333333,1.95,SELLER_DOMINANT,,,,
2023-10-05,2023,10,138,6,135,3,129,3,0,600,84.82,84.81,84.83,0.02,8,1,138,6,600,84.82,600,PTRIN,3,BP,5,"PTRIN, UNIPECUK","BP, HARTREE",PTRIN,BP,Dec23,-0.059447357175487686,0.00032986970146792015,1.9130434782608696,0.11764705882352941,1.4285714285714286,1.73,SELLER_DOMINANT,,,,
2023-10-06,2023,10,73,2,52,21,65,5,1,200,84.455,84.41,84.5,0.09,5,2,72,2,200,84.455,200,UNIPECUK,2,BP,2,UNIPECUK,BP,UNIPECUK,PTRIN,Dec23,-0.8896244854507196,0.0014844136566056407,0.8493150684931506,0.18867924528301888,1.3333333333333333,1.19,SELLER_DOMINANT,,,,
2023-10-09,2023,10,246,20,75,171,213,12,1,2000,87.916,87.89,87.94,0.05,17,16,245,20,2000,87.916,-600,GUNVORSA,13,TOTSA,11,"GUNVORSA, VITOL, PTRIN, HARTREE, STASCO","TOTSA, MERCURIASA",STASCO,TOTSA,Dec23,2.846172591787824,0.0008246742536698004,0.7804878048780488,0.4473684210526316,1.0476190476190477,2.74,VOL_SPIKE,,,,
2023-10-10,2023,10,200,8,164,36,187,4,1,800,87.577,87.48,87.63,0.15,8,6,200,8,800,87.577,600,UNIPECUK,3,GLENCORE,3,"UNIPECUK, MERCURIASA, STASCO, GUNVORSA","PTRIN, VITOL, TOTSA, GLENCORE",UNIPECUK,PTRIN,Dec23,0.35564120696212825,0.002474022761009401,1.28,0.09696969696969697,0.6666666666666666,1.31,BID_PRESSURE,,,,
2023-10-11,2023,10,115,6,49,66,107,2,0,600,85.745,85.67,85.79,0.12,1,7,115,6,600,85.745,-400,STASCO,3,MERCURIASA,5,"STASCO, UNIPECUK","PTRIN, MERCURIASA",UNIPECUK,MERCURIASA,Dec23,-0.059447357175487686,0.001979218208807521,0.2956521739130435,0.04,1.4285714285714286,0.88,SELLER_DOMINANT,,,,
2023-10-12,2023,10,128,11,76,52,113,3,1,1100,86.746,86.73,86.79,0.06,7,9,128,11,1100,86.746,100,MERCURIASA,9,TOTSA,6,"MERCURIASA, VITOL, STASCO","PTRIN, TOTSA, GUNVORSA",MERCURIASA,TOTSA,Dec23,0.9782740531685522,0.0009896091044037604,0.375,0.18181818181818182,1.0,1.56,BUYER_DOMINANT,,,,
2023-10-13,2023,10,105,7,73,32,93,3,2,700,89.707,89.69,89.72,0.03,8,3,104,7,700,89.707,700,PTRIN,4,GUNVORSA,2,"PTRIN, VITOL","GLENCORE, GUNVORSA, TOTSA, MERCURIASA, HARTREE",PTRIN,TOTSA,Dec23,0.1480969248933203,0.0004948045522018802,0.780952380952381,0.21621621621621623,0.5,0.87,BID_PRESSURE,,,,
2023-10-16,2023,10,124,11,50,74,111,2,0,1100,90.415,90.25,90.46,0.21,6,9,124,11,1100,90.415,-500,VITOL,10,PTRIN,5,"HARTREE, VITOL","MERCURIASA, PTRIN, TOTSA",VITOL,MERCURIASA,Dec23,0.9782740531685522,0.0034636318654131617,0.3870967741935484,0.23529411764705882,0.8333333333333334,1.51,BUYER_DOMINANT,,,,
2023-10-17,2023,10,128,3,18,110,121,2,2,300,89.33,89.31,89.34,0.03,3,3,128,3,300,89.33,100,BP,3,PTRIN,2,BP,"MERCURIASA, PTRIN",BP,OMVSTL,Dec23,-0.6820802033819116,0.0004948045522018802,1.4375,0.3157894736842105,1.0,1.38,BUYER_DOMINANT,,,,
2023-10-18,2023,10,86,3,56,30,77,4,2,300,91.27,91.27,91.27,0.0,4,4,86,3,300,91.27,-300,VITOL,1,PTRIN,3,"VITOL, MERCURIASA, BP",PTRIN,BP,PTRIN,"Dec23, Dec23/Jan24, Jan24",-0.6820802033819116,0.0,0.6046511627906976,0.14035087719298245,1.5,1.12,SELLER_DOMINANT,,,,
2023-10-19,2023,10,71,4,33,38,64,3,0,400,91.5,91.5,91.5,0.0,2,5,71,4,400,91.5,-400,VITOL,2,PTRIN,4,"VITOL, BP",PTRIN,BP,PTRIN,"Dec23, Dec23/Jan24, Jan24",-0.4745359213131036,0.0,0.14084507042253522,0.11764705882352941,1.6,0.93,SELLER_DOMINANT,,,,
2023-10-20,2023,10,105,6,51,54,97,1,1,700,93.417,93.41,93.42,0.01,5,3,105,6,700,93.417,100,VITOL,6,GUNVORSA,3,VITOL,"MERCURIASA, GUNVORSA, PTRIN",VITOL,MERCURIASA,Dec23,0.1480969248933203,0.00016493485073396007,0.05714285714285714,0.19230769230769232,0.8571428571428571,0.67,BUYER_DOMINANT,,,,
2023-10-23,2023,10,407,7,162,245,289,108,3,700,90.736,90.44,91.45,1.01,53,64,407,7,700,90.736,-100,MERCURIASA,5,GUNVORSA,4,"TRAFI, MERCURIASA, STASCO","GUNVORSA, PTRIN",STASCO,GUNVORSA,"Dec23, Dec23/Jan24, Jan24",0.1480969248933203,0.016658419924129968,0.40786240786240785,0.6503067484662577,1.0,1.16,BUYER_DOMINANT,,,,
2023-10-24,2023,10,167,9,52,115,154,4,0,900,87.893,87.87,87.92,0.05,4,9,167,9,900,87.893,-500,BP,7,GUNVORSA,5,"STASCO, BP, GLENCORE","GUNVORSA, MERCURIASA, PTRIN",BP,GUNVORSA,"Dec23, Dec23/Jan24, Jan24",0.5631854890309362,0.0008246742536698004,0.7544910179640718,0.1509433962264151,1.0,1.4,BUYER_DOMINANT,,,,
2023-10-25,2023,10,200,5,124,76,144,50,1,500,88.49,88.45,88.5,0.05,49,7,200,5,500,88.49,-500,BP,4,MERCURIASA,5,"BP, HARTREE",MERCURIASA,BP,MERCURIASA,"Dec23, Dec23/Jan24, Jan24",-0.26699163924429564,0.0008246742536698004,0.48,0.784,1.6666666666666667,1.47,SELLER_DOMINANT,,,,
2023-10-26,2023,10,361,8,44,317,248,104,1,800,88.411,87.83,88.77,0.94,3,110,361,8,800,88.411,-400,HARTREE,3,GUNVORSA,5,"HARTREE, GLENCORE, MERCURIASA","GUNVORSA, STASCO, PTRIN",MERCURIASA,GUNVORSA,"Dec23, Dec23/Jan24, Jan24",0.35564120696212825,0.015503875968992246,1.5124653739612188,0.13333333333333333,1.1111111111111112,1.67,OFFER_PRESSURE,,,,
2023-10-27,2023,10,58,1,0,58,54,1,2,100,88.41,88.41,88.41,0.0,0,3,57,1,100,88.41,-100,GLENCORE,1,GUNVORSA,1,GLENCORE,GUNVORSA,,GUNVORSA,Dec23,-1.0971687675195276,0.0,2.0,0.0,1.0,1.5,SELLER_DOMINANT,,,,
2023-10-30,2023,10,70,3,40,30,64,1,2,300,86.803,86.79,86.81,0.02,5,1,0,0,0,,0,MERCURIASA,3,VITOL,2,MERCURIASA,"GLENCORE, VITOL",MERCURIASA,PTRIN,Jan24,-0.6820802033819116,0.00032986970146792015,0.2857142857142857,0.24390243902439024,1.0,0.77,BUYER_DOMINANT,,,,
2023-10-31,2023,10,115,4,115,0,110,1,0,400,86.675,86.6,86.7,0.1,5,0,0,0,0,,0,GUNVORSA,3,PTRIN,2,"GUNVORSA, MERCURIASA","VITOL, PTRIN, STASCO",MERCURIASA,,Jan24,-0.4745359213131036,0.0016493485073396008,2.0,0.08620689655172414,0.8,1.44,BUYER_DOMINANT,,,,
2023-11-01,2023,11,60,5,58,2,54,1,0,500,86.498,86.49,86.51,0.02,5,1,60,5,500,86.498,500,MERCURIASA,3,TOTSA,2,"MERCURIASA, TRAFI","STASCO, TOTSA, PTRIN, GUNVORSA",MERCURIASA,PTRIN,Jan24,-0.5783887242839247,0.00032986970146792015,1.8666666666666667,0.1694915254237288,0.6666666666666666,1.35,BID_PRESSURE,,,,
2023-11-02,2023,11,191,22,83,108,166,3,0,2200,86.429,86.4,86.48,0.08,15,11,191,22,2200,86.429,600,GUNVORSA,14,VITOL,11,"MERCURIASA, GUNVORSA, TRAFI","VITOL, PTRIN, TOTSA",MERCURIASA,TOTSA,Jan24,2.2582232404030065,0.0013194788058716806,0.2617801047120419,0.35714285714285715,0.9565217391304348,2.39,VOL_SPIKE,,,,
2023-11-03,2023,11,169,12,103,66,156,1,0,1200,85.956,85.95,85.96,0.01,11,2,169,12,1200,85.956,1000,TRAFI,5,VITOL,3,"MERCURIASA, TRAFI, GUNVORSA","UNIPECUK, PTRIN, GLENCORE, VITOL, TOTSA",TRAFI,UNIPECUK,Jan24,0.5896279670577529,0.00016493485073396007,0.4378698224852071,0.21153846153846154,0.46153846153846156,1.03,NORMAL,,,,
2023-11-05,2023,11,15,0,15,0,9,6,0,0,,,,,7,0,0,0,0,,0,,0,,0,,,PTRIN,,Jan24,-1.4126863609565516,0.0,2.0,0.875,0.0,1.44,NO_SELLER,,,,
2023-11-06,2023,11,172,13,81,91,154,5,0,1300,86.185,86.15,86.21,0.06,4,14,172,13,1300,86.185,-1100,GUNVORSA,12,MERCURIASA,5,"GUNVORSA, HARTREE","UNIPECUK, MERCURIASA, PTRIN, BP",GUNVORSA,UNIPECUK,Jan24,0.7564874943922782,0.0009896091044037604,0.11627906976744186,0.0975609756097561,0.7142857142857143,1.07,BUYER_DOMINANT,,,,
2023-11-07,2023,11,201,11,114,87,179,10,1,1100,82.796,82.74,82.83,0.09,18,6,186,11,1100,82.796,300,MERCURIASA,6,BP,4,"TRAFI, MERCURIASA, GUNVORSA","PTRIN, VITOL, BP, UNIPECUK",MERCURIASA,PTRIN,Jan24,0.4227684397232275,0.0014844136566056407,0.26865671641791045,0.3130434782608696,0.6666666666666666,0.96,NORMAL,,,,
2023-11-08,2023,11,180,5,52,128,170,2,3,500,80.51,80.41,80.63,0.22,4,8,180,5,500,80.51,-300,MERCURIASA,3,UNIPECUK,3,"MERCURIASA, GLENCORE, STASCO","PTRIN, VITOL, UNIPECUK",MERCURIASA,VITOL,Jan24,-0.5783887242839247,0.003628566716147122,0.8444444444444444,0.1509433962264151,1.0,1.0,OFFER_PRESSURE,,,,
2023-11-09,2023,11,110,7,89,21,102,0,1,700,80.941,80.93,80.95,0.02,4,5,110,7,700,80.941,-100,MERCURIASA,5,PTRIN,5,"TRAFI, MERCURIASA","VITOL, PTRIN",MERCURIASA,PTRIN,Jan24,-0.24466966961487402,0.00032986970146792015,1.2363636363636363,0.08888888888888889,1.25,1.29,SELLER_DOMINANT,,,,
2023-11-10,2023,11,110,6,80,30,100,1,3,600,81.58,81.54,81.6,0.06,8,1,110,6,600,81.58,600,MERCURIASA,4,VITOL,2,"TRAFI, MERCURIASA","VITOL, CPUKLTD, PTRIN",MERCURIASA,PTRIN,Jan24,-0.4115291969493994,0.0009896091044037604,0.9090909090909091,0.19753086419753085,0.5714285714285714,0.84,BID_PRESSURE,,,,
2023-11-13,2023,11,121,6,57,64,112,1,2,600,82.613,82.61,82.62,0.01,6,4,121,6,600,82.613,200,TRAFI,4,PTRIN,5,"TRAFI, GUNVORSA","TOTSA, PTRIN",TRAFI,PTRIN,Jan24,-0.4115291969493994,0.00016493485073396007,0.11570247933884298,0.20689655172413793,1.4285714285714286,0.88,SELLER_DOMINANT,,,,
2023-11-14,2023,11,280,6,102,178,204,68,2,600,83.627,83.31,83.69,0.38,8,69,276,6,600,83.627,0,MERCURIASA,5,GUNVORSA,4,"MERCURIASA, BP","GUNVORSA, VITOL, TOTSA",MERCURIASA,GUNVORSA,"Feb24, Jan24, Jan24/Feb24",-0.4115291969493994,0.006267524327890483,0.5428571428571428,0.1553398058252427,1.1428571428571428,0.92,BUYER_DOMINANT,,,,
2023-11-15,2023,11,23,1,0,23,21,0,1,100,81.73,81.73,81.73,0.0,0,2,23,1,100,81.73,-100,GUNVORSA,1,PTRIN,1,GUNVORSA,PTRIN,,PTRIN,Jan24,-1.2458268336220262,0.0,2.0,0.0,1.0,1.5,SELLER_DOMINANT,,,,
2023-11-16,2023,11,102,0,24,78,97,2,3,0,,,,,1,3,102,0,0,,0,,0,,0,,,MERCURIASA,CPUKLTD,Jan24,-1.4126863609565516,0.0,1.0588235294117647,0.08,0.0,0.57,OFFER_PRESSURE,,,,
2023-11-17,2023,11,190,5,102,88,135,45,5,500,79.606,79.6,79.63,0.03,46,7,190,5,500,79.606,-500,GLENCORE,2,VITOL,4,"PTRIN, GUNVORSA, GLENCORE, MERCURIASA","OMVSTL, VITOL",MERCURIASA,PTRIN,"Feb24, Jan24, Jan24/Feb24",-0.5783887242839247,0.0004948045522018802,0.14736842105263157,0.8932038834951457,1.3333333333333333,1.19,SELLER_DOMINANT,,,,
2023-11-20,2023,11,438,9,272,166,281,148,0,900,73.638,0.1,82.86,82.76,96,62,438,9,900,73.638,700,MERCURIASA,5,VITOL,5,"MERCURIASA, PTRIN, GUNVORSA, ICE","HARTREE, VITOL, MERCURIASA, CPUKLTD",PTRIN,MERCURIASA,"Feb24, Jan24, Jan24/Feb24",0.08904938505417671,1.3650008246742538,0.4840182648401826,0.7032967032967034,1.0,1.98,HIGH_PRICE_RANGE,,,,
2023-11-21,2023,11,163,10,87,76,148,5,0,1000,81.994,81.98,82.0,0.02,10,5,161,10,1000,81.994,800,MERCURIASA,6,TOTSA,4,"GUNVORSA, MERCURIASA","TOTSA, PTRIN, VITOL, OMVSTL",MERCURIASA,OMVSTL,"Feb24, Jan24, Jan24/Feb24",0.2559089123887021,0.00032986970146792015,0.13496932515337423,0.22727272727272727,0.7272727272727273,0.75,NORMAL,,,,
2023-11-22,2023,11,439,8,212,227,269,159,3,800,79.613,79.5,79.65,0.15,67,102,438,8,800,79.613,400,MERCURIASA,6,VITOL,4,"MERCURIASA, STASCO","GLENCORE, VITOL, GUNVORSA, PTRIN",PTRIN,GUNVORSA,"Feb24, Jan24, Jan24/Feb24",-0.07781014228034866,0.002474022761009401,0.0683371298405467,0.6291079812206573,0.8888888888888888,0.79,BUYER_DOMINANT,,,,
2023-11-23,2023,11,201,3,179,22,138,58,2,300,81.1,81.1,81.1,0.0,62,1,201,3,300,81.1,300,GUNVORSA,3,VITOL,2,GUNVORSA,"PTRIN, VITOL",PTRIN,PTRIN,"Feb24, Jan24, Jan24/Feb24",-0.9121077789529756,0.0,1.5621890547263682,0.6888888888888889,1.0,1.63,BUYER_DOMINANT,,,,
2023-11-24,2023,11,268,6,245,23,174,85,3,600,82.103,82.09,82.17,0.08,92,1,268,6,600,82.103,600,MERCURIASA,5,HARTREE,3,"STASCO, MERCURIASA","HARTREE, VITOL",STASCO,PTRIN,"Feb24, Jan24, Jan24/Feb24",-0.4115291969493994,0.0013194788058716806,1.6567164179104477,0.7479674796747967,0.8571428571428571,1.63,BUYER_DOMINANT,,,,
2023-11-27,2023,11,203,9,196,7,135,58,1,900,62.987,0.01,82.17,82.16,63,1,203,9,900,62.987,300,GUNVORSA,4,VITOL,3,"GUNVORSA, CPUKLTD, MERCURIASA","CPUKLTD, GUNVORSA, VITOL, MERCURIASA",PTRIN,CPUKLTD,"Feb24, Jan24, Jan24/Feb24",0.08904938505417671,1.355104733630216,1.8620689655172413,0.6395939086294417,0.6,2.44,HIGH_PRICE_RANGE,,,,
2023-11-28,2023,11,159,8,132,27,112,37,2,800,81.935,81.88,81.99,0.11,45,2,159,8,800,81.935,800,MERCURIASA,4,PTRIN,4,"MERCURIASA, GUNVORSA","PTRIN, VITOL, STASCO",PTRIN,PTRIN,"Feb24, Jan24, Jan24/Feb24",-0.07781014228034866,0.001814283358073561,1.320754716981132,0.6766917293233082,0.8888888888888888,1.44,BID_PRESSURE,,,,
2023-11-29,2023,11,190,24,61,129,163,1,2,2400,82.027,82.0,82.04,0.04,8,17,190,24,2400,82.027,-800,GUNVORSA,14,PTRIN,9,"GUNVORSA, MERCURIASA, HARTREE, STASCO","VITOL, PTRIN, HARTREE, BP, CPUKLTD",MERCURIASA,VITOL,Feb24,2.5919422950720574,0.0006597394029358403,0.7157894736842105,0.25806451612903225,0.72,2.45,VOL_SPIKE,,,,
2023-11-30,2023,11,67,2,26,41,63,1,1,200,80.37,80.37,80.37,0.0,2,1,67,2,200,80.37,200,MERCURIASA,2,GUNVORSA,1,MERCURIASA,"GUNVORSA, CPUKLTD",MERCURIASA,PTRIN,Feb24,-1.078967306287501,0.0,0.44776119402985076,0.14814814814814814,0.6666666666666666,0.63,BUYER_DOMINANT,,,,
2023-12-01,2023,12,71,8,14,57,59,4,0,800,81.275,81.26,81.3,0.04,2,10,71,8,800,81.275,-800,PTRIN,2,GUNVORSA,6,"PTRIN, HARTREE, GLENCORE, STASCO, CPUKLTD","GUNVORSA, MERCURIASA",PTRIN,GUNVORSA,Feb24,0.1650451643696505,0.0006597394029358403,1.2112676056338028,0.26666666666666666,1.3333333333333333,1.54,SELLER_DOMINANT,,,,
2023-12-04,2023,12,100,5,7,93,90,5,0,500,78.39,78.33,78.48,0.15,3,7,95,5,500,78.39,-500,HARTREE,2,VITOL,3,"GLENCORE, HARTREE, STASCO","VITOL, GUNVORSA",PTRIN,VITOL,Feb24,-0.2798227659871232,0.002474022761009401,1.72,0.75,1.0,1.74,OFFER_PRESSURE,,,,
2023-12-05,2023,12,82,6,6,76,75,1,0,600,78.173,77.52,78.34,0.82,1,6,82,6,600,78.173,-400,PTRIN,2,GUNVORSA,5,"GLENCORE, PTRIN, CPUKLTD, STASCO","GUNVORSA, MERCURIASA",PTRIN,MERCURIASA,Feb24,-0.13153345586819862,0.013524657760184725,1.7073170731707317,0.2857142857142857,1.4285714285714286,1.72,SELLER_DOMINANT,,,,
2023-12-06,2023,12,88,6,55,33,79,2,1,600,74.747,74.73,74.8,0.07,2,7,88,6,600,74.747,-600,PTRIN,4,GUNVORSA,5,"GLENCORE, PTRIN, STASCO","GUNVORSA, MERCURIASA",PTRIN,GUNVORSA,Feb24,-0.13153345586819862,0.0011545439551377207,0.5,0.07142857142857142,1.4285714285714286,1.0,SELLER_DOMINANT,,,,
2023-12-07,2023,12,104,6,39,65,93,2,3,600,74.272,74.27,74.28,0.01,2,8,104,6,600,74.272,-600,PTRIN,4,GUNVORSA,5,"PTRIN, GLENCORE, STASCO","GUNVORSA, MERCURIASA",PTRIN,GUNVORSA,Feb24,-0.13153345586819862,0.00016493485073396007,0.5,0.1,1.4285714285714286,1.01,SELLER_DOMINANT,,,,
2023-12-08,2023,12,127,5,66,61,119,2,1,500,75.82,75.79,75.86,0.07,3,5,127,5,500,75.82,-300,GLENCORE,3,GUNVORSA,3,"PTRIN, GLENCORE","GUNVORSA, VITOL",PTRIN,VITOL,Feb24,-0.2798227659871232,0.0011545439551377207,0.07874015748031496,0.08955223880597014,1.0,0.58,NORMAL,,,,
2023-12-11,2023,12,324,7,144,180,222,93,2,700,75.716,75.6,75.96,0.36,40,62,324,7,700,75.716,-300,STASCO,3,GUNVORSA,4,"MERCURIASA, PTRIN, STASCO","GUNVORSA, VITOL",PTRIN,GUNVORSA,"Feb24, Feb24/Mar24, Mar24",0.01675585425072593,0.005937654626422563,0.2222222222222222,0.5517241379310345,1.0,0.9,NORMAL,,,,
2023-12-12,2023,12,306,12,171,135,198,95,1,1200,67.49,-0.41,73.96,74.37,61,47,306,12,1200,67.49,0,MERCURIASA,7,GUNVORSA,8,"MERCURIASA, CPUKLTD, GLENCORE, STASCO, GUNVORSA","GUNVORSA, VITOL",MERCURIASA,CPUKLTD,"Feb24, Feb24/Mar24, Mar24",0.7582024048453487,1.2266204849084612,0.23529411764705882,0.7093023255813954,1.2307692307692308,2.43,HIGH_PRICE_RANGE,,,,
2023-12-13,2023,12,648,16,354,294,395,234,3,1600,69.57,-0.4,74.34,74.74,142,112,648,16,1600,69.57,200,MERCURIASA,12,VITOL,11,"GUNVORSA, MERCURIASA","STASCO, GUNVORSA, VITOL, ICE",MERCURIASA,STASCO,"Feb24, Feb24/Mar24, Mar24",1.351359645321047,1.2327230743856175,0.18518518518518517,0.8,1.2941176470588236,2.96,BUYER_DOMINANT,,,,
2023-12-14,2023,12,415,15,158,257,266,134,0,1500,71.885,-0.29,77.16,77.45,57,92,415,15,1500,71.885,300,MERCURIASA,8,GUNVORSA,5,"MERCURIASA, CPUKLTD, GUNVORSA, TOTSA, PTRIN","GUNVORSA, STASCO, VITOL, PTRIN, ICE",PTRIN,STASCO,"Feb24, Feb24/Mar24, Mar24",1.2030703352021224,1.2774204189345209,0.4771084337349398,0.7169811320754716,0.625,2.64,HIGH_PRICE_RANGE,,,,
2023-12-15,2023,12,162,2,112,50,112,46,2,200,77.01,77.01,77.01,0.0,39,10,162,2,200,77.01,200,MERCURIASA,2,VITOL,1,MERCURIASA,"VITOL, GUNVORSA",PTRIN,PTRIN,"Feb24, Feb24/Mar24, Mar24",-0.7246906963438968,0.0,0.7654320987654321,0.6902654867256637,0.6666666666666666,1.06,BUYER_DOMINANT,,,,
2023-12-18,2023,12,304,8,35,269,236,56,4,1000,78.811,78.54,78.92,0.38,2,65,304,8,1000,78.811,-800,TOTSA,5,MERCURIASA,3,"TOTSA, GUNVORSA","MERCURIASA, STASCO, VITOL, PTRIN",TOTSA,STASCO,"Feb24, Feb24/Mar24, Mar24",0.4616237846074996,0.006267524327890483,1.5394736842105263,0.1111111111111111,0.6666666666666666,1.53,OFFER_PRESSURE,,,,
2023-12-19,2023,12,147,5,107,40,136,3,3,500,79.512,79.46,79.55,0.09,6,5,147,5,500,79.512,100,TOTSA,3,GUNVORSA,4,"TOTSA, MERCURIASA","GUNVORSA, PTRIN",TOTSA,PTRIN,"Feb24, Feb24/Mar24, Mar24",-0.2798227659871232,0.0014844136566056407,0.9115646258503401,0.1111111111111111,1.3333333333333333,1.18,SELLER_DOMINANT,,,,
2023-12-20,2023,12,296,11,89,207,216,68,1,1200,80.49,80.19,80.58,0.39,13,67,296,11,1200,80.49,-400,TOTSA,8,MERCURIASA,8,"GLENCORE, GUNVORSA, TOTSA, CPUKLTD","STASCO, MERCURIASA, PTRIN, GUNVORSA",TOTSA,GUNVORSA,"Feb24, Feb24/Mar24, Mar24",0.7582024048453487,0.006432459178624443,0.7972972972972973,0.28888888888888886,1.3333333333333333,1.82,SELLER_DOMINANT,,,,
2023-12-21,2023,12,435,9,127,308,276,143,7,900,79.3,79.28,79.31,0.03,44,113,435,9,900,79.3,-700,TOTSA,9,MERCURIASA,5,TOTSA,"MERCURIASA, PTRIN, VITOL",PTRIN,STASCO,"Feb24, Feb24/Mar24, Mar24",0.31333447448857504,0.0004948045522018802,0.832183908045977,0.6875,1.0,1.51,BUYER_DOMINANT,,,,
2023-12-22,2023,12,196,7,96,100,163,23,3,700,79.623,79.6,79.64,0.04,7,26,0,0,0,,0,TOTSA,6,VITOL,4,"TOTSA, MERCURIASA","PTRIN, VITOL",TOTSA,CPUKLTD,"Feb24, Feb24/Mar24, Mar24",0.01675585425072593,0.0006597394029358403,0.04081632653061224,0.14432989690721648,1.0,0.61,BUYER_DOMINANT,,,,
2023-12-27,2023,12,80,7,42,38,69,3,1,700,80.22,80.22,80.22,0.0,9,2,80,7,700,80.22,700,MERCURIASA,7,PTRIN,4,MERCURIASA,"GUNVORSA, PTRIN, CPUKLTD, GLENCORE",MERCURIASA,PTRIN,Mar24,0.01675585425072593,0.0,0.1,0.4186046511627907,1.0,0.77,BUYER_DOMINANT,,,,
2023-12-28,2023,12,95,6,65,30,86,1,2,600,78.75,78.74,78.76,0.02,4,5,95,6,600,78.75,-200,GUNVORSA,2,MERCURIASA,6,"PTRIN, GUNVORSA, TOTSA, CPUKLTD",MERCURIASA,TOTSA,MERCURIASA,Mar24,-0.13153345586819862,0.00032986970146792015,0.7368421052631579,0.12121212121212122,1.7142857142857142,1.29,SELLER_DOMINANT,,,,
2023-12-29,2023,12,104,8,35,69,91,3,2,800,77.401,77.39,77.41,0.02,6,6,0,0,0,,0,PTRIN,4,MERCURIASA,4,"BP, CPUKLTD, PTRIN","MERCURIASA, VITOL",PTRIN,MERCURIASA,Mar24,0.1650451643696505,0.00032986970146792015,0.6538461538461539,0.3333333333333333,0.8888888888888888,1.07,NORMAL,,,,
2024-01-02,2024,1,168,6,45,123,157,5,0,600,76.19,76.16,76.22,0.06,6,5,168,6,600,76.19,0,CPUKLTD,3,GUNVORSA,3,"CPUKLTD, HARTREE, STASCO","GUNVORSA, MERCURIASA",CPUKLTD,PTRIN,Mar24,-0.10815966809526345,0.0009896091044037604,0.9285714285714286,0.2608695652173913,0.8571428571428571,1.02,OFFER_PRESSURE,,,,
2024-01-03,2024,1,180,9,68,112,163,5,3,900,78.062,78.04,78.07,0.03,5,10,180,9,900,78.062,-100,MERCURIASA,8,VITOL,5,"MERCURIASA, CPUKLTD","GUNVORSA, VITOL, PTRIN, HARTREE",MERCURIASA,VITOL,Mar24,0.4300816071326972,0.0004948045522018802,0.4888888888888889,0.14492753623188406,1.0,1.16,BUYER_DOMINANT,,,,
2024-01-04,2024,1,203,11,48,155,189,3,0,1300,76.521,76.41,76.65,0.24,7,7,203,11,1300,76.521,300,MERCURIASA,6,GUNVORSA,5,"STASCO, MERCURIASA, CPUKLTD, OMVSTL","VITOL, GUNVORSA, PTRIN",MERCURIASA,VITOL,Mar24,1.147736640769978,0.003958436417615042,1.0541871921182266,0.2857142857142857,0.8333333333333334,2.01,OFFER_PRESSURE,,,,
2024-01-05,2024,1,98,5,77,21,85,8,0,500,78.96,78.92,78.97,0.05,9,4,94,5,500,78.96,500,MERCURIASA,4,GUNVORSA,5,"MERCURIASA, CPUKLTD",GUNVORSA,MERCURIASA,MERCURIASA,"Apr24, Mar24",-0.2875734265045837,0.0008246742536698004,1.1428571428571428,0.23076923076923078,1.6666666666666667,1.52,SELLER_DOMINANT,,,,
2024-01-08,2024,1,152,3,87,65,142,4,3,300,75.787,75.77,75.81,0.04,4,4,152,3,300,75.787,-100,CPUKLTD,2,GUNVORSA,3,"MERCURIASA, CPUKLTD",GUNVORSA,MERCURIASA,GUNVORSA,Mar24,-0.6464009433232241,0.0006597394029358403,0.2894736842105263,0.09090909090909091,1.5,0.94,SELLER_DOMINANT,,,,
2024-01-09,2024,1,133,5,77,56,124,2,2,500,77.852,77.81,77.9,0.09,6,3,133,5,500,77.852,500,VITOL,3,TOTSA,4,"MERCURIASA, VITOL","TOTSA, PTRIN",MERCURIASA,PTRIN,Mar24,-0.2875734265045837,0.0014844136566056407,0.3157894736842105,0.15384615384615385,1.3333333333333333,0.9,SELLER_DOMINANT,,,,
2024-01-10,2024,1,176,7,114,62,162,5,2,700,77.54,77.49,77.56,0.07,10,4,176,7,700,77.54,700,MERCURIASA,5,TOTSA,3,"MERCURIASA, VITOL","STASCO, PTRIN, TOTSA, HARTREE",MERCURIASA,PTRIN,Mar24,0.07125409031405676,0.0011545439551377207,0.5909090909090909,0.17391304347826086,0.75,0.82,BUYER_DOMINANT,,,,
2024-01-11,2024,1,167,7,62,105,157,2,1,700,79.1,79.1,79.1,0.0,3,8,167,7,700,79.1,-500,MERCURIASA,4,PTRIN,3,"VITOL, MERCURIASA","PTRIN, TOTSA, CPUKLTD, OMVSTL",MERCURIASA,PTRIN,Mar24,0.07125409031405676,0.0,0.5149700598802395,0.09523809523809523,0.75,0.74,NORMAL,,,,
2024-01-12,2024,1,244,18,122,122,172,53,1,1800,78.661,78.55,78.69,0.14,18,54,244,18,1800,78.661,1800,GUNVORSA,11,MERCURIASA,16,"PTRIN, VITOL, GUNVORSA","MERCURIASA, HARTREE, STASCO",GUNVORSA,CPUKLTD,"Apr24, Mar24, Mar24/Apr24",2.0448054328165792,0.0023090879102754414,0.0,0.2926829268292683,1.6842105263157894,2.59,SELLER_DOMINANT,,,,
2024-01-15,2024,1,472,7,173,299,304,156,5,700,66.609,0.31,78.01,77.7,69,98,471,7,700,66.609,-500,GUNVORSA,3,MERCURIASA,5,"STASCO, HARTREE, GUNVORSA, MERCURIASA","MERCURIASA, PTRIN, ICE",GUNVORSA,MERCURIASA,"Apr24, Mar24, Mar24/Apr24",0.07125409031405676,1.28154379020287,0.5338983050847458,0.7931034482758621,1.25,2.11,SELLER_DOMINANT,,,,
2024-01-16,2024,1,542,3,264,278,346,187,6,300,77.89,77.87,77.9,0.03,101,94,542,3,300,77.89,-300,CPUKLTD,3,MERCURIASA,3,CPUKLTD,MERCURIASA,PTRIN,MERCURIASA,"Apr24, Mar24, Mar24/Apr24",-0.6464009433232241,0.0004948045522018802,0.05166051660516605,0.7622641509433963,1.5,1.16,SELLER_DOMINANT,,,,
2024-01-17,2024,1,605,8,131,474,454,136,7,800,67.705,0.39,77.68,77.29,54,96,605,8,800,67.705,-600,MERCURIASA,2,MERCURIASA,3,"UNIPECUK, MERCURIASA, STASCO, HARTREE, OMVSTL","PTRIN, CPUKLTD, MERCURIASA, VITOL, ICE",MERCURIASA,PTRIN,"Apr24, Mar24, Mar24/Apr24",0.250667848723377,1.2747814613227775,1.133884297520661,0.8181818181818182,0.6666666666666666,2.27,HIGH_PRICE_RANGE,,,,
2024-01-18,2024,1,178,1,28,150,128,44,5,100,78.28,78.28,78.28,0.0,1,46,178,1,100,78.28,100,VITOL,1,GUNVORSA,1,VITOL,GUNVORSA,VITOL,CPUKLTD,"Apr24, Mar24, Mar24/Apr24",-1.0052284601418646,0.0,1.3707865168539326,0.06896551724137931,1.0,1.22,SELLER_DOMINANT,,,,
2024-01-19,2024,1,473,1,137,336,305,160,7,100,79.06,79.06,79.06,0.0,64,104,473,1,100,79.06,-100,UNIPECUK,1,MERCURIASA,1,UNIPECUK,MERCURIASA,UNIPECUK,MERCURIASA,"Apr24, Mar24, Mar24/Apr24",-1.0052284601418646,0.0,0.8414376321353065,0.927536231884058,1.0,1.38,SELLER_DOMINANT,,,,
2024-01-22,2024,1,420,12,92,328,291,113,4,1200,66.568,0.38,80.09,79.71,6,121,419,12,1200,66.568,-600,VITOL,4,MERCURIASA,4,"PTRIN, TOTSA, CPUKLTD, VITOL, GUNVORSA","OMVSTL, PTRIN, MERCURIASA, GUNVORSA, ICE",VITOL,MERCURIASA,"Apr24, Mar24, Mar24/Apr24",0.9683228823606579,1.3146956952003956,1.1238095238095238,0.12903225806451613,0.6153846153846154,2.5,HIGH_PRICE_RANGE,,,,
2024-01-23,2024,1,480,3,152,328,326,144,7,300,80.093,79.88,80.2,0.32,46,108,480,3,300,80.093,-100,PTRIN,1,MERCURIASA,2,"PTRIN, GUNVORSA, CPUKLTD","MERCURIASA, VITOL",CPUKLTD,CPUKLTD,"Apr24, Mar24, Mar24/Apr24",-0.6464009433232241,0.005277915223486722,0.7333333333333333,0.6013071895424836,1.0,1.17,OFFER_PRESSURE,,,,
2024-01-24,2024,1,572,8,271,301,366,192,6,800,70.128,0.36,80.36,80.0,98,106,572,8,800,70.128,200,GUNVORSA,5,OMVSTL,2,"GUNVORSA, VITOL, MERCURIASA","PTRIN, OMVSTL, MERCURIASA, GUNVORSA, STASCO",MERCURIASA,CPUKLTD,"Apr24, Mar24, Mar24/Apr24",0.250667848723377,1.3194788058716806,0.1048951048951049,0.7205882352941176,0.4444444444444444,1.63,HIGH_PRICE_RANGE,,,,
2024-01-25,2024,1,327,5,68,259,227,90,5,500,81.114,81.0,81.32,0.32,9,91,327,5,500,81.114,-300,VITOL,2,OMVSTL,2,"VITOL, GUNVORSA, STASCO, CPUKLTD","OMVSTL, STASCO, GUNVORSA",GUNVORSA,GUNVORSA,"Apr24, Mar24, Mar24/Apr24",-0.2875734265045837,0.005277915223486722,1.1681957186544343,0.2608695652173913,0.6666666666666666,1.05,OFFER_PRESSURE,,,,
2024-01-26,2024,1,330,4,16,314,230,91,5,400,81.435,81.32,81.78,0.46,5,95,330,4,400,81.435,-400,PTRIN,3,GUNVORSA,4,"PTRIN, HARTREE",GUNVORSA,MERCURIASA,PTRIN,"Apr24, Mar24, Mar24/Apr24",-0.4669871849139039,0.007587003133762164,1.8060606060606061,0.5882352941176471,1.6,2.0,SELLER_DOMINANT,,,,
2024-01-29,2024,1,364,3,158,206,235,121,5,300,82.353,82.17,82.7,0.53,41,87,363,3,300,82.353,100,GUNVORSA,2,MERCURIASA,2,"VITOL, GUNVORSA","MERCURIASA, CPUKLTD",GUNVORSA,CPUKLTD,"Apr24, Mar24, Mar24/Apr24",-0.6464009433232241,0.008741547088899885,0.26373626373626374,0.5157232704402516,1.0,0.89,NORMAL,,,,
2024-01-30,2024,1,123,9,86,37,110,3,1,900,82.517,82.5,82.53,0.03,8,5,123,9,900,82.517,100,GUNVORSA,8,VITOL,4,"GUNVORSA, MERCURIASA","HARTREE, VITOL, CPUKLTD, UNIPECUK",GUNVORSA,VITOL,Apr24,0.4300816071326972,0.0004948045522018802,0.7967479674796748,0.1839080459770115,0.8,1.23,BUYER_DOMINANT,,,,
2024-01-31,2024,1,80,3,78,2,73,3,1,300,81.327,81.32,81.33,0.01,6,1,80,3,300,81.327,300,GUNVORSA,3,PTRIN,1,GUNVORSA,"PTRIN, HARTREE, STASCO",GUNVORSA,PTRIN,Apr24,-0.6464009433232241,0.00016493485073396007,1.9,0.1518987341772152,0.5,1.28,BUYER_DOMINANT,,,,
2024-02-01,2024,2,105,5,27,78,98,2,0,500,81.484,81.45,81.51,0.06,1,6,105,5,500,81.484,-500,TOTSA,4,MERCURIASA,4,"PTRIN, TOTSA","MERCURIASA, CPUKLTD",PTRIN,MERCURIASA,Apr24,-0.3579172306446218,0.0009896091044037604,0.9714285714285714,0.07142857142857142,1.3333333333333333,1.19,SELLER_DOMINANT,,,,
2024-02-02,2024,2,226,1,141,85,216,6,3,100,77.45,77.45,77.45,0.0,4,5,225,1,100,77.45,-100,HARTREE,1,GUNVORSA,1,HARTREE,GUNVORSA,TOTSA,CPUKLTD,Apr24,-1.0530028669689597,0.0,0.49557522123893805,0.056338028169014086,1.0,0.78,SELLER_DOMINANT,,,,
2024-02-05,2024,2,169,11,114,55,152,5,1,1100,77.31,77.19,77.35,0.16,10,7,169,11,1100,77.31,300,MERCURIASA,7,VITOL,7,"MERCURIASA, PTRIN, GUNVORSA, TOTSA","VITOL, CPUKLTD, STASCO, OMVSTL",MERCURIASA,VITOL,Apr24,0.684711223841885,0.002638957611743361,0.6982248520710059,0.17391304347826086,1.1666666666666667,1.57,BID_PRESSURE,,,,
2024-02-06,2024,2,242,12,105,137,226,2,2,1200,78.742,78.71,78.75,0.04,10,9,242,12,1200,78.742,-400,MERCURIASA,4,VITOL,5,"GUNVORSA, MERCURIASA, TOTSA, UNIPECUK","PTRIN, CPUKLTD, VITOL, HARTREE, OMVSTL",MERCURIASA,PTRIN,Apr24,0.8584826329229694,0.0006597394029358403,0.2644628099173554,0.18867924528301888,0.7692307692307693,1.3,NORMAL,,,,
2024-02-07,2024,2,200,9,117,83,187,1,3,900,79.233,79.22,79.25,0.03,6,9,200,9,900,79.233,-700,MERCURIASA,4,PTRIN,6,"MERCURIASA, TOTSA, GUNVORSA","PTRIN, CPUKLTD, OMVSTL",GUNVORSA,PTRIN,Apr24,0.337168405679716,0.0004948045522018802,0.34,0.1016949152542373,1.2,1.09,NORMAL,,,,
2024-02-08,2024,2,157,8,104,53,145,2,2,800,81.339,81.33,81.34,0.01,6,6,157,8,800,81.339,-200,TOTSA,5,PTRIN,3,"TOTSA, MERCURIASA, UNIPECUK","PTRIN, HARTREE, OMVSTL, STASCO",MERCURIASA,PTRIN,Apr24,0.16339699659863158,0.00016493485073396007,0.6496815286624203,0.11428571428571428,0.6666666666666666,0.85,NORMAL,,,,
2024-02-09,2024,2,177,8,99,78,165,3,1,800,81.821,81.79,81.84,0.05,8,5,177,8,800,81.821,400,MERCURIASA,4,VITOL,3,"MERCURIASA, TOTSA, UNIPECUK","PTRIN, CPUKLTD, OMVSTL, VITOL, GUNVORSA",TOTSA,PTRIN,Apr24,0.16339699659863158,0.0008246742536698004,0.23728813559322035,0.16,0.6666666666666666,0.66,NORMAL,,,,
2024-02-12,2024,2,115,9,70,45,104,2,0,900,82.043,81.99,82.06,0.07,5,6,115,9,900,82.043,-300,MERCURIASA,6,PTRIN,7,"MERCURIASA, TOTSA, GUNVORSA","PTRIN, VITOL",TOTSA,PTRIN,Apr24,0.337168405679716,0.0011545439551377207,0.43478260869565216,0.14084507042253522,1.4,1.26,SELLER_DOMINANT,,,,
2024-02-13,2024,2,151,5,54,97,141,3,2,500,83.038,83.02,83.05,0.03,4,6,151,5,500,83.038,-100,MERCURIASA,4,CPUKLTD,1,"MERCURIASA, TOTSA","CPUKLTD, PTRIN, OMVSTL, VITOL, STASCO",MERCURIASA,PTRIN,Apr24,-0.3579172306446218,0.0004948045522018802,0.5695364238410596,0.14545454545454545,0.3333333333333333,0.52,BUYER_DOMINANT,,,,
2024-02-14,2024,2,180,1,112,68,134,43,2,100,82.4,82.4,82.4,0.0,42,3,180,1,100,82.4,-100,STASCO,1,MERCURIASA,1,STASCO,MERCURIASA,PTRIN,MERCURIASA,"Apr24, Apr24/May24, May24",-1.0530028669689597,0.0,0.4888888888888889,0.7433628318584071,1.0,1.12,SELLER_DOMINANT,,,,
2024-02-15,2024,2,391,9,208,183,255,126,1,900,73.392,0.57,82.78,82.21,63,71,391,9,900,73.392,-100,TOTSA,3,GUNVORSA,3,"TOTSA, MERCURIASA, PTRIN, GUNVORSA","GUNVORSA, PTRIN, MERCURIASA, VITOL",MERCURIASA,VITOL,"Apr24, Apr24/May24, May24",0.337168405679716,1.3559294078838857,0.1278772378516624,0.6028708133971292,0.6,1.75,HIGH_PRICE_RANGE,,,,
2024-02-16,2024,2,313,6,168,145,216,88,3,600,83.053,82.47,83.18,0.71,49,48,313,6,600,83.053,400,PTRIN,3,GUNVORSA,5,"TOTSA, PTRIN, STASCO, MERCURIASA","VITOL, GUNVORSA",MERCURIASA,GUNVORSA,"Apr24, Apr24/May24, May24",-0.18414582156353734,0.011710374402111165,0.14696485623003194,0.5798816568047337,1.4285714285714286,1.08,SELLER_DOMINANT,,,,
2024-02-19,2024,2,244,24,79,165,176,43,1,2400,72.65,0.75,83.58,82.83,11,55,244,24,2400,72.65,-200,PTRIN,13,VITOL,8,"MERCURIASA, CPUKLTD, PTRIN, TOTSA","CPUKLTD, MERCURIASA, VITOL, GUNVORSA",PTRIN,MERCURIASA,"Apr24, Apr24/May24, May24",2.9437395418959826,1.3661553686293912,0.7049180327868853,0.275,0.64,3.23,HIGH_PRICE_RANGE,,,,
2024-02-20,2024,2,546,7,397,149,357,175,7,700,81.914,81.49,82.45,0.96,130,57,544,7,700,81.914,300,GUNVORSA,3,GUNVORSA,4,"TOTSA, GUNVORSA, PTRIN, MERCURIASA","GUNVORSA, CPUKLTD, HARTREE, STASCO",GUNVORSA,GUNVORSA,"Apr24, Apr24/May24, May24",-0.01037441248245289,0.015833745670460166,0.9084249084249084,0.6532663316582915,1.0,1.29,BID_PRESSURE,,,,
2024-02-21,2024,2,551,23,315,236,364,159,5,2300,75.466,0.75,82.95,82.2,80,106,551,23,2300,75.466,300,GUNVORSA,9,MERCURIASA,11,"PTRIN, GUNVORSA, TOTSA, CPUKLTD, VITOL","GUNVORSA, MERCURIASA, GLENCORE, CPUKLTD, ICE",CPUKLTD,MERCURIASA,"Apr24, Apr24/May24, May24",2.769968132814898,1.355764473033152,0.2867513611615245,0.5063291139240507,0.9166666666666666,3.27,HIGH_PRICE_RANGE,,,,
2024-02-22,2024,2,452,2,237,215,286,157,7,200,82.655,82.63,82.68,0.05,65,98,452,2,200,82.655,200,TOTSA,1,GUNVORSA,2,"TOTSA, VITOL",GUNVORSA,PTRIN,MERCURIASA,"Apr24, Apr24/May24, May24",-0.8792314578878752,0.0008246742536698004,0.09734513274336283,0.5462184873949579,1.3333333333333333,0.99,SELLER_DOMINANT,,,,
2024-02-23,2024,2,310,6,144,166,215,84,5,600,81.543,81.54,81.56,0.02,42,53,310,6,600,81.543,400,PTRIN,2,GUNVORSA,6,"PTRIN, TOTSA, MERCURIASA",GUNVORSA,CPUKLTD,MERCURIASA,"Apr24, Apr24/May24, May24",-0.18414582156353734,0.00032986970146792015,0.14193548387096774,0.5793103448275863,1.7142857142857142,1.22,SELLER_DOMINANT,,,,
2024-02-26,2024,2,295,3,105,190,182,108,2,300,81.52,81.49,81.55,0.06,28,85,295,3,300,81.52,300,PTRIN,3,MERCURIASA,2,PTRIN,"STASCO, MERCURIASA",PTRIN,MERCURIASA,"Apr24, Apr24/May24, May24",-0.7054600488067907,0.0009896091044037604,0.576271186440678,0.5283018867924528,1.0,1.05,BUYER_DOMINANT,,,,
2024-02-27,2024,2,13,1,13,0,12,0,0,100,82.52,82.52,82.52,0.0,1,0,13,1,100,82.52,100,PTRIN,1,MERCURIASA,1,PTRIN,MERCURIASA,PTRIN,,May24,-1.0530028669689597,0.0,2.0,0.14285714285714285,1.0,1.57,SELLER_DOMINANT,,,,
2024-02-28,2024,2,48,5,2,46,41,2,0,500,81.952,81.94,81.97,0.03,1,6,48,5,500,81.952,-500,MERCURIASA,3,VITOL,5,"MERCURIASA, PTRIN, TRAFI",VITOL,PTRIN,VITOL,May24,-0.3579172306446218,0.0004948045522018802,1.8333333333333333,0.6666666666666666,1.6666666666666667,2.08,SELLER_DOMINANT,,,,
2024-02-29,2024,2,116,10,87,29,104,2,0,1000,82.456,82.43,82.5,0.07,8,4,116,10,1000,82.456,600,MERCURIASA,6,GUNVORSA,10,"PTRIN, MERCURIASA, CPUKLTD",GUNVORSA,MERCURIASA,GUNVORSA,May24,0.5109398147608005,0.0011545439551377207,1.0,0.18181818181818182,1.8181818181818181,1.91,SELLER_DOMINANT,,,,
2024-03-01,2024,3,109,5,96,13,103,1,0,500,84.342,84.34,84.35,0.01,5,1,109,5,500,84.342,500,PTRIN,2,GUNVORSA,1,"PTRIN, MERCURIASA, VITOL","GUNVORSA, CPUKLTD, HARTREE, STASCO, TOTSA",PTRIN,PTRIN,May24,0.013666935833682394,0.00016493485073396007,1.5229357798165137,0.10309278350515463,0.3333333333333333,0.99,BID_PRESSURE,,,0.1,
2024-03-04,2024,3,112,9,72,40,101,1,1,900,83.343,83.29,83.38,0.09,6,5,112,9,900,83.343,100,VITOL,5,PTRIN,6,"VITOL, MERCURIASA, GUNVORSA","TOTSA, GUNVORSA, PTRIN",VITOL,PTRIN,May24,1.2218240635312028,0.0014844136566056407,0.5714285714285714,0.1643835616438356,1.2,1.95,NORMAL,,,0.05,-0.05
2024-03-05,2024,3,123,9,65,58,113,1,0,900,82.918,82.87,82.96,0.09,6,5,123,9,900,82.918,100,MERCURIASA,5,PTRIN,5,"MERCURIASA, GUNVORSA","PTRIN, OMVSTL, STASCO, CPUKLTD",MERCURIASA,PTRIN,May24,1.2218240635312028,0.0014844136566056407,0.11382113821138211,0.18181818181818182,1.0,1.63,NORMAL,,,0.07,0.02
2024-03-06,2024,3,132,6,85,47,121,2,3,600,84.162,84.12,84.19,0.07,6,3,132,6,600,84.162,400,MERCURIASA,4,STASCO,3,"MERCURIASA, PTRIN","OMVSTL, HARTREE, TOTSA, STASCO",PTRIN,OMVSTL,May24,0.31570621775806246,0.0011545439551377207,0.5757575757575758,0.13953488372093023,0.8571428571428571,1.04,NORMAL,,,0.09,0.02
2024-03-07,2024,3,64,3,62,2,58,3,0,300,82.93,82.93,82.93,0.0,5,1,64,3,300,82.93,300,VITOL,3,PTRIN,2,VITOL,"PTRIN, MERCURIASA",VITOL,PTRIN,May24,-0.5904116280150777,0.0,1.875,0.15873015873015872,1.0,1.52,BUYER_DOMINANT,,,0.03,-0.06
2024-03-08,2024,3,137,5,129,8,129,2,1,500,82.382,82.26,82.44,0.18,7,1,135,5,500,82.382,500,VITOL,3,PTRIN,4,"MERCURIASA, VITOL","PTRIN, CPUKLTD",MERCURIASA,PTRIN,"Jul24, May24",0.013666935833682394,0.0029688273132112814,1.7664233576642336,0.1076923076923077,1.3333333333333333,1.62,SELLER_DOMINANT,,,-0.02,-0.05
2024-03-11,2024,3,95,5,58,37,86,4,0,500,82.664,82.55,82.7,0.15,7,2,95,5,500,82.664,500,MERCURIASA,4,VITOL,3,"MERCURIASA, GUNVORSA","VITOL, TRAFI, STASCO",MERCURIASA,PTRIN,May24,0.013666935833682394,0.002474022761009401,0.4421052631578947,0.23728813559322035,1.0,0.85,BUYER_DOMINANT,,,-0.03,-0.01
2024-03-12,2024,3,141,6,53,88,130,3,2,600,82.6,82.6,82.6,0.0,8,3,141,6,600,82.6,600,MERCURIASA,6,PTRIN,3,MERCURIASA,"CPUKLTD, TOTSA, PTRIN, STASCO",MERCURIASA,PTRIN,May24,0.31570621775806246,0.0,0.49645390070921985,0.2962962962962963,0.8571428571428571,1.08,BUYER_DOMINANT,,,-0.05,-0.02
2024-03-13,2024,3,95,10,50,45,84,1,0,1000,83.68,83.68,83.68,0.0,5,7,95,10,1000,83.68,-200,MERCURIASA,10,PTRIN,7,MERCURIASA,"TOTSA, VITOL, PTRIN",MERCURIASA,PTRIN,May24,1.5238633454555828,0.0,0.10526315789473684,0.19607843137254902,1.2727272727272727,2.01,BUYER_DOMINANT,,,-0.04,0.01
2024-03-14,2024,3,94,2,66,28,89,1,2,200,85.275,85.27,85.28,0.01,4,2,94,2,200,85.275,0,STASCO,1,VITOL,2,"STASCO, UNIPECUK",VITOL,PTRIN,VITOL,May24,-0.8924509099394579,0.00016493485073396007,0.8085106382978723,0.11940298507462686,1.3333333333333333,1.13,SELLER_DOMINANT,,,-0.03,0.01
2024-03-15,2024,3,40,4,40,0,36,0,0,400,85.45,85.45,85.45,0.0,4,0,40,4,400,85.45,400,MERCURIASA,4,VITOL,3,MERCURIASA,"PTRIN, VITOL",MERCURIASA,,May24,-0.2883723460906977,0.0,2.0,0.1951219512195122,1.2,1.7,SELLER_DOMINANT,,,-0.05,-0.02
2024-03-18,2024,3,455,9,177,278,308,136,2,900,86.193,85.66,86.49,0.83,63,85,455,9,900,86.193,-300,GUNVORSA,5,PTRIN,6,"GUNVORSA, STASCO, TRAFI, CPUKLTD","PTRIN, MERCURIASA",GUNVORSA,MERCURIASA,"Jun24, May24, May24/Jun24",1.2218240635312028,0.013689592610918686,0.44395604395604393,0.7078651685393258,1.2,2.16,NORMAL,,,-0.07,-0.02
2024-03-19,2024,3,479,7,247,232,292,178,2,700,74.904,0.83,87.42,86.59,86,98,479,7,700,74.904,100,GUNVORSA,3,PTRIN,4,"CPUKLTD, MERCURIASA, GUNVORSA, STASCO","MERCURIASA, CPUKLTD, PTRIN",MERCURIASA,PTRIN,"Jun24, May24, May24/Jun24",0.6177454996824425,1.4281708725053603,0.06263048016701461,0.6935483870967742,1.0,2.23,HIGH_PRICE_RANGE,,,-0.03,0.04
2024-03-20,2024,3,196,10,74,122,133,50,3,1000,85.948,85.93,85.95,0.02,9,51,195,10,1000,85.948,-400,PTRIN,4,MERCURIASA,10,"PTRIN, CPUKLTD, TRAFI, STASCO",MERCURIASA,CPUKLTD,MERCURIASA,"Jun24, May24, May24/Jun24",1.5238633454555828,0.00032986970146792015,0.4897959183673469,0.24,1.8181818181818181,2.49,SELLER_DOMINANT,,,-0.09,-0.06
2024-03-21,2024,3,209,2,49,160,145,58,4,200,85.635,85.61,85.66,0.05,6,55,206,2,200,85.635,0,GUNVORSA,2,MERCURIASA,1,GUNVORSA,"MERCURIASA, PTRIN",GUNVORSA,GUNVORSA,"Jun24, May24, May24/Jun24",-0.8924509099394579,0.0008246742536698004,1.062200956937799,0.24,0.6666666666666666,0.98,BUYER_DOMINANT,,,-0.1,-0.01
2024-03-22,2024,3,123,1,12,111,84,34,4,100,85.51,85.51,85.51,0.0,3,34,123,1,100,85.51,-100,MERCURIASA,1,GUNVORSA,1,MERCURIASA,GUNVORSA,CPUKLTD,CPUKLTD,"Jun24, May24, May24/Jun24",-1.194490191863838,0.0,1.6097560975609757,0.46153846153846156,1.0,1.54,SELLER_DOMINANT,,,-0.08,0.02
2024-03-25,2024,3,483,9,216,267,299,172,3,900,77.078,0.58,86.94,86.36,67,116,0,0,0,,0,GUNVORSA,4,MERCURIASA,4,"GUNVORSA, VITOL, STASCO, CPUKLTD","PTRIN, MERCURIASA, CPUKLTD, ICE",GUNVORSA,MERCURIASA,"Jun24, May24, May24/Jun24",1.2218240635312028,1.4243773709384793,0.2111801242236025,0.6175115207373272,0.8,2.65,HIGH_PRICE_RANGE,,,-0.05,0.03
2024-03-26,2024,3,423,9,228,195,294,118,2,900,86.387,86.13,86.7,0.57,53,76,0,0,0,,0,GUNVORSA,4,VITOL,3,"GUNVORSA, PTRIN, UNIPECUK","VITOL, MERCURIASA, TOTSA, STASCO",PTRIN,MERCURIASA,"Jun24, May24, May24/Jun24",1.2218240635312028,0.009401286491835723,0.15602836879432624,0.462882096069869,0.6,1.59,NORMAL,,,-0.1,-0.05
2024-03-27,2024,3,78,5,2,76,70,3,0,500,85.288,85.27,85.3,0.03,1,7,0,0,0,,0,STASCO,3,MERCURIASA,4,"PTRIN, CPUKLTD, STASCO","MERCURIASA, GUNVORSA",GUNVORSA,MERCURIASA,Jun24,0.013666935833682394,0.0004948045522018802,1.8974358974358974,0.6666666666666666,1.3333333333333333,1.96,SELLER_DOMINANT,,,-0.02,0.08
2024-03-28,2024,3,168,5,91,77,158,3,2,500,86.726,86.72,86.75,0.03,4,6,0,0,0,,0,GUNVORSA,4,PTRIN,3,"GUNVORSA, VITOL","PTRIN, MERCURIASA, STASCO",GUNVORSA,PTRIN,Jun24,0.013666935833682394,0.0004948045522018802,0.16666666666666666,0.08695652173913043,1.0,0.64,BUYER_DOMINANT,,,-0.37,-0.35
2024-04-02,2024,4,100,10,54,46,89,1,0,1000,88.911,88.83,89.04,0.21,7,4,100,10,1000,88.911,200,TRAFI,6,MERCURIASA,6,"GUNVORSA, TRAFI","PTRIN, OMVSTL, MERCURIASA",TRAFI,PTRIN,Jun24,0.6000884004800177,0.0034636318654131617,0.16,0.2545454545454545,1.0909090909090908,1.23,NORMAL,0.06,-0.02,,
2024-04-03,2024,4,226,12,99,127,206,5,3,1200,89.797,89.77,89.83,0.06,8,13,226,12,1200,89.797,-600,GUNVORSA,11,MERCURIASA,5,"GUNVORSA, HARTREE","PTRIN, MERCURIASA, CPUKLTD, TOTSA",GUNVORSA,MERCURIASA,Jun24,0.9388202483154431,0.0009896091044037604,0.24778761061946902,0.16,0.7692307692307693,1.34,BUYER_DOMINANT,0.04,-0.02,,
2024-04-04,2024,4,156,4,60,96,146,3,3,400,89.252,89.2,89.28,0.08,5,5,156,4,400,89.252,200,GUNVORSA,3,TOTSA,2,"TRAFI, GUNVORSA","TOTSA, PTRIN, MERCURIASA",GUNVORSA,PTRIN,Jun24,-0.41610714302625873,0.0013194788058716806,0.46153846153846156,0.16393442622950818,0.8,0.71,BUYER_DOMINANT,0.04,0.0,,
2024-04-05,2024,4,156,3,48,108,147,3,3,300,91.543,91.45,91.59,0.14,5,4,156,3,300,91.543,300,GUNVORSA,2,TOTSA,2,"GUNVORSA, MERCURIASA","PTRIN, TOTSA",GUNVORSA,MERCURIASA,Jun24,-0.5854730669439715,0.0023090879102754414,0.7692307692307693,0.20408163265306123,1.0,0.99,OFFER_PRESSURE,0.03,-0.01,,
2024-04-08,2024,4,271,7,95,176,255,6,3,700,90.066,90.0,90.1,0.1,7,8,270,7,700,90.066,300,GUNVORSA,3,OMVSTL,2,"GUNVORSA, PTRIN, STASCO","OMVSTL, MERCURIASA, CPUKLTD, VITOL, TOTSA",PTRIN,CPUKLTD,Jun24,0.09199062872687946,0.0016493485073396008,0.5977859778597786,0.14583333333333334,0.5,0.7,NORMAL,0.05,0.02,,
2024-04-09,2024,4,202,8,47,155,186,4,4,800,89.926,89.9,89.95,0.05,8,7,202,8,800,89.926,0,GUNVORSA,6,MERCURIASA,4,"VITOL, GUNVORSA, STASCO","MERCURIASA, TOTSA",GUNVORSA,MERCURIASA,Jun24,0.2613565526445922,0.0008246742536698004,1.0693069306930694,0.3333333333333333,0.8888888888888888,1.36,BUYER_DOMINANT,0.02,-0.03,,
2024-04-10,2024,4,147,15,95,52,131,1,0,1500,89.596,89.51,89.63,0.12,10,6,147,15,1500,89.596,300,GUNVORSA,10,PTRIN,7,"MERCURIASA, GUNVORSA, UNIPECUK","PTRIN, CPUKLTD, TOTSA, STASCO",GUNVORSA,PTRIN,Jun24,1.4469180200685814,0.001979218208807521,0.5850340136054422,0.20833333333333334,0.875,1.99,NORMAL,0.03,0.01,,
2024-04-11,2024,4,142,8,109,33,131,3,0,800,90.178,90.16,90.19,0.03,8,3,142,8,800,90.178,200,MERCURIASA,5,PTRIN,3,"MERCURIASA, UNIPECUK, VITOL","PTRIN, TOTSA, GUNVORSA, CPUKLTD",VITOL,PTRIN,Jun24,0.2613565526445922,0.0004948045522018802,1.0704225352112675,0.14545454545454545,0.6666666666666666,1.15,BID_PRESSURE,0.02,-0.01,,
2024-04-12,2024,4,135,1,129,6,124,7,3,100,91.92,91.92,91.92,0.0,8,1,134,1,100,91.92,100,MERCURIASA,1,TOTSA,1,MERCURIASA,TOTSA,UNIPECUK,PTRIN,Jun24,-0.9242049147793969,0.0,1.8222222222222222,0.12307692307692308,1.0,1.47,SELLER_DOMINANT,0.04,0.02,,
2024-04-15,2024,4,800,45,454,346,505,248,2,4500,73.462,0.81,89.76,88.95,165,126,798,45,4500,73.462,1100,GUNVORSA,16,GUNVORSA,18,"GUNVORSA, PTRIN, MERCURIASA, UNIPECUK, VITOL","MERCURIASA, HARTREE, GUNVORSA, STASCO, CPUKLTD",UNIPECUK,MERCURIASA,"Jul24, Jun24, Jun24/Jul24",3.0,1.467095497278575,0.27,0.7252747252747253,0.782608695652174,3.37,HIGH_PRICE_RANGE,0.01,-0.03,,
2024-04-16,2024,4,886,31,442,444,596,256,3,3100,78.541,0.7,90.4,89.7,152,139,886,31,3100,78.541,2500,MERCURIASA,14,PTRIN,16,"MERCURIASA, STASCO, GUNVORSA, PTRIN, UNIPECUK","PTRIN, GUNVORSA, STASCO, OMVSTL, MERCURIASA",GUNVORSA,PTRIN,"Jul24, Jun24, Jun24/Jul24",3.0,1.479465611083622,0.004514672686230248,0.6862302483069977,1.0,3.33,HIGH_PRICE_RANGE,-0.01,-0.02,,
2024-04-17,2024,4,969,23,342,627,632,307,7,2300,84.697,0.63,88.95,88.32,133,207,966,23,2300,84.697,-1300,PTRIN,8,MERCURIASA,10,"STASCO, PTRIN, UNIPECUK, GUNVORSA, HARTREE","PTRIN, MERCURIASA, TRAFI, ICE",STASCO,CPUKLTD,"Jul24, Jun24, Jun24/Jul24",2.8018454114102833,1.4567046016823353,0.5882352941176471,0.7755102040816326,0.8333333333333334,3.57,HIGH_PRICE_RANGE,-0.01,0.0,,
2024-04-18,2024,4,485,29,187,298,322,132,2,2900,80.751,0.52,87.09,86.57,56,110,485,29,2900,80.751,-300,PTRIN,11,MERCURIASA,12,"PTRIN, CPUKLTD, GLENCORE, GUNVORSA, UNIPECUK","MERCURIASA, STASCO, TOTSA, GLENCORE, TRAFI",MERCURIASA,STASCO,"Jul24, Jun24, Jun24/Jul24",3.0,1.4278410028038924,0.4577319587628866,0.5957446808510638,0.8,3.38,HIGH_PRICE_RANGE,0.01,0.02,,
2024-04-19,2024,4,578,24,143,435,374,178,2,2400,75.998,0.54,87.28,86.74,41,161,578,24,2400,75.998,-1600,UNIPECUK,7,MERCURIASA,8,"PTRIN, GUNVORSA, VITOL, MERCURIASA, UNIPECUK","MERCURIASA, TRAFI, OMVSTL, STASCO, GLENCORE",MERCURIASA,STASCO,"Jul24, Jun24, Jun24/Jul24",2.971211335327996,1.4306448952663697,1.0103806228373702,0.5694444444444444,0.64,3.57,HIGH_PRICE_RANGE,0.02,0.01,,
2024-04-22,2024,4,314,17,133,181,199,95,3,2300,66.236,0.85,86.92,86.07,39,67,306,17,2300,66.236,100,MERCURIASA,8,GUNVORSA,11,"GUNVORSA, MERCURIASA, PTRIN","MERCURIASA, GUNVORSA, STASCO",MERCURIASA,GUNVORSA,"Jul24, Jun24, Jun24/Jul24",2.8018454114102833,1.4195942602671943,0.3057324840764331,0.582089552238806,1.2222222222222223,3.51,HIGH_PRICE_RANGE,0.15,0.13,,
2024-04-23,2024,4,548,6,307,241,341,196,5,600,87.005,86.96,87.03,0.07,126,79,540,6,600,87.005,0,GUNVORSA,4,MERCURIASA,3,"GUNVORSA, VITOL","MERCURIASA, PTRIN, STASCO, HARTREE",PTRIN,GUNVORSA,"Jul24, Jun24, Jun24/Jul24",-0.07737529519083328,0.0011545439551377207,0.24087591240875914,0.8181818181818182,0.8571428571428571,0.96,NORMAL,0.19,0.04,,
2024-04-24,2024,4,94,1,9,85,64,28,1,100,88.34,88.34,88.34,0.0,2,28,94,1,100,88.34,-100,PTRIN,1,GUNVORSA,1,PTRIN,GUNVORSA,GUNVORSA,GUNVORSA,"Jul24, Jun24, Jun24/Jul24",-0.9242049147793969,0.0,1.6170212765957446,0.4,1.0,1.51,SELLER_DOMINANT,0.23,0.04,,
2024-04-25,2024,4,229,3,75,154,165,59,2,300,86.663,86.65,86.67,0.02,19,46,229,3,300,86.663,300,MERCURIASA,3,STASCO,2,MERCURIASA,"PTRIN, STASCO",MERCURIASA,GUNVORSA,"Jul24, Jun24, Jun24/Jul24",-0.5854730669439715,0.00032986970146792015,0.6899563318777293,0.5,1.0,1.1,BUYER_DOMINANT,0.39,0.16,,
2024-04-26,2024,4,458,0,291,167,289,163,6,0,,,,,92,74,455,0,0,,0,,0,,0,,,MERCURIASA,GUNVORSA,"Jul24, Jun24, Jun24/Jul24",-1.0935708386971097,0.0,0.5414847161572053,0.6301369863013698,0.0,0.59,NO_SELLER,0.45,0.06,,
2024-04-29,2024,4,125,5,66,59,116,2,2,500,87.316,87.3,87.35,0.05,6,4,125,5,500,87.316,100,STASCO,2,MERCURIASA,4,"STASCO, VITOL, GUNVORSA","MERCURIASA, HARTREE",STASCO,MERCURIASA,Jul24,-0.24674121910854602,0.0008246742536698004,0.112,0.1791044776119403,1.3333333333333333,0.81,SELLER_DOMINANT,0.42,-0.03,,
2024-04-30,2024,4,164,9,85,79,151,4,0,900,86.664,86.64,86.69,0.05,4,11,164,9,900,86.664,-500,VITOL,7,MERCURIASA,9,"VITOL, GUNVORSA",MERCURIASA,VITOL,PTRIN,Jul24,0.43072247656230495,0.0008246742536698004,0.07317073170731707,0.09302325581395349,1.8,1.33,SELLER_DOMINANT,0.81,0.39,,
2024-05-01,2024,5,147,11,104,43,130,4,2,1100,84.338,84.32,84.36,0.04,10,9,147,11,1100,84.338,300,MERCURIASA,5,GUNVORSA,7,"MERCURIASA, TOTSA, STASCO, VITOL","HARTREE, GUNVORSA, OMVSTL, PTRIN",VITOL,GUNVORSA,Jul24,1.0479987612545707,0.0006597394029358403,0.8299319727891157,0.19047619047619047,1.1666666666666667,1.93,BID_PRESSURE,,,,
2024-05-02,2024,5,236,9,156,80,221,3,3,900,83.75,83.73,83.76,0.03,9,5,235,9,900,83.75,300,MERCURIASA,7,GUNVORSA,5,"MERCURIASA, TOTSA","PTRIN, OMVSTL, GUNVORSA, STASCO",MERCURIASA,TRAFI,Jul24,0.5725937365960727,0.0004948045522018802,0.6440677966101694,0.11464968152866242,1.0,1.34,BUYER_DOMINANT,,,,
2024-05-03,2024,5,231,14,136,95,214,3,0,1500,83.482,82.68,83.58,0.9,5,12,231,14,1500,83.482,-500,TOTSA,6,GUNVORSA,9,"TOTSA, MERCURIASA, STASCO, VITOL","CPUKLTD, PTRIN, GUNVORSA",MERCURIASA,PTRIN,Jul24,1.9988088105715667,0.014844136566056407,0.354978354978355,0.072992700729927,1.2,2.42,VOL_SPIKE,,,,
2024-05-07,2024,5,321,9,236,85,232,78,2,900,83.148,83.12,83.18,0.06,79,9,321,9,900,83.148,100,MERCURIASA,7,GUNVORSA,4,"MERCURIASA, TOTSA","GUNVORSA, STASCO, HARTREE, PTRIN",PTRIN,PTRIN,"Aug24, Jul24, Jul24/Aug24",0.5725937365960727,0.0009896091044037604,0.940809968847352,0.6666666666666666,0.8,1.66,BUYER_DOMINANT,,,,
2024-05-08,2024,5,93,8,33,60,84,1,0,800,83.53,83.52,83.55,0.03,3,7,93,8,800,83.53,-400,MERCURIASA,7,STASCO,4,"MERCURIASA, GUNVORSA","STASCO, PTRIN",MERCURIASA,PTRIN,Jul24,0.3348912242668237,0.0004948045522018802,0.5806451612903226,0.17647058823529413,0.8888888888888888,1.09,BUYER_DOMINANT,,,,
2024-05-09,2024,5,135,6,51,84,103,23,3,600,83.78,83.75,83.81,0.06,21,9,134,6,600,83.78,-600,MERCURIASA,6,STASCO,5,MERCURIASA,"STASCO, PTRIN",PTRIN,PTRIN,"Aug24, Jul24, Jul24/Aug24",-0.14051380039167433,0.0009896091044037604,0.4888888888888889,0.8076923076923077,1.4285714285714286,1.36,SELLER_DOMINANT,,,,
2024-05-10,2024,5,53,4,34,19,49,0,0,400,83.772,83.69,83.8,0.11,4,1,53,4,400,83.772,200,MERCURIASA,4,GUNVORSA,2,MERCURIASA,"GUNVORSA, PTRIN",MERCURIASA,PTRIN,Jul24,-0.6159188250501724,0.001814283358073561,0.5660377358490566,0.22857142857142856,0.8,0.8,BUYER_DOMINANT,,,,
2024-05-13,2024,5,653,12,298,355,442,193,6,1200,83.199,82.97,83.26,0.29,102,106,653,12,1200,83.199,-200,VITOL,8,MERCURIASA,8,"VITOL, GUNVORSA, BP","MERCURIASA, STASCO, PTRIN, TOTSA",VITOL,MERCURIASA,"Aug24, Jul24, Jul24/Aug24",1.2857012735838198,0.004783110671284842,0.17457886676875958,0.6822742474916388,1.2307692307692308,2.08,NORMAL,,,,
2024-05-14,2024,5,573,12,208,365,387,167,7,1200,82.288,82.27,82.31,0.04,69,117,573,12,1200,82.288,-600,HARTREE,3,MERCURIASA,5,"VITOL, HARTREE, STASCO, CPUKLTD, TRAFI","MERCURIASA, TOTSA, GUNVORSA",CPUKLTD,CPUKLTD,"Aug24, Jul24, Jul24/Aug24",1.2857012735838198,0.0006597394029358403,0.5479930191972077,0.6602870813397129,0.7692307692307693,2.02,NORMAL,,,,
2024-05-15,2024,5,290,12,39,251,193,85,0,1200,82.436,82.25,82.62,0.37,6,91,290,12,1200,82.436,-400,GUNVORSA,8,MERCURIASA,6,"GUNVORSA, PTRIN, CPUKLTD","CPUKLTD, STASCO, MERCURIASA",GUNVORSA,MERCURIASA,"Aug24, Jul24, Jul24/Aug24",1.2857012735838198,0.006102589477156523,1.4620689655172414,0.3,0.9230769230769231,2.37,OFFER_PRESSURE,,,,
2024-05-16,2024,5,646,11,315,331,391,239,5,1100,82.762,82.5,83.04,0.54,132,120,645,11,1100,82.762,500,GUNVORSA,7,MERCURIASA,5,"GUNVORSA, BP, CPUKLTD, TRAFI","MERCURIASA, STASCO, HARTREE, TOTSA",CPUKLTD,CPUKLTD,"Aug24, Jul24, Jul24/Aug24",1.0479987612545707,0.008906481939633846,0.04953560371517028,0.8354430379746836,0.8333333333333334,1.7,NORMAL,,,,
2024-05-17,2024,5,470,12,203,267,296,159,3,1200,76.457,0.24,83.66,83.42,81,93,470,12,1200,76.457,-600,GUNVORSA,7,MERCURIASA,5,"GUNVORSA, MERCURIASA, STASCO, PTRIN","MERCURIASA, TOTSA, GUNVORSA, ICE",STASCO,GUNVORSA,"Aug24, Jul24, Jul24/Aug24",1.2857012735838198,1.375886524822695,0.2723404255319149,0.7941176470588235,0.7692307692307693,2.77,HIGH_PRICE_RANGE,,,,
2024-05-20,2024,5,386,17,223,163,236,132,1,1700,64.115,0.24,83.97,83.73,97,47,386,17,1700,64.115,-900,GUNVORSA,6,GUNVORSA,10,"GUNVORSA, MERCURIASA, CPUKLTD, HARTREE, STASCO","TOTSA, VITOL, GUNVORSA, MERCURIASA",MERCURIASA,GUNVORSA,"Aug24, Jul24, Jul24/Aug24",2.4742138352300644,1.3809995051954478,0.31088082901554404,0.8660714285714286,1.1111111111111112,3.57,HIGH_PRICE_RANGE,,,,
2024-05-21,2024,5,445,3,240,205,310,130,2,300,83.117,83.01,83.21,0.2,71,65,445,3,300,83.117,-100,MERCURIASA,2,PTRIN,2,"MERCURIASA, BP","PTRIN, VITOL",MERCURIASA,PTRIN,"Aug24, Jul24, Jul24/Aug24",-0.8536213373794214,0.0032986970146792016,0.15730337078651685,0.5892116182572614,1.0,0.88,NORMAL,,,,
2024-05-22,2024,5,80,5,10,70,72,3,0,500,82.198,82.18,82.21,0.03,2,6,80,5,500,82.198,-500,STASCO,5,GUNVORSA,3,STASCO,"PTRIN, GUNVORSA",GUNVORSA,PTRIN,Jul24,-0.3782163127209233,0.0004948045522018802,1.5,0.36363636363636365,1.0,1.43,BUYER_DOMINANT,,,,
2024-05-23,2024,5,167,4,0,167,124,32,7,400,81.472,81.38,81.55,0.17,0,39,166,4,400,81.472,-400,STASCO,4,VITOL,2,STASCO,"VITOL, GUNVORSA",,PTRIN,"Aug24, Jul24, Jul24/Aug24",-0.6159188250501724,0.0028038924624773217,2.0,0.0,0.8,1.4,BUYER_DOMINANT,,,,
2024-05-24,2024,5,160,9,20,140,127,22,2,900,81.469,81.38,81.65,0.27,9,24,160,9,900,81.469,-900,STASCO,3,GUNVORSA,8,"GLENCORE, MERCURIASA, PTRIN, STASCO, HARTREE","GUNVORSA, UNIPECUK",GUNVORSA,GUNVORSA,"Aug24, Jul24, Jul24/Aug24",0.5725937365960727,0.004453240969816923,1.5,0.8571428571428571,1.6,2.44,SELLER_DOMINANT,,,,
2024-05-28,2024,5,402,14,86,316,308,79,1,1400,83.786,83.71,83.93,0.22,8,86,402,14,1400,83.786,-400,MERCURIASA,9,GUNVORSA,11,"MERCURIASA, HARTREE, CPUKLTD, STASCO","GUNVORSA, PTRIN, OMVSTL",MERCURIASA,GUNVORSA,"Aug24, Jul24, Jul24/Aug24",1.7611062982423178,0.003628566716147122,1.144278606965174,0.1839080459770115,1.4666666666666666,2.81,SELLER_DOMINANT,,,,
2024-05-29,2024,5,213,12,58,155,156,45,0,1200,83.615,83.59,83.72,0.13,8,50,213,12,1200,83.615,0,MERCURIASA,9,GUNVORSA,8,"MERCURIASA, STASCO, BP","GUNVORSA, PTRIN, TOTSA, VITOL, STASCO",MERCURIASA,PTRIN,"Aug24, Jul24, Jul24/Aug24",1.2857012735838198,0.002144153059541481,0.9107981220657277,0.2711864406779661,1.2307692307692308,2.24,BUYER_DOMINANT,,,,
2024-05-30,2024,5,141,15,60,81,123,3,0,1500,82.702,82.69,82.72,0.03,10,8,141,15,1500,82.702,300,STASCO,5,GUNVORSA,13,"STASCO, VITOL, BP, CPUKLTD","GUNVORSA, MERCURIASA",BP,GUNVORSA,Aug24,1.9988088105715667,0.0004948045522018802,0.2978723404255319,0.32786885245901637,1.625,2.72,SELLER_DOMINANT,,,,
2024-05-31,2024,5,108,2,42,66,103,1,2,200,81.545,81.54,81.55,0.01,2,3,108,2,200,81.545,0,CPUKLTD,2,MERCURIASA,2,CPUKLTD,MERCURIASA,CPUKLTD,MERCURIASA,Aug24,-1.0913238497086704,0.00016493485073396007,0.4444444444444444,0.09302325581395349,1.3333333333333333,0.94,SELLER_DOMINANT,,,,
2024-06-03,2024,6,94,4,0,94,87,2,1,400,78.338,78.33,78.34,0.01,0,6,94,4,400,78.338,-400,GLENCORE,2,STASCO,2,"GLENCORE, HARTREE, VITOL","PTRIN, MERCURIASA, STASCO",,MERCURIASA,Aug24,-0.5350570028813417,0.00016493485073396007,2.0,0.0,0.8,1.4,OFFER_PRESSURE,,,,
2024-06-04,2024,6,112,6,48,64,102,2,2,600,77.513,77.5,77.58,0.08,2,8,112,6,600,77.513,-600,VITOL,4,STASCO,5,"VITOL, CPUKLTD","STASCO, MERCURIASA",OMVSTL,STASCO,Aug24,-0.1727788238470999,0.0013194788058716806,0.2857142857142857,0.08163265306122448,1.4285714285714286,0.9,SELLER_DOMINANT,,,,
2024-06-05,2024,6,134,3,100,34,126,3,2,300,77.31,77.31,77.31,0.0,6,2,134,3,300,77.31,300,GUNVORSA,2,STASCO,3,"GUNVORSA, MERCURIASA",STASCO,GUNVORSA,STASCO,Aug24,-0.7161960923984626,0.0,0.9850746268656716,0.1188118811881188,1.5,1.3,SELLER_DOMINANT,,,,
2024-06-06,2024,6,107,6,83,24,99,1,1,600,79.743,79.73,79.77,0.04,5,3,107,6,600,79.743,200,CPUKLTD,4,STASCO,4,"CPUKLTD, TRAFI, VITOL","STASCO, PTRIN",CPUKLTD,PTRIN,Aug24,-0.1727788238470999,0.0006597394029358403,1.102803738317757,0.11904761904761904,1.1428571428571428,1.18,BID_PRESSURE,,,,
2024-06-07,2024,6,18,0,0,18,15,1,2,0,,,,,0,1,18,0,0,,0,,0,,0,,,,PTRIN,Aug24,-1.2596133609498252,0.0,2.0,0.0,0.0,1.0,OFFER_PRESSURE,,,,
2024-06-10,2024,6,252,5,31,221,187,58,2,500,80.89,80.81,81.1,0.29,1,64,252,5,500,80.89,-300,STASCO,3,MERCURIASA,4,"STASCO, VITOL","PTRIN, MERCURIASA",VITOL,MERCURIASA,"Aug24, Aug24/Sep24, Sep24",-0.3539179133642208,0.004783110671284842,1.507936507936508,0.0625,1.3333333333333333,1.45,SELLER_DOMINANT,,,,
2024-06-11,2024,6,429,3,199,230,296,126,4,300,81.407,81.38,81.42,0.04,69,64,426,3,300,81.407,-100,VITOL,2,MERCURIASA,2,"VITOL, STASCO","MERCURIASA, PTRIN",CPUKLTD,MERCURIASA,"Aug24, Aug24/Sep24, Sep24",-0.7161960923984626,0.0006597394029358403,0.1445221445221445,0.69,1.0,0.92,NORMAL,,,,
2024-06-12,2024,6,244,0,122,122,186,53,5,0,,,,,52,4,244,0,0,,0,,0,,0,,,CPUKLTD,MERCURIASA,"Aug24, Aug24/Sep24, Sep24",-1.2596133609498252,0.0,0.0,0.8455284552845529,0.0,0.42,NO_SELLER,,,,
2024-06-13,2024,6,109,4,0,109,104,1,0,400,82.432,82.08,82.55,0.47,0,5,109,4,400,82.432,-400,CPUKLTD,2,MERCURIASA,3,"GLENCORE, HARTREE, CPUKLTD","PTRIN, MERCURIASA",,MERCURIASA,"Aug24, Sep24",-0.5350570028813417,0.007751937984496123,2.0,0.0,1.2,1.6,SELLER_DOMINANT,,,,
2024-06-14,2024,6,69,5,0,69,63,0,1,500,82.61,82.61,82.61,0.0,0,6,69,5,500,82.61,-500,VITOL,2,MERCURIASA,5,"VITOL, PTRIN, CPUKLTD",MERCURIASA,,MERCURIASA,"Aug24, Sep24",-0.3539179133642208,0.0,2.0,0.0,1.6666666666666667,1.83,SELLER_DOMINANT,,,,
2024-06-17,2024,6,409,10,215,194,270,126,3,1000,83.081,83.01,83.69,0.68,76,63,409,10,1000,83.081,400,GUNVORSA,9,MERCURIASA,3,"GUNVORSA, TRAFI","HARTREE, MERCURIASA, STASCO, PTRIN, TOTSA",TRAFI,MERCURIASA,"Aug24, Aug24/Sep24, Sep24",0.5517775342213838,0.011215569849909287,0.10268948655256724,0.7037037037037037,0.5454545454545454,1.12,BUYER_DOMINANT,,,,
2024-06-18,2024,6,293,15,37,256,211,67,0,1500,79.146,0.89,85.16,84.27,5,77,293,15,1500,79.146,-500,GUNVORSA,10,MERCURIASA,7,"STASCO, GUNVORSA, CPUKLTD","MERCURIASA, TOTSA, PTRIN, VITOL, CPUKLTD",GUNVORSA,MERCURIASA,"Aug24, Aug24/Sep24, Sep24",1.4574729818069883,1.3899059871350816,1.4948805460750854,0.2631578947368421,0.875,3.32,HIGH_PRICE_RANGE,,,,
2024-06-19,2024,6,284,15,121,163,181,85,3,1500,85.111,84.74,85.53,0.79,47,55,284,15,1500,85.111,300,GUNVORSA,10,MERCURIASA,7,"GUNVORSA, STASCO, HARTREE","MERCURIASA, VITOL, PTRIN, HARTREE",STASCO,MERCURIASA,"Aug24, Aug24/Sep24, Sep24",1.4574729818069883,0.013029853207982847,0.29577464788732394,0.7704918032786885,0.875,2.14,NORMAL,,,,
2024-06-20,2024,6,251,8,34,217,175,66,2,800,84.71,84.71,84.71,0.0,5,72,251,8,800,84.71,-400,GUNVORSA,8,PTRIN,7,GUNVORSA,"VITOL, PTRIN",GUNVORSA,MERCURIASA,"Aug24, Aug24/Sep24, Sep24",0.18949935518714192,0.0,1.4581673306772909,0.2857142857142857,1.5555555555555556,1.8,SELLER_DOMINANT,,,,
2024-06-21,2024,6,162,8,27,135,111,41,2,800,85.322,85.09,86.04,0.95,1,50,162,8,800,85.322,-600,TRAFI,5,PTRIN,5,"GUNVORSA, TRAFI","PTRIN, MERCURIASA, TOTSA",TRAFI,MERCURIASA,"Aug24, Aug24/Sep24, Sep24",0.18949935518714192,0.015668810819726205,1.3333333333333333,0.07142857142857142,1.1111111111111112,1.42,OFFER_PRESSURE,,,,
2024-06-24,2024,6,350,23,274,76,259,67,1,2300,85.285,85.13,86.07,0.94,81,11,350,23,2300,85.285,700,GUNVORSA,15,PTRIN,7,"GUNVORSA, MERCURIASA, TRAFI","PTRIN, STASCO, VITOL, TOTSA, HARTREE",GUNVORSA,PTRIN,"Aug24, Aug24/Sep24, Sep24",2.9065856979439557,0.015503875968992246,1.1314285714285715,0.5890909090909091,0.5833333333333334,2.76,VOL_SPIKE,,,,
2024-06-25,2024,6,148,15,87,61,116,15,2,1600,84.971,84.9,85.74,0.84,29,3,148,15,1600,84.971,1600,GUNVORSA,10,VITOL,9,"TRAFI, MERCURIASA, GUNVORSA","CPUKLTD, VITOL, PTRIN, HARTREE, STASCO",TRAFI,PTRIN,"Aug24, Aug24/Sep24, Sep24",1.6386120713241092,0.013854527461652647,0.35135135135135137,0.6590909090909091,1.125,2.39,VOL_SPIKE,,,,
2024-06-26,2024,6,120,13,64,56,107,0,0,1400,83.946,83.91,83.96,0.05,4,9,120,13,1400,83.946,-400,GUNVORSA,11,PTRIN,9,"GUNVORSA, MERCURIASA","PTRIN, VITOL, TOTSA",GUNVORSA,PTRIN,Sep24,1.2763338922898673,0.0008246742536698004,0.13333333333333333,0.12307692307692308,1.2857142857142858,1.79,BUYER_DOMINANT,,,,
2024-06-27,2024,6,137,12,53,84,123,1,1,1200,85.383,85.32,85.43,0.11,4,9,137,12,1200,85.383,-200,GUNVORSA,8,PTRIN,8,"MERCURIASA, GUNVORSA","STASCO, TOTSA, PTRIN",MERCURIASA,PTRIN,Sep24,0.9140557132556255,0.001814283358073561,0.45255474452554745,0.14814814814814814,1.2307692307692308,1.65,NORMAL,,,,
2024-06-28,2024,6,95,10,62,33,76,8,1,1000,84.998,84.98,85.03,0.05,8,6,93,10,1000,84.998,200,GUNVORSA,6,PTRIN,6,"GUNVORSA, MERCURIASA","TOTSA, PTRIN",MERCURIASA,TOTSA,Sep24,0.5517775342213838,0.0008246742536698004,0.6105263157894737,0.25396825396825395,1.0909090909090908,1.42,NORMAL,,,,
2024-07-01,2024,7,108,4,82,26,99,2,3,400,86.248,86.23,86.26,0.03,6,1,107,4,400,86.248,400,MERCURIASA,2,GUNVORSA,1,"MERCURIASA, CPUKLTD","GUNVORSA, HARTREE, STASCO, BP",MERCURIASA,PTRIN,Sep24,-0.5280697143550639,0.0004948045522018802,1.037037037037037,0.14457831325301204,0.4,0.79,BID_PRESSURE,,,,
2024-07-02,2024,7,115,7,71,44,106,2,0,700,87.129,87.1,87.14,0.04,7,4,115,7,700,87.129,-100,MERCURIASA,3,PTRIN,5,"MERCURIASA, STASCO, CPUKLTD","PTRIN, HARTREE",CPUKLTD,PTRIN,Sep24,0.13984897096267582,0.0006597394029358403,0.46956521739130436,0.19444444444444445,1.25,1.07,SELLER_DOMINANT,,,,
2024-07-03,2024,7,47,4,47,0,42,1,0,400,86.565,86.55,86.58,0.03,5,0,47,4,400,86.565,400,MERCURIASA,4,PTRIN,1,MERCURIASA,"PTRIN, HARTREE, STASCO, TRAFI",MERCURIASA,,Sep24,-0.5280697143550639,0.0004948045522018802,2.0,0.20833333333333334,0.4,1.3,BUYER_DOMINANT,,,,
2024-07-04,2024,7,95,4,70,25,83,6,2,400,87.668,87.64,87.69,0.05,9,3,95,4,400,87.668,400,MERCURIASA,4,TRAFI,2,MERCURIASA,"STASCO, PTRIN, TRAFI",MERCURIASA,PTRIN,"Oct24, Sep24, Sep24/Oct24",-0.5280697143550639,0.0008246742536698004,0.9473684210526315,0.2535211267605634,0.8,1.0,BUYER_DOMINANT,,,,
2024-07-05,2024,7,72,3,45,27,66,2,1,300,88.01,88.01,88.01,0.0,4,1,72,3,300,88.01,300,MERCURIASA,3,VITOL,2,MERCURIASA,"VITOL, TRAFI",MERCURIASA,PTRIN,Sep24,-0.7507092761276437,0.0,0.5,0.17391304347826086,1.0,0.84,BUYER_DOMINANT,,,,
2024-07-08,2024,7,173,7,78,95,163,3,0,700,86.273,86.25,86.3,0.05,3,6,173,7,700,86.273,100,MERCURIASA,7,TRAFI,5,MERCURIASA,"TRAFI, PTRIN",PTRIN,PTRIN,Sep24,0.13984897096267582,0.0008246742536698004,0.19653179190751446,0.0759493670886076,1.25,0.87,SELLER_DOMINANT,,,,
2024-07-09,2024,7,79,4,40,39,73,1,1,400,85.042,85.03,85.07,0.04,4,3,79,4,400,85.042,200,CPUKLTD,2,STASCO,2,"CPUKLTD, MERCURIASA","STASCO, PTRIN",MERCURIASA,PTRIN,Sep24,-0.5280697143550639,0.0006597394029358403,0.02531645569620253,0.1951219512195122,0.8,0.51,NORMAL,,,,
2024-07-10,2024,7,82,4,79,3,72,5,1,400,85.66,85.66,85.66,0.0,9,1,82,4,400,85.66,400,MERCURIASA,4,PTRIN,2,MERCURIASA,"PTRIN, STASCO",MERCURIASA,PTRIN,Sep24,-0.5280697143550639,0.0,1.853658536585366,0.225,0.8,1.44,BUYER_DOMINANT,,,,
2024-07-11,2024,7,68,5,52,16,58,2,3,500,85.48,85.44,85.51,0.07,7,2,68,5,500,85.48,500,MERCURIASA,5,BP,2,MERCURIASA,"STASCO, BP, PTRIN",MERCURIASA,BP,Sep24,-0.30543015258248396,0.0011545439551377207,1.0588235294117647,0.2641509433962264,0.6666666666666666,1.0,BUYER_DOMINANT,,,,
2024-07-12,2024,7,71,2,69,2,66,2,1,200,86.0,85.99,86.01,0.02,4,1,71,2,200,86.0,200,MERCURIASA,2,BP,1,MERCURIASA,"BP, HARTREE",PTRIN,PTRIN,Sep24,-0.9733488379002236,0.00032986970146792015,1.8873239436619718,0.11428571428571428,0.6666666666666666,1.33,BUYER_DOMINANT,,,,
2024-07-15,2024,7,246,3,228,18,178,63,2,300,85.177,85.13,85.2,0.07,65,3,246,3,300,85.177,300,MERCURIASA,3,BP,2,MERCURIASA,"HARTREE, BP",EQUINOR,EQUINOR,"Oct24, Sep24, Sep24/Oct24",-0.7507092761276437,0.0011545439551377207,1.7073170731707317,0.5676855895196506,1.0,1.64,BUYER_DOMINANT,,,,
2024-07-16,2024,7,255,4,213,42,197,49,5,400,84.28,84.28,84.28,0.0,48,7,255,4,400,84.28,400,MERCURIASA,3,BP,2,"MERCURIASA, CPUKLTD","HARTREE, BP, STASCO",CPUKLTD,EQUINOR,"Oct24, Sep24, Sep24/Oct24",-0.5280697143550639,0.0,1.3411764705882352,0.4485981308411215,0.8,1.29,BUYER_DOMINANT,,,,
2024-07-17,2024,7,505,9,210,295,321,172,3,900,84.309,83.8,84.88,1.08,82,104,505,9,900,84.309,100,MERCURIASA,6,BP,5,"MERCURIASA, PTRIN","BP, PTRIN, VITOL",MERCURIASA,BP,"Oct24, Sep24, Sep24/Oct24",0.5851280945078356,0.01781296387926769,0.33663366336633666,0.7772511848341233,1.0,1.54,HIGH_PRICE_RANGE,,,,
2024-07-18,2024,7,575,10,305,270,383,176,6,1000,76.156,1.05,85.11,84.06,90,99,571,10,1000,76.156,0,STASCO,3,PTRIN,3,"CPUKLTD, GLENCORE, STASCO, MERCURIASA, GUNVORSA","GLENCORE, CPUKLTD, TRAFI, PTRIN, BP",STASCO,BP,"Oct24, Sep24, Sep24/Oct24",0.8077676562804155,1.3864423552696685,0.12173913043478261,0.5882352941176471,0.5454545454545454,2.11,HIGH_PRICE_RANGE,,,,
2024-07-19,2024,7,363,2,233,130,233,124,4,200,84.17,84.17,84.17,0.0,84,44,362,2,200,84.17,200,STASCO,2,GUNVORSA,2,STASCO,GUNVORSA,STASCO,EQUINOR,"Oct24, Sep24, Sep24/Oct24",-0.9733488379002236,0.0,0.5674931129476584,0.717948717948718,1.3333333333333333,1.31,SELLER_DOMINANT,,,,
2024-07-22,2024,7,464,15,302,162,301,146,2,1500,60.277,0.87,82.2,81.33,107,49,463,15,1500,60.277,100,PTRIN,4,MERCURIASA,4,"PTRIN, MERCURIASA, CPUKLTD, STASCO, GLENCORE","MERCURIASA, PTRIN, HARTREE, CPUKLTD, GUNVORSA",STASCO,MERCURIASA,"Oct24, Sep24, Sep24/Oct24",1.920965465143315,1.3414151410192974,0.603448275862069,0.7062706270627063,0.5,3.25,HIGH_PRICE_RANGE,,,,
2024-07-23,2024,7,329,7,284,45,214,104,4,700,80.687,80.12,80.98,0.86,104,10,328,7,700,80.687,700,GUNVORSA,5,PTRIN,4,"MERCURIASA, GUNVORSA","STASCO, MERCURIASA, TOTSA, PTRIN",PTRIN,MERCURIASA,"Oct24, Sep24, Sep24/Oct24",0.13984897096267582,0.014184397163120567,1.452887537993921,0.7298245614035088,1.0,1.71,BUYER_DOMINANT,,,,
2024-07-24,2024,7,193,2,170,23,132,57,2,200,81.13,81.13,81.13,0.0,58,1,193,2,200,81.13,200,MERCURIASA,2,PTRIN,1,MERCURIASA,"PTRIN, STASCO",PTRIN,PTRIN,"Oct24, Sep24, Sep24/Oct24",-0.9733488379002236,0.0,1.5233160621761659,0.6783625730994152,0.6666666666666666,1.43,BUYER_DOMINANT,,,,
2024-07-25,2024,7,415,5,155,260,270,136,4,500,81.242,80.91,81.71,0.8,54,90,415,5,500,81.242,100,MERCURIASA,3,STASCO,2,"MERCURIASA, STASCO","PTRIN, STASCO, CPUKLTD, MERCURIASA",PTRIN,MERCURIASA,"Oct24, Sep24, Sep24/Oct24",-0.30543015258248396,0.013194788058716806,0.5060240963855421,0.6923076923076923,0.6666666666666666,0.94,NORMAL,,,,
2024-07-26,2024,7,191,2,56,135,130,56,3,200,79.63,79.63,79.63,0.0,15,43,190,2,200,79.63,-200,HARTREE,2,MERCURIASA,2,HARTREE,MERCURIASA,PTRIN,CPUKLTD,"Oct24, Sep24, Sep24/Oct24",-0.9733488379002236,0.0,0.8272251308900523,0.5263157894736842,1.3333333333333333,1.34,SELLER_DOMINANT,,,,
2024-07-29,2024,7,223,8,142,81,174,40,1,800,79.288,79.24,79.34,0.1,43,7,223,8,800,79.288,-200,MERCURIASA,6,PTRIN,4,"MERCURIASA, BP","PTRIN, HARTREE, TOTSA",PTRIN,PTRIN,"Oct24, Sep24, Sep24/Oct24",0.3624885327352557,0.0016493485073396008,0.547085201793722,0.6013986013986014,0.8888888888888888,1.31,BUYER_DOMINANT,,,,
2024-07-30,2024,7,151,15,54,97,134,2,0,2000,78.075,78.01,78.13,0.12,9,9,151,15,2000,78.075,400,MERCURIASA,13,VITOL,5,"MERCURIASA, CPUKLTD","TOTSA, VITOL, PTRIN, TRAFI",MERCURIASA,VITOL,Oct24,3.0,0.001979218208807521,0.5695364238410596,0.32727272727272727,0.625,2.36,BUYER_DOMINANT,,,,
2024-07-31,2024,7,109,8,45,64,100,1,0,800,80.354,80.32,80.38,0.06,4,5,109,8,800,80.354,0,MERCURIASA,6,TOTSA,4,"CPUKLTD, MERCURIASA, HARTREE","TOTSA, TRAFI",MERCURIASA,TOTSA,Oct24,0.3624885327352557,0.0009896091044037604,0.3486238532110092,0.17391304347826086,0.8888888888888888,1.0,BUYER_DOMINANT,,,,
2024-08-01,2024,8,116,5,99,17,108,2,1,500,80.42,80.42,80.42,0.0,5,3,116,5,500,80.42,100,PTRIN,2,TRAFI,4,"PTRIN, CPUKLTD, HARTREE","TRAFI, MERCURIASA",PTRIN,TRAFI,Oct24,-0.3336939979733578,0.0,1.4137931034482758,0.1,1.3333333333333333,1.42,SELLER_DOMINANT,,,,
2024-08-02,2024,8,70,4,68,2,64,1,1,400,76.908,76.85,77.06,0.21,4,1,70,4,400,76.908,400,UNIPECUK,3,TRAFI,3,"UNIPECUK, PTRIN","MERCURIASA, TRAFI",PTRIN,PTRIN,Oct24,-0.5404748688486517,0.0034636318654131617,1.8857142857142857,0.11594202898550725,1.2,1.6,SELLER_DOMINANT,,,,
2024-08-05,2024,8,185,1,39,146,174,6,4,100,76.45,76.45,76.45,0.0,3,5,182,1,100,76.45,-100,STASCO,1,GUNVORSA,1,STASCO,GUNVORSA,PTRIN,GUNVORSA,Oct24,-1.1608174814745331,0.0,1.1567567567567567,0.15,1.0,1.15,SELLER_DOMINANT,,,,
2024-08-06,2024,8,226,4,131,95,215,3,4,400,76.655,76.65,76.66,0.01,6,3,224,4,400,76.655,400,CPUKLTD,2,TRAFI,2,"CPUKLTD, VITOL","TRAFI, TOTSA",PTRIN,GUNVORSA,Oct24,-0.5404748688486517,0.00016493485073396007,0.3185840707964602,0.09090909090909091,0.8,0.6,NORMAL,,,,
2024-08-07,2024,8,148,0,29,119,138,2,8,0,,,,,2,3,147,0,0,,0,,0,,0,,,UNIPECUK,PTRIN,Oct24,-1.3675983523498272,0.0,1.2162162162162162,0.13333333333333333,0.0,0.67,OFFER_PRESSURE,,,,
2024-08-08,2024,8,127,2,35,92,121,1,3,200,78.97,78.94,79.0,0.06,3,4,127,2,200,78.97,0,VITOL,2,MERCURIASA,1,VITOL,"MERCURIASA, PTRIN",VITOL,GUNVORSA,Oct24,-0.9540366105992394,0.0009896091044037604,0.8976377952755905,0.16666666666666666,0.6666666666666666,0.87,BUYER_DOMINANT,,,,
2024-08-09,2024,8,73,0,29,44,70,1,2,0,,,,,1,2,73,0,0,,0,,0,,0,,,PTRIN,MERCURIASA,Oct24,-1.3675983523498272,0.0,0.410958904109589,0.06666666666666667,0.0,0.24,NORMAL,,,,
2024-08-12,2024,8,326,17,147,179,257,52,0,1700,80.734,80.14,80.99,0.85,16,54,326,17,1700,80.734,1100,GUNVORSA,8,MERCURIASA,9,"VITOL, GUNVORSA, UNIPECUK","PTRIN, MERCURIASA, TRAFI, OMVSTL, HARTREE",VITOL,MERCURIASA,"Nov24, Oct24, Oct24/Nov24",2.1476764525301686,0.014019462312386606,0.19631901840490798,0.21621621621621623,1.0,2.31,VOL_SPIKE,,,,
2024-08-13,2024,8,381,8,195,186,258,108,7,800,80.08,80.07,80.1,0.03,65,55,381,8,800,80.08,600,UNIPECUK,5,MERCURIASA,8,"UNIPECUK, VITOL",MERCURIASA,PTRIN,MERCURIASA,"Nov24, Oct24, Oct24/Nov24",0.2866486146525238,0.0004948045522018802,0.047244094488188976,0.6632653061224489,1.7777777777777777,1.47,SELLER_DOMINANT,,,,
2024-08-14,2024,8,597,5,416,181,371,218,3,500,80.07,79.61,80.41,0.8,152,74,597,5,500,80.07,100,VITOL,2,MERCURIASA,2,"PTRIN, VITOL, UNIPECUK","GUNVORSA, MERCURIASA, OMVSTL, STASCO",UNIPECUK,GUNVORSA,"Nov24, Oct24, Oct24/Nov24",-0.3336939979733578,0.013194788058716806,0.7872696817420436,0.7290167865707434,0.6666666666666666,1.1,BID_PRESSURE,,,,
2024-08-15,2024,8,184,7,149,35,120,57,0,700,81.513,81.48,81.54,0.06,61,3,184,7,700,81.513,100,UNIPECUK,4,MERCURIASA,4,"HARTREE, UNIPECUK","MERCURIASA, STASCO",UNIPECUK,MERCURIASA,"Nov24, Oct24, Oct24/Nov24",0.07986774377722992,0.0009896091044037604,1.2391304347826086,0.8133333333333334,1.0,1.59,BID_PRESSURE,,,,
2024-08-16,2024,8,392,2,337,55,284,104,2,200,79.12,79.12,79.12,0.0,103,5,392,2,200,79.12,200,TOTSA,2,MERCURIASA,2,TOTSA,MERCURIASA,PTRIN,PTRIN,"Nov24, Oct24, Oct24/Nov24",-0.9540366105992394,0.0,1.4387755102040816,0.6094674556213018,1.3333333333333333,1.69,SELLER_DOMINANT,,,,
2024-08-19,2024,8,436,10,240,196,276,148,2,1000,78.916,78.76,79.48,0.72,83,77,434,10,1000,78.916,1000,MERCURIASA,4,VITOL,7,"STASCO, MERCURIASA, TOTSA","GUNVORSA, VITOL, HARTREE",PTRIN,GUNVORSA,"Nov24, Oct24, Oct24/Nov24",0.7002103564031115,0.011875309252845126,0.2018348623853211,0.6887966804979253,1.2727272727272727,1.65,NORMAL,,,,
2024-08-20,2024,8,673,10,320,353,441,216,6,1000,76.891,76.75,77.22,0.47,104,125,673,10,1000,76.891,400,MERCURIASA,4,VITOL,7,"TOTSA, MERCURIASA, PTRIN, STASCO","VITOL, GUNVORSA",PTRIN,GUNVORSA,"Nov24, Oct24, Oct24/Nov24",0.7002103564031115,0.007751937984496123,0.09806835066864784,0.6479750778816199,1.2727272727272727,1.57,NORMAL,,,,
2024-08-21,2024,8,481,3,224,257,342,134,2,300,76.917,76.66,77.28,0.62,60,79,480,3,300,76.917,-100,STASCO,2,STASCO,1,"MERCURIASA, STASCO","STASCO, MERCURIASA, CPUKLTD",STASCO,MERCURIASA,"Nov24, Oct24, Oct24/Nov24",-0.7472557397239455,0.010225960745505525,0.13721413721413722,0.5333333333333333,0.5,0.59,NORMAL,,,,
2024-08-22,2024,8,873,18,415,458,554,297,4,1800,59.953,0.59,77.42,76.83,137,180,871,18,1800,59.953,-1200,MERCURIASA,4,MERCURIASA,8,"STASCO, MERCURIASA, VITOL, TOTSA, CPUKLTD","MERCURIASA, PTRIN, GUNVORSA, CPUKLTD",CPUKLTD,GUNVORSA,"Nov24, Oct24, Oct24/Nov24",2.3544573234054624,1.2671944581890153,0.09851088201603665,0.6586538461538461,0.8421052631578947,3.16,HIGH_PRICE_RANGE,,,,
2024-08-23,2024,8,170,15,97,73,148,2,5,1500,78.095,78.07,78.14,0.07,7,14,170,15,1500,78.095,-900,TOTSA,10,GUNVORSA,13,"MERCURIASA, TOTSA, VITOL","GUNVORSA, PTRIN, HARTREE",TOTSA,PTRIN,Nov24,1.734114710779581,0.0011545439551377207,0.2823529411764706,0.14285714285714285,1.625,2.41,SELLER_DOMINANT,,,,
2024-08-27,2024,8,209,11,183,26,149,48,1,1100,72.234,0.93,80.2,79.27,56,5,209,11,1100,72.234,500,TOTSA,7,GUNVORSA,8,"TOTSA, MERCURIASA, PTRIN","GUNVORSA, MERCURIASA, HARTREE, ICE",MERCURIASA,GUNVORSA,"Nov24, Oct24, Oct24/Nov24",0.9069912272784053,1.3074385617681015,1.5023923444976077,0.6086956521739131,1.3333333333333333,3.23,SELLER_DOMINANT,,,,
2024-08-28,2024,8,375,5,87,288,263,104,3,500,78.012,78.01,78.02,0.01,4,109,375,5,500,78.012,-100,TOTSA,4,GUNVORSA,5,"TOTSA, PTRIN",GUNVORSA,TOTSA,CPUKLTD,"Nov24, Oct24, Oct24/Nov24",-0.3336939979733578,0.00016493485073396007,1.072,0.09090909090909091,1.6666666666666667,1.41,SELLER_DOMINANT,,,,
2024-08-29,2024,8,97,4,95,2,89,4,0,400,79.105,79.06,79.12,0.06,7,1,97,4,400,79.105,400,UNIPECUK,3,STASCO,2,"UNIPECUK, MERCURIASA","STASCO, PTRIN, OMVSTL",MERCURIASA,PTRIN,Nov24,-0.5404748688486517,0.0009896091044037604,1.9175257731958764,0.14583333333333334,0.8,1.43,BUYER_DOMINANT,,,,
2024-08-30,2024,8,207,17,91,116,189,1,0,1700,77.112,77.07,77.15,0.08,8,10,207,17,1700,77.112,-300,BP,6,GUNVORSA,10,"BP, TOTSA, PTRIN, HARTREE","GUNVORSA, MERCURIASA, HARTREE",PTRIN,MERCURIASA,Nov24,2.1476764525301686,0.0013194788058716806,0.24154589371980675,0.17391304347826086,1.1111111111111112,2.36,VOL_SPIKE,,,,
2024-09-02,2024,9,138,11,136,2,125,0,2,1100,77.128,77.11,77.17,0.06,12,1,138,11,1100,77.128,1100,GUNVORSA,4,HARTREE,5,"GUNVORSA, PTRIN, MERCURIASA, UNIPECUK","STASCO, HARTREE, OMVSTL, TRAFI, CPUKLTD",MERCURIASA,GUNVORSA,Nov24,1.282707143732041,0.0009896091044037604,1.9420289855072463,0.17518248175182483,0.8333333333333334,2.5,BID_PRESSURE,,,,
2024-09-03,2024,9,130,11,48,82,117,1,1,1300,74.112,74.11,74.13,0.02,8,5,130,11,1300,74.112,500,MERCURIASA,6,UNIPECUK,3,"MERCURIASA, PTRIN","VITOL, CPUKLTD, HARTREE, UNIPECUK, TRAFI",MERCURIASA,CPUKLTD,Nov24,1.804626735046047,0.00032986970146792015,0.5230769230769231,0.32653061224489793,0.5,2.12,VOL_SPIKE,,,,
2024-09-04,2024,9,95,6,69,26,86,2,1,600,73.458,73.44,73.47,0.03,5,3,95,6,600,73.458,0,MERCURIASA,4,CPUKLTD,3,"GUNVORSA, MERCURIASA","CPUKLTD, TRAFI, GLENCORE",MERCURIASA,CPUKLTD,Nov24,-0.022091834552973914,0.0004948045522018802,0.9052631578947369,0.14285714285714285,0.8571428571428571,0.95,BID_PRESSURE,,,,
2024-09-05,2024,9,95,8,95,0,86,1,0,800,73.477,73.45,73.49,0.04,9,0,95,8,800,73.477,800,MERCURIASA,4,HARTREE,3,"MERCURIASA, PTRIN","STASCO, GLENCORE, HARTREE, CPUKLTD",MERCURIASA,,Nov24,0.499827756761032,0.0006597394029358403,2.0,0.1875,0.6666666666666666,1.83,BID_PRESSURE,,,,
2024-09-06,2024,9,342,1,220,122,246,89,6,100,71.71,71.71,71.71,0.0,41,51,341,1,100,71.71,100,PTRIN,1,BP,1,PTRIN,BP,HARTREE,BP,"Dec24, Nov24, Nov24/Dec24",-1.3268908128379888,0.0,0.5730994152046783,0.37104072398190047,1.0,0.97,SELLER_DOMINANT,,,,
2024-09-09,2024,9,311,11,215,96,234,65,1,1100,71.216,70.74,71.35,0.61,73,3,310,11,1100,71.216,700,PTRIN,3,HARTREE,5,"STASCO, PTRIN, MERCURIASA, GUNVORSA","GUNVORSA, HARTREE, STASCO, PTRIN, BP",GUNVORSA,PTRIN,"Dec24, Nov24, Nov24/Dec24",1.282707143732041,0.010061025894771565,0.7652733118971061,0.6759259259259259,0.8333333333333334,2.17,BID_PRESSURE,,,,
2024-09-10,2024,9,242,5,191,51,160,76,1,500,69.57,69.34,69.68,0.34,61,20,242,5,500,69.57,500,GUNVORSA,3,BP,2,"GUNVORSA, PTRIN, MERCURIASA","TRAFI, GLENCORE, BP, STASCO",CPUKLTD,BP,"Dec24, Nov24, Nov24/Dec24",-0.28305163020997687,0.0056077849249546435,1.1570247933884297,0.6354166666666666,0.6666666666666666,1.23,BID_PRESSURE,,,,
2024-09-11,2024,9,137,7,137,0,130,0,0,700,69.677,69.39,69.82,0.43,7,0,137,7,700,69.677,700,MERCURIASA,4,STASCO,2,"VITOL, MERCURIASA, GUNVORSA, PTRIN","GLENCORE, BP, STASCO, HARTREE, TRAFI",PTRIN,,"Dec24, Nov24",0.23886796110402905,0.0070921985815602835,2.0,0.10144927536231885,0.5,1.5,BID_PRESSURE,,,,
2024-09-12,2024,9,467,4,275,192,296,162,5,400,72.62,72.35,72.88,0.53,94,76,467,4,400,72.62,200,MERCURIASA,2,BP,2,"MERCURIASA, PTRIN, VITOL","BP, GUNVORSA, MERCURIASA",CPUKLTD,BP,"Dec24, Nov24, Nov24/Dec24",-0.5440114258669798,0.008741547088899885,0.3554603854389722,0.6811594202898551,0.8,0.92,NORMAL,,,,
2024-09-13,2024,9,72,5,72,0,66,0,1,500,72.418,71.98,72.71,0.73,6,0,72,5,500,72.418,500,MERCURIASA,3,GUNVORSA,3,"MERCURIASA, PTRIN","GUNVORSA, STASCO",MERCURIASA,,"Dec24, Nov24, Nov24/Dec24",-0.28305163020997687,0.012040244103579085,2.0,0.1643835616438356,1.0,1.59,BID_PRESSURE,,,,
2024-09-16,2024,9,198,7,50,148,134,56,1,700,72.063,72.04,72.09,0.05,9,56,198,7,700,72.063,500,PTRIN,7,MERCURIASA,4,PTRIN,"HARTREE, MERCURIASA, STASCO",PTRIN,MERCURIASA,"Dec24, Nov24, Nov24/Dec24",0.23886796110402905,0.0008246742536698004,0.98989898989899,0.35294117647058826,1.0,1.36,BUYER_DOMINANT,,,,
2024-09-17,2024,9,138,5,22,116,94,37,2,500,72.912,72.9,72.92,0.02,2,41,138,5,500,72.912,-500,PTRIN,4,MERCURIASA,5,"PTRIN, GUNVORSA",MERCURIASA,PTRIN,CPUKLTD,"Dec24, Nov24, Nov24/Dec24",-0.28305163020997687,0.00032986970146792015,1.3623188405797102,0.17391304347826086,1.6666666666666667,1.6,SELLER_DOMINANT,,,,
2024-09-18,2024,9,227,11,156,71,166,48,2,1100,73.181,72.85,73.69,0.84,58,3,227,11,1100,73.181,500,PTRIN,6,MERCURIASA,7,"STASCO, PTRIN, GUNVORSA, GLENCORE","CPUKLTD, MERCURIASA, OMVSTL, GLENCORE, TRAFI",STASCO,MERCURIASA,"Dec24, Nov24, Nov24/Dec24",1.282707143732041,0.013854527461652647,0.748898678414097,0.7388535031847133,1.1666666666666667,2.36,BID_PRESSURE,,,,
2024-09-19,2024,9,523,1,360,163,324,192,6,100,74.18,74.18,74.18,0.0,142,55,519,1,100,74.18,-100,PTRIN,1,MERCURIASA,1,PTRIN,MERCURIASA,GUNVORSA,CPUKLTD,"Dec24, Nov24, Nov24/Dec24",-1.3268908128379888,0.0,0.7533460803059273,0.7867036011080333,1.0,1.27,SELLER_DOMINANT,,,,
2024-09-20,2024,9,134,3,31,103,87,43,1,300,74.01,74.01,74.01,0.0,3,44,134,3,300,74.01,300,PTRIN,3,VITOL,2,PTRIN,"VITOL, MERCURIASA",PTRIN,MERCURIASA,"Dec24, Nov24, Nov24/Dec24",-0.8049712215239828,0.0,1.0746268656716418,0.1875,1.0,1.13,BUYER_DOMINANT,,,,
2024-09-23,2024,9,98,5,98,0,93,0,0,500,73.846,73.55,74.3,0.75,5,0,98,5,500,73.846,500,MERCURIASA,3,PTRIN,3,"MERCURIASA, HARTREE, GUNVORSA","VITOL, PTRIN, STASCO",MERCURIASA,,"Dec24, Nov24",-0.28305163020997687,0.012370113805047007,2.0,0.10101010101010101,1.0,1.56,BID_PRESSURE,,,,
2024-09-24,2024,9,267,7,238,29,184,74,2,700,74.613,74.29,75.03,0.74,81,2,267,7,700,74.613,300,BP,4,MERCURIASA,4,"STASCO, BP, GUNVORSA","TOTSA, MERCURIASA, PTRIN",STASCO,MERCURIASA,"Dec24, Nov24, Nov24/Dec24",0.23886796110402905,0.012205178954313046,1.5655430711610487,0.6778242677824268,1.0,1.82,BID_PRESSURE,,,,
2024-09-25,2024,9,287,11,264,23,197,78,1,1100,67.595,0.58,74.74,74.16,88,2,287,11,1100,67.595,900,MERCURIASA,5,PTRIN,5,"GUNVORSA, STASCO, MERCURIASA, BP","TOTSA, PTRIN, VITOL, BP, ICE",GUNVORSA,PTRIN,"Dec24, Nov24, Nov24/Dec24",1.282707143732041,1.2231568530430479,1.6794425087108014,0.6641509433962264,0.8333333333333334,3.35,HIGH_PRICE_RANGE,,,,
2024-09-26,2024,9,340,8,334,6,260,71,1,800,63.03,0.36,72.22,71.86,76,3,339,8,800,63.03,800,MERCURIASA,3,TOTSA,3,"MERCURIASA, GUNVORSA, STASCO, CPUKLTD","GLENCORE, TOTSA, PTRIN, CPUKLTD, ICE",CPUKLTD,PTRIN,"Dec24, Nov24, Nov24/Dec24",0.499827756761032,1.1852218373742371,1.9294117647058824,0.4537313432835821,0.6666666666666666,2.64,HIGH_PRICE_RANGE,,,,
2024-09-27,2024,9,40,6,40,0,33,1,0,600,71.283,71.25,71.3,0.05,7,0,40,6,600,71.283,600,MERCURIASA,4,PTRIN,3,"MERCURIASA, STASCO","HARTREE, PTRIN, GLENCORE",MERCURIASA,,Dec24,-0.022091834552973914,0.0008246742536698004,2.0,0.34146341463414637,0.8571428571428571,1.6,BID_PRESSURE,,,,
2024-09-30,2024,9,127,6,67,60,113,6,2,600,72.293,72.25,72.31,0.06,9,4,127,6,600,72.293,200,MERCURIASA,4,GUNVORSA,2,"MERCURIASA, STASCO","GUNVORSA, PTRIN, BP",STASCO,GUNVORSA,"Dec24, Dec24/Jan25, Jan25",-0.022091834552973914,0.0009896091044037604,0.11023622047244094,0.2647058823529412,0.5714285714285714,0.47,NORMAL,,,,
2024-10-01,2024,10,78,9,29,49,69,0,0,900,74.648,74.64,74.69,0.05,3,6,78,9,900,74.648,-300,MERCURIASA,9,GUNVORSA,6,MERCURIASA,"GUNVORSA, PTRIN, STASCO",MERCURIASA,GUNVORSA,Dec24,0.5631854890309362,0.0008246742536698004,0.5128205128205128,0.2,1.2,1.41,BUYER_DOMINANT,,,,
2024-10-02,2024,10,20,1,20,0,19,0,0,100,73.99,73.99,73.99,0.0,1,0,20,1,100,73.99,100,MERCURIASA,1,TRAFI,1,MERCURIASA,TRAFI,MERCURIASA,,Dec24,-1.0971687675195276,0.0,2.0,0.09523809523809523,1.0,1.55,SELLER_DOMINANT,,,,
2024-10-03,2024,10,41,2,41,0,39,0,0,200,76.9,76.9,76.9,0.0,2,0,41,2,200,76.9,200,MERCURIASA,2,PTRIN,1,MERCURIASA,"PTRIN, STASCO",MERCURIASA,,Dec24,-0.8896244854507196,0.0,2.0,0.09523809523809523,0.6666666666666666,1.38,BUYER_DOMINANT,,,,
2024-10-04,2024,10,87,11,0,87,75,1,0,1100,78.222,78.2,78.25,0.05,0,12,87,11,1100,78.222,-1100,TRAFI,4,GUNVORSA,6,"PTRIN, CPUKLTD, HARTREE, TRAFI, VITOL","GUNVORSA, MERCURIASA",,MERCURIASA,Dec24,0.9782740531685522,0.0008246742536698004,2.0,0.0,1.0,2.28,OFFER_PRESSURE,,,,
2024-10-07,2024,10,71,9,43,28,61,1,0,900,80.327,80.28,80.36,0.08,5,3,71,9,900,80.327,300,MERCURIASA,6,GUNVORSA,4,"MERCURIASA, TRAFI, HARTREE","PTRIN, GUNVORSA, STASCO",MERCURIASA,GUNVORSA,Dec24,0.5631854890309362,0.0013194788058716806,0.4225352112676056,0.22727272727272727,0.8,1.18,NORMAL,,,,
2024-10-08,2024,10,258,9,227,31,194,55,0,900,77.116,76.69,77.27,0.58,62,2,258,9,900,77.116,500,MERCURIASA,5,STASCO,3,"MERCURIASA, GUNVORSA, HARTREE","STASCO, VITOL, HARTREE, BP, OMVSTL",MERCURIASA,BP,"Dec24, Dec24/Jan25, Jan25",0.5631854890309362,0.009566221342569684,1.5193798449612403,0.543859649122807,0.6,1.79,BID_PRESSURE,,,,
2024-10-09,2024,10,220,7,198,22,154,56,3,700,76.669,76.3,76.81,0.51,61,3,220,7,700,76.669,300,MERCURIASA,7,BP,2,MERCURIASA,"STASCO, HARTREE, BP, GLENCORE, PTRIN",MERCURIASA,BP,"Dec24, Dec24/Jan25, Jan25",0.1480969248933203,0.008411677387431964,1.6,0.6130653266331658,0.5,1.48,BUYER_DOMINANT,,,,
2024-10-10,2024,10,396,3,86,310,275,117,1,300,77.823,77.69,78.08,0.39,2,118,395,3,300,77.823,100,STASCO,1,MERCURIASA,1,"STASCO, PTRIN, MERCURIASA","MERCURIASA, VITOL, STASCO",MERCURIASA,MERCURIASA,"Dec24, Dec24/Jan25, Jan25",-0.6820802033819116,0.006432459178624443,1.1313131313131313,0.04597701149425287,0.5,0.84,OFFER_PRESSURE,,,,
2024-10-11,2024,10,420,3,138,282,260,153,4,300,78.98,78.76,79.09,0.33,47,112,419,3,300,78.98,-100,HARTREE,2,MERCURIASA,2,"HARTREE, MERCURIASA","MERCURIASA, STASCO",STASCO,MERCURIASA,"Dec24, Dec24/Jan25, Jan25",-0.6820802033819116,0.0054428500742206825,0.6857142857142857,0.6762589928057554,1.0,1.18,OFFER_PRESSURE,,,,
2024-10-14,2024,10,196,4,46,150,130,62,0,400,77.428,77.38,77.57,0.19,3,63,196,4,400,77.428,200,MERCURIASA,3,MERCURIASA,1,"STASCO, MERCURIASA","MERCURIASA, GLENCORE, STASCO, PTRIN",MERCURIASA,MERCURIASA,"Dec24, Dec24/Jan25, Jan25",-0.4745359213131036,0.0031337621639452415,1.0612244897959184,0.1276595744680851,0.4,0.8,BUYER_DOMINANT,,,,
2024-10-15,2024,10,536,7,261,275,339,184,6,700,73.651,73.5,73.72,0.22,102,92,535,7,700,73.651,-100,HARTREE,3,STASCO,4,"CPUKLTD, HARTREE, MERCURIASA","GUNVORSA, STASCO, TOTSA",PTRIN,STASCO,"Dec24, Dec24/Jan25, Jan25",0.1480969248933203,0.003628566716147122,0.05223880597014925,0.7786259541984732,1.0,1.04,NORMAL,,,,
2024-10-16,2024,10,286,9,44,242,198,78,1,900,65.679,0.28,74.02,73.74,3,85,286,9,900,65.679,-300,MERCURIASA,4,PTRIN,3,"MERCURIASA, TRAFI, GLENCORE","BP, PTRIN, GLENCORE, MERCURIASA, STASCO",MERCURIASA,MERCURIASA,"Dec24, Dec24/Jan25, Jan25",0.5631854890309362,1.2162295893122215,1.3846153846153846,0.13333333333333333,0.6,2.24,HIGH_PRICE_RANGE,,,,
2024-10-17,2024,10,190,4,42,148,135,49,2,400,74.072,73.86,74.31,0.45,2,52,190,4,400,74.072,-200,MERCURIASA,2,BP,2,"TRAFI, MERCURIASA, GLENCORE","PTRIN, BP, MERCURIASA",MERCURIASA,MERCURIASA,"Dec24, Dec24/Jan25, Jan25",-0.4745359213131036,0.007422068283028204,1.1157894736842104,0.09302325581395349,0.8,1.01,OFFER_PRESSURE,,,,
2024-10-18,2024,10,174,6,44,130,119,49,0,600,72.47,72.39,72.75,0.36,3,52,174,6,600,72.47,0,MERCURIASA,5,BP,4,"MERCURIASA, TRAFI","BP, PTRIN, TOTSA",MERCURIASA,PTRIN,"Dec24, Dec24/Jan25, Jan25",-0.059447357175487686,0.005937654626422563,0.9885057471264368,0.13333333333333333,1.1428571428571428,1.14,BUYER_DOMINANT,,,,
2024-10-21,2024,10,101,2,66,35,98,0,1,200,73.8,73.79,73.81,0.02,2,1,101,2,200,73.8,0,BP,2,TOTSA,1,BP,"TOTSA, MERCURIASA",CPUKLTD,MERCURIASA,Dec24,-0.8896244854507196,0.00032986970146792015,0.6138613861386139,0.05970149253731343,0.6666666666666666,0.67,BUYER_DOMINANT,,,,
2024-10-22,2024,10,273,8,171,102,161,103,1,800,56.894,0.53,76.05,75.52,76,37,273,8,800,56.894,-400,STASCO,2,MERCURIASA,4,"STASCO, CPUKLTD, GUNVORSA, ICE","MERCURIASA, CPUKLTD",GUNVORSA,CPUKLTD,"Dec24, Dec24/Jan25, Jan25",0.35564120696212825,1.2455879927428664,0.5054945054945055,0.8837209302325582,0.8888888888888888,2.17,HIGH_PRICE_RANGE,,,,
2024-10-23,2024,10,210,4,134,76,150,53,3,400,74.725,74.52,74.93,0.41,56,3,210,4,400,74.725,0,GUNVORSA,2,STASCO,2,"GUNVORSA, STASCO, TOTSA","STASCO, MERCURIASA",GUNVORSA,PTRIN,"Dec24, Dec24/Jan25, Jan25",-0.4745359213131036,0.0067623288800923624,0.5523809523809524,0.8296296296296296,0.8,1.1,NORMAL,,,,
2024-10-24,2024,10,260,4,41,219,168,84,4,400,74.268,74.26,74.29,0.03,1,89,260,4,400,74.268,-400,BP,3,MERCURIASA,4,"BP, GUNVORSA",MERCURIASA,BP,PTRIN,"Dec24, Dec24/Jan25, Jan25",-0.4745359213131036,0.0004948045522018802,1.3692307692307693,0.047619047619047616,1.6,1.51,SELLER_DOMINANT,,,,
2024-10-25,2024,10,202,5,184,18,149,47,1,500,75.612,75.52,75.76,0.24,52,1,202,5,500,75.612,300,BP,4,MERCURIASA,5,"BP, GUNVORSA",MERCURIASA,GUNVORSA,MERCURIASA,"Dec24, Dec24/Jan25, Jan25",-0.26699163924429564,0.003958436417615042,1.6435643564356435,0.5621621621621622,1.6666666666666667,1.94,SELLER_DOMINANT,,,,
2024-10-28,2024,10,304,11,152,152,206,85,2,1100,71.859,71.68,72.11,0.43,46,51,0,0,0,,0,MERCURIASA,6,PTRIN,3,"GUNVORSA, MERCURIASA","PTRIN, TOTSA, CPUKLTD, STASCO, UNIPECUK",GUNVORSA,STASCO,"Dec24, Dec24/Jan25, Jan25",0.9782740531685522,0.0070921985815602835,0.0,0.6013071895424836,0.5,1.34,NORMAL,,,,
2024-10-29,2024,10,190,2,119,71,129,56,3,200,70.68,70.68,70.68,0.0,35,24,0,0,0,,0,MERCURIASA,2,CPUKLTD,1,MERCURIASA,"CPUKLTD, PTRIN",STASCO,PTRIN,"Dec24, Dec24/Jan25, Jan25",-0.8896244854507196,0.0,0.5052631578947369,0.5833333333333334,0.6666666666666666,0.88,BUYER_DOMINANT,,,,
2024-10-30,2024,10,43,5,0,43,38,0,0,500,72.58,72.58,72.58,0.0,0,5,0,0,0,,0,MERCURIASA,5,CPUKLTD,3,MERCURIASA,"CPUKLTD, TOTSA",,TOTSA,Jan25,-0.26699163924429564,0.0,2.0,0.0,1.0,1.5,BUYER_DOMINANT,,,,
2024-10-31,2024,10,157,5,60,97,143,5,4,500,72.75,72.71,72.77,0.06,3,7,0,0,0,,0,MERCURIASA,3,TOTSA,2,"CPUKLTD, MERCURIASA","TOTSA, GUNVORSA, HARTREE",MERCURIASA,PTRIN,Jan25,-0.26699163924429564,0.0009896091044037604,0.4713375796178344,0.09836065573770492,0.6666666666666666,0.62,NORMAL,,,,
2024-11-01,2024,11,108,9,103,5,94,3,2,900,73.484,73.45,73.51,0.06,11,2,108,9,900,73.484,900,PTRIN,6,TOTSA,6,"PTRIN, MERCURIASA","TOTSA, GUNVORSA",PTRIN,GUNVORSA,Jan25,0.08904938505417671,0.0009896091044037604,1.8148148148148149,0.21153846153846154,1.2,1.69,BID_PRESSURE,,,,
2024-11-04,2024,11,117,17,42,75,100,0,0,1700,74.752,74.73,74.79,0.06,9,8,117,17,1700,74.752,100,PTRIN,12,GUNVORSA,13,"TRAFI, PTRIN, TOTSA, STASCO, VITOL","GUNVORSA, BP, HARTREE, UNIPECUK",PTRIN,GUNVORSA,Jan25,1.4239256037303798,0.0009896091044037604,0.5641025641025641,0.4186046511627907,1.4444444444444444,2.35,SELLER_DOMINANT,,,,
2024-11-05,2024,11,107,9,34,73,97,1,0,900,76.062,76.05,76.07,0.02,6,3,107,9,900,76.062,100,PTRIN,8,GUNVORSA,4,"PTRIN, VITOL","GUNVORSA, MERCURIASA, UNIPECUK",PTRIN,MERCURIASA,Jan25,0.08904938505417671,0.00032986970146792015,0.7289719626168224,0.34285714285714286,0.8,1.01,BUYER_DOMINANT,,,,
2024-11-06,2024,11,101,21,71,30,78,2,0,2100,75.505,75.41,75.6,0.19,16,7,101,21,2100,75.505,1100,PTRIN,17,MERCURIASA,13,"PTRIN, VITOL, TRAFI","MERCURIASA, GUNVORSA",PTRIN,GUNVORSA,Jan25,2.091363713068481,0.0031337621639452415,0.8118811881188119,0.4444444444444444,1.1818181818181819,2.82,BUYER_DOMINANT,,,,
2024-11-07,2024,11,191,12,77,114,131,48,0,1200,75.078,74.81,75.21,0.4,12,48,191,12,1200,75.078,1000,PTRIN,8,GUNVORSA,7,"PTRIN, VITOL","GUNVORSA, MERCURIASA",VITOL,MERCURIASA,"Feb25, Jan25, Jan25/Feb25",0.5896279670577529,0.006597394029358403,0.387434554973822,0.3076923076923077,1.0769230769230769,1.36,NORMAL,,,,
2024-11-08,2024,11,339,11,188,151,214,111,3,1100,73.543,73.37,73.72,0.35,81,43,339,11,1100,73.543,-100,PTRIN,7,GUNVORSA,6,"VITOL, PTRIN","MERCURIASA, GUNVORSA",PTRIN,MERCURIASA,"Feb25, Jan25, Jan25/Feb25",0.4227684397232275,0.005772719775688603,0.2182890855457227,0.8571428571428571,1.0,1.38,NORMAL,,,,
2024-11-11,2024,11,196,7,164,32,129,60,0,700,71.924,71.73,72.07,0.34,64,3,196,7,700,71.924,100,PTRIN,5,MERCURIASA,6,"PTRIN, HARTREE, TOTSA","MERCURIASA, STASCO",PTRIN,MERCURIASA,"Feb25, Jan25, Jan25/Feb25",-0.24466966961487402,0.0056077849249546435,1.346938775510204,0.7757575757575758,1.5,1.81,SELLER_DOMINANT,,,,
2024-11-12,2024,11,579,23,321,258,358,194,4,2300,65.796,0.14,72.28,72.14,116,104,578,23,2300,65.796,500,PTRIN,8,GUNVORSA,12,"PTRIN, TOTSA, GLENCORE, STASCO, UNIPECUK","GUNVORSA, MERCURIASA, CPUKLTD, STASCO, ICE",PTRIN,GUNVORSA,"Feb25, Jan25, Jan25/Feb25",2.425082767737532,1.189840013194788,0.21761658031088082,0.7204968944099379,1.0,3.28,HIGH_PRICE_RANGE,,,,
2024-11-13,2024,11,450,14,231,219,302,126,8,1400,61.926,0.28,72.37,72.09,58,89,449,14,1400,61.926,600,TOTSA,5,STASCO,6,"OMVSTL, TOTSA, PTRIN","STASCO, OMVSTL, CPUKLTD, MERCURIASA, ICE",TOTSA,MERCURIASA,"Feb25, Jan25, Jan25/Feb25",0.9233470217268036,1.1890153389411182,0.05333333333333334,0.5,0.8,2.13,HIGH_PRICE_RANGE,,,,
2024-11-14,2024,11,760,23,337,423,488,244,5,2300,59.797,0.27,72.5,72.23,133,139,759,23,2300,59.797,900,PTRIN,11,MERCURIASA,4,"TOTSA, PTRIN, STASCO, CPUKLTD, ICE","VITOL, GLENCORE, MERCURIASA, PTRIN, STASCO",PTRIN,STASCO,"Feb25, Jan25, Jan25/Feb25, Mar25",2.425082767737532,1.1913244268513936,0.22631578947368422,0.7869822485207101,0.3333333333333333,2.99,HIGH_PRICE_RANGE,,,,
2024-11-15,2024,11,453,6,124,329,296,143,8,600,72.123,71.94,72.23,0.29,55,101,452,6,600,72.123,-600,PTRIN,5,MERCURIASA,5,"PTRIN, TOTSA","MERCURIASA, GUNVORSA",PTRIN,PTRIN,"Feb25, Jan25, Jan25/Feb25",-0.4115291969493994,0.004783110671284842,0.9050772626931567,0.88,1.4285714285714286,1.61,SELLER_DOMINANT,,,,
2024-11-18,2024,11,1004,12,426,578,625,360,7,1200,67.008,0.26,73.18,72.92,149,228,1004,12,1200,67.008,-800,TOTSA,3,GUNVORSA,6,"STASCO, TOTSA, VITOL, CPUKLTD, MERCURIASA","GUNVORSA, BP, STASCO, MERCURIASA",CPUKLTD,CPUKLTD,"Feb25, Jan25, Jan25/Feb25",0.5896279670577529,1.2027049315520368,0.30278884462151395,0.6978922716627635,0.9230769230769231,2.16,HIGH_PRICE_RANGE,,,,
2024-11-19,2024,11,461,10,137,324,288,157,6,1000,58.207,0.19,72.86,72.67,40,128,460,10,1000,58.207,0,MERCURIASA,3,MERCURIASA,4,"STASCO, MERCURIASA, TOTSA, PTRIN","MERCURIASA, STASCO, BP, PTRIN",STASCO,PTRIN,"Feb25, Jan25, Jan25/Feb25",0.2559089123887021,1.198581560283688,0.8112798264642083,0.5797101449275363,0.7272727272727273,1.98,HIGH_PRICE_RANGE,,,,
2024-11-20,2024,11,422,6,149,273,271,140,5,600,60.94,0.18,73.22,73.04,43,107,422,6,600,60.94,0,TOTSA,3,STASCO,2,"TOTSA, STASCO","STASCO, MERCURIASA, CPUKLTD, ICE",STASCO,MERCURIASA,"Feb25, Jan25, Jan25/Feb25",-0.4115291969493994,1.2046841497608445,0.5876777251184834,0.5733333333333334,0.5714285714285714,1.59,HIGH_PRICE_RANGE,,,,
2024-11-21,2024,11,221,8,75,146,157,55,1,800,73.625,73.57,73.88,0.31,7,57,221,8,800,73.625,600,TOTSA,5,HARTREE,2,"TOTSA, GLENCORE, MERCURIASA","HARTREE, PTRIN, OMVSTL, STASCO",TOTSA,PTRIN,"Feb25, Jan25, Jan25/Feb25",-0.07781014228034866,0.005112980372752762,0.6425339366515838,0.18421052631578946,0.4444444444444444,0.64,NORMAL,,,,
2024-11-22,2024,11,565,12,268,297,334,216,3,1200,62.275,0.47,74.93,74.46,109,119,565,12,1200,62.275,400,TOTSA,4,GUNVORSA,5,"MERCURIASA, TOTSA, HARTREE, PTRIN, BP","GUNVORSA, PTRIN, BP, ICE",HARTREE,PTRIN,"Feb25, Jan25, Jan25/Feb25",0.5896279670577529,1.2281048985650667,0.10265486725663717,0.8104089219330854,0.7692307692307693,2.05,HIGH_PRICE_RANGE,,,,
2024-11-25,2024,11,1026,23,432,594,633,367,3,2300,57.026,0.48,73.12,72.64,161,233,1026,23,2300,57.026,-300,GUNVORSA,10,GUNVORSA,7,"GUNVORSA, TOTSA, STASCO, BP","PTRIN, GUNVORSA, VITOL, MERCURIASA, ICE",PTRIN,PTRIN,"Feb25, Jan25, Jan25/Feb25",2.425082767737532,1.198086755731486,0.3157894736842105,0.74364896073903,0.5833333333333334,3.14,HIGH_PRICE_RANGE,,,,
2024-11-26,2024,11,306,10,154,152,205,88,3,2200,65.84,0.47,73.53,73.06,45,54,306,10,2200,65.84,600,TOTSA,3,GUNVORSA,4,"PTRIN, GUNVORSA, CPUKLTD, TOTSA, BP","GUNVORSA, PTRIN, STASCO, VITOL, MERCURIASA",GUNVORSA,PTRIN,"Feb25, Jan25, Jan25/Feb25",2.2582232404030065,1.2050140194623125,0.013071895424836602,0.5806451612903226,0.7272727272727273,2.98,HIGH_PRICE_RANGE,,,,
2024-11-27,2024,11,240,10,121,119,162,65,3,2200,65.261,0.45,72.86,72.41,37,38,240,10,2200,65.261,600,TOTSA,3,GUNVORSA,8,"TOTSA, GUNVORSA, PTRIN, MERCURIASA, CPUKLTD","GUNVORSA, PTRIN",CPUKLTD,MERCURIASA,"Feb25, Jan25, Jan25/Feb25",2.2582232404030065,1.194293254164605,0.016666666666666666,0.6065573770491803,1.4545454545454546,3.36,SELLER_DOMINANT,,,,
2024-11-28,2024,11,99,10,70,29,87,1,1,1000,72.328,72.28,72.4,0.12,8,4,97,10,1000,72.328,600,TOTSA,4,GUNVORSA,10,"TOTSA, MERCURIASA, STASCO, PTRIN",GUNVORSA,MERCURIASA,GUNVORSA,Feb25,0.2559089123887021,0.001979218208807521,0.8282828282828283,0.22535211267605634,1.8181818181818181,1.64,SELLER_DOMINANT,,,,
2024-11-29,2024,11,134,22,101,33,112,0,0,2400,72.935,72.88,72.96,0.08,15,7,134,22,2400,72.935,1000,TOTSA,12,GUNVORSA,22,"TOTSA, MERCURIASA, STASCO, HARTREE",GUNVORSA,TOTSA,GUNVORSA,Feb25,2.5919422950720574,0.0013194788058716806,1.0149253731343284,0.29411764705882354,1.9130434782608696,3.21,SELLER_DOMINANT,,,,
2024-12-02,2024,12,427,30,197,230,282,111,4,3000,71.822,71.8,71.87,0.07,72,73,427,30,3000,71.822,1200,TOTSA,13,GUNVORSA,30,"MERCURIASA, TOTSA, TRAFI, PTRIN, STASCO",GUNVORSA,GUNVORSA,CPUKLTD,"Feb25, Feb25/Mar25, Mar25",3.0,0.0011545439551377207,0.15456674473067916,0.7272727272727273,1.935483870967742,3.01,SELLER_DOMINANT,,,,
2024-12-03,2024,12,244,22,147,97,215,3,4,2200,73.605,73.29,73.65,0.36,19,9,243,22,2200,73.605,800,TOTSA,5,GUNVORSA,20,"TOTSA, MERCURIASA, TRAFI, PTRIN, CPUKLTD","GUNVORSA, BP",TOTSA,GUNVORSA,Feb25,2.2410955060345943,0.005937654626422563,0.4098360655737705,0.25675675675675674,1.7391304347826086,2.81,SELLER_DOMINANT,,,,
2024-12-04,2024,12,175,15,155,20,155,3,2,1500,73.363,73.27,73.44,0.17,17,2,174,15,1500,73.363,1300,TRAFI,6,GUNVORSA,14,"TOTSA, MERCURIASA, TRAFI, STASCO","GUNVORSA, STASCO",TOTSA,PTRIN,Feb25,1.2030703352021224,0.0028038924624773217,1.542857142857143,0.21794871794871795,1.75,2.72,SELLER_DOMINANT,,,,
2024-12-05,2024,12,123,11,89,34,109,0,3,1100,72.294,72.23,72.33,0.1,6,6,123,11,1100,72.294,300,MERCURIASA,6,GUNVORSA,7,"TRAFI, MERCURIASA, PTRIN","GUNVORSA, GLENCORE, STASCO",TRAFI,GUNVORSA,Feb25,0.6099130947264242,0.0016493485073396008,0.8943089430894309,0.13333333333333333,1.1666666666666667,1.59,BID_PRESSURE,,,,
2024-12-06,2024,12,96,10,34,62,82,3,1,1000,71.345,71.32,71.36,0.04,3,10,95,10,1000,71.345,-600,TOTSA,6,GUNVORSA,9,"TOTSA, PTRIN","GUNVORSA, MERCURIASA",TOTSA,GUNVORSA,Feb25,0.4616237846074996,0.0006597394029358403,0.5833333333333334,0.17142857142857143,1.6363636363636365,1.57,SELLER_DOMINANT,,,,
2024-12-09,2024,12,109,3,41,68,96,7,3,300,72.503,72.49,72.51,0.02,6,4,109,3,300,72.503,100,TOTSA,3,HARTREE,1,TOTSA,"HARTREE, MERCURIASA, STASCO",TOTSA,MERCURIASA,"Feb25, Feb25/Mar25, Mar25",-0.5764013862249723,0.00032986970146792015,0.4954128440366973,0.2857142857142857,0.5,0.64,BUYER_DOMINANT,,,,
2024-12-10,2024,12,105,7,74,31,91,4,3,700,72.626,72.54,72.64,0.1,8,6,105,7,700,72.626,100,TRAFI,4,GUNVORSA,4,"TOTSA, TRAFI","STASCO, GUNVORSA",TRAFI,GUNVORSA,"Feb25, Feb25/Mar25, Mar25",0.01675585425072593,0.0016493485073396008,0.819047619047619,0.21333333333333335,1.0,1.03,BID_PRESSURE,,,,
2024-12-11,2024,12,106,3,65,41,98,2,3,300,73.163,73.15,73.17,0.02,3,4,105,3,300,73.163,-100,TOTSA,3,GUNVORSA,3,TOTSA,GUNVORSA,TOTSA,PTRIN,Feb25,-0.5764013862249723,0.00032986970146792015,0.4528301886792453,0.09090909090909091,1.5,1.02,SELLER_DOMINANT,,,,
2024-12-12,2024,12,128,9,82,46,115,3,1,900,72.594,72.58,72.63,0.05,7,4,128,9,900,72.594,500,TOTSA,5,GUNVORSA,9,"MERCURIASA, TOTSA",GUNVORSA,TOTSA,PTRIN,Feb25,0.31333447448857504,0.0008246742536698004,0.5625,0.1686746987951807,1.8,1.52,SELLER_DOMINANT,,,,
2024-12-13,2024,12,116,9,68,48,101,6,0,1000,74.15,74.12,74.18,0.06,7,8,116,9,1000,74.15,0,TOTSA,5,GUNVORSA,7,"TOTSA, MERCURIASA","PTRIN, GUNVORSA",MERCURIASA,PTRIN,"Feb25, Feb25/Mar25, Mar25",0.4616237846074996,0.0009896091044037604,0.3448275862068966,0.2028985507246377,1.4,1.34,SELLER_DOMINANT,,,,
2024-12-16,2024,12,211,8,87,124,151,52,0,800,73.692,73.51,73.79,0.28,7,53,211,8,800,73.692,0,MERCURIASA,4,GUNVORSA,5,"PTRIN, MERCURIASA, HARTREE, TOTSA","GUNVORSA, GLENCORE, STASCO",MERCURIASA,GUNVORSA,"Feb25, Feb25/Mar25, Mar25",0.1650451643696505,0.004618175820550883,0.35071090047393366,0.1590909090909091,1.1111111111111112,0.95,NORMAL,,,,
2024-12-17,2024,12,331,7,183,148,216,104,4,700,62.303,0.33,72.86,72.53,47,66,331,7,700,62.303,300,MERCURIASA,2,GUNVORSA,3,"PTRIN, MERCURIASA, TRAFI, TOTSA, ICE","GUNVORSA, PTRIN, STASCO",GUNVORSA,GUNVORSA,"Feb25, Feb25/Mar25, Mar25",0.01675585425072593,1.1962724723734124,0.21148036253776434,0.5108695652173914,0.75,1.47,HIGH_PRICE_RANGE,,,,
2024-12-18,2024,12,590,22,250,340,365,202,1,3400,57.19,0.37,74.14,73.77,78,138,590,22,3400,57.19,400,GUNVORSA,10,GUNVORSA,9,"TOTSA, GUNVORSA, PTRIN, HARTREE, STASCO","GUNVORSA, PTRIN, MERCURIASA",GUNVORSA,GUNVORSA,"Feb25, Feb25/Mar25, Mar25",3.0,1.2167243938644234,0.3050847457627119,0.6215139442231076,0.782608695652174,3.18,HIGH_PRICE_RANGE,,,,
2024-12-19,2024,12,514,18,453,61,328,164,4,4500,60.668,0.38,72.92,72.54,157,23,513,18,4500,60.668,1700,GUNVORSA,9,GUNVORSA,6,"GUNVORSA, TOTSA, MERCURIASA, STASCO","HARTREE, GUNVORSA, TOTSA, MERCURIASA, STASCO",GUNVORSA,MERCURIASA,"Feb25, Feb25/Mar25, Mar25",3.0,1.1964374072241466,1.5252918287937742,0.6916299559471366,0.631578947368421,3.74,HIGH_PRICE_RANGE,,,,
2024-12-20,2024,12,398,9,346,52,254,130,5,900,64.639,0.3,72.84,72.54,126,17,398,9,900,64.639,700,MERCURIASA,4,TOTSA,4,"CPUKLTD, MERCURIASA, PTRIN","TOTSA, STASCO, HARTREE, CPUKLTD, UNIPECUK",CPUKLTD,MERCURIASA,"Feb25, Feb25/Mar25, Mar25",0.31333447448857504,1.1964374072241466,1.4773869346733668,0.7262247838616714,0.8,2.47,HIGH_PRICE_RANGE,,,,
2024-12-23,2024,12,576,16,305,271,349,209,2,1600,67.458,0.3,72.17,71.87,115,112,575,16,1600,67.458,-600,GUNVORSA,4,GUNVORSA,11,"GUNVORSA, CPUKLTD, MERCURIASA, PTRIN, BP","CPUKLTD, GUNVORSA, MERCURIASA",GUNVORSA,MERCURIASA,"Feb25, Feb25/Mar25, Mar25",1.351359645321047,1.1853867722249711,0.11805555555555555,0.7516339869281046,1.2941176470588236,2.87,HIGH_PRICE_RANGE,,,,
2024-12-24,2024,12,661,44,313,348,382,229,6,4400,58.223,0.29,73.3,73.01,124,142,0,0,0,,0,GUNVORSA,22,PTRIN,18,"GUNVORSA, PTRIN, CPUKLTD, MERCURIASA, STASCO","PTRIN, GUNVORSA, CPUKLTD, TRAFI, MERCURIASA",GUNVORSA,PTRIN,"Feb25, Feb25/Mar25, Mar25",3.0,1.2041893452086425,0.1059001512859304,0.7898089171974523,0.8,3.17,HIGH_PRICE_RANGE,,,,
2024-12-27,2024,12,88,3,44,44,79,3,3,300,73.723,73.7,73.75,0.05,4,4,84,3,300,73.723,-100,MERCURIASA,3,GUNVORSA,2,MERCURIASA,"STASCO, GUNVORSA",MERCURIASA,PTRIN,"Feb25, Mar25",-0.5764013862249723,0.0008246742536698004,0.0,0.17777777777777778,1.0,0.59,BUYER_DOMINANT,,,,
2024-12-30,2024,12,231,8,113,118,172,48,3,800,64.778,0.59,74.17,73.58,50,8,231,8,800,64.778,-400,GUNVORSA,5,PTRIN,3,"GUNVORSA, CPUKLTD, ICE","PTRIN, GUNVORSA, MERCURIASA, CPUKLTD",GUNVORSA,GUNVORSA,"Apr25, Mar25, Mar25/Apr25",0.1650451643696505,1.2135906317004783,0.04329004329004329,0.8771929824561403,0.6666666666666666,1.65,HIGH_PRICE_RANGE,,,,
2024-12-31,2024,12,58,2,0,58,52,1,3,200,74.55,74.55,74.55,0.0,0,5,0,0,0,,0,PTRIN,1,GUNVORSA,2,"PTRIN, CPUKLTD",GUNVORSA,,MERCURIASA,"Mar25, Mar25/Apr25",-0.7246906963438968,0.0,2.0,0.0,1.3333333333333333,1.67,SELLER_DOMINANT,,,,
2025-01-02,2025,1,80,4,0,80,75,1,0,400,76.355,76.33,76.4,0.07,0,5,80,4,400,76.355,-400,STASCO,2,MERCURIASA,3,"STASCO, PTRIN, CPUKLTD","MERCURIASA, BP",,MERCURIASA,Mar25,-0.4669871849139039,0.0011545439551377207,2.0,0.0,1.2,1.6,SELLER_DOMINANT,,,,
2025-01-03,2025,1,94,4,36,58,88,2,0,400,76.405,76.36,76.42,0.06,2,3,94,4,400,76.405,200,MERCURIASA,4,GUNVORSA,3,MERCURIASA,"GUNVORSA, BP",MERCURIASA,PTRIN,Mar25,-0.4669871849139039,0.0009896091044037604,0.46808510638297873,0.10810810810810811,1.2,0.89,SELLER_DOMINANT,,,,
2025-01-06,2025,1,140,24,92,48,113,3,0,2500,76.804,76.78,76.83,0.05,14,13,140,24,2500,76.804,300,MERCURIASA,10,GUNVORSA,21,"MERCURIASA, TRAFI, PTRIN","GUNVORSA, STASCO, BP",MERCURIASA,GUNVORSA,Mar25,3.0,0.0008246742536698004,0.6285714285714286,0.3010752688172043,1.68,2.91,SELLER_DOMINANT,,,,
2025-01-07,2025,1,497,20,274,223,313,160,4,2000,76.782,76.28,77.0,0.72,106,79,497,20,2000,76.782,-200,MERCURIASA,9,BP,8,"GUNVORSA, PTRIN, MERCURIASA, GLENCORE, TRAFI","BP, GUNVORSA, OMVSTL, STASCO, CPUKLTD",TRAFI,OMVSTL,"Apr25, Mar25, Mar25/Apr25",2.40363294963522,0.011875309252845126,0.2052313883299799,0.7709090909090909,0.7619047619047619,2.48,VOL_SPIKE,,,,
2025-01-08,2025,1,508,17,307,201,319,169,3,1700,76.003,75.59,76.3,0.71,105,81,506,17,1700,76.003,300,GUNVORSA,7,GUNVORSA,7,"GUNVORSA, PTRIN, MERCURIASA, TRAFI, CPUKLTD","HARTREE, GUNVORSA, GLENCORE, STASCO, OMVSTL",MERCURIASA,OMVSTL,"Apr25, Mar25, Mar25/Apr25",1.8653916744072592,0.011710374402111165,0.41732283464566927,0.6818181818181818,0.7777777777777778,2.44,VOL_SPIKE,,,,
2025-01-09,2025,1,568,29,325,243,348,188,3,4100,58.57,0.65,77.21,76.56,117,97,566,29,4100,58.57,100,GUNVORSA,8,MERCURIASA,14,"GUNVORSA, MERCURIASA, PTRIN, TRAFI, ICE","GLENCORE, GUNVORSA, MERCURIASA, OMVSTL, STASCO",GUNVORSA,GUNVORSA,"Apr25, Mar25, Mar25/Apr25",3.0,1.2627412172191983,0.2887323943661972,0.7177914110429447,0.9333333333333333,3.33,HIGH_PRICE_RANGE,,,,
2025-01-10,2025,1,759,8,633,126,497,251,3,800,59.234,0.9,79.02,78.12,218,44,758,8,800,59.234,400,PTRIN,2,MERCURIASA,4,"PTRIN, GUNVORSA, MERCURIASA, TRAFI, ICE","TOTSA, GLENCORE, GUNVORSA, MERCURIASA",GUNVORSA,MERCURIASA,"Apr25, Mar25, Mar25/Apr25",0.250667848723377,1.2884710539336963,1.3359683794466404,0.6876971608832808,0.8888888888888888,2.43,HIGH_PRICE_RANGE,,,,
2025-01-13,2025,1,260,10,168,92,201,47,2,1000,72.951,1.37,81.36,79.99,54,6,260,10,1000,72.951,400,GUNVORSA,3,PTRIN,3,"GUNVORSA, TRAFI, STASCO, CPUKLTD, ICE","PTRIN, OMVSTL, MERCURIASA, CPUKLTD, BP",TRAFI,MERCURIASA,"Apr25, Mar25, Mar25/Apr25",0.6094953655420174,1.3193138710209467,0.5846153846153846,0.6390532544378699,0.5454545454545454,2.16,HIGH_PRICE_RANGE,,,,
2025-01-14,2025,1,586,19,321,265,364,202,1,1900,63.421,1.14,80.53,79.39,111,103,586,19,1900,63.421,300,GUNVORSA,7,MERCURIASA,6,"TOTSA, GUNVORSA, MERCURIASA, PTRIN, TRAFI","HARTREE, BP, GLENCORE, STASCO, MERCURIASA",BP,OMVSTL,"Apr25, Mar25, Mar25/Apr25",2.2242191912258997,1.3094177799769091,0.19112627986348124,0.6894409937888198,0.6,3.13,HIGH_PRICE_RANGE,,,,
2025-01-15,2025,1,450,7,215,235,299,143,1,700,81.209,80.31,81.57,1.26,74,77,450,7,700,81.209,-100,PTRIN,3,MERCURIASA,2,"PTRIN, TRAFI, GLENCORE, CPUKLTD","OMVSTL, MERCURIASA, TOTSA, GLENCORE, BP",TRAFI,MERCURIASA,"Apr25, Mar25, Mar25/Apr25",0.07125409031405676,0.02078179119247897,0.08888888888888889,0.6851851851851852,0.5,0.71,HIGH_PRICE_RANGE,,,,
2025-01-16,2025,1,202,1,72,130,134,64,3,100,80.75,80.75,80.75,0.0,18,49,202,1,100,80.75,-100,HARTREE,1,MERCURIASA,1,HARTREE,MERCURIASA,GLENCORE,MERCURIASA,"Apr25, Mar25, Mar25/Apr25",-1.0052284601418646,0.0,0.5742574257425742,0.4931506849315068,1.0,1.03,SELLER_DOMINANT,,,,
2025-01-17,2025,1,221,7,104,117,148,63,3,700,80.977,80.95,80.99,0.04,21,49,221,7,700,80.977,300,HARTREE,4,MERCURIASA,6,"HARTREE, PTRIN, OMVSTL","MERCURIASA, TOTSA",PTRIN,MERCURIASA,"Apr25, Mar25, Mar25/Apr25",0.07125409031405676,0.0006597394029358403,0.11764705882352941,0.4,1.5,1.07,SELLER_DOMINANT,,,,
2025-01-20,2025,1,245,4,137,108,175,63,3,400,79.895,79.88,79.93,0.05,37,31,245,4,400,79.895,0,GUNVORSA,2,TOTSA,1,"GUNVORSA, BP","TOTSA, STASCO, PTRIN, MERCURIASA",CPUKLTD,GLENCORE,"Apr25, Mar25, Mar25/Apr25",-0.4669871849139039,0.0008246742536698004,0.23673469387755103,0.5362318840579711,0.4,0.59,NORMAL,,,,
2025-01-21,2025,1,176,11,115,61,131,31,3,1100,79.542,79.5,79.7,0.2,39,6,176,11,1100,79.542,700,GUNVORSA,7,MERCURIASA,8,"GUNVORSA, STASCO, HARTREE, CPUKLTD","OMVSTL, MERCURIASA, GLENCORE, CPUKLTD",CPUKLTD,PTRIN,"Apr25, Mar25, Mar25/Apr25",0.7889091239513376,0.0032986970146792016,0.6136363636363636,0.6724137931034483,1.3333333333333333,1.94,SELLER_DOMINANT,,,,
2025-01-22,2025,1,82,2,22,60,74,4,2,800,78.85,78.38,79.32,0.94,2,5,82,2,800,78.85,-800,STASCO,1,MERCURIASA,1,"STASCO, GUNVORSA","MERCURIASA, PTRIN",BP,PTRIN,"Apr25, Mar25, Mar25/Apr25",0.250667848723377,0.015503875968992246,0.926829268292683,0.17391304347826086,0.6666666666666666,1.09,OFFER_PRESSURE,,,,
2025-01-23,2025,1,201,4,48,153,152,40,5,400,78.505,78.49,78.51,0.02,5,40,199,4,400,78.505,200,GUNVORSA,4,MERCURIASA,3,GUNVORSA,"MERCURIASA, HARTREE",GUNVORSA,BP,"Apr25, Mar25, Mar25/Apr25",-0.4669871849139039,0.00032986970146792015,1.044776119402985,0.20408163265306123,1.2,1.22,SELLER_DOMINANT,,,,
2025-01-24,2025,1,439,7,234,205,283,147,2,700,66.94,0.92,78.42,77.5,83,71,439,7,700,66.94,-100,PTRIN,2,MERCURIASA,3,"PTRIN, GUNVORSA, TOTSA, STASCO, ICE","MERCURIASA, PTRIN, TRAFI",GUNVORSA,PTRIN,"Apr25, Mar25, Mar25/Apr25",0.07125409031405676,1.2782450931881906,0.13211845102505695,0.7063829787234043,0.75,1.62,HIGH_PRICE_RANGE,,,,
2025-01-27,2025,1,517,26,198,319,315,175,1,2600,56.414,0.85,77.34,76.49,66,134,517,26,2600,56.414,400,GUNVORSA,14,PTRIN,8,"MERCURIASA, GUNVORSA, STASCO, BP","TOTSA, GUNVORSA, PTRIN, HARTREE, MERCURIASA",GUNVORSA,PTRIN,"Apr25, Mar25, Mar25/Apr25",3.0,1.2615866732640606,0.46808510638297873,0.6633165829145728,0.5925925925925926,3.22,HIGH_PRICE_RANGE,,,,
2025-01-28,2025,1,324,16,242,82,214,90,4,1600,62.398,0.94,77.36,76.42,89,18,324,16,1600,62.398,200,MERCURIASA,8,GUNVORSA,9,"MERCURIASA, CPUKLTD, GUNVORSA, BP, ICE","GUNVORSA, CPUKLTD, TRAFI, HARTREE, ICE",BP,PTRIN,"Apr25, Mar25, Mar25/Apr25",1.6859779159979387,1.260432129308923,0.9876543209876543,0.7325102880658436,1.0588235294117647,3.49,HIGH_PRICE_RANGE,,,,
2025-01-29,2025,1,317,10,183,134,214,88,5,1100,68.979,1.01,77.45,76.44,56,42,317,10,1100,68.979,-100,MERCURIASA,7,GUNVORSA,4,"MERCURIASA, HARTREE, BP","GUNVORSA, STASCO, GLENCORE, MERCURIASA, BP",BP,MERCURIASA,"Apr25, Mar25, Mar25/Apr25",0.7889091239513376,1.2607619990103909,0.30914826498422715,0.6086956521739131,0.7272727272727273,2.21,HIGH_PRICE_RANGE,,,,
2025-01-30,2025,1,137,2,84,53,127,2,6,200,76.33,76.33,76.33,0.0,3,3,136,2,200,76.33,0,MERCURIASA,2,GUNVORSA,1,MERCURIASA,"GUNVORSA, CPUKLTD",GUNVORSA,PTRIN,"Apr25, Mar25",-0.8258147017325443,0.0,0.45255474452554745,0.07058823529411765,0.6666666666666666,0.59,BUYER_DOMINANT,,,,
2025-01-31,2025,1,201,6,93,108,178,7,10,2400,76.058,75.99,76.1,0.11,7,11,153,6,2400,76.058,-800,MERCURIASA,5,PTRIN,3,"STASCO, MERCURIASA","GUNVORSA, GLENCORE, PTRIN",MERCURIASA,PTRIN,"Apr25, Mar25, Mar25/Apr25",3.0,0.001814283358073561,0.14925373134328357,0.14893617021276595,0.8571428571428571,2.18,BUYER_DOMINANT,,,,
2025-02-03,2025,2,197,10,125,72,152,35,0,1000,75.784,75.77,75.84,0.07,35,10,197,10,1000,75.784,-400,MERCURIASA,8,GUNVORSA,4,"MERCURIASA, PTRIN, BP","GUNVORSA, STASCO, PTRIN",MERCURIASA,GUNVORSA,"Apr25, Apr25/May25, May25",0.5109398147608005,0.0011545439551377207,0.5380710659898477,0.5555555555555556,0.7272727272727273,1.32,BUYER_DOMINANT,,,,
2025-02-04,2025,2,267,10,177,90,200,55,2,1000,68.513,0.57,76.24,75.67,54,11,267,10,1000,68.513,-800,CPUKLTD,2,STASCO,3,"GLENCORE, CPUKLTD, MERCURIASA, PTRIN, TOTSA","STASCO, MERCURIASA, CPUKLTD, GUNVORSA",MERCURIASA,STASCO,"Apr25, Apr25/May25, May25",0.5109398147608005,1.248062015503876,0.651685393258427,0.6067415730337079,0.5454545454545454,2.06,HIGH_PRICE_RANGE,,,,
2025-02-05,2025,2,227,6,151,76,160,58,3,600,62.223,0.45,74.68,74.23,56,7,227,6,600,62.223,-400,GLENCORE,3,MERCURIASA,2,"GLENCORE, MERCURIASA, PTRIN","MERCURIASA, GLENCORE, GUNVORSA, STASCO",MERCURIASA,GUNVORSA,"Apr25, Apr25/May25, May25",-0.18414582156353734,1.2243113969981858,0.6607929515418502,0.7368421052631579,0.5714285714285714,1.72,HIGH_PRICE_RANGE,,,,
2025-02-06,2025,2,155,4,91,64,110,39,2,400,56.07,0.44,74.76,74.32,36,6,155,4,400,56.07,-200,CPUKLTD,2,MERCURIASA,2,"CPUKLTD, MERCURIASA, HARTREE","MERCURIASA, CPUKLTD, STASCO",MERCURIASA,MERCURIASA,"Apr25, Apr25/May25, May25",-0.5316886397257062,1.2257958106547913,0.34838709677419355,0.782608695652174,0.8,1.7,HIGH_PRICE_RANGE,,,,
2025-02-07,2025,2,184,9,137,47,137,38,0,900,66.18,0.34,74.51,74.17,40,5,184,9,900,66.18,-300,PTRIN,4,GUNVORSA,6,"GLENCORE, PTRIN, STASCO, MERCURIASA, HARTREE","GUNVORSA, MERCURIASA, PTRIN",MERCURIASA,GUNVORSA,"Apr25, Apr25/May25, May25",0.337168405679716,1.2233217878937819,0.9782608695652174,0.5797101449275363,1.2,2.38,HIGH_PRICE_RANGE,,,,
2025-02-10,2025,2,144,8,54,90,119,14,3,800,75.748,75.74,75.77,0.03,6,16,144,8,800,75.748,-400,GLENCORE,4,MERCURIASA,6,"HARTREE, GLENCORE, STASCO, TOTSA","MERCURIASA, GUNVORSA",GLENCORE,MERCURIASA,"Apr25, Apr25/May25, May25",0.16339699659863158,0.0004948045522018802,0.5,0.21818181818181817,1.3333333333333333,1.16,SELLER_DOMINANT,,,,
2025-02-11,2025,2,406,2,188,218,285,112,7,200,76.395,76.39,76.4,0.01,59,59,406,2,200,76.395,-200,PTRIN,2,GUNVORSA,2,PTRIN,GUNVORSA,GLENCORE,GUNVORSA,"Apr25, Apr25/May25, May25",-0.8792314578878752,0.00016493485073396007,0.1477832512315271,0.6243386243386243,1.3333333333333333,1.05,SELLER_DOMINANT,,,,
2025-02-12,2025,2,329,13,136,193,223,90,3,1300,64.24,0.3,75.95,75.65,52,51,328,13,1300,64.24,-300,GLENCORE,4,MERCURIASA,4,"GLENCORE, CPUKLTD, GUNVORSA, STASCO","PTRIN, GUNVORSA, CPUKLTD, MERCURIASA, VITOL",STASCO,GUNVORSA,"Apr25, Apr25/May25, May25",1.0322540420040538,1.247732145802408,0.3465045592705167,0.7591240875912408,0.5714285714285714,2.41,HIGH_PRICE_RANGE,,,,
2025-02-13,2025,2,264,8,174,90,196,57,3,1500,75.02,74.67,75.16,0.49,58,8,264,8,1500,75.02,100,GUNVORSA,6,STASCO,3,"GUNVORSA, HARTREE, GLENCORE","STASCO, MERCURIASA, PTRIN, TOTSA",GUNVORSA,MERCURIASA,"Apr25, Apr25/May25, May25",1.3797968601662227,0.008081807685964044,0.6363636363636364,0.6628571428571428,0.6666666666666666,2.09,BUYER_DOMINANT,,,,
2025-02-14,2025,2,83,5,19,64,76,1,1,500,74.758,74.75,74.77,0.02,1,5,83,5,500,74.758,-300,STASCO,2,MERCURIASA,3,"HARTREE, PTRIN, STASCO, GLENCORE","MERCURIASA, VITOL",HARTREE,PTRIN,Apr25,-0.3579172306446218,0.00032986970146792015,1.0843373493975903,0.1,1.0,1.09,OFFER_PRESSURE,,,,
2025-02-17,2025,2,329,16,86,243,249,61,3,4600,74.835,74.68,75.04,0.36,13,69,329,16,4600,74.835,0,GLENCORE,11,GUNVORSA,9,"GLENCORE, GUNVORSA","GUNVORSA, MERCURIASA, PTRIN",GUNVORSA,MERCURIASA,"Apr25, Apr25/May25, May25",3.0,0.005937654626422563,0.9544072948328267,0.2988505747126437,1.0588235294117647,2.76,VOL_SPIKE,,,,
2025-02-18,2025,2,193,5,33,160,134,52,2,500,75.362,75.35,75.37,0.02,3,56,193,5,500,75.362,-100,GLENCORE,5,MERCURIASA,4,GLENCORE,"MERCURIASA, TOTSA",GLENCORE,MERCURIASA,"Apr25, Apr25/May25, May25",-0.3579172306446218,0.00032986970146792015,1.3160621761658031,0.17647058823529413,1.3333333333333333,1.41,SELLER_DOMINANT,,,,
2025-02-19,2025,2,51,1,0,51,47,3,0,100,76.44,76.44,76.44,0.0,0,4,51,1,100,76.44,-100,GUNVORSA,1,MERCURIASA,1,GUNVORSA,MERCURIASA,,MERCURIASA,"Apr25, May25",-1.0530028669689597,0.0,2.0,0.0,1.0,1.5,SELLER_DOMINANT,,,,
2025-02-20,2025,2,65,6,23,42,42,17,0,600,50.96,0.42,76.44,76.02,2,17,65,6,600,50.96,200,MERCURIASA,4,PTRIN,2,"MERCURIASA, PTRIN, CPUKLTD","PTRIN, MERCURIASA, CPUKLTD",MERCURIASA,MERCURIASA,"Apr25, Apr25/May25, May25",-0.18414582156353734,1.2538347352795645,0.5846153846153846,0.16666666666666666,0.5714285714285714,1.41,HIGH_PRICE_RANGE,,,,
2025-02-21,2025,2,182,6,105,77,141,34,1,600,62.297,0.37,74.98,74.61,35,6,182,6,600,62.297,200,GLENCORE,3,MERCURIASA,2,"GLENCORE, MERCURIASA, STASCO","MERCURIASA, VITOL, STASCO",MERCURIASA,MERCURIASA,"Apr25, Apr25/May25, May25",-0.18414582156353734,1.230578921326076,0.3076923076923077,0.660377358490566,0.5714285714285714,1.51,HIGH_PRICE_RANGE,,,,
2025-02-24,2025,2,253,4,195,58,135,114,0,400,74.375,74.24,74.74,0.5,58,3,244,4,400,74.375,-200,PTRIN,2,MERCURIASA,2,"PTRIN, TRAFI, STASCO","STASCO, MERCURIASA, UNIPECUK",PTRIN,MERCURIASA,"Apr25, Apr25/May25, May25",-0.5316886397257062,0.008246742536698003,1.08300395256917,0.5918367346938775,0.8,1.24,BID_PRESSURE,,,,
2025-02-25,2025,2,213,0,14,199,136,73,4,0,,,,,6,68,213,0,0,,0,,0,,0,,,PTRIN,PTRIN,"Apr25, Apr25/May25, May25",-1.2267742760500442,0.0,1.7370892018779343,0.8,0.0,1.27,NO_SELLER,,,,
2025-02-26,2025,2,149,1,20,129,106,38,4,100,72.34,72.34,72.34,0.0,4,37,149,1,100,72.34,100,GLENCORE,1,STASCO,1,GLENCORE,STASCO,GLENCORE,GLENCORE,"Apr25, Apr25/May25, May25",-1.0530028669689597,0.0,1.4630872483221478,0.38095238095238093,1.0,1.42,SELLER_DOMINANT,,,,
2025-02-27,2025,2,112,2,47,65,109,1,0,800,73.525,73.31,73.74,0.43,2,3,112,2,800,73.525,600,GLENCORE,1,MERCURIASA,1,"GLENCORE, PTRIN","MERCURIASA, GUNVORSA",PTRIN,GUNVORSA,"Apr25, May25",0.16339699659863158,0.0070921985815602835,0.32142857142857145,0.08333333333333333,0.6666666666666666,0.67,NORMAL,,,,
2025-02-28,2025,2,75,9,36,39,66,0,0,1000,72.747,72.73,72.77,0.04,4,4,75,9,1000,72.747,-200,GUNVORSA,5,MERCURIASA,5,"GUNVORSA, VITOL, HARTREE, STASCO","GLENCORE, MERCURIASA, STASCO, CPUKLTD",GUNVORSA,MERCURIASA,May25,0.5109398147608005,0.0006597394029358403,0.08,0.21621621621621623,1.0,1.06,NORMAL,,,,
2025-03-03,2025,3,94,7,33,61,87,0,0,800,72.634,72.58,72.67,0.09,3,5,94,7,800,72.634,-400,TOTSA,6,MERCURIASA,4,"TOTSA, STASCO","PTRIN, MERCURIASA",TOTSA,MERCURIASA,May25,0.9197847816068226,0.0014844136566056407,0.5957446808510638,0.17647058823529413,1.0,1.62,BUYER_DOMINANT,,,0.06,
2025-03-04,2025,3,82,2,55,27,75,4,1,200,70.5,70.5,70.5,0.0,4,3,82,2,200,70.5,200,MERCURIASA,2,BP,1,MERCURIASA,"BP, PTRIN",MERCURIASA,PTRIN,May25,-0.8924509099394579,0.0,0.6829268292682927,0.14285714285714285,0.6666666666666666,0.75,BUYER_DOMINANT,,,0.08,0.02
2025-03-05,2025,3,152,5,71,81,143,2,2,500,68.534,68.53,68.54,0.01,6,4,152,5,500,68.534,-100,TOTSA,3,BP,3,"TOTSA, STASCO","MERCURIASA, BP",PTRIN,MERCURIASA,May25,0.013666935833682394,0.00016493485073396007,0.13157894736842105,0.16666666666666666,1.0,0.66,NORMAL,,,0.06,-0.02
2025-03-06,2025,3,33,2,33,0,29,1,1,200,68.95,68.95,68.95,0.0,4,0,33,2,200,68.95,200,TOTSA,2,PTRIN,2,TOTSA,PTRIN,TOTSA,,May25,-0.8924509099394579,0.0,2.0,0.23529411764705882,1.3333333333333333,1.78,SELLER_DOMINANT,,,0.08,0.02
2025-03-07,2025,3,67,2,63,4,61,3,1,200,70.65,70.65,70.65,0.0,3,2,67,2,200,70.65,200,TOTSA,2,PTRIN,1,TOTSA,"PTRIN, GLENCORE",TOTSA,PTRIN,May25,-0.8924509099394579,0.0,1.7611940298507462,0.09375,0.6666666666666666,1.26,BUYER_DOMINANT,,,0.05,-0.03
2025-03-10,2025,3,112,2,54,58,106,2,2,200,69.7,69.69,69.71,0.02,2,3,112,2,200,69.7,0,TRAFI,2,MERCURIASA,2,TRAFI,MERCURIASA,PTRIN,MERCURIASA,May25,-0.8924509099394579,0.00032986970146792015,0.07142857142857142,0.07272727272727272,1.3333333333333333,0.74,SELLER_DOMINANT,,,0.03,-0.02
2025-03-11,2025,3,50,7,15,35,42,1,0,800,69.924,69.9,69.95,0.05,3,5,50,7,800,69.924,-200,GUNVORSA,3,MERCURIASA,4,"GUNVORSA, PTRIN, TRAFI","MERCURIASA, STASCO",PTRIN,MERCURIASA,May25,0.9197847816068226,0.0008246742536698004,0.8,0.375,1.0,1.82,OFFER_PRESSURE,,,0.03,0.0
2025-03-12,2025,3,88,3,59,29,79,2,4,300,71.037,71.02,71.06,0.04,4,3,88,3,300,71.037,-100,GUNVORSA,1,MERCURIASA,3,"GUNVORSA, TOTSA, CPUKLTD",MERCURIASA,GUNVORSA,MERCURIASA,May25,-0.5904116280150777,0.0006597394029358403,0.6818181818181818,0.13333333333333333,1.5,1.16,SELLER_DOMINANT,,,0.01,-0.02
2025-03-13,2025,3,53,1,16,37,51,0,1,100,70.21,70.21,70.21,0.0,1,1,53,1,100,70.21,-100,TOTSA,1,MERCURIASA,1,TOTSA,MERCURIASA,PTRIN,MERCURIASA,May25,-1.194490191863838,0.0,0.7924528301886793,0.11764705882352941,1.0,0.96,SELLER_DOMINANT,,,0.02,0.01
2025-03-14,2025,3,59,1,41,18,56,2,0,100,70.44,70.44,70.44,0.0,2,1,59,1,100,70.44,100,MERCURIASA,1,STASCO,1,MERCURIASA,STASCO,MERCURIASA,MERCURIASA,May25,-1.194490191863838,0.0,0.7796610169491526,0.09523809523809523,1.0,0.94,SELLER_DOMINANT,,,0.01,-0.01
2025-03-17,2025,3,328,4,162,166,222,98,4,400,71.03,70.66,71.16,0.5,40,65,328,4,400,71.03,0,HARTREE,2,STASCO,4,"GLENCORE, HARTREE, MERCURIASA",STASCO,CPUKLTD,STASCO,"Jun25, May25, May25/Jun25",-0.2883723460906977,0.008246742536698003,0.024390243902439025,0.49079754601226994,1.6,1.06,SELLER_DOMINANT,,,-0.01,-0.02
2025-03-18,2025,3,105,2,68,37,100,2,1,200,70.895,70.88,70.91,0.03,3,2,105,2,200,70.895,200,MERCURIASA,1,STASCO,1,"MERCURIASA, GLENCORE","STASCO, HARTREE",MERCURIASA,PTRIN,May25,-0.8924509099394579,0.0004948045522018802,0.5904761904761905,0.08695652173913043,0.6666666666666666,0.67,NORMAL,,,0.02,0.03
2025-03-19,2025,3,159,4,78,81,123,30,2,1000,70.828,70.73,70.86,0.13,5,31,159,4,1000,70.828,-400,MERCURIASA,4,TOTSA,1,MERCURIASA,"TOTSA, GLENCORE, CPUKLTD, STASCO",MERCURIASA,STASCO,"Jun25, May25, May25/Jun25",1.5238633454555828,0.002144153059541481,0.03773584905660377,0.12658227848101267,0.4,1.5,BUYER_DOMINANT,,,0.01,-0.01
2025-03-20,2025,3,237,4,92,145,180,50,3,400,71.705,71.5,71.9,0.4,7,51,237,4,400,71.705,200,GLENCORE,2,HARTREE,1,"GLENCORE, MERCURIASA","HARTREE, PTRIN, GUNVORSA, GLENCORE",MERCURIASA,GUNVORSA,"Jun25, May25, May25/Jun25",-0.2883723460906977,0.006597394029358403,0.4472573839662447,0.15053763440860216,0.4,0.5,NORMAL,,,0.02,0.01
2025-03-21,2025,3,197,2,130,67,138,54,3,200,71.48,71.48,71.48,0.0,54,4,197,2,200,71.48,-200,GLENCORE,1,MERCURIASA,2,"GLENCORE, STASCO",MERCURIASA,GLENCORE,PTRIN,"Jun25, May25, May25/Jun25",-0.8924509099394579,0.0,0.6395939086294417,0.8244274809160306,1.3333333333333333,1.4,SELLER_DOMINANT,,,0.02,0.0
2025-03-24,2025,3,179,4,60,119,127,48,0,400,72.883,72.43,73.04,0.61,6,47,179,4,400,72.883,0,TRAFI,1,MERCURIASA,3,"TRAFI, STASCO, GUNVORSA, PTRIN","PTRIN, MERCURIASA",PTRIN,MERCURIASA,"Jun25, May25, May25/Jun25",-0.2883723460906977,0.010061025894771565,0.659217877094972,0.19672131147540983,1.2,1.03,SELLER_DOMINANT,,,0.06,0.04
2025-03-25,2025,3,209,1,85,124,159,42,7,100,72.85,72.85,72.85,0.0,5,41,0,0,0,,0,BP,1,MERCURIASA,1,BP,MERCURIASA,BP,MERCURIASA,"Jun25, May25, May25/Jun25",-1.194490191863838,0.0,0.37320574162679426,0.11627906976744186,1.0,0.74,SELLER_DOMINANT,,,0.06,0.0
2025-03-26,2025,3,424,2,180,244,281,136,5,200,73.66,73.34,73.98,0.64,47,95,0,0,0,,0,MERCURIASA,1,GLENCORE,1,"MERCURIASA, STASCO","GLENCORE, MERCURIASA",CPUKLTD,MERCURIASA,"Jun25, May25, May25/Jun25",-0.8924509099394579,0.010555830446973445,0.3018867924528302,0.5193370165745856,0.6666666666666666,0.75,NORMAL,,,0.11,0.05
2025-03-27,2025,3,234,4,128,106,168,58,4,400,73.16,73.11,73.23,0.12,57,8,0,0,0,,0,TRAFI,3,MERCURIASA,3,"TRAFI, GLENCORE","MERCURIASA, PTRIN",STASCO,MERCURIASA,"Jun25, May25, May25/Jun25",-0.2883723460906977,0.001979218208807521,0.18803418803418803,0.8837209302325582,1.2,1.14,SELLER_DOMINANT,,,0.03,-0.08
2025-03-28,2025,3,84,1,42,42,78,1,4,700,73.33,73.33,73.33,0.0,3,2,0,0,0,,0,GUNVORSA,1,MERCURIASA,1,GUNVORSA,MERCURIASA,GUNVORSA,MERCURIASA,"Jun25, May25",0.6177454996824425,0.0,0.0,0.13953488372093023,1.0,1.06,SELLER_DOMINANT,,,0.13,0.1
2025-03-31,2025,3,115,8,101,14,107,0,0,800,74.541,74.53,74.56,0.03,6,2,115,8,800,74.541,400,VITOL,4,STASCO,3,"VITOL, TOTSA, MERCURIASA","CPUKLTD, GLENCORE, STASCO, GUNVORSA",MERCURIASA,GUNVORSA,Jun25,0.9197847816068226,0.0004948045522018802,1.5130434782608695,0.11764705882352941,0.6666666666666666,1.88,BID_PRESSURE,,,-0.83,-0.96
2025-04-01,2025,4,131,7,47,84,120,2,2,700,74.994,74.98,75.02,0.04,5,6,131,7,700,74.994,100,TOTSA,4,MERCURIASA,4,"TOTSA, STASCO, VITOL","GUNVORSA, MERCURIASA",TOTSA,PTRIN,Jun25,0.09199062872687946,0.0006597394029358403,0.5648854961832062,0.20833333333333334,1.0,0.96,NORMAL,0.07,,,
2025-04-02,2025,4,112,7,58,54,102,2,1,800,74.657,74.65,74.67,0.02,4,8,112,7,800,74.657,-200,MERCURIASA,4,GUNVORSA,3,"MERCURIASA, TOTSA","CPUKLTD, GUNVORSA, PTRIN, STASCO",MERCURIASA,PTRIN,Jun25,0.2613565526445922,0.00032986970146792015,0.07142857142857142,0.13559322033898305,0.75,0.69,NORMAL,0.08,0.01,,
2025-04-03,2025,4,100,7,61,39,93,0,0,700,70.04,70.03,70.06,0.03,5,3,100,7,700,70.04,100,MERCURIASA,4,PTRIN,3,"TOTSA, MERCURIASA, TRAFI","PTRIN, GUNVORSA, GLENCORE",MERCURIASA,PTRIN,Jun25,0.09199062872687946,0.0004948045522018802,0.44,0.16129032258064516,0.75,0.75,NORMAL,0.1,0.02,,
2025-04-04,2025,4,168,6,40,128,158,1,3,600,65.757,65.73,65.78,0.05,3,5,168,6,600,65.757,0,MERCURIASA,6,GUNVORSA,5,MERCURIASA,"GLENCORE, GUNVORSA",MERCURIASA,GUNVORSA,Jun25,-0.07737529519083328,0.0008246742536698004,1.0476190476190477,0.14634146341463414,1.4285714285714286,1.31,SELLER_DOMINANT,0.15,0.05,,
2025-04-07,2025,4,121,4,45,76,115,1,1,400,64.2,64.09,64.27,0.18,2,4,121,4,400,64.2,-200,GUNVORSA,3,PTRIN,2,"GUNVORSA, TRAFI","PTRIN, MERCURIASA",GUNVORSA,PTRIN,Jun25,-0.41610714302625873,0.0029688273132112814,0.512396694214876,0.08695652173913043,0.8,0.7,BUYER_DOMINANT,0.1,-0.05,,
2025-04-08,2025,4,157,7,74,83,148,1,1,700,64.017,63.96,64.03,0.07,5,5,157,7,700,64.017,-100,GUNVORSA,4,MERCURIASA,3,"TOTSA, GUNVORSA, TRAFI","MERCURIASA, PTRIN, GLENCORE, CPUKLTD",GUNVORSA,MERCURIASA,Jun25,0.09199062872687946,0.0011545439551377207,0.11464968152866242,0.13333333333333333,0.75,0.57,NORMAL,0.1,0.0,,
2025-04-09,2025,4,174,10,144,30,163,1,0,1000,60.471,60.45,60.48,0.03,8,3,174,10,1000,60.471,400,GUNVORSA,6,MERCURIASA,5,"GUNVORSA, TOTSA","CPUKLTD, MERCURIASA, PTRIN, STASCO",GUNVORSA,PTRIN,Jun25,0.6000884004800177,0.0004948045522018802,1.3103448275862069,0.1103448275862069,0.9090909090909091,1.65,BID_PRESSURE,0.11,0.01,,
2025-04-10,2025,4,315,7,233,82,248,58,2,700,63.04,62.62,63.21,0.59,62,6,315,7,700,63.04,100,GUNVORSA,3,PTRIN,3,"GUNVORSA, TOTSA, GLENCORE","PTRIN, MERCURIASA, CPUKLTD, STASCO",GUNVORSA,MERCURIASA,"Jul25, Jun25, Jun25/Jul25",0.09199062872687946,0.009731156193303643,0.9587301587301588,0.5299145299145299,0.75,1.2,BID_PRESSURE,0.13,0.02,,
2025-04-11,2025,4,558,7,266,292,368,180,3,700,63.236,62.91,63.7,0.79,63,127,558,7,700,63.236,300,GUNVORSA,4,PTRIN,3,"GUNVORSA, MERCURIASA","MERCURIASA, GLENCORE, PTRIN, STASCO",MERCURIASA,PTRIN,"Jul25, Jun25, Jun25/Jul25",0.09199062872687946,0.013029853207982847,0.0931899641577061,0.47191011235955055,0.75,0.74,NORMAL,0.16,0.03,,
2025-04-14,2025,4,201,7,31,170,132,61,1,700,64.88,64.22,64.99,0.77,1,68,201,7,700,64.88,-500,TRAFI,6,PTRIN,6,"MERCURIASA, TRAFI","GLENCORE, PTRIN",MERCURIASA,PTRIN,"Jul25, Jun25, Jun25/Jul25",0.09199062872687946,0.012699983506514927,1.3830845771144278,0.0625,1.5,1.55,SELLER_DOMINANT,0.14,-0.02,,
2025-04-15,2025,4,255,9,135,120,188,54,4,900,64.488,64.48,64.55,0.07,54,11,255,9,900,64.488,300,TRAFI,9,GUNVORSA,8,TRAFI,"GUNVORSA, STASCO",MERCURIASA,PTRIN,"Jul25, Jun25, Jun25/Jul25",0.43072247656230495,0.0011545439551377207,0.11764705882352941,0.7941176470588235,1.6,1.6,SELLER_DOMINANT,0.22,0.08,,
2025-04-16,2025,4,61,4,29,32,52,3,2,400,65.95,65.95,65.95,0.0,3,6,61,4,400,65.95,-200,STASCO,2,GUNVORSA,4,"STASCO, PTRIN",GUNVORSA,MERCURIASA,GUNVORSA,Jun25,-0.41610714302625873,0.0,0.09836065573770492,0.2,1.6,0.95,SELLER_DOMINANT,0.25,0.03,,
2025-04-17,2025,4,319,6,115,204,238,70,5,600,66.733,66.71,66.75,0.04,7,73,0,0,0,,0,TRAFI,4,GUNVORSA,3,"TOTSA, TRAFI","PTRIN, GUNVORSA, STASCO",TRAFI,PTRIN,"Jul25, Jun25, Jun25/Jul25",-0.07737529519083328,0.0006597394029358403,0.5579937304075235,0.1206896551724138,0.8571428571428571,0.77,NORMAL,0.29,0.04,,
2025-04-22,2025,4,612,18,331,281,423,165,6,1900,67.053,66.51,67.55,1.04,103,84,612,18,1900,67.053,-100,TRAFI,8,GUNVORSA,7,"TRAFI, CPUKLTD, MERCURIASA, TOTSA","GUNVORSA, HARTREE, STASCO, PTRIN, GLENCORE",CPUKLTD,GLENCORE,"Jul25, Jun25, Jun25/Jul25",2.1243817157394322,0.017153224476331847,0.16339869281045752,0.6204819277108434,0.7368421052631579,2.37,HIGH_PRICE_RANGE,0.27,-0.02,,
2025-04-23,2025,4,802,22,423,379,534,241,5,2300,64.954,64.68,65.72,1.04,138,130,802,22,2300,64.954,100,TRAFI,13,GUNVORSA,15,"GLENCORE, STASCO, TOTSA, TRAFI, MERCURIASA","GUNVORSA, PTRIN, MERCURIASA, GLENCORE, STASCO",CPUKLTD,MERCURIASA,"Jul25, Jun25, Jun25/Jul25",2.8018454114102833,0.017153224476331847,0.10972568578553615,0.6509433962264151,1.3043478260869565,2.64,HIGH_PRICE_RANGE,0.33,0.06,,
2025-04-24,2025,4,405,21,299,106,266,114,4,2100,62.312,0.86,66.11,65.25,112,24,405,21,2100,62.312,900,TRAFI,14,GUNVORSA,15,"TRAFI, STASCO, MERCURIASA, CPUKLTD, GLENCORE","GUNVORSA, TOTSA, CPUKLTD, TRAFI",MERCURIASA,GUNVORSA,"Jul25, Jun25, Jun25/Jul25",2.463113563574858,1.0761999010390895,0.9530864197530864,0.7466666666666667,1.3636363636363635,3.78,SELLER_DOMINANT,0.35,0.02,,
2025-04-25,2025,4,471,15,168,303,314,137,5,1500,65.717,65.67,65.76,0.09,44,112,470,15,1500,65.717,-300,TRAFI,12,GUNVORSA,12,"PTRIN, TRAFI, STASCO","GUNVORSA, STASCO, MERCURIASA",CPUKLTD,MERCURIASA,"Jul25, Jun25, Jun25/Jul25",1.4469180200685814,0.0014844136566056407,0.5732484076433121,0.5207100591715976,1.5,2.46,SELLER_DOMINANT,0.51,0.16,,
2025-04-28,2025,4,344,12,176,168,249,80,3,1200,64.611,64.39,65.5,1.11,79,15,344,12,1200,64.611,-1200,PTRIN,8,GUNVORSA,10,"MERCURIASA, HARTREE, PTRIN, STASCO","GUNVORSA, MERCURIASA",CPUKLTD,GUNVORSA,"Jul25, Jun25, Jun25/Jul25",0.9388202483154431,0.01830776843146957,0.046511627906976744,0.8926553672316384,1.5384615384615385,2.0,SELLER_DOMINANT,0.59,0.08,,
2025-04-29,2025,4,198,15,72,126,180,1,2,2100,63.826,63.71,64.73,1.02,4,16,198,15,2100,63.826,-1300,PTRIN,7,GUNVORSA,9,"PTRIN, VITOL, STASCO, GLENCORE, GUNVORSA","GUNVORSA, MERCURIASA, PTRIN",PTRIN,GUNVORSA,"Jul25, Jun25",2.463113563574858,0.01682335477486393,0.5454545454545454,0.1095890410958904,1.125,2.5,HIGH_PRICE_RANGE,0.6,0.01,,
2025-04-30,2025,4,232,4,109,123,180,47,1,400,62.682,62.39,62.78,0.39,7,46,230,4,400,62.682,200,GUNVORSA,3,GLENCORE,2,"GUNVORSA, BP","GLENCORE, PTRIN",GUNVORSA,PTRIN,"Aug25, Jul25, Jul25/Aug25",-0.41610714302625873,0.006432459178624443,0.1206896551724138,0.12727272727272726,0.8,0.53,BUYER_DOMINANT,1.67,1.07,,
2025-05-01,2025,5,157,13,42,115,143,1,0,1300,61.498,61.47,61.51,0.04,1,13,157,13,1300,61.498,-1100,PTRIN,11,GUNVORSA,10,"PTRIN, GLENCORE, HARTREE","MERCURIASA, GUNVORSA",PTRIN,GUNVORSA,Jul25,1.5234037859130687,0.0006597394029358403,0.9299363057324841,0.046511627906976744,1.4285714285714286,2.42,SELLER_DOMINANT,,,,
2025-05-02,2025,5,78,5,33,45,72,0,1,500,61.194,61.18,61.22,0.04,3,3,78,5,500,61.194,-100,PTRIN,2,MERCURIASA,5,"PTRIN, HARTREE, STASCO, BP",MERCURIASA,PTRIN,MERCURIASA,Jul25,-0.3782163127209233,0.0006597394029358403,0.3076923076923077,0.17647058823529413,1.6666666666666667,1.08,SELLER_DOMINANT,,,,
2025-05-06,2025,5,150,11,56,94,135,2,2,1100,62.549,62.52,62.57,0.05,8,8,150,11,1100,62.549,-300,PTRIN,6,GUNVORSA,7,"TOTSA, PTRIN, CPUKLTD, HARTREE, STASCO","GUNVORSA, MERCURIASA",PTRIN,GUNVORSA,Jul25,1.0479987612545707,0.0008246742536698004,0.5066666666666667,0.2807017543859649,1.1666666666666667,1.82,NORMAL,,,,
2025-05-07,2025,5,178,15,63,115,159,0,4,1500,61.415,61.34,61.46,0.12,7,12,178,15,1500,61.415,-100,PTRIN,5,GUNVORSA,15,"PTRIN, TOTSA, TRAFI, CPUKLTD, GLENCORE",GUNVORSA,PTRIN,GUNVORSA,Jul25,1.9988088105715667,0.001979218208807521,0.5842696629213483,0.21875,1.875,2.94,SELLER_DOMINANT,,,,
2025-05-08,2025,5,94,3,40,54,84,6,1,300,62.707,62.7,62.71,0.01,5,3,94,3,300,62.707,100,GLENCORE,3,PTRIN,1,GLENCORE,"PTRIN, GUNVORSA, STASCO",GLENCORE,PTRIN,"Aug25, Jul25, Jul25/Aug25",-0.8536213373794214,0.00016493485073396007,0.2978723404255319,0.24390243902439024,0.5,0.52,BUYER_DOMINANT,,,,
2025-05-09,2025,5,139,13,39,100,122,2,2,1300,63.571,63.56,63.6,0.04,5,12,139,13,1300,63.571,-500,CPUKLTD,5,GUNVORSA,8,"CPUKLTD, PTRIN, GLENCORE, TOTSA","GUNVORSA, MERCURIASA",PTRIN,GUNVORSA,Jul25,1.5234037859130687,0.0006597394029358403,0.8776978417266187,0.25,1.1428571428571428,2.35,VOL_SPIKE,,,,
2025-05-12,2025,5,606,12,170,436,418,173,3,1200,59.719,0.42,65.16,64.74,8,177,606,12,1200,59.719,0,PTRIN,4,GUNVORSA,8,"PTRIN, TOTSA, VITOL, GLENCORE, STASCO","GUNVORSA, MERCURIASA, STASCO",MERCURIASA,MERCURIASA,"Aug25, Jul25, Jul25/Aug25",1.2857012735838198,1.0677882236516574,0.8778877887788779,0.0935672514619883,1.2307692307692308,2.77,HIGH_PRICE_RANGE,,,,
2025-05-13,2025,5,65,4,38,27,61,0,0,400,66.188,66.18,66.21,0.03,2,3,65,4,400,66.188,-200,PTRIN,2,MERCURIASA,3,"PTRIN, HARTREE, STASCO","STASCO, MERCURIASA",PTRIN,MERCURIASA,Jul25,-0.6159188250501724,0.0004948045522018802,0.3384615384615385,0.10256410256410256,1.2,0.82,SELLER_DOMINANT,,,,
2025-05-14,2025,5,240,9,149,91,162,68,1,900,51.348,0.43,66.04,65.61,46,29,240,9,900,51.348,300,MERCURIASA,5,STASCO,4,"PTRIN, GLENCORE, MERCURIASA, STASCO","GUNVORSA, MERCURIASA, STASCO",PTRIN,MERCURIASA,"Aug25, Jul25, Jul25/Aug25",0.5725937365960727,1.0821375556655122,0.48333333333333334,0.6133333333333333,0.8,2.06,HIGH_PRICE_RANGE,,,,
2025-05-15,2025,5,321,9,223,98,251,57,4,900,63.933,63.72,64.31,0.59,64,7,321,9,900,63.933,500,PTRIN,3,GUNVORSA,4,"PTRIN, GUNVORSA, GLENCORE, MERCURIASA","GUNVORSA, PTRIN, MERCURIASA",MERCURIASA,GUNVORSA,"Aug25, Jul25, Jul25/Aug25",0.5725937365960727,0.009731156193303643,0.778816199376947,0.5714285714285714,0.8,1.54,BID_PRESSURE,,,,
2025-05-16,2025,5,336,5,159,177,239,88,4,500,64.494,64.47,64.56,0.09,45,51,336,5,500,64.494,-300,STASCO,2,GUNVORSA,4,"STASCO, MERCURIASA, GLENCORE","MERCURIASA, GUNVORSA",GUNVORSA,MERCURIASA,"Aug25, Jul25, Jul25/Aug25",-0.3782163127209233,0.0014844136566056407,0.10714285714285714,0.5625,1.3333333333333333,1.0,SELLER_DOMINANT,,,,
2025-05-19,2025,5,314,15,258,56,229,66,4,1500,65.129,64.73,65.56,0.83,77,9,314,15,1500,65.129,500,TRAFI,6,GUNVORSA,7,"MERCURIASA, TRAFI, GUNVORSA, GLENCORE","CPUKLTD, GUNVORSA, TOTSA, PTRIN, HARTREE",GUNVORSA,GUNVORSA,"Aug25, Jul25, Jul25/Aug25",1.9988088105715667,0.013689592610918686,1.286624203821656,0.5945945945945946,0.875,2.99,VOL_SPIKE,,,,
2025-05-20,2025,5,459,10,231,228,294,149,6,1000,58.296,0.59,65.11,64.52,84,79,459,10,1000,58.296,400,MERCURIASA,4,GUNVORSA,3,"GLENCORE, MERCURIASA, TRAFI","MERCURIASA, GLENCORE, GUNVORSA, STASCO, TOTSA",MERCURIASA,PTRIN,"Aug25, Jul25, Jul25/Aug25",0.8102962489253217,1.0641596569355103,0.013071895424836602,0.7241379310344828,0.5454545454545454,1.93,HIGH_PRICE_RANGE,,,,
2025-05-21,2025,5,613,6,370,243,429,167,11,600,65.113,65.1,65.13,0.03,95,86,613,6,600,65.113,400,GUNVORSA,3,TOTSA,4,"GUNVORSA, MERCURIASA","TOTSA, STASCO",GLENCORE,STASCO,"Aug25, Jul25, Jul25/Aug25",-0.14051380039167433,0.0004948045522018802,0.41435562805872755,0.5121293800539084,1.1428571428571428,1.03,NORMAL,,,,
2025-05-22,2025,5,508,17,285,223,343,145,3,1700,56.551,0.44,64.2,63.76,84,80,508,17,1700,56.551,1100,GUNVORSA,7,TOTSA,5,"GUNVORSA, TRAFI, MERCURIASA, TOTSA, ICE","TRAFI, PTRIN, TOTSA, HARTREE, STASCO",MERCURIASA,TOTSA,"Aug25, Jul25, Jul25/Aug25",2.4742138352300644,1.0516246082797294,0.2440944881889764,0.5874125874125874,0.5555555555555556,2.92,HIGH_PRICE_RANGE,,,,
2025-05-23,2025,5,476,7,299,177,317,149,3,700,64.964,64.96,64.97,0.01,89,69,475,7,700,64.964,500,MERCURIASA,4,TOTSA,5,"MERCURIASA, GUNVORSA","PTRIN, TOTSA, GLENCORE",MERCURIASA,PTRIN,"Aug25, Jul25, Jul25/Aug25",0.0971887119375747,0.00016493485073396007,0.5126050420168067,0.5933333333333334,1.25,1.26,SELLER_DOMINANT,,,,
2025-05-27,2025,5,431,10,248,183,295,123,3,1000,63.488,63.23,63.74,0.51,73,64,431,10,1000,63.488,400,GUNVORSA,5,PTRIN,6,"GUNVORSA, MERCURIASA","PTRIN, MERCURIASA, BP, GLENCORE",GUNVORSA,MERCURIASA,"Aug25, Jul25, Jul25/Aug25",0.8102962489253217,0.008411677387431964,0.30162412993039445,0.5863453815261044,1.0909090909090908,1.64,NORMAL,,,,
2025-05-28,2025,5,681,5,426,255,479,191,6,500,65.126,65.11,65.13,0.02,110,91,681,5,500,65.126,500,GUNVORSA,3,BP,3,"MERCURIASA, GUNVORSA","BP, HARTREE, PTRIN",CPUKLTD,PTRIN,"Aug25, Jul25, Jul25/Aug25",-0.3782163127209233,0.00032986970146792015,0.5022026431718062,0.5152224824355972,1.0,1.01,NORMAL,,,,
2025-05-29,2025,5,159,1,36,123,154,1,3,100,63.48,63.48,63.48,0.0,1,3,159,1,100,63.48,100,MERCURIASA,1,BP,1,MERCURIASA,BP,MERCURIASA,TOTSA,"Aug25, Jul25",-1.3290263620379192,0.0,1.0943396226415094,0.05405405405405406,1.0,1.07,SELLER_DOMINANT,,,,
2025-05-30,2025,5,72,5,20,52,63,2,2,500,62.554,62.53,62.56,0.03,1,8,72,5,500,62.554,-500,MERCURIASA,2,PTRIN,5,"TOTSA, MERCURIASA, STASCO",PTRIN,MERCURIASA,PTRIN,Aug25,-0.3782163127209233,0.0004948045522018802,0.8888888888888888,0.09523809523809523,1.6666666666666667,1.33,SELLER_DOMINANT,,,,
2025-06-02,2025,6,250,9,154,96,238,1,2,900,64.806,64.75,64.84,0.09,8,4,250,9,900,64.806,500,TOTSA,4,GLENCORE,3,"TRAFI, TOTSA, MERCURIASA","GLENCORE, CPUKLTD, HARTREE, BP, STASCO",TOTSA,CPUKLTD,Aug25,0.3706384447042628,0.0014844136566056407,0.464,0.1032258064516129,0.6,0.88,NORMAL,,,,
2025-06-03,2025,6,179,17,130,49,161,0,1,1700,65.938,65.83,66.0,0.17,9,8,179,17,1700,65.938,300,MERCURIASA,6,PTRIN,8,"TOTSA, MERCURIASA, TRAFI, STASCO","CPUKLTD, PTRIN, GLENCORE, STASCO",TOTSA,PTRIN,Aug25,1.81975116084123,0.0028038924624773217,0.9050279329608939,0.13740458015267176,0.8888888888888888,2.42,VOL_SPIKE,,,,
2025-06-04,2025,6,282,24,177,105,257,1,0,2400,64.772,64.74,64.8,0.06,12,12,282,24,2400,64.772,200,TRAFI,10,GLENCORE,8,"MERCURIASA, TRAFI, TOTSA","PTRIN, STASCO, CPUKLTD, BP, GLENCORE",TOTSA,PTRIN,Aug25,3.0,0.0009896091044037604,0.5106382978723404,0.1348314606741573,0.64,2.24,VOL_SPIKE,,,,
2025-06-05,2025,6,387,10,320,67,289,83,5,1000,65.66,65.65,65.67,0.02,90,6,387,10,1000,65.66,400,MERCURIASA,5,BP,6,"MERCURIASA, TRAFI, TOTSA","BP, GLENCORE, STASCO",TOTSA,GLENCORE,"Aug25, Aug25/Sep25, Sep25",0.5517775342213838,0.00032986970146792015,1.3074935400516796,0.5607476635514018,1.0909090909090908,1.92,BID_PRESSURE,,,,
2025-06-06,2025,6,363,6,265,98,284,66,7,600,66.317,66.31,66.33,0.02,65,9,362,6,600,66.317,-200,MERCURIASA,2,BP,4,"STASCO, TOTSA, MERCURIASA, TRAFI","BP, GLENCORE",MERCURIASA,GLENCORE,"Aug25, Aug25/Sep25, Sep25",-0.1727788238470999,0.00032986970146792015,0.9201101928374655,0.48872180451127817,1.1428571428571428,1.28,BID_PRESSURE,,,,
2025-06-09,2025,6,258,8,183,75,197,51,2,800,67.126,67.02,67.69,0.67,54,5,258,8,800,67.126,200,MERCURIASA,5,PTRIN,3,"MERCURIASA, TOTSA, TRAFI","PTRIN, GLENCORE, HARTREE, STASCO",MERCURIASA,PTRIN,"Aug25, Aug25/Sep25, Sep25",0.18949935518714192,0.011050634999175326,0.8372093023255814,0.5869565217391305,0.6666666666666666,1.2,BID_PRESSURE,,,,
2025-06-10,2025,6,450,7,230,220,335,106,2,700,67.893,67.2,68.08,0.88,52,63,449,7,700,67.893,-500,TRAFI,5,GLENCORE,4,"MERCURIASA, TOTSA, TRAFI","PTRIN, GLENCORE, CPUKLTD",MERCURIASA,BP,"Aug25, Aug25/Sep25, Sep25",0.008360265670021013,0.014514266864588487,0.044444444444444446,0.45021645021645024,1.0,0.76,BUYER_DOMINANT,,,,
2025-06-11,2025,6,436,7,216,220,309,117,3,700,68.149,67.52,68.28,0.76,51,77,436,7,700,68.149,-300,MERCURIASA,5,PTRIN,4,"TOTSA, TRAFI, MERCURIASA","CPUKLTD, PTRIN, GLENCORE",MERCURIASA,GLENCORE,"Aug25, Aug25/Sep25, Sep25",0.008360265670021013,0.012535048655780966,0.01834862385321101,0.4700460829493088,1.0,0.76,BUYER_DOMINANT,,,,
2025-06-12,2025,6,647,2,251,396,454,182,9,200,69.515,69.5,69.53,0.03,80,108,647,2,200,69.515,0,MERCURIASA,2,GUNVORSA,2,MERCURIASA,GUNVORSA,MERCURIASA,GUNVORSA,"Aug25, Aug25/Sep25, Sep25",-0.8973351819155835,0.0004948045522018802,0.4482225656877898,0.6349206349206349,1.3333333333333333,1.21,SELLER_DOMINANT,,,,
2025-06-13,2025,6,520,1,220,300,325,188,6,100,73.66,73.66,73.66,0.0,74,116,519,1,100,73.66,-100,MERCURIASA,1,PTRIN,1,MERCURIASA,PTRIN,MERCURIASA,PTRIN,"Aug25, Aug25/Sep25, Sep25",-1.0784742714327045,0.0,0.3076923076923077,0.669683257918552,1.0,0.99,SELLER_DOMINANT,,,,
2025-06-16,2025,6,399,7,377,22,278,111,3,700,61.563,1.2,71.85,70.65,117,1,399,7,700,61.563,500,MERCURIASA,3,TOTSA,3,"MERCURIASA, BP, STASCO","PTRIN, TOTSA, STASCO, BP",BP,GLENCORE,"Aug25, Aug25/Sep25, Sep25",0.008360265670021013,1.165264720435428,1.7794486215538847,0.6190476190476191,0.75,2.28,HIGH_PRICE_RANGE,,,,
2025-06-17,2025,6,540,40,247,293,348,152,0,4000,54.508,1.35,75.48,74.13,70,100,540,40,4000,54.508,800,BP,20,TOTSA,20,"TOTSA, GLENCORE, TRAFI, BP, STASCO","STASCO, TRAFI, GLENCORE, TOTSA, BP",BP,MERCURIASA,"Aug25, Aug25/Sep25, Sep25",3.0,1.222662048490846,0.17037037037037037,0.5645161290322581,0.975609756097561,3.19,HIGH_PRICE_RANGE,,,,
2025-06-18,2025,6,603,5,206,397,374,222,2,500,74.958,73.86,75.24,1.38,59,169,603,5,500,74.958,300,MERCURIASA,4,STASCO,2,"MERCURIASA, TOTSA","PTRIN, GLENCORE, CPUKLTD, STASCO",GLENCORE,PTRIN,"Aug25, Aug25/Sep25, Sep25",-0.3539179133642208,0.02276100940128649,0.6334991708126037,0.5700483091787439,0.6666666666666666,0.95,BUYER_DOMINANT,,,,
2025-06-19,2025,6,609,6,415,194,380,216,7,600,65.53,1.9,79.09,77.19,145,78,607,6,600,65.53,-200,PTRIN,2,STASCO,3,"PTRIN, STASCO, CPUKLTD, ICE","STASCO, MERCURIASA, GUNVORSA",PTRIN,MERCURIASA,"Aug25, Aug25/Sep25, Sep25",-0.1727788238470999,1.2731321128154378,0.7257799671592775,0.6971153846153846,0.8571428571428571,1.9,HIGH_PRICE_RANGE,,,,
2025-06-20,2025,6,713,8,305,408,459,239,7,800,66.109,1.44,76.55,75.11,79,171,713,8,800,66.109,400,MERCURIASA,4,STASCO,2,"TOTSA, MERCURIASA, CPUKLTD","STASCO, GUNVORSA, CPUKLTD, MERCURIASA, HARTREE",CPUKLTD,MERCURIASA,"Aug25, Aug25/Sep25, Sep25",0.18949935518714192,1.2388256638627742,0.28892005610098176,0.5163398692810458,0.4444444444444444,1.52,HIGH_PRICE_RANGE,,,,
2025-06-23,2025,6,312,10,99,213,208,92,2,1000,75.846,75.17,76.34,1.17,28,75,311,10,1000,75.846,200,MERCURIASA,4,GLENCORE,6,"STASCO, MERCURIASA, PTRIN, CPUKLTD","TRAFI, CPUKLTD, GLENCORE, PTRIN",MERCURIASA,GLENCORE,"Aug25, Aug25/Sep25, Sep25",0.5517775342213838,0.01929737753587333,0.7307692307692307,0.56,1.0909090909090908,1.64,HIGH_PRICE_RANGE,,,,
2025-06-24,2025,6,572,4,280,292,341,221,6,400,67.225,67.2,67.24,0.04,114,114,572,4,400,67.225,200,MERCURIASA,4,GLENCORE,4,MERCURIASA,GLENCORE,MERCURIASA,GLENCORE,"Aug25, Aug25/Sep25, Sep25",-0.5350570028813417,0.0006597394029358403,0.04195804195804196,0.8113879003558719,1.6,1.23,SELLER_DOMINANT,,,,
2025-06-25,2025,6,602,4,332,270,371,219,8,400,67.5,67.21,68.36,1.15,117,109,600,4,400,67.5,-200,MERCURIASA,3,GLENCORE,3,"MERCURIASA, TOTSA","GLENCORE, STASCO",MERCURIASA,GLENCORE,"Aug25, Aug25/Sep25, Sep25",-0.5350570028813417,0.018967507834405407,0.2059800664451827,0.7027027027027027,1.2,1.07,SELLER_DOMINANT,,,,
2025-06-26,2025,6,381,7,141,240,233,139,2,700,68.221,67.85,69.08,1.23,47,100,381,7,700,68.221,-100,MERCURIASA,5,GLENCORE,6,"MERCURIASA, STASCO, CPUKLTD","GLENCORE, PTRIN",CPUKLTD,GLENCORE,"Aug25, Aug25/Sep25, Sep25",0.008360265670021013,0.020286986640277088,0.5196850393700787,0.6619718309859155,1.5,1.36,SELLER_DOMINANT,,,,
2025-06-27,2025,6,113,12,37,76,99,1,1,1300,67.305,67.29,67.33,0.04,4,10,112,12,1300,67.305,-500,MERCURIASA,8,GUNVORSA,9,"MERCURIASA, STASCO","STASCO, GUNVORSA",MERCURIASA,GUNVORSA,"Aug25, Sep25",1.0951948027727465,0.0006597394029358403,0.6902654867256637,0.21052631578947367,1.3846153846153846,2.02,SELLER_DOMINANT,,,,
2025-06-30,2025,6,46,1,18,28,43,1,1,100,66.54,66.54,66.54,0.0,1,2,46,1,100,66.54,-100,BP,1,MERCURIASA,1,BP,MERCURIASA,BP,MERCURIASA,Sep25,-1.0784742714327045,0.0,0.43478260869565216,0.10526315789473684,1.0,0.77,SELLER_DOMINANT,,,,
2025-07-01,2025,7,117,7,72,45,107,2,1,900,66.936,66.92,66.97,0.05,5,5,117,7,900,66.936,300,MERCURIASA,4,TRAFI,3,"MERCURIASA, PTRIN, GLENCORE","STASCO, TRAFI, GUNVORSA",MERCURIASA,TRAFI,Sep25,0.5851280945078356,0.0008246742536698004,0.46153846153846156,0.136986301369863,0.75,1.14,NORMAL,,,,
2025-07-02,2025,7,38,2,4,34,33,3,0,200,67.72,67.72,67.72,0.0,2,3,38,2,200,67.72,-200,PTRIN,2,MERCURIASA,2,PTRIN,MERCURIASA,MERCURIASA,MERCURIASA,Sep25,-0.9733488379002236,0.0,1.5789473684210527,0.8,1.3333333333333333,1.86,SELLER_DOMINANT,,,,
2025-07-03,2025,7,102,2,88,14,95,4,1,200,68.74,68.74,68.74,0.0,5,2,102,2,200,68.74,200,MERCURIASA,2,PTRIN,1,MERCURIASA,"PTRIN, TRAFI",MERCURIASA,MERCURIASA,Sep25,-0.9733488379002236,0.0,1.4509803921568627,0.11235955056179775,0.6666666666666666,1.12,BUYER_DOMINANT,,,,
2025-07-04,2025,7,60,1,32,28,55,2,2,100,68.35,68.35,68.35,0.0,2,2,60,1,100,68.35,100,PTRIN,1,TRAFI,1,PTRIN,TRAFI,PTRIN,MERCURIASA,Sep25,-1.1959883996728036,0.0,0.13333333333333333,0.12121212121212122,1.0,0.63,SELLER_DOMINANT,,,,
2025-07-07,2025,7,82,3,22,60,76,1,2,300,69.1,69.08,69.11,0.03,1,5,82,3,300,69.1,-100,PTRIN,1,GUNVORSA,3,"PTRIN, STASCO, GLENCORE",GUNVORSA,PTRIN,MERCURIASA,Sep25,-0.7507092761276437,0.0004948045522018802,0.926829268292683,0.08695652173913043,1.5,1.26,SELLER_DOMINANT,,,,
2025-07-08,2025,7,126,9,53,73,113,1,3,900,69.97,69.93,69.98,0.05,7,5,126,9,900,69.97,500,GLENCORE,5,GUNVORSA,5,"PTRIN, GLENCORE","GUNVORSA, MERCURIASA",PTRIN,MERCURIASA,Sep25,0.5851280945078356,0.0008246742536698004,0.31746031746031744,0.25925925925925924,1.0,1.26,NORMAL,,,,
2025-07-09,2025,7,123,6,43,80,111,4,2,600,70.407,70.38,70.43,0.05,3,9,123,6,600,70.407,-400,GLENCORE,5,GUNVORSA,4,"GLENCORE, BP","GUNVORSA, MERCURIASA",PTRIN,GUNVORSA,"Oct25, Sep25, Sep25/Oct25",-0.08279059080990407,0.0008246742536698004,0.6016260162601627,0.13636363636363635,1.1428571428571428,0.94,BUYER_DOMINANT,,,,
2025-07-10,2025,7,260,8,48,212,184,65,3,800,68.604,67.78,68.89,1.11,3,72,260,8,800,68.604,-400,PTRIN,4,GUNVORSA,5,"GLENCORE, PTRIN, BP, STASCO","GUNVORSA, MERCURIASA",GLENCORE,MERCURIASA,"Oct25, Sep25, Sep25/Oct25",0.3624885327352557,0.01830776843146957,1.2615384615384615,0.12244897959183673,1.1111111111111112,1.55,HIGH_PRICE_RANGE,,,,
2025-07-11,2025,7,56,2,36,20,51,3,0,200,70.505,70.49,70.52,0.03,3,2,56,2,200,70.505,200,MERCURIASA,2,GLENCORE,2,MERCURIASA,GLENCORE,MERCURIASA,MERCURIASA,Sep25,-0.9733488379002236,0.0004948045522018802,0.5714285714285714,0.16216216216216217,1.3333333333333333,1.03,SELLER_DOMINANT,,,,
2025-07-14,2025,7,464,12,200,264,320,128,4,1200,69.546,69.51,69.56,0.05,58,84,462,12,1200,69.546,-600,MERCURIASA,6,GUNVORSA,12,"PTRIN, MERCURIASA, STASCO",GUNVORSA,MERCURIASA,GUNVORSA,"Oct25, Sep25, Sep25/Oct25",1.2530467798255753,0.0008246742536698004,0.27586206896551724,0.5771144278606966,1.8461538461538463,2.35,SELLER_DOMINANT,,,,
2025-07-15,2025,7,204,5,190,14,159,38,2,500,69.088,69.04,69.12,0.08,37,7,204,5,500,69.088,500,MERCURIASA,3,GLENCORE,2,"MERCURIASA, GUNVORSA","GLENCORE, PTRIN, TOTSA",GUNVORSA,PTRIN,"Oct25, Sep25, Sep25/Oct25",-0.30543015258248396,0.0013194788058716806,1.7254901960784315,0.387434554973822,0.6666666666666666,1.39,BID_PRESSURE,,,,
2025-07-16,2025,7,381,6,162,219,264,106,5,700,67.288,67.28,67.29,0.01,49,66,380,6,700,67.288,-300,MERCURIASA,6,PTRIN,5,MERCURIASA,"PTRIN, GLENCORE",GUNVORSA,MERCURIASA,"Oct25, Sep25, Sep25/Oct25",0.13984897096267582,0.00016493485073396007,0.2992125984251969,0.6012269938650306,1.4285714285714286,1.28,SELLER_DOMINANT,,,,
2025-07-17,2025,7,345,13,188,157,224,102,6,1400,68.185,68.14,68.24,0.1,66,54,344,13,1400,68.185,-400,MERCURIASA,9,GUNVORSA,10,"MERCURIASA, STASCO, TOTSA","GUNVORSA, PTRIN, STASCO",MERCURIASA,GUNVORSA,"Oct25, Sep25, Sep25/Oct25",1.6983259033707352,0.0016493485073396008,0.17971014492753623,0.6984126984126984,1.4285714285714286,2.51,SELLER_DOMINANT,,,,
2025-07-18,2025,7,268,1,43,225,182,82,3,100,69.55,69.55,69.55,0.0,6,78,267,1,100,69.55,-100,BP,1,GUNVORSA,1,BP,GUNVORSA,MERCURIASA,GUNVORSA,"Oct25, Sep25, Sep25/Oct25",-1.1959883996728036,0.0,1.3582089552238805,0.2727272727272727,1.0,1.32,SELLER_DOMINANT,,,,
2025-07-21,2025,7,312,9,153,159,193,106,4,900,61.111,0.77,68.95,68.18,69,45,311,9,900,61.111,-700,STASCO,5,MERCURIASA,4,"PTRIN, STASCO, CPUKLTD, GUNVORSA","MERCURIASA, PTRIN, STASCO, CPUKLTD",GLENCORE,PTRIN,"Oct25, Sep25, Sep25/Oct25",0.5851280945078356,1.12452581230414,0.038461538461538464,0.8961038961038961,0.8,2.01,HIGH_PRICE_RANGE,,,,
2025-07-22,2025,7,768,5,428,340,473,284,6,500,67.912,67.58,68.38,0.8,146,146,768,5,500,67.912,100,MERCURIASA,2,MERCURIASA,2,"GUNVORSA, BP, MERCURIASA, TOTSA","MERCURIASA, GLENCORE, STASCO",PTRIN,MERCURIASA,"Oct25, Sep25, Sep25/Oct25",-0.30543015258248396,0.013194788058716806,0.22916666666666666,0.6806526806526807,0.6666666666666666,0.8,NORMAL,,,,
2025-07-23,2025,7,359,7,247,112,246,101,5,700,58.177,0.71,68.23,67.52,81,33,359,7,700,58.177,-100,GUNVORSA,3,PTRIN,4,"STASCO, GUNVORSA, MERCURIASA, ICE","HARTREE, PTRIN, MERCURIASA",STASCO,MERCURIASA,"Oct25, Sep25, Sep25/Oct25",0.13984897096267582,1.1136401121556985,0.7520891364902507,0.6532258064516129,1.0,1.98,HIGH_PRICE_RANGE,,,,
2025-07-24,2025,7,419,10,284,135,305,101,3,1100,69.138,68.74,69.54,0.8,66,47,419,10,1100,69.138,300,MERCURIASA,4,PTRIN,6,"TOTSA, MERCURIASA, GLENCORE, STASCO","HARTREE, GLENCORE, PTRIN, CPUKLTD",STASCO,PTRIN,"Oct25, Sep25, Sep25/Oct25",1.0304072180529955,0.013194788058716806,0.711217183770883,0.4631578947368421,1.0909090909090908,1.96,BID_PRESSURE,,,,
2025-07-25,2025,7,1044,11,430,614,654,377,2,1300,62.492,0.88,69.86,68.98,184,206,1043,11,1300,62.492,-900,MERCURIASA,4,PTRIN,5,"GUNVORSA, HARTREE, MERCURIASA, STASCO, ICE","PTRIN, CPUKLTD, GLENCORE, MERCURIASA",MERCURIASA,MERCURIASA,"Oct25, Sep25, Sep25/Oct25",1.4756863415981551,1.1377206003628566,0.3524904214559387,0.8538283062645011,0.8333333333333334,2.88,HIGH_PRICE_RANGE,,,,
2025-07-28,2025,7,334,7,121,213,221,102,4,700,68.951,68.93,68.99,0.06,39,74,334,7,700,68.951,-100,GUNVORSA,3,MERCURIASA,7,"PTRIN, GUNVORSA, STASCO, BP",MERCURIASA,CPUKLTD,MERCURIASA,"Oct25, Sep25, Sep25/Oct25",0.13984897096267582,0.0009896091044037604,0.5508982035928144,0.639344262295082,1.75,1.58,SELLER_DOMINANT,,,,
2025-07-29,2025,7,195,13,114,81,136,45,1,1300,59.514,0.71,70.84,70.13,46,8,195,13,1300,59.514,-300,MERCURIASA,4,MERCURIASA,5,"STASCO, PTRIN, CPUKLTD, GLENCORE, MERCURIASA","GUNVORSA, MERCURIASA, PTRIN, TOTSA",CPUKLTD,GUNVORSA,"Oct25, Sep25, Sep25/Oct25",1.4756863415981551,1.156688108197262,0.3384615384615385,0.8,0.7142857142857143,2.8,HIGH_PRICE_RANGE,,,,
2025-07-30,2025,7,107,16,35,72,88,2,1,1600,72.143,72.11,72.17,0.06,6,12,107,16,1600,72.143,-600,MERCURIASA,10,GUNVORSA,14,"PTRIN, HARTREE, MERCURIASA","GUNVORSA, HARTREE, GLENCORE",MERCURIASA,GUNVORSA,Oct25,2.143605026915895,0.0009896091044037604,0.6915887850467289,0.3333333333333333,1.6470588235294117,2.94,SELLER_DOMINANT,,,,
2025-07-31,2025,7,139,12,42,97,121,5,1,1200,71.217,71.2,71.24,0.04,3,15,139,12,1200,71.217,-1200,PTRIN,6,GUNVORSA,8,"PTRIN, STASCO, GLENCORE","MERCURIASA, GUNVORSA",PTRIN,GUNVORSA,"Oct25, Sep25, Sep25/Oct25",1.2530467798255753,0.0006597394029358403,0.7913669064748201,0.13953488372093023,1.2307692307692308,2.08,OFFER_PRESSURE,,,,
2025-08-01,2025,8,84,1,28,56,77,4,2,100,69.75,69.75,69.75,0.0,1,4,83,1,100,69.75,-100,TOTSA,1,GUNVORSA,1,TOTSA,GUNVORSA,PTRIN,GUNVORSA,Oct25,-1.1608174814745331,0.0,0.6666666666666666,0.06896551724137931,1.0,0.87,SELLER_DOMINANT,,,,
2025-08-04,2025,8,129,3,4,125,122,3,1,300,69.26,69.24,69.27,0.03,2,5,129,3,300,69.26,-300,TOTSA,1,GLENCORE,2,"TOTSA, CPUKLTD, PTRIN","GLENCORE, MERCURIASA",PTRIN,GLENCORE,Oct25,-0.7472557397239455,0.0004948045522018802,1.875968992248062,0.8,1.0,1.84,OFFER_PRESSURE,,,,
2025-08-05,2025,8,132,5,70,62,121,4,2,500,67.992,67.98,68.0,0.02,6,4,131,5,500,67.992,-100,PTRIN,3,BP,3,"PTRIN, GUNVORSA","BP, GLENCORE",GUNVORSA,MERCURIASA,Oct25,-0.3336939979733578,0.00032986970146792015,0.12121212121212122,0.16901408450704225,1.0,0.65,NORMAL,,,,
2025-08-06,2025,8,85,1,31,54,80,2,2,100,68.29,68.29,68.29,0.0,1,3,83,1,100,68.29,-100,STASCO,1,MERCURIASA,1,STASCO,MERCURIASA,PTRIN,MERCURIASA,Oct25,-1.1608174814745331,0.0,0.5411764705882353,0.0625,1.0,0.8,SELLER_DOMINANT,,,,
2025-08-07,2025,8,79,2,44,35,71,3,3,200,66.76,66.75,66.77,0.02,3,3,79,2,200,66.76,200,GUNVORSA,2,MERCURIASA,2,GUNVORSA,MERCURIASA,GUNVORSA,PTRIN,Oct25,-0.9540366105992394,0.00032986970146792015,0.22784810126582278,0.13333333333333333,1.3333333333333333,0.85,SELLER_DOMINANT,,,,
2025-08-11,2025,8,87,11,36,51,75,1,0,1100,66.764,66.75,66.81,0.06,6,6,87,11,1100,66.764,-100,MERCURIASA,7,HARTREE,5,"MERCURIASA, PTRIN","HARTREE, STASCO, GLENCORE",MERCURIASA,STASCO,Oct25,0.9069912272784053,0.0009896091044037604,0.3448275862068966,0.32432432432432434,0.8333333333333334,1.48,NORMAL,,,,
2025-08-12,2025,8,163,9,39,124,143,8,3,1000,66.363,66.35,66.38,0.03,6,11,163,9,1000,66.363,0,MERCURIASA,5,GUNVORSA,8,"MERCURIASA, PTRIN, HARTREE","GUNVORSA, STASCO",MERCURIASA,GUNVORSA,"Nov25, Oct25, Oct25/Nov25",0.7002103564031115,0.0004948045522018802,1.0429447852760736,0.3,1.6,2.03,SELLER_DOMINANT,,,,
2025-08-13,2025,8,432,11,216,216,288,132,1,1200,65.339,65.15,65.51,0.36,70,75,432,11,1200,65.339,-200,MERCURIASA,7,GUNVORSA,8,"PTRIN, MERCURIASA","GUNVORSA, STASCO, PTRIN",MERCURIASA,GUNVORSA,"Nov25, Oct25, Oct25/Nov25",1.1137720981536992,0.005937654626422563,0.0,0.6451612903225806,1.3333333333333333,1.88,SELLER_DOMINANT,,,,
2025-08-14,2025,8,472,5,374,98,295,170,2,500,66.152,66.14,66.16,0.02,144,32,471,5,500,66.152,100,MERCURIASA,5,BP,2,MERCURIASA,"STASCO, BP, HARTREE, PTRIN",MERCURIASA,MERCURIASA,"Nov25, Oct25, Oct25/Nov25",-0.3336939979733578,0.00032986970146792015,1.1694915254237288,0.768,0.6666666666666666,1.3,BUYER_DOMINANT,,,,
2025-08-15,2025,8,145,6,31,114,103,36,0,600,55.088,0.58,66.46,65.88,6,35,145,6,600,55.088,0,MERCURIASA,4,MERCURIASA,2,"MERCURIASA, PTRIN","PTRIN, MERCURIASA, TOTSA, BP",MERCURIASA,MERCURIASA,"Nov25, Oct25, Oct25/Nov25",-0.12691312709806393,1.086590796635329,1.1448275862068966,0.375,0.5714285714285714,1.7,HIGH_PRICE_RANGE,,,,
2025-08-18,2025,8,577,15,288,289,347,211,4,2400,52.688,0.53,66.18,65.65,114,111,577,15,2400,52.688,-1000,MERCURIASA,7,GUNVORSA,6,"PTRIN, MERCURIASA, STASCO, GLENCORE, GUNVORSA","GUNVORSA, BP, MERCURIASA, GLENCORE",GLENCORE,STASCO,"Nov25, Oct25, Oct25/Nov25",3.0,1.082797295068448,0.0034662045060658577,0.7889273356401384,0.75,3.02,HIGH_PRICE_RANGE,,,,
2025-08-19,2025,8,460,10,270,190,280,165,5,1000,59.392,0.5,66.16,65.66,106,74,460,10,1000,59.392,0,HARTREE,4,STASCO,6,"MERCURIASA, HARTREE, PTRIN, GLENCORE, ICE","GUNVORSA, PTRIN, STASCO, MERCURIASA",CPUKLTD,STASCO,"Nov25, Oct25, Oct25/Nov25",0.7002103564031115,1.082962229919182,0.34782608695652173,0.7822878228782287,1.0909090909090908,2.32,HIGH_PRICE_RANGE,,,,
2025-08-20,2025,8,303,9,200,103,213,79,2,900,66.384,66.19,66.77,0.58,51,38,303,9,900,66.384,-500,PTRIN,4,GUNVORSA,6,"TOTSA, PTRIN, STASCO, MERCURIASA","PTRIN, GUNVORSA, STASCO",MERCURIASA,STASCO,"Nov25, Oct25, Oct25/Nov25",0.4934294855278176,0.009566221342569684,0.6402640264026402,0.5074626865671642,1.2,1.57,NORMAL,,,,
2025-08-21,2025,8,30,2,26,4,25,3,0,200,67.33,67.33,67.33,0.0,3,2,30,2,200,67.33,200,GUNVORSA,2,STASCO,1,GUNVORSA,"STASCO, PTRIN",GUNVORSA,GUNVORSA,"Nov25, Oct25, Oct25/Nov25",-0.9540366105992394,0.0,1.4666666666666666,0.2222222222222222,0.6666666666666666,1.18,BUYER_DOMINANT,,,,
2025-08-22,2025,8,65,3,34,31,55,4,3,300,67.69,67.67,67.7,0.03,3,3,60,3,300,67.69,-100,GLENCORE,1,MERCURIASA,3,"GLENCORE, PTRIN, HARTREE",MERCURIASA,PTRIN,MERCURIASA,"Oct25, Oct25/Nov25",-0.7472557397239455,0.0004948045522018802,0.09230769230769231,0.17142857142857143,1.5,0.88,SELLER_DOMINANT,,,,
2025-08-26,2025,8,396,8,291,105,251,132,5,800,58.684,0.57,67.47,66.9,103,37,395,8,800,58.684,-200,BP,3,MERCURIASA,5,"GUNVORSA, CPUKLTD, BP, STASCO, TOTSA","MERCURIASA, BP, CPUKLTD",GLENCORE,CPUKLTD,"Nov25, Oct25, Oct25/Nov25",0.2866486146525238,1.103414151410193,0.9393939393939394,0.7054794520547946,1.1111111111111112,2.27,HIGH_PRICE_RANGE,,,,
2025-08-27,2025,8,843,6,505,338,528,303,6,600,67.297,67.0,67.6,0.6,199,115,843,6,600,67.297,600,GUNVORSA,4,HARTREE,3,"PTRIN, GUNVORSA","HARTREE, STASCO",CPUKLTD,CPUKLTD,"Nov25, Oct25, Oct25/Nov25",-0.12691312709806393,0.009896091044037604,0.3962040332147094,0.7865612648221344,0.8571428571428571,1.03,NORMAL,,,,
2025-08-28,2025,8,132,9,59,73,119,1,3,900,67.138,67.13,67.15,0.02,2,10,132,9,900,67.138,-900,PTRIN,5,GUNVORSA,8,"GLENCORE, PTRIN, STASCO","GUNVORSA, MERCURIASA",PTRIN,GUNVORSA,"Nov25, Oct25",0.4934294855278176,0.00032986970146792015,0.21212121212121213,0.06666666666666667,1.6,1.33,SELLER_DOMINANT,,,,
2025-08-29,2025,8,95,7,17,78,85,0,3,700,67.441,67.43,67.46,0.03,1,9,95,7,700,67.441,-700,PTRIN,4,GUNVORSA,4,"HARTREE, PTRIN, GLENCORE","GUNVORSA, MERCURIASA",CPUKLTD,GUNVORSA,Nov25,0.07986774377722992,0.0004948045522018802,1.2842105263157895,0.1111111111111111,1.0,1.26,OFFER_PRESSURE,,,,
2025-09-01,2025,9,146,17,37,109,127,1,1,1700,68.164,68.13,68.18,0.05,4,15,146,17,1700,68.164,-900,PTRIN,10,GUNVORSA,11,"PTRIN, CPUKLTD, GLENCORE","GUNVORSA, MERCURIASA, TOTSA",GLENCORE,GUNVORSA,Nov25,2.848465917674059,0.0008246742536698004,0.9863013698630136,0.21052631578947367,1.2222222222222223,2.81,VOL_SPIKE,,,,
2025-09-02,2025,9,386,10,210,176,255,118,3,1100,68.815,68.78,68.88,0.1,65,64,385,10,1100,68.815,100,GUNVORSA,6,MERCURIASA,8,"GUNVORSA, PTRIN, GLENCORE","MERCURIASA, TOTSA, STASCO",GLENCORE,MERCURIASA,"Dec25, Nov25, Nov25/Dec25",1.282707143732041,0.0016493485073396008,0.17616580310880828,0.6161137440758294,1.4545454545454546,2.15,SELLER_DOMINANT,,,,
2025-09-03,2025,9,320,2,181,139,220,97,1,200,67.3,67.09,67.51,0.42,58,44,320,2,200,67.3,0,GLENCORE,1,MERCURIASA,1,"GLENCORE, GUNVORSA","MERCURIASA, BP",GLENCORE,MERCURIASA,"Dec25, Nov25, Nov25/Dec25",-1.0659310171809857,0.006927263730826323,0.2625,0.6373626373626373,0.6666666666666666,0.79,NORMAL,,,,
2025-09-04,2025,9,235,7,151,84,176,50,2,700,67.087,67.08,67.09,0.01,54,5,235,7,700,67.087,100,GLENCORE,4,MERCURIASA,4,"GLENCORE, PTRIN","GUNVORSA, MERCURIASA",GLENCORE,GUNVORSA,"Dec25, Nov25, Nov25/Dec25",0.23886796110402905,0.00016493485073396007,0.5702127659574469,0.7105263157894737,1.0,1.33,NORMAL,,,,
2025-09-05,2025,9,275,16,190,85,194,63,2,1800,65.132,65.09,65.17,0.08,68,10,275,16,1800,65.132,200,GUNVORSA,10,MERCURIASA,14,"GUNVORSA, PTRIN, GLENCORE, STASCO","TOTSA, MERCURIASA, STASCO",GUNVORSA,MERCURIASA,"Dec25, Nov25, Nov25/Dec25",3.0,0.0013194788058716806,0.7636363636363637,0.7120418848167539,1.6470588235294117,3.16,SELLER_DOMINANT,,,,
2025-09-08,2025,9,264,10,204,60,186,65,3,1000,66.263,66.26,66.28,0.02,70,5,263,10,1000,66.263,200,GLENCORE,5,MERCURIASA,10,"GLENCORE, PTRIN, GUNVORSA, HARTREE",MERCURIASA,PTRIN,MERCURIASA,"Dec25, Nov25, Nov25/Dec25",1.0217473480750379,0.00032986970146792015,1.0909090909090908,0.6829268292682927,1.8181818181818181,2.61,SELLER_DOMINANT,,,,
2025-09-09,2025,9,494,10,223,271,333,148,3,1000,66.918,66.9,66.96,0.06,64,96,494,10,1000,66.918,0,STASCO,3,MERCURIASA,9,"STASCO, PTRIN, GLENCORE, HARTREE","MERCURIASA, GUNVORSA",GLENCORE,GUNVORSA,"Dec25, Nov25, Nov25/Dec25",1.0217473480750379,0.0009896091044037604,0.19433198380566802,0.5714285714285714,1.6363636363636365,2.02,SELLER_DOMINANT,,,,
2025-09-10,2025,9,268,12,212,56,191,64,1,1200,67.333,67.31,67.35,0.04,73,3,268,12,1200,67.333,800,GLENCORE,5,MERCURIASA,9,"GUNVORSA, GLENCORE, PTRIN, STASCO","MERCURIASA, TOTSA, HARTREE",GLENCORE,MERCURIASA,"Dec25, Nov25, Nov25/Dec25",1.5436669393890439,0.0006597394029358403,1.164179104477612,0.6854460093896714,1.3846153846153846,2.85,SELLER_DOMINANT,,,,
2025-09-11,2025,9,267,14,162,105,191,62,0,1400,66.116,66.02,66.5,0.48,64,12,267,14,1400,66.116,-800,GLENCORE,5,MERCURIASA,6,"STASCO, GLENCORE, PTRIN, CPUKLTD, HARTREE","MERCURIASA, PTRIN, GUNVORSA, TOTSA",MERCURIASA,GUNVORSA,"Dec25, Nov25, Nov25/Dec25",2.0655865307030497,0.007916872835230083,0.42696629213483145,0.7852760736196319,0.8,2.61,VOL_SPIKE,,,,
2025-09-12,2025,9,199,0,165,34,146,46,7,0,,,,,47,2,199,0,0,,0,,0,,0,,,GLENCORE,GUNVORSA,"Dec25, Nov25, Nov25/Dec25",-1.5878506084949917,0.0,1.3165829145728642,0.5662650602409639,0.0,0.94,NO_SELLER,,,,
2025-09-15,2025,9,543,18,460,83,366,159,0,1800,59.702,0.3,67.49,67.19,164,10,543,18,1800,59.702,-200,MERCURIASA,6,GUNVORSA,9,"PTRIN, MERCURIASA, GLENCORE, STASCO, CPUKLTD","GUNVORSA, GLENCORE, MERCURIASA, HARTREE, CPUKLTD",MERCURIASA,GUNVORSA,"Dec25, Nov25, Nov25/Dec25",3.0,1.1081972620814777,1.3885819521178637,0.7114967462039046,0.9473684210526315,3.79,HIGH_PRICE_RANGE,,,,
2025-09-16,2025,9,504,10,224,280,323,163,8,1000,67.888,67.86,67.9,0.04,78,101,503,10,1000,67.888,-800,PTRIN,5,GUNVORSA,10,"MERCURIASA, STASCO, PTRIN",GUNVORSA,MERCURIASA,CPUKLTD,"Dec25, Nov25, Nov25/Dec25",1.0217473480750379,0.0006597394029358403,0.2222222222222222,0.6933333333333334,1.8181818181818181,2.18,SELLER_DOMINANT,,,,
2025-09-17,2025,9,89,0,48,41,66,21,2,0,,,,,8,15,89,0,0,,0,,0,,0,,,PTRIN,GLENCORE,"Dec25, Nov25, Nov25/Dec25",-1.5878506084949917,0.0,0.15730337078651685,0.32653061224489793,0.0,0.24,NO_SELLER,,,,
2025-09-18,2025,9,261,3,105,156,152,101,5,300,45.093,0.49,67.64,67.15,36,68,261,3,300,45.093,100,BP,2,STASCO,2,"BP, STASCO","STASCO, BP",BP,GLENCORE,"Dec25, Nov25, Nov25/Dec25",-0.8049712215239828,1.107537522678542,0.39080459770114945,0.6792452830188679,1.0,1.7,HIGH_PRICE_RANGE,,,,
2025-09-19,2025,9,200,4,10,190,132,60,4,400,49.965,0.57,66.86,66.29,1,62,200,4,400,49.965,0,BP,2,CPUKLTD,2,"STASCO, BP, CPUKLTD","MERCURIASA, CPUKLTD, BP",BP,CPUKLTD,"Dec25, Nov25, Nov25/Dec25",-0.5440114258669798,1.0933531255154214,1.8,0.18181818181818182,0.8,2.05,HIGH_PRICE_RANGE,,,,
2025-09-22,2025,9,306,12,209,97,205,87,2,1200,66.547,66.47,66.59,0.12,78,21,306,12,1200,66.547,400,MERCURIASA,8,PTRIN,6,"GUNVORSA, MERCURIASA","PTRIN, GLENCORE, VITOL",CPUKLTD,GLENCORE,"Dec25, Nov25, Nov25/Dec25",1.5436669393890439,0.001979218208807521,0.7320261437908496,0.7428571428571429,0.9230769230769231,2.44,VOL_SPIKE,,,,
2025-09-23,2025,9,392,9,204,188,244,136,3,900,68.073,68.06,68.09,0.03,82,65,391,9,900,68.073,-300,MERCURIASA,9,GUNVORSA,3,MERCURIASA,"TOTSA, GUNVORSA, GLENCORE, PTRIN, HARTREE",MERCURIASA,GUNVORSA,"Dec25, Nov25, Nov25/Dec25",0.760787552418035,0.0004948045522018802,0.08163265306122448,0.8,0.6,1.35,BUYER_DOMINANT,,,,
2025-09-24,2025,9,229,7,172,57,146,74,2,700,59.057,0.76,68.9,68.14,70,10,229,7,700,59.057,300,GUNVORSA,4,CPUKLTD,3,"STASCO, CPUKLTD, GUNVORSA","CPUKLTD, STASCO, MERCURIASA, TOTSA",GUNVORSA,GLENCORE,"Dec25, Nov25, Nov25/Dec25",0.23886796110402905,1.123866072901204,1.0043668122270741,0.8092485549132948,0.75,2.15,HIGH_PRICE_RANGE,,,,
2025-09-25,2025,9,322,7,92,230,198,115,2,700,69.061,68.41,69.19,0.78,30,93,322,7,700,69.061,-500,PTRIN,4,GUNVORSA,6,"HARTREE, PTRIN, BP","GUNVORSA, MERCURIASA",CPUKLTD,GUNVORSA,"Dec25, Nov25, Nov25/Dec25",0.23886796110402905,0.012864918357248886,0.8571428571428571,0.6451612903225806,1.5,1.7,SELLER_DOMINANT,,,,
2025-09-26,2025,9,81,3,53,28,73,2,3,300,70.673,70.67,70.68,0.01,4,2,81,3,300,70.673,100,GUNVORSA,2,STASCO,1,"GUNVORSA, MERCURIASA","STASCO, GLENCORE, HARTREE",GUNVORSA,GLENCORE,Nov25,-0.8049712215239828,0.00016493485073396007,0.6172839506172839,0.14814814814814814,0.5,0.63,NORMAL,,,,
2025-09-30,2025,9,92,4,27,65,87,0,1,400,66.152,66.12,66.19,0.07,2,3,92,4,400,66.152,0,VITOL,4,MERCURIASA,2,VITOL,"MERCURIASA, GLENCORE",VITOL,GLENCORE,Dec25,-0.5440114258669798,0.0011545439551377207,0.8260869565217391,0.14285714285714285,0.8,0.89,BUYER_DOMINANT,,,,
2025-10-01,2025,10,125,10,60,65,111,2,2,1000,65.645,65.6,65.66,0.06,7,6,124,10,1000,65.645,0,VITOL,7,MERCURIASA,5,"VITOL, TOTSA, CPUKLTD, STASCO","MERCURIASA, GLENCORE, STASCO, GUNVORSA",VITOL,GLENCORE,Dec25,0.7707297710997442,0.0009896091044037604,0.08,0.22950819672131148,0.9090909090909091,1.23,NORMAL,,,,
2025-10-02,2025,10,288,13,74,214,210,65,0,1600,64.417,64.2,64.51,0.31,6,73,288,13,1600,64.417,-600,VITOL,5,MERCURIASA,6,"PTRIN, STASCO, VITOL, CPUKLTD, GLENCORE","MERCURIASA, GUNVORSA, PTRIN, STASCO",GLENCORE,MERCURIASA,"Dec25, Dec25/Jan26, Jan26",2.015995463512592,0.005112980372752762,0.9722222222222222,0.16,0.8571428571428571,2.6,VOL_SPIKE,,,,
2025-10-03,2025,10,226,18,36,190,142,64,2,1800,61.226,0.27,64.84,64.57,2,80,225,18,1800,61.226,-1600,PTRIN,10,GUNVORSA,11,"HARTREE, PTRIN, TOTSA, STASCO, CPUKLTD","GUNVORSA, MERCURIASA, CPUKLTD, ICE",GLENCORE,GUNVORSA,"Dec25, Dec25/Jan26, Jan26",2.431084027650208,1.06498433118918,1.3628318584070795,0.10810810810810811,1.1578947368421053,3.55,HIGH_PRICE_RANGE,,,,
2025-10-06,2025,10,88,9,37,51,78,1,0,900,65.587,65.58,65.59,0.01,3,6,88,9,900,65.587,-300,MERCURIASA,8,GUNVORSA,3,"MERCURIASA, VITOL","GUNVORSA, GLENCORE, PTRIN, HARTREE, STASCO",MERCURIASA,GLENCORE,Dec25,0.5631854890309362,0.00016493485073396007,0.3181818181818182,0.15789473684210525,0.6,0.99,BUYER_DOMINANT,,,,
2025-10-07,2025,10,137,2,60,77,109,22,4,200,65.37,65.37,65.37,0.0,21,5,136,2,200,65.37,0,MERCURIASA,1,GUNVORSA,2,"MERCURIASA, STASCO",GUNVORSA,CPUKLTD,GLENCORE,"Dec25, Dec25/Jan26, Jan26",-0.8896244854507196,0.0,0.24817518248175183,0.6885245901639344,1.3333333333333333,1.14,SELLER_DOMINANT,,,,
2025-10-08,2025,10,160,12,24,136,143,5,0,1200,66.383,66.36,66.43,0.07,3,14,160,12,1200,66.383,-1200,PTRIN,8,MERCURIASA,6,"PTRIN, CPUKLTD, HARTREE, STASCO","MERCURIASA, GLENCORE, GUNVORSA",VITOL,MERCURIASA,Dec25,1.1858183352373601,0.0011545439551377207,1.4,0.24,0.9230769230769231,2.23,OFFER_PRESSURE,,,,
2025-10-09,2025,10,213,1,108,105,173,30,9,100,65.89,65.89,65.89,0.0,27,9,213,1,100,65.89,-100,VITOL,1,GUNVORSA,1,VITOL,GUNVORSA,CPUKLTD,CPUKLTD,"Dec25, Dec25/Jan26, Jan26",-1.0971687675195276,0.0,0.028169014084507043,0.4954128440366973,1.0,0.76,SELLER_DOMINANT,,,,
2025-10-10,2025,10,179,1,39,140,117,58,3,100,62.91,62.91,62.91,0.0,3,59,179,1,100,62.91,100,MERCURIASA,1,HARTREE,1,MERCURIASA,HARTREE,MERCURIASA,MERCURIASA,"Dec25, Dec25/Jan26, Jan26",-1.0971687675195276,0.0,1.1284916201117319,0.15,1.0,1.14,SELLER_DOMINANT,,,,
2025-10-13,2025,10,324,11,186,138,248,63,2,1100,57.54,0.46,63.47,63.01,68,6,324,11,1100,57.54,100,PTRIN,6,MERCURIASA,4,"PTRIN, STASCO, MERCURIASA, CPUKLTD, ICE","TOTSA, MERCURIASA, STASCO, GUNVORSA, CPUKLTD",MERCURIASA,TOTSA,"Dec25, Dec25/Jan26, Jan26",0.9782740531685522,1.0392544944746824,0.2962962962962963,0.7272727272727273,0.6666666666666666,2.25,HIGH_PRICE_RANGE,,,,
2025-10-14,2025,10,430,3,240,190,272,149,6,300,61.703,61.59,61.93,0.34,92,64,430,3,300,61.703,-100,PTRIN,1,MERCURIASA,2,"PTRIN, STASCO, GUNVORSA","MERCURIASA, HARTREE",PTRIN,MERCURIASA,"Dec25, Dec25/Jan26, Jan26",-0.6820802033819116,0.0056077849249546435,0.23255813953488372,0.7634854771784232,1.0,1.0,NORMAL,,,,
2025-10-15,2025,10,417,7,255,162,259,148,3,700,61.953,61.78,62.09,0.31,103,53,417,7,700,61.953,100,GUNVORSA,3,TOTSA,3,"GUNVORSA, PTRIN, STASCO","MERCURIASA, HARTREE, STASCO, TOTSA",GUNVORSA,CPUKLTD,"Dec25, Dec25/Jan26, Jan26",0.1480969248933203,0.005112980372752762,0.4460431654676259,0.8046875,0.75,1.12,NORMAL,,,,
2025-10-16,2025,10,185,3,21,164,136,44,2,300,61.653,61.6,61.68,0.08,2,46,184,3,300,61.653,100,GLENCORE,2,TOTSA,1,"GUNVORSA, GLENCORE","TOTSA, HARTREE, PTRIN",GLENCORE,CPUKLTD,"Dec25, Dec25/Jan26, Jan26",-0.6820802033819116,0.0013194788058716806,1.545945945945946,0.18181818181818182,0.5,1.11,OFFER_PRESSURE,,,,
2025-10-17,2025,10,570,12,302,268,356,198,4,1200,45.758,0.14,61.04,60.9,111,98,570,12,1200,45.758,-200,MERCURIASA,6,CPUKLTD,7,"CPUKLTD, MERCURIASA, GUNVORSA, ICE","MERCURIASA, CPUKLTD, GUNVORSA, PTRIN, TOTSA",MERCURIASA,CPUKLTD,"Dec25, Dec25/Jan26, Jan26",1.1858183352373601,1.0044532409698168,0.11929824561403508,0.7326732673267327,1.0769230769230769,2.52,HIGH_PRICE_RANGE,,,,
2025-10-20,2025,10,346,2,301,45,213,127,4,200,60.82,60.82,60.82,0.0,116,16,346,2,200,60.82,200,MERCURIASA,2,PTRIN,1,MERCURIASA,"PTRIN, STASCO",MERCURIASA,CPUKLTD,"Dec25, Dec25/Jan26, Jan26",-0.8896244854507196,0.0,1.4797687861271676,0.7682119205298014,0.6666666666666666,1.46,BUYER_DOMINANT,,,,
2025-10-21,2025,10,157,5,0,157,117,33,2,500,61.08,61.04,61.24,0.2,0,39,157,5,500,61.08,-500,STASCO,2,MERCURIASA,4,"STASCO, GUNVORSA, PTRIN","CPUKLTD, MERCURIASA",,CPUKLTD,"Dec25, Dec25/Jan26, Jan26",-0.26699163924429564,0.0032986970146792016,2.0,0.0,1.3333333333333333,1.67,SELLER_DOMINANT,,,,
2025-10-22,2025,10,453,1,245,208,268,179,5,100,62.44,62.44,62.44,0.0,96,87,452,1,100,62.44,100,MERCURIASA,1,STASCO,1,MERCURIASA,STASCO,MERCURIASA,PTRIN,"Dec25, Dec25/Jan26, Jan26",-1.0971687675195276,0.0,0.16335540838852097,0.7804878048780488,1.0,0.97,SELLER_DOMINANT,,,,
2025-10-23,2025,10,280,1,202,78,180,96,3,100,65.08,65.08,65.08,0.0,72,27,280,1,100,65.08,-100,GLENCORE,1,MERCURIASA,1,GLENCORE,MERCURIASA,MERCURIASA,CPUKLTD,"Dec25, Dec25/Jan26, Jan26",-1.0971687675195276,0.0,0.8857142857142857,0.7093596059113301,1.0,1.3,SELLER_DOMINANT,,,,
2025-10-24,2025,10,357,5,168,189,240,107,5,500,66.652,66.61,66.68,0.07,42,71,357,5,500,66.652,500,MERCURIASA,3,PTRIN,3,"MERCURIASA, GUNVORSA","STASCO, PTRIN",CPUKLTD,PTRIN,"Dec25, Dec25/Jan26, Jan26",-0.26699163924429564,0.0011545439551377207,0.11764705882352941,0.4970414201183432,1.0,0.81,NORMAL,,,,
2025-10-27,2025,10,251,5,83,168,175,68,3,500,65.876,65.27,66.04,0.77,3,70,0,0,0,,0,MERCURIASA,4,PTRIN,4,"PTRIN, MERCURIASA","GUNVORSA, PTRIN",PTRIN,PTRIN,"Dec25, Dec25/Jan26, Jan26",-0.26699163924429564,0.012699983506514927,0.6772908366533864,0.07142857142857142,1.3333333333333333,1.05,SELLER_DOMINANT,,,,
2025-10-28,2025,10,500,7,162,338,323,165,5,700,45.803,0.57,64.25,63.68,64,107,0,0,0,,0,MERCURIASA,3,MERCURIASA,4,"MERCURIASA, GLENCORE, STASCO, ICE","PTRIN, MERCURIASA, STASCO",GLENCORE,PTRIN,"Dec25, Dec25/Jan26, Jan26",0.1480969248933203,1.0503051294738577,0.704,0.7852760736196319,1.0,1.99,HIGH_PRICE_RANGE,,,,
2025-10-29,2025,10,268,4,90,178,186,72,6,400,65.183,65.18,65.19,0.01,30,50,0,0,0,,0,GLENCORE,4,PTRIN,3,GLENCORE,"PTRIN, MERCURIASA",CPUKLTD,PTRIN,"Dec25, Dec25/Jan26, Jan26",-0.4745359213131036,0.00016493485073396007,0.6567164179104478,0.6593406593406593,1.2,1.26,SELLER_DOMINANT,,,,
2025-10-30,2025,10,132,9,77,55,118,1,4,2100,64.498,64.36,64.96,0.6,8,4,0,0,0,,0,MERCURIASA,4,GLENCORE,3,"MERCURIASA, VITOL, PTRIN","PTRIN, GLENCORE, HARTREE, STASCO, GUNVORSA",VITOL,GUNVORSA,"Dec25, Jan26",3.0,0.009896091044037604,0.3333333333333333,0.20512820512820512,0.6,2.18,VOL_SPIKE,,,,
2025-10-31,2025,10,102,2,65,37,97,1,2,200,64.385,64.38,64.39,0.01,2,2,0,0,0,,0,MERCURIASA,2,GLENCORE,2,MERCURIASA,GLENCORE,MERCURIASA,GUNVORSA,Jan26,-0.8896244854507196,0.00016493485073396007,0.5490196078431373,0.06060606060606061,1.3333333333333333,0.97,SELLER_DOMINANT,,,,
2025-11-03,2025,11,181,11,45,136,164,1,5,1200,65.115,65.09,65.16,0.07,4,11,181,11,1200,65.115,-1000,VITOL,4,MERCURIASA,6,"VITOL, PTRIN, STASCO, TRAFI","GUNVORSA, MERCURIASA, GLENCORE",PTRIN,GUNVORSA,Jan26,0.5896279670577529,0.0011545439551377207,1.0055248618784531,0.17391304347826086,1.0,1.56,OFFER_PRESSURE,,,,
2025-11-04,2025,11,272,13,96,176,208,48,3,1300,59.532,0.37,64.57,64.2,9,53,272,13,1300,59.532,100,VITOL,4,MERCURIASA,8,"VITOL, GLENCORE, TRAFI, CPUKLTD","MERCURIASA, PTRIN, GLENCORE, HARTREE, CPUKLTD",GLENCORE,GLENCORE,"Feb26, Jan26, Jan26/Feb26",0.7564874943922782,1.0588817417120238,0.5882352941176471,0.18556701030927836,1.1428571428571428,2.2,HIGH_PRICE_RANGE,,,,
2025-11-05,2025,11,162,6,69,93,141,13,2,600,64.395,64.38,64.45,0.07,14,6,162,6,600,64.395,0,TRAFI,4,MERCURIASA,4,"CPUKLTD, STASCO, TRAFI","GLENCORE, MERCURIASA, BP",TRAFI,GLENCORE,"Feb26, Jan26, Jan26/Feb26",-0.4115291969493994,0.0011545439551377207,0.2962962962962963,0.4,1.1428571428571428,0.92,NORMAL,,,,
2025-11-06,2025,11,166,11,86,80,123,32,0,1100,63.322,63.13,63.44,0.31,35,7,166,11,1100,63.322,-500,TRAFI,4,MERCURIASA,9,"TRAFI, PTRIN, VITOL, STASCO","MERCURIASA, GLENCORE",TRAFI,GLENCORE,"Feb26, Jan26, Jan26/Feb26",0.4227684397232275,0.005112980372752762,0.07228915662650602,0.8045977011494253,1.5,1.53,SELLER_DOMINANT,,,,
2025-11-07,2025,11,238,9,148,90,178,47,4,1100,63.581,63.57,63.6,0.03,49,8,238,9,1100,63.581,-500,STASCO,3,MERCURIASA,8,"STASCO, CPUKLTD, HARTREE, GUNVORSA, PTRIN","MERCURIASA, TOTSA",PTRIN,GLENCORE,"Feb26, Jan26, Jan26/Feb26",0.4227684397232275,0.0004948045522018802,0.48739495798319327,0.6577181208053692,1.6,1.71,SELLER_DOMINANT,,,,
2025-11-10,2025,11,326,10,186,140,258,56,2,1000,63.408,63.18,63.5,0.32,59,9,326,10,1000,63.408,-400,STASCO,3,VITOL,6,"GUNVORSA, STASCO, PTRIN, CPUKLTD, MERCURIASA","TRAFI, TOTSA, VITOL, MERCURIASA",PTRIN,VITOL,"Feb26, Jan26, Jan26/Feb26",0.2559089123887021,0.005277915223486722,0.2822085889570552,0.6310160427807486,1.0909090909090908,1.21,NORMAL,,,,
2025-11-11,2025,11,83,5,48,35,78,0,0,500,65.214,65.2,65.24,0.04,2,3,83,5,500,65.214,-100,STASCO,2,MERCURIASA,3,"STASCO, PTRIN, BP","MERCURIASA, VITOL",PTRIN,MERCURIASA,Jan26,-0.5783887242839247,0.0006597394029358403,0.3132530120481928,0.08163265306122448,1.0,0.7,NORMAL,,,,
2025-11-12,2025,11,679,12,370,309,465,195,7,1200,57.648,0.22,62.91,62.69,142,69,678,12,1200,57.648,600,GUNVORSA,8,VITOL,6,"GUNVORSA, BP, CPUKLTD, ICE","VITOL, TOTSA, CPUKLTD, MERCURIASA",GUNVORSA,CPUKLTD,"Feb26, Jan26, Jan26/Feb26",0.5896279670577529,1.0339765792511957,0.1796759941089838,0.7654986522911051,0.9230769230769231,2.03,HIGH_PRICE_RANGE,,,,
2025-11-13,2025,11,386,11,260,126,279,94,2,1100,63.092,62.77,63.14,0.37,101,8,386,11,1100,63.092,500,GUNVORSA,7,VITOL,8,"GUNVORSA, MERCURIASA, GLENCORE","VITOL, CPUKLTD, PTRIN, TOTSA",GUNVORSA,VITOL,"Feb26, Jan26, Jan26/Feb26",0.4227684397232275,0.006102589477156523,0.694300518134715,0.7739463601532567,1.3333333333333333,1.74,SELLER_DOMINANT,,,,
2025-11-14,2025,11,340,12,153,187,217,111,0,1200,58.777,0.48,64.5,64.02,67,54,340,12,1200,58.777,-600,MERCURIASA,6,VITOL,8,"PTRIN, CPUKLTD, MERCURIASA, GLENCORE, HARTREE","VITOL, MERCURIASA, CPUKLTD, STASCO",MERCURIASA,CPUKLTD,"Feb26, Jan26, Jan26/Feb26",0.5896279670577529,1.0559129143988124,0.2,0.8701298701298701,1.2307692307692308,2.26,HIGH_PRICE_RANGE,,,,
2025-11-17,2025,11,78,3,62,16,68,4,3,300,63.92,63.92,63.92,0.0,4,3,77,3,300,63.92,300,MERCURIASA,3,VITOL,3,MERCURIASA,VITOL,PTRIN,MERCURIASA,"Feb26, Jan26, Jan26/Feb26",-0.9121077789529756,0.0,1.1794871794871795,0.12698412698412698,1.5,1.4,SELLER_DOMINANT,,,,
2025-11-18,2025,11,263,6,205,58,172,81,4,700,63.678,63.66,63.7,0.04,74,15,263,6,700,63.678,100,MERCURIASA,6,VITOL,6,MERCURIASA,VITOL,MERCURIASA,VITOL,"Feb26, Jan26, Jan26/Feb26",-0.24466966961487402,0.0006597394029358403,1.11787072243346,0.7184466019417476,1.7142857142857142,1.78,SELLER_DOMINANT,,,,
2025-11-19,2025,11,171,7,51,120,110,52,2,700,63.037,62.98,63.38,0.4,7,53,171,7,700,63.037,500,MERCURIASA,5,VITOL,4,"TOTSA, HARTREE, MERCURIASA","VITOL, STASCO, PTRIN",MERCURIASA,STASCO,"Feb26, Jan26, Jan26/Feb26",-0.24466966961487402,0.006597394029358403,0.8070175438596491,0.2692307692307692,1.0,1.04,BUYER_DOMINANT,,,,
2025-11-20,2025,11,63,4,33,30,52,5,2,400,63.235,62.9,63.52,0.62,4,5,63,4,400,63.235,0,MERCURIASA,3,STASCO,2,"MERCURIASA, TRAFI","STASCO, PTRIN",GLENCORE,STASCO,"Feb26, Jan26, Jan26/Feb26",-0.7452482516184502,0.010225960745505525,0.09523809523809523,0.23529411764705882,0.8,0.57,BUYER_DOMINANT,,,,
2025-11-21,2025,11,51,1,38,13,46,1,3,100,62.35,62.35,62.35,0.0,1,2,51,1,100,62.35,-100,MERCURIASA,1,STASCO,1,MERCURIASA,STASCO,GLENCORE,STASCO,Jan26,-1.2458268336220262,0.0,0.9803921568627451,0.05128205128205128,1.0,1.02,SELLER_DOMINANT,,,,
2025-11-24,2025,11,345,18,200,145,260,67,0,1800,62.378,62.23,62.86,0.63,21,64,345,18,1800,62.378,1600,TRAFI,9,PTRIN,8,"GUNVORSA, GLENCORE, TRAFI, TOTSA, MERCURIASA","PTRIN, VITOL, STASCO",GUNVORSA,STASCO,"Feb26, Jan26, Jan26/Feb26",1.590785131064905,0.010390895596239486,0.3188405797101449,0.208955223880597,0.8421052631578947,1.96,VOL_SPIKE,,,,
2025-11-25,2025,11,481,10,239,242,321,140,10,1000,61.461,61.38,61.49,0.11,66,89,481,10,1000,61.461,1000,MERCURIASA,4,PTRIN,6,"MERCURIASA, GUNVORSA, TOTSA, TRAFI","HARTREE, TOTSA, STASCO, PTRIN",CPUKLTD,MERCURIASA,"Feb26, Jan26, Jan26/Feb26",0.2559089123887021,0.001814283358073561,0.012474012474012475,0.55,1.0909090909090908,1.03,NORMAL,,,,
2025-11-26,2025,11,307,10,106,201,227,68,2,1000,61.943,61.92,62.02,0.1,12,68,307,10,1000,61.943,400,TRAFI,8,PTRIN,7,"TRAFI, MERCURIASA","PTRIN, STASCO, CPUKLTD, TOTSA",TRAFI,MERCURIASA,"Feb26, Jan26, Jan26/Feb26",0.2559089123887021,0.0016493485073396008,0.6188925081433225,0.22429906542056074,1.2727272727272727,1.26,BUYER_DOMINANT,,,,
2025-11-27,2025,11,169,15,104,65,151,0,3,1500,62.846,62.77,62.87,0.1,15,2,169,15,1500,62.846,1500,TRAFI,10,PTRIN,11,"TOTSA, TRAFI, MERCURIASA","PTRIN, TOTSA, STASCO",TRAFI,MERCURIASA,"Feb26, Jan26",1.0902065490613289,0.0016493485073396008,0.46153846153846156,0.2857142857142857,1.375,1.93,SELLER_DOMINANT,,,,
2025-11-28,2025,11,120,3,69,51,114,2,1,300,63.19,63.17,63.21,0.04,3,4,120,3,300,63.19,100,TRAFI,2,MERCURIASA,2,"TOTSA, TRAFI","MERCURIASA, PTRIN",TOTSA,MERCURIASA,Feb26,-0.9121077789529756,0.0006597394029358403,0.3,0.08571428571428572,1.0,0.69,NORMAL,,,,
2025-12-01,2025,12,299,18,88,211,211,64,6,1900,63.069,63.05,63.09,0.04,6,77,299,18,1900,63.069,-900,PTRIN,7,GUNVORSA,12,"TOTSA, TRAFI, STASCO, PTRIN","GUNVORSA, MERCURIASA",TOTSA,GUNVORSA,"Feb26, Feb26/Mar26, Mar26",1.7962275756778205,0.0006597394029358403,0.822742474916388,0.1348314606741573,1.263157894736842,2.55,VOL_SPIKE,,,,
2025-12-02,2025,12,88,4,65,23,80,2,2,400,62.96,62.94,62.99,0.05,6,1,88,4,400,62.96,0,TRAFI,2,PTRIN,2,"TRAFI, TOTSA, CPUKLTD","PTRIN, MERCURIASA",TOTSA,MERCURIASA,Feb26,-0.42811207610604773,0.0008246742536698004,0.9545454545454546,0.18181818181818182,0.8,0.97,BID_PRESSURE,,,,
2025-12-03,2025,12,275,12,153,122,202,58,3,1200,63.17,62.79,63.21,0.42,59,13,275,12,1200,63.17,-800,TRAFI,6,GUNVORSA,11,"PTRIN, TOTSA, TRAFI","GUNVORSA, MERCURIASA",TRAFI,GUNVORSA,"Feb26, Feb26/Mar26, Mar26",0.7582024048453487,0.006927263730826323,0.22545454545454546,0.7662337662337663,1.6923076923076923,1.95,SELLER_DOMINANT,,,,
2025-12-04,2025,12,55,2,21,34,51,2,0,200,63.235,63.23,63.24,0.01,1,3,55,2,200,63.235,0,STASCO,1,GUNVORSA,2,"STASCO, TOTSA",GUNVORSA,TOTSA,GUNVORSA,Feb26,-0.7246906963438968,0.00016493485073396007,0.4727272727272727,0.09090909090909091,1.3333333333333333,0.95,SELLER_DOMINANT,,,,
2025-12-05,2025,12,71,3,71,0,68,0,0,300,63.79,63.74,63.82,0.08,3,0,71,3,300,63.79,300,TRAFI,1,MERCURIASA,1,"TRAFI, GUNVORSA, TOTSA","MERCURIASA, PTRIN, STASCO",TOTSA,,Feb26,-0.5764013862249723,0.0013194788058716806,2.0,0.08333333333333333,0.5,1.29,BID_PRESSURE,,,,
2025-12-08,2025,12,121,11,95,26,108,2,0,1100,62.879,62.85,62.92,0.07,12,1,121,11,1100,62.879,900,MERCURIASA,6,PTRIN,5,"TRAFI, MERCURIASA","STASCO, GUNVORSA, PTRIN, HARTREE",MERCURIASA,PTRIN,Feb26,0.6099130947264242,0.0011545439551377207,1.140495867768595,0.25,0.8333333333333334,1.6,BID_PRESSURE,,,,
2025-12-09,2025,12,388,8,167,221,265,110,5,800,62.043,62.03,62.05,0.02,36,85,388,8,800,62.043,0,MERCURIASA,5,GUNVORSA,4,"MERCURIASA, TOTSA, GLENCORE","GUNVORSA, PTRIN",CPUKLTD,CPUKLTD,"Feb26, Feb26/Mar26, Mar26",0.1650451643696505,0.00032986970146792015,0.27835051546391754,0.42857142857142855,0.8888888888888888,0.93,NORMAL,,,,
2025-12-10,2025,12,433,7,252,181,298,125,3,700,61.479,61.28,61.56,0.28,70,64,432,7,700,61.479,500,GLENCORE,3,GUNVORSA,3,"TOTSA, MERCURIASA, GLENCORE","HARTREE, GLENCORE, PTRIN, GUNVORSA, STASCO",MERCURIASA,PTRIN,"Feb26, Feb26/Mar26, Mar26",0.01675585425072593,0.004618175820550883,0.3279445727482679,0.5533596837944664,0.75,0.83,NORMAL,,,,
2025-12-11,2025,12,366,11,214,152,258,94,3,1100,60.985,60.77,61.02,0.25,56,52,366,11,1100,60.985,300,MERCURIASA,6,GUNVORSA,8,"GLENCORE, TOTSA, MERCURIASA","STASCO, GUNVORSA, PTRIN",GLENCORE,GUNVORSA,"Feb26, Feb26/Mar26, Mar26",0.6099130947264242,0.004123371268349002,0.33879781420765026,0.5209302325581395,1.3333333333333333,1.59,SELLER_DOMINANT,,,,
2025-12-12,2025,12,418,4,197,221,258,148,8,400,60.948,60.81,61.04,0.23,67,89,418,4,400,60.948,0,STASCO,2,GUNVORSA,3,"STASCO, GLENCORE","GUNVORSA, MERCURIASA",CPUKLTD,GUNVORSA,"Feb26, Feb26/Mar26, Mar26",-0.42811207610604773,0.003793501566881082,0.11483253588516747,0.6767676767676768,1.2,1.0,SELLER_DOMINANT,,,,
2025-12-15,2025,12,489,16,399,90,317,155,1,1600,56.442,0.45,60.34,59.89,142,30,489,16,1600,56.442,-400,MERCURIASA,9,GUNVORSA,13,"PTRIN, MERCURIASA, STASCO, CPUKLTD, TOTSA","GUNVORSA, HARTREE, CPUKLTD",MERCURIASA,GUNVORSA,"Feb26, Feb26/Mar26, Mar26",1.351359645321047,0.9877948210456869,1.2638036809815951,0.71,1.5294117647058822,3.43,SELLER_DOMINANT,,,,
2025-12-16,2025,12,631,11,347,284,380,233,7,1100,58.943,58.79,59.07,0.28,138,109,631,11,1100,58.943,-300,MERCURIASA,8,GUNVORSA,5,"MERCURIASA, PTRIN, GUNVORSA","GUNVORSA, GLENCORE, TRAFI, PTRIN",MERCURIASA,TRAFI,"Feb26, Feb26/Mar26, Mar26",0.6099130947264242,0.004618175820550883,0.19968304278922344,0.7931034482758621,0.8333333333333334,1.4,BUYER_DOMINANT,,,,
2025-12-17,2025,12,398,25,248,150,276,93,4,2500,55.032,0.35,60.01,59.66,73,48,398,25,2500,55.032,-100,MERCURIASA,6,GUNVORSA,13,"GUNVORSA, CPUKLTD, STASCO, GLENCORE, MERCURIASA","CPUKLTD, GUNVORSA, PTRIN, STASCO, TRAFI",MERCURIASA,TRAFI,"Feb26, Feb26/Mar26, Mar26",2.685963436391368,0.9840013194788058,0.49246231155778897,0.5863453815261044,1.0,3.23,HIGH_PRICE_RANGE,,,,
2025-12-18,2025,12,390,7,293,97,238,136,9,700,60.033,59.86,60.27,0.41,116,31,390,7,700,60.033,-100,MERCURIASA,5,GUNVORSA,4,"MERCURIASA, PTRIN, STASCO","GUNVORSA, STASCO, PTRIN",MERCURIASA,CPUKLTD,"Feb26, Feb26/Mar26, Mar26",0.01675585425072593,0.0067623288800923624,1.005128205128205,0.7891156462585034,1.0,1.41,BUYER_DOMINANT,,,,
2025-12-19,2025,12,336,0,181,155,204,127,5,0,,,,,63,66,336,0,0,,0,,0,,0,,,CPUKLTD,GLENCORE,"Feb26, Feb26/Mar26, Mar26",-1.021269316581746,0.0,0.15476190476190477,0.6923076923076923,0.0,0.42,NO_SELLER,,,,
2025-12-22,2025,12,248,12,169,79,183,50,3,1200,51.304,0.42,61.83,61.41,30,31,247,12,1200,51.304,400,GUNVORSA,6,PTRIN,6,"GUNVORSA, MERCURIASA, PTRIN","PTRIN, GUNVORSA, MERCURIASA, STASCO, TRAFI",MERCURIASA,TRAFI,"Feb26, Feb26/Mar26, Mar26",0.7582024048453487,1.0128649183572487,0.7258064516129032,0.35294117647058826,0.9230769230769231,2.22,HIGH_PRICE_RANGE,,,,
2025-12-23,2025,12,541,21,280,261,323,189,8,2100,50.128,0.47,62.19,61.72,106,105,541,21,2100,50.128,-700,PTRIN,6,GUNVORSA,11,"GLENCORE, HARTREE, MERCURIASA, PTRIN, BP","GUNVORSA, GLENCORE, BP, MERCURIASA, PTRIN",BP,GLENCORE,"Feb26, Feb26/Mar26, Mar26",2.09280619591567,1.0179778987300017,0.07024029574861368,0.7544483985765125,1.0,3.12,HIGH_PRICE_RANGE,,,,
2025-12-24,2025,12,243,6,225,18,162,70,5,600,52.363,0.65,62.85,62.2,75,2,0,0,0,,0,MERCURIASA,4,PTRIN,4,"MERCURIASA, PTRIN, ICE","PTRIN, STASCO, GLENCORE",MERCURIASA,GLENCORE,"Feb26, Feb26/Mar26, Mar26",-0.13153345586819862,1.0258947715652318,1.7037037037037037,0.6637168141592921,1.1428571428571428,2.37,HIGH_PRICE_RANGE,,,,
2025-12-29,2025,12,188,11,78,110,170,2,5,1700,61.588,61.51,62.07,0.56,3,14,186,11,1700,61.588,100,GLENCORE,4,GUNVORSA,10,"PTRIN, STASCO, GLENCORE, MERCURIASA","GUNVORSA, MERCURIASA",GLENCORE,GUNVORSA,"Feb26, Mar26",1.4996489554399715,0.009236351641101766,0.3404255319148936,0.0759493670886076,1.6666666666666667,2.25,SELLER_DOMINANT,,,,
2025-12-30,2025,12,96,14,64,32,76,2,4,1500,61.515,61.46,61.63,0.17,11,6,95,14,1500,61.515,300,GUNVORSA,10,MERCURIASA,10,"GUNVORSA, PTRIN","CPUKLTD, MERCURIASA, GLENCORE",GUNVORSA,MERCURIASA,Mar26,1.2030703352021224,0.0028038924624773217,0.6666666666666666,0.3384615384615385,1.3333333333333333,2.13,SELLER_DOMINANT,,,,
2025-12-31,2025,12,80,5,50,30,72,3,0,500,61.652,61.63,61.69,0.06,4,4,0,0,0,,0,PTRIN,2,MERCURIASA,5,"PTRIN, HARTREE, STASCO, GLENCORE",MERCURIASA,GLENCORE,MERCURIASA,Mar26,-0.2798227659871232,0.0009896091044037604,0.5,0.1568627450980392,1.6666666666666667,1.16,SELLER_DOMINANT,,,,
2026-01-02,2026,1,110,6,74,36,101,2,1,600,60.057,60.05,60.07,0.02,6,3,109,6,600,60.057,0,PTRIN,2,MERCURIASA,6,"PTRIN, HARTREE, GLENCORE",MERCURIASA,GLENCORE,MERCURIASA,Mar26,-0.10815966809526345,0.00032986970146792015,0.6909090909090909,0.16,1.7142857142857142,1.28,SELLER_DOMINANT,,,,
2026-01-05,2026,1,170,23,50,120,143,2,2,2300,61.589,61.55,61.66,0.11,3,23,170,23,2300,61.589,-1700,PTRIN,8,GUNVORSA,17,"STASCO, CPUKLTD, PTRIN, GLENCORE, TRAFI","GUNVORSA, MERCURIASA",GLENCORE,GUNVORSA,Mar26,2.9418742248631804,0.001814283358073561,0.8235294117647058,0.11764705882352941,1.4166666666666667,2.78,SELLER_DOMINANT,,,,
2026-01-06,2026,1,119,5,69,50,110,3,1,500,61.614,61.59,61.63,0.04,3,6,119,5,500,61.614,-500,TRAFI,3,MERCURIASA,5,"PTRIN, GUNVORSA, TRAFI",MERCURIASA,GLENCORE,MERCURIASA,Mar26,-0.2875734265045837,0.0006597394029358403,0.31932773109243695,0.08571428571428572,1.6666666666666667,1.04,SELLER_DOMINANT,,,,
2026-01-07,2026,1,96,6,63,33,86,3,1,600,60.402,60.4,60.41,0.01,3,6,95,6,600,60.402,-400,PTRIN,2,MERCURIASA,6,"PTRIN, TRAFI, GLENCORE",MERCURIASA,GLENCORE,MERCURIASA,"Apr26, Mar26, Mar26/Apr26",-0.10815966809526345,0.00016493485073396007,0.625,0.09375,1.7142857142857142,1.22,SELLER_DOMINANT,,,,
2026-01-08,2026,1,137,5,92,45,125,3,4,500,61.21,61.19,61.23,0.04,6,3,136,5,500,61.21,300,TRAFI,2,STASCO,2,"GUNVORSA, TRAFI, MERCURIASA","CPUKLTD, STASCO, PTRIN",TRAFI,CPUKLTD,Mar26,-0.2875734265045837,0.0006597394029358403,0.6861313868613139,0.12903225806451613,0.6666666666666666,0.74,BID_PRESSURE,,,,
2026-01-09,2026,1,165,11,144,21,152,2,0,1200,63.729,63.66,63.77,0.11,10,3,165,11,1200,63.729,400,GUNVORSA,7,MERCURIASA,6,"TRAFI, GUNVORSA, GLENCORE","MERCURIASA, PTRIN",GUNVORSA,MERCURIASA,Mar26,0.9683228823606579,0.001814283358073561,1.490909090909091,0.13793103448275862,1.0,2.09,BID_PRESSURE,,,,
2026-01-12,2026,1,312,13,250,62,205,88,6,1300,63.387,62.81,63.67,0.86,97,7,312,13,1300,63.387,500,GUNVORSA,9,PTRIN,4,"GUNVORSA, STASCO","PTRIN, MERCURIASA, GLENCORE, STASCO, CPUKLTD",GUNVORSA,MERCURIASA,"Apr26, Mar26, Mar26/Apr26",1.147736640769978,0.014184397163120567,1.205128205128205,0.7729083665338645,0.5714285714285714,2.2,BID_PRESSURE,,,,
2026-01-13,2026,1,433,23,263,170,286,122,2,2300,65.455,65.01,65.92,0.91,87,59,433,23,2300,65.455,2100,GUNVORSA,23,PTRIN,8,GUNVORSA,"MERCURIASA, STASCO, PTRIN, GLENCORE, TOTSA",GUNVORSA,MERCURIASA,"Apr26, Mar26, Mar26/Apr26",2.9418742248631804,0.015009071416790368,0.4295612009237875,0.6590909090909091,0.6666666666666666,2.49,BUYER_DOMINANT,,,,
2026-01-14,2026,1,454,17,264,190,316,120,1,1700,65.702,65.28,66.02,0.74,80,59,454,17,1700,65.702,700,GUNVORSA,14,PTRIN,6,"GUNVORSA, MERCURIASA","CPUKLTD, STASCO, PTRIN, GLENCORE",GUNVORSA,GLENCORE,"Apr26, Mar26, Mar26/Apr26",1.8653916744072592,0.012205178954313046,0.32599118942731276,0.6037735849056604,0.6666666666666666,2.3,BUYER_DOMINANT,,,,
2026-01-15,2026,1,378,11,209,169,267,99,1,1100,63.435,63.1,63.7,0.6,56,56,378,11,1100,63.435,100,GUNVORSA,10,GLENCORE,4,"GUNVORSA, MERCURIASA","CPUKLTD, STASCO, PTRIN, GLENCORE",GUNVORSA,GLENCORE,"Apr26, Mar26, Mar26/Apr26",0.7889091239513376,0.009896091044037604,0.21164021164021163,0.5333333333333333,0.6666666666666666,1.34,BUYER_DOMINANT,,,,
2026-01-16,2026,1,348,18,204,144,234,94,2,1800,64.273,63.88,64.64,0.76,62,51,348,18,1800,64.273,1400,GUNVORSA,16,PTRIN,5,"GUNVORSA, MERCURIASA","PTRIN, HARTREE, GLENCORE, TOTSA, STASCO",GUNVORSA,GLENCORE,"Apr26, Mar26, Mar26/Apr26",2.0448054328165792,0.012535048655780966,0.3448275862068966,0.6048780487804878,0.5263157894736842,2.35,BUYER_DOMINANT,,,,
2026-01-19,2026,1,448,16,197,251,279,151,2,1600,63.893,63.53,64.32,0.79,61,105,446,16,1600,63.893,1000,GUNVORSA,16,PTRIN,6,GUNVORSA,"PTRIN, HARTREE, GLENCORE, MERCURIASA, STASCO",CPUKLTD,MERCURIASA,"Apr26, Mar26, Mar26/Apr26",1.6859779159979387,0.013029853207982847,0.24107142857142858,0.6161616161616161,0.7058823529411765,2.14,BUYER_DOMINANT,,,,
2026-01-20,2026,1,521,12,299,222,348,155,6,1200,64.444,64.08,64.81,0.73,89,81,521,12,1200,64.444,600,GUNVORSA,6,MERCURIASA,5,"GUNVORSA, STASCO, HARTREE, GLENCORE","BP, PTRIN, MERCURIASA, GLENCORE, HARTREE",CPUKLTD,MERCURIASA,"Apr26, Mar26, Mar26/Apr26",0.9683228823606579,0.012040244103579085,0.29558541266794625,0.5933333333333334,0.7692307692307693,1.61,NORMAL,,,,
2026-01-21,2026,1,416,4,246,170,265,141,6,400,65.065,65.0,65.1,0.1,79,68,416,4,400,65.065,200,MERCURIASA,3,GLENCORE,3,"STASCO, MERCURIASA","PTRIN, GLENCORE",MERCURIASA,GLENCORE,"Apr26, Mar26, Mar26/Apr26",-0.4669871849139039,0.0016493485073396008,0.36538461538461536,0.6396761133603239,1.2,1.1,SELLER_DOMINANT,,,,
2026-01-22,2026,1,19,1,19,0,18,0,0,100,64.4,64.4,64.4,0.0,1,0,19,1,100,64.4,100,STASCO,1,GLENCORE,1,STASCO,GLENCORE,STASCO,,Mar26,-1.0052284601418646,0.0,2.0,0.1,1.0,1.55,SELLER_DOMINANT,,,,
2026-01-23,2026,1,354,8,152,202,246,98,2,800,57.464,0.81,65.84,65.03,45,63,354,8,800,57.464,-400,GUNVORSA,2,MERCURIASA,4,"GUNVORSA, HARTREE, CPUKLTD, PTRIN, STASCO","PTRIN, MERCURIASA, CPUKLTD, GLENCORE, ICE",STASCO,GLENCORE,"Apr26, Mar26, Mar26/Apr26",0.250667848723377,1.0725713343229424,0.2824858757062147,0.5882352941176471,0.8888888888888888,1.72,HIGH_PRICE_RANGE,,,,
2026-01-26,2026,1,447,10,277,170,282,153,2,1000,65.215,64.7,65.63,0.93,97,68,447,10,1000,65.215,600,MERCURIASA,6,GLENCORE,4,"GUNVORSA, MERCURIASA","GLENCORE, TOTSA, STASCO, PTRIN",MERCURIASA,GLENCORE,"Apr26, Mar26, Mar26/Apr26",0.6094953655420174,0.015338941118258289,0.47874720357941836,0.697841726618705,0.7272727272727273,1.45,NORMAL,,,,
2026-01-27,2026,1,309,7,188,121,209,90,3,700,66.887,65.94,67.08,1.14,53,45,309,7,700,66.887,300,MERCURIASA,6,PTRIN,3,"MERCURIASA, GUNVORSA","PTRIN, CPUKLTD, STASCO, GLENCORE",MERCURIASA,GLENCORE,"Apr26, Mar26, Mar26/Apr26",0.07125409031405676,0.018802572983671446,0.4336569579288026,0.5608465608465608,0.75,0.94,BUYER_DOMINANT,,,,
2026-01-28,2026,1,384,4,240,144,246,130,4,400,67.375,67.1,68.13,1.03,81,55,384,4,400,67.375,-200,MERCURIASA,3,GLENCORE,4,"MERCURIASA, STASCO",GLENCORE,CPUKLTD,GLENCORE,"Apr26, Mar26, Mar26/Apr26",-0.4669871849139039,0.01698828962559789,0.5,0.6721991701244814,1.6,1.4,SELLER_DOMINANT,,,,
2026-01-29,2026,1,158,6,121,37,149,2,1,1800,70.195,69.73,71.07,1.34,8,2,158,6,1800,70.195,200,MERCURIASA,4,STASCO,2,"MERCURIASA, GUNVORSA","PTRIN, STASCO, GLENCORE, MERCURIASA",GUNVORSA,GLENCORE,"Apr26, Mar26",2.0448054328165792,0.022101269998350652,1.0632911392405062,0.13114754098360656,0.5714285714285714,2.5,HIGH_PRICE_RANGE,,,,
2026-01-30,2026,1,77,4,77,0,68,3,2,400,70.197,70.16,70.21,0.05,8,0,77,4,400,70.197,400,MERCURIASA,3,PTRIN,2,"MERCURIASA, GUNVORSA","PTRIN, GLENCORE, STASCO",GUNVORSA,,"Apr26, May26",-0.4669871849139039,0.0008246742536698004,2.0,0.20512820512820512,0.8,1.5,BUYER_DOMINANT,,,,
2026-02-02,2026,2,201,13,167,34,184,3,1,1300,66.281,66.19,66.32,0.13,14,3,201,13,1300,66.281,1100,TOTSA,8,PTRIN,4,"TOTSA, MERCURIASA, PTRIN","GUNVORSA, STASCO, HARTREE, PTRIN, GLENCORE",TOTSA,GLENCORE,Apr26,1.0322540420040538,0.002144153059541481,1.3233830845771144,0.16666666666666666,0.5714285714285714,1.86,BID_PRESSURE,,,,
2026-02-03,2026,2,307,22,210,97,270,13,2,2200,67.009,66.97,67.09,0.12,20,17,307,22,2200,67.009,-600,MERCURIASA,7,GUNVORSA,20,"PTRIN, STASCO, TOTSA, MERCURIASA, TRAFI","GUNVORSA, GLENCORE",TOTSA,GUNVORSA,"Apr26, Apr26/May26, May26",2.5961967237338137,0.001979218208807521,0.7361563517915309,0.1895734597156398,1.7391304347826086,2.93,SELLER_DOMINANT,,,,
2026-02-04,2026,2,453,22,267,186,325,102,4,2300,67.418,67.25,67.45,0.2,67,56,453,22,2300,67.418,500,MERCURIASA,13,GUNVORSA,19,"MERCURIASA, PTRIN, TOTSA, TRAFI","GUNVORSA, STASCO",PTRIN,PTRIN,"Apr26, Apr26/May26, May26",2.769968132814898,0.0032986970146792016,0.3576158940397351,0.5,1.6521739130434783,2.86,SELLER_DOMINANT,,,,
2026-02-05,2026,2,120,8,88,32,106,5,1,800,67.496,67.43,67.52,0.09,10,4,120,8,800,67.496,400,MERCURIASA,7,PTRIN,3,"MERCURIASA, TOTSA","PTRIN, STASCO, GLENCORE",TOTSA,GLENCORE,"Apr26, Apr26/May26, May26",0.16339699659863158,0.0014844136566056407,0.9333333333333333,0.2247191011235955,0.6666666666666666,1.04,BUYER_DOMINANT,,,,
2026-02-06,2026,2,157,14,64,93,137,6,0,1500,68.594,68.56,68.63,0.07,7,13,157,14,1500,68.594,-500,MERCURIASA,8,GUNVORSA,14,"MERCURIASA, PTRIN, HARTREE, VITOL, CPUKLTD",GUNVORSA,MERCURIASA,GUNVORSA,"Apr26, Apr26/May26, May26",1.3797968601662227,0.0011545439551377207,0.36942675159235666,0.2153846153846154,1.8666666666666667,2.33,SELLER_DOMINANT,,,,
2026-02-09,2026,2,291,1,149,142,196,90,4,100,68.41,68.41,68.41,0.0,46,45,289,1,100,68.41,-100,VITOL,1,PTRIN,1,VITOL,PTRIN,VITOL,GLENCORE,"Apr26, Apr26/May26, May26",-1.0530028669689597,0.0,0.048109965635738834,0.6133333333333333,1.0,0.83,SELLER_DOMINANT,,,,
2026-02-10,2026,2,231,7,116,115,158,65,1,700,68.527,68.21,68.98,0.77,33,39,231,7,700,68.527,100,VITOL,7,GLENCORE,2,VITOL,"GLENCORE, HARTREE, PTRIN, STASCO",VITOL,GLENCORE,"Apr26, Apr26/May26, May26",-0.01037441248245289,0.012699983506514927,0.008658008658008658,0.5641025641025641,0.5,0.54,BUYER_DOMINANT,,,,
2026-02-11,2026,2,40,6,40,0,34,0,0,600,69.34,69.34,69.34,0.0,6,0,40,6,600,69.34,600,VITOL,6,PTRIN,4,VITOL,"PTRIN, GLENCORE",VITOL,,May26,-0.18414582156353734,0.0,2.0,0.2926829268292683,1.1428571428571428,1.72,BUYER_DOMINANT,,,,
2026-02-12,2026,2,206,12,59,147,154,40,0,1200,67.889,67.45,68.05,0.6,5,47,206,12,1200,67.889,-200,VITOL,8,GUNVORSA,5,"TOTSA, VITOL, HARTREE","GUNVORSA, PTRIN, MERCURIASA",TOTSA,GUNVORSA,"Apr26, Apr26/May26, May26",0.8584826329229694,0.009896091044037604,0.8543689320388349,0.16666666666666666,0.7692307692307693,1.59,OFFER_PRESSURE,,,,
2026-02-13,2026,2,393,9,180,213,242,136,6,900,67.439,66.97,67.67,0.7,66,85,393,9,900,67.439,-900,MERCURIASA,6,GUNVORSA,9,"MERCURIASA, VITOL, PTRIN, STASCO",GUNVORSA,MERCURIASA,GUNVORSA,"Apr26, Apr26/May26, May26",0.337168405679716,0.011545439551377205,0.16793893129770993,0.7292817679558011,1.8,1.63,SELLER_DOMINANT,,,,
2026-02-16,2026,2,700,36,367,333,435,226,3,3600,55.104,0.61,68.55,67.94,119,142,700,36,3600,55.104,0,MERCURIASA,19,GUNVORSA,17,"VITOL, MERCURIASA, PTRIN, TOTSA, CPUKLTD","GLENCORE, HARTREE, GUNVORSA, MERCURIASA, PTRIN",MERCURIASA,GUNVORSA,"Apr26, Apr26/May26, May26",3.0,1.1205673758865247,0.09714285714285714,0.6467391304347826,0.918918918918919,3.1,HIGH_PRICE_RANGE,,,,
2026-02-17,2026,2,512,17,269,243,327,164,4,1700,59.108,0.57,67.22,66.65,90,95,512,17,1700,59.108,-300,VITOL,5,GUNVORSA,8,"VITOL, PTRIN, GLENCORE, STASCO, MERCURIASA","GUNVORSA, STASCO, GLENCORE, CPUKLTD, HARTREE",GLENCORE,GUNVORSA,"Apr26, Apr26/May26, May26",1.7273396783283916,1.0992907801418441,0.1015625,0.6666666666666666,0.8888888888888888,2.87,HIGH_PRICE_RANGE,,,,
2026-02-18,2026,2,395,17,205,190,269,107,2,1700,69.112,68.91,69.57,0.66,66,60,395,17,1700,69.112,-900,PTRIN,9,GUNVORSA,11,"PTRIN, VITOL, STASCO, GLENCORE, MERCURIASA","GUNVORSA, GLENCORE, MERCURIASA, HARTREE, STASCO",GLENCORE,MERCURIASA,"Apr26, Apr26/May26, May26",1.7273396783283916,0.010885700148441365,0.0759493670886076,0.6407766990291263,1.2222222222222223,2.36,VOL_SPIKE,,,,
2026-02-19,2026,2,547,17,276,271,350,177,3,1700,67.012,0.52,71.63,71.11,99,98,547,17,1700,67.012,-100,VITOL,6,GUNVORSA,13,"VITOL, PTRIN, GLENCORE, STASCO, CPUKLTD","GUNVORSA, TOTSA, CPUKLTD",MERCURIASA,MERCURIASA,"Apr26, Apr26/May26, May26",1.7273396783283916,1.1728517235691902,0.018281535648994516,0.7148014440433214,1.4444444444444444,3.17,SELLER_DOMINANT,,,,
2026-02-20,2026,2,159,6,144,15,110,42,1,600,71.038,70.99,71.28,0.29,47,1,159,6,600,71.038,600,VITOL,5,HARTREE,2,"VITOL, GLENCORE","STASCO, GLENCORE, HARTREE, PTRIN, CPUKLTD",GLENCORE,GLENCORE,"Apr26, Apr26/May26, May26",-0.18414582156353734,0.004783110671284842,1.6226415094339623,0.6482758620689655,0.5714285714285714,1.42,BUYER_DOMINANT,,,,
2026-02-23,2026,2,320,9,169,151,201,107,3,900,64.217,0.44,72.49,72.05,49,66,319,9,900,64.217,500,MERCURIASA,4,MERCURIASA,4,"CPUKLTD, GLENCORE, MERCURIASA, STASCO","HARTREE, MERCURIASA, GLENCORE, PTRIN, STASCO",GLENCORE,MERCURIASA,"Apr26, Apr26/May26, May26",0.337168405679716,1.1883555995381823,0.1125,0.5764705882352941,0.8,1.73,HIGH_PRICE_RANGE,,,,
2026-02-24,2026,2,285,10,218,67,189,85,1,1000,64.04,0.21,71.44,71.23,76,18,285,10,1000,64.04,600,MERCURIASA,5,PTRIN,4,"MERCURIASA, STASCO, GLENCORE","PTRIN, CPUKLTD, GLENCORE, MERCURIASA",GLENCORE,MERCURIASA,"Apr26, Apr26/May26, May26",0.5109398147608005,1.1748309417779976,1.0596491228070175,0.6940639269406392,0.7272727272727273,2.35,HIGH_PRICE_RANGE,,,,
2026-02-25,2026,2,269,6,153,116,177,84,2,600,70.797,70.74,70.84,0.1,46,45,269,6,600,70.797,200,GLENCORE,3,MERCURIASA,5,"PTRIN, GLENCORE, MERCURIASA","MERCURIASA, STASCO",GLENCORE,STASCO,"Apr26, Apr26/May26, May26",-0.18414582156353734,0.0016493485073396008,0.275092936802974,0.5974025974025974,1.4285714285714286,1.15,SELLER_DOMINANT,,,,
2026-02-26,2026,2,116,1,58,58,108,3,4,100,72.4,72.4,72.4,0.0,2,4,116,1,100,72.4,-100,STASCO,1,GLENCORE,1,STASCO,GLENCORE,STASCO,GLENCORE,"Apr26, May26",-1.0530028669689597,0.0,0.0,0.06779661016949153,1.0,0.53,SELLER_DOMINANT,,,,
2026-02-27,2026,2,77,10,45,32,66,1,0,1000,72.412,72.39,72.45,0.06,4,7,77,10,1000,72.412,-200,STASCO,5,MERCURIASA,10,"PTRIN, STASCO, GLENCORE",MERCURIASA,STASCO,MERCURIASA,May26,0.5109398147608005,0.0009896091044037604,0.33766233766233766,0.17391304347826086,1.8181818181818181,1.57,SELLER_DOMINANT,,,,
2026-03-02,2026,3,94,9,20,74,83,0,2,900,78.128,78.03,78.23,0.2,3,8,94,9,900,78.128,-300,STASCO,9,MERCURIASA,4,STASCO,"MERCURIASA, VITOL, PTRIN",STASCO,MERCURIASA,May26,1.2218240635312028,0.0032986970146792016,1.148936170212766,0.2857142857142857,0.8,2.1,BUYER_DOMINANT,,,0.23,
2026-03-03,2026,3,99,7,10,89,90,1,1,700,83.526,83.51,83.57,0.06,1,7,99,7,700,83.526,-700,PTRIN,4,MERCURIASA,4,"PTRIN, HARTREE, STASCO","MERCURIASA, VITOL",STASCO,MERCURIASA,May26,0.6177454996824425,0.0009896091044037604,1.595959595959596,0.18181818181818182,1.0,1.88,OFFER_PRESSURE,,,0.92,0.69
2026-03-04,2026,3,89,7,0,89,82,0,0,700,80.69,80.69,80.69,0.0,0,7,89,7,700,80.69,-700,PTRIN,4,MERCURIASA,4,"PTRIN, GLENCORE, HARTREE, STASCO","MERCURIASA, VITOL",,VITOL,May26,0.6177454996824425,0.0,2.0,0.0,1.0,1.99,OFFER_PRESSURE,,,1.31,0.39
2026-03-05,2026,3,143,5,58,85,135,1,2,500,84.708,84.7,84.71,0.01,2,5,142,5,500,84.708,-500,PTRIN,5,VITOL,4,PTRIN,"MERCURIASA, VITOL",PTRIN,VITOL,May26,0.013666935833682394,0.00016493485073396007,0.3776223776223776,0.06779661016949153,1.3333333333333333,0.9,SELLER_DOMINANT,,,1.25,-0.06
2026-03-06,2026,3,104,8,36,68,96,0,0,800,91.064,90.86,91.22,0.36,1,7,104,8,800,91.064,-600,PTRIN,5,MERCURIASA,5,"STASCO, PTRIN, HARTREE, GLENCORE","MERCURIASA, VITOL",PTRIN,MERCURIASA,May26,0.9197847816068226,0.005937654626422563,0.6153846153846154,0.05405405405405406,1.1111111111111112,1.63,NORMAL,,,1.17,-0.08
2026-03-09,2026,3,71,8,0,71,62,1,0,800,99.8,99.8,99.8,0.0,0,9,71,8,800,99.8,-800,PTRIN,5,MERCURIASA,8,"PTRIN, STASCO",MERCURIASA,,MERCURIASA,"Jun26, May26",0.9197847816068226,0.0,2.0,0.0,1.7777777777777777,2.62,SELLER_DOMINANT,,,0.47,-0.7
2026-03-10,2026,3,48,4,0,48,44,0,0,400,88.917,88.69,89.08,0.39,0,4,48,4,400,88.917,-400,CPUKLTD,1,MERCURIASA,4,"CPUKLTD, STASCO, GLENCORE, PTRIN",MERCURIASA,,MERCURIASA,May26,-0.2883723460906977,0.006432459178624443,2.0,0.0,1.6,1.8,SELLER_DOMINANT,,,-0.14,-0.61
2026-03-11,2026,3,62,3,25,37,57,2,0,300,92.417,92.41,92.43,0.02,2,3,62,3,300,92.417,-100,PTRIN,3,MERCURIASA,2,PTRIN,"MERCURIASA, VITOL",PTRIN,MERCURIASA,"Jun26, May26, May26/Jun26",-0.5904116280150777,0.00032986970146792015,0.3870967741935484,0.15384615384615385,1.0,0.77,BUYER_DOMINANT,,,-0.01,0.13
2026-03-12,2026,3,207,10,132,75,150,45,2,1000,98.422,95.1,99.24,4.14,53,4,207,10,1000,98.422,600,PTRIN,5,VITOL,8,"PTRIN, HARTREE, STASCO","VITOL, MERCURIASA",HARTREE,MERCURIASA,"Jun26, May26, May26/Jun26",1.5238633454555828,0.06828302820385947,0.5507246376811594,0.7969924812030075,1.4545454545454546,2.66,SELLER_DOMINANT,,,0.08,0.09
2026-03-13,2026,3,68,6,33,35,62,0,0,600,102.015,101.99,102.02,0.03,1,5,68,6,600,102.015,-400,PTRIN,4,MERCURIASA,5,"PTRIN, STASCO","MERCURIASA, VITOL",PTRIN,MERCURIASA,May26,0.31570621775806246,0.0004948045522018802,0.058823529411764705,0.058823529411764705,1.4285714285714286,1.03,SELLER_DOMINANT,,,-0.01,-0.09
2026-03-16,2026,3,71,4,38,33,64,2,1,400,102.92,102.92,102.92,0.0,2,5,71,4,400,102.92,-400,PTRIN,3,MERCURIASA,4,"PTRIN, STASCO",MERCURIASA,PTRIN,MERCURIASA,"Jun26, May26, May26/Jun26",-0.2883723460906977,0.0,0.14084507042253522,0.10256410256410256,1.6,0.92,SELLER_DOMINANT,,,-0.11,-0.1
2026-03-17,2026,3,159,5,89,70,116,37,1,500,101.44,101.44,101.44,0.0,39,4,159,5,500,101.44,-100,BP,3,MERCURIASA,5,"STASCO, BP",MERCURIASA,BP,MERCURIASA,"Jun26, May26, May26/Jun26",0.013666935833682394,0.0,0.2389937106918239,0.8666666666666667,1.6666666666666667,1.4,SELLER_DOMINANT,,,-0.34,-0.23
2026-03-18,2026,3,74,5,36,38,69,0,0,500,108.27,108.27,108.27,0.0,3,2,74,5,500,108.27,100,PTRIN,4,MERCURIASA,5,"PTRIN, CPUKLTD",MERCURIASA,PTRIN,MERCURIASA,May26,0.013666935833682394,0.0,0.05405405405405406,0.16216216216216217,1.6666666666666667,0.95,SELLER_DOMINANT,,,-0.3,0.04
2026-03-19,2026,3,469,8,240,229,311,149,1,800,107.876,105.97,111.06,5.09,71,87,469,8,800,107.876,-600,PTRIN,5,MERCURIASA,5,"BP, PTRIN, MERCURIASA","STASCO, MERCURIASA",MERCURIASA,STASCO,"Jun26, May26, May26/Jun26",0.9197847816068226,0.08395183902358568,0.046908315565031986,0.5892116182572614,1.1111111111111112,1.66,HIGH_PRICE_RANGE,,,-0.45,-0.15
2026-03-20,2026,3,68,4,2,66,60,4,0,400,109.46,109.46,109.46,0.0,1,7,68,4,400,109.46,-400,PTRIN,4,MERCURIASA,4,PTRIN,MERCURIASA,TRAFI,MERCURIASA,"Jun26, May26",-0.2883723460906977,0.0,1.8823529411764706,0.6666666666666666,1.6,2.07,SELLER_DOMINANT,,,-0.3,0.15
2026-03-23,2026,3,197,3,93,104,149,45,0,300,102.67,99.88,104.11,4.23,5,43,197,3,300,102.67,100,MERCURIASA,1,STASCO,3,"MERCURIASA, PTRIN, BP",STASCO,PTRIN,STASCO,"Jun26, May26, May26/Jun26",-0.5904116280150777,0.06976744186046512,0.1116751269035533,0.10638297872340426,1.5,0.9,SELLER_DOMINANT,,,-0.22,0.08
2026-03-24,2026,3,344,7,172,172,227,109,1,700,102.771,99.55,104.13,4.58,59,59,344,7,700,102.771,100,MERCURIASA,6,PTRIN,3,"MERCURIASA, PTRIN","VITOL, PTRIN, STASCO",MERCURIASA,PTRIN,"Jun26, May26, May26/Jun26",0.6177454996824425,0.07554016163615372,0.0,0.6820809248554913,0.75,1.26,BUYER_DOMINANT,,,-0.37,-0.15
2026-03-25,2026,3,762,4,514,248,548,206,4,400,99.005,96.65,101.36,4.71,104,3,0,0,0,,0,BP,2,PTRIN,2,"BP, PTRIN","PTRIN, MERCURIASA",BP,PTRIN,"Jun26, May26, May26/Jun26",-0.2883723460906977,0.0776843146956952,0.6981627296587927,0.40388349514563104,0.8,1.0,HIGH_PRICE_RANGE,,,0.63,1.0
2026-03-26,2026,3,381,5,278,103,307,65,4,500,108.946,108.89,109.04,0.15,35,39,0,0,0,,0,MERCURIASA,4,PTRIN,5,"MERCURIASA, BP",PTRIN,CPUKLTD,PTRIN,"Jun26, May26, May26/Jun26",0.013666935833682394,0.002474022761009401,0.9186351706036745,0.25089605734767023,1.6666666666666667,1.43,SELLER_DOMINANT,,,0.91,0.28
2026-03-27,2026,3,304,4,76,228,212,87,1,400,106.345,104.52,111.82,7.3,5,87,0,0,0,,0,VITOL,3,PTRIN,4,"VITOL, MERCURIASA",PTRIN,MERCURIASA,PTRIN,"Jun26, May26, May26/Jun26",-0.2883723460906977,0.12040244103579086,1.0,0.12987012987012986,1.6,1.44,SELLER_DOMINANT,,,0.66,-0.25
2026-03-30,2026,3,92,6,45,47,85,0,1,600,107.513,107.49,107.58,0.09,4,3,92,6,600,107.513,0,VITOL,4,MERCURIASA,6,"VITOL, PTRIN",MERCURIASA,VITOL,MERCURIASA,Jun26,0.31570621775806246,0.0014844136566056407,0.043478260869565216,0.17391304347826086,1.7142857142857142,1.22,SELLER_DOMINANT,,,-1.71,-2.37
2026-03-31,2026,3,119,1,92,27,112,3,3,100,107.69,107.69,107.69,0.0,4,1,119,1,100,107.69,100,MERCURIASA,1,GLENCORE,1,MERCURIASA,GLENCORE,MERCURIASA,PTRIN,Jun26,-1.194490191863838,0.0,1.0924369747899159,0.08602150537634409,1.0,1.09,SELLER_DOMINANT,,,6.58,8.29
2026-04-01,2026,4,193,6,193,0,181,3,3,600,102.33,102.32,102.35,0.03,10,0,193,6,600,102.33,600,MERCURIASA,6,VITOL,2,MERCURIASA,"VITOL, STASCO, GLENCORE",MERCURIASA,,Jun26,-0.07737529519083328,0.0004948045522018802,2.0,0.10309278350515463,0.5714285714285714,1.34,BUYER_DOMINANT,1.98,,,
2026-04-02,2026,4,114,2,114,0,110,1,1,200,109.82,109.82,109.82,0.0,4,0,0,0,0,,0,TRAFI,1,VITOL,1,"TRAFI, PTRIN","VITOL, GLENCORE",PTRIN,,Jun26,-0.7548389908616843,0.0,2.0,0.06956521739130435,0.6666666666666666,1.37,BID_PRESSURE,1.58,-0.4,,
2026-04-07,2026,4,142,4,108,34,136,1,1,400,111.11,111.1,111.12,0.02,4,2,142,4,400,111.11,200,TRAFI,3,BP,2,"TRAFI, MERCURIASA","BP, PTRIN",GLENCORE,BP,Jun26,-0.41610714302625873,0.00032986970146792015,1.0422535211267605,0.07339449541284404,0.8,0.96,BUYER_DOMINANT,1.92,0.15,,
2026-04-08,2026,4,340,1,334,6,275,60,4,100,90.76,90.76,90.76,0.0,63,1,340,1,100,90.76,-100,MERCURIASA,1,GLENCORE,1,MERCURIASA,GLENCORE,TRAFI,GLENCORE,"Jul26, Jun26, Jun26/Jul26",-0.9242049147793969,0.0,1.9294117647058824,0.3761194029850746,1.0,1.65,SELLER_DOMINANT,0.75,-1.17,,
2026-04-09,2026,4,154,6,154,0,147,1,0,600,99.443,99.43,99.47,0.04,7,0,154,6,600,99.443,600,TRAFI,3,VITOL,3,"TRAFI, MERCURIASA","VITOL, PTRIN",MERCURIASA,,Jun26,-0.07737529519083328,0.0006597394029358403,2.0,0.09032258064516129,0.8571428571428571,1.47,BID_PRESSURE,1.53,0.78,,
2026-04-10,2026,4,190,8,172,18,178,2,2,800,96.95,96.93,96.97,0.04,10,2,190,8,800,96.95,800,MERCURIASA,4,PTRIN,5,"GLENCORE, TRAFI, MERCURIASA","PTRIN, VITOL",MERCURIASA,PTRIN,"Jul26, Jun26, Jun26/Jul26",0.2613565526445922,0.0006597394029358403,1.6210526315789473,0.11560693641618497,1.1111111111111112,1.63,BID_PRESSURE,1.46,-0.07,,
2026-04-13,2026,4,175,7,175,0,164,3,1,700,100.257,95.34,102.22,6.88,11,0,175,7,700,100.257,700,MERCURIASA,5,PTRIN,5,"TOTSA, MERCURIASA","VITOL, PTRIN, STASCO",MERCURIASA,,"Jul26, Jun26",0.09199062872687946,0.11347517730496454,2.0,0.125,1.25,1.83,SELLER_DOMINANT,2.2,0.74,,
2026-04-14,2026,4,120,8,120,0,110,2,0,800,96.792,96.75,96.82,0.07,10,0,120,8,800,96.792,800,MERCURIASA,7,PTRIN,7,"MERCURIASA, GLENCORE","PTRIN, VITOL",MERCURIASA,,"Jul26, Jun26",0.2613565526445922,0.0011545439551377207,2.0,0.1652892561983471,1.5555555555555556,2.07,SELLER_DOMINANT,1.27,-0.93,,
2026-04-15,2026,4,73,8,73,0,63,2,0,800,95.755,95.7,95.77,0.07,10,0,73,8,800,95.755,800,MERCURIASA,7,PTRIN,7,"MERCURIASA, GLENCORE","PTRIN, VITOL",MERCURIASA,,"Jul26, Jun26",0.2613565526445922,0.0011545439551377207,2.0,0.2702702702702703,1.5555555555555556,2.12,SELLER_DOMINANT,1.33,0.06,,
2026-04-16,2026,4,79,6,79,0,71,1,1,600,98.785,98.61,98.82,0.21,7,0,79,6,600,98.785,600,MERCURIASA,5,PTRIN,4,"GLENCORE, MERCURIASA","STASCO, PTRIN",GLENCORE,,Jun26,-0.07737529519083328,0.0034636318654131617,2.0,0.175,1.1428571428571428,1.66,BUYER_DOMINANT,2.08,0.75,,
2026-04-17,2026,4,165,9,165,0,153,3,0,900,86.603,86.49,86.7,0.21,12,0,165,9,900,86.603,900,MERCURIASA,5,PTRIN,7,"MERCURIASA, VITOL","GLENCORE, PTRIN",MERCURIASA,,"Jul26, Jun26",0.43072247656230495,0.0034636318654131617,2.0,0.14457831325301204,1.4,2.12,SELLER_DOMINANT,1.22,-0.86,,
2026-04-20,2026,4,188,4,101,87,148,36,0,400,95.43,95.27,95.55,0.28,5,35,188,4,400,95.43,200,BP,3,VITOL,2,"BP, GLENCORE","VITOL, STASCO, MERCURIASA",GLENCORE,MERCURIASA,"Jul26, Jun26, Jun26/Jul26",-0.41610714302625873,0.004618175820550883,0.14893617021276595,0.09803921568627451,0.8,0.53,BUYER_DOMINANT,1.82,0.6,,
2026-04-21,2026,4,78,5,78,0,72,1,0,500,98.218,98.15,98.26,0.11,6,0,78,5,500,98.218,500,BP,3,VITOL,2,"BP, MERCURIASA","VITOL, PTRIN, STASCO",MERCURIASA,,Jun26,-0.24674121910854602,0.001814283358073561,2.0,0.1518987341772152,0.6666666666666666,1.41,BID_PRESSURE,1.46,-0.36,,
2026-04-22,2026,4,48,3,48,0,44,1,0,300,96.0,95.86,96.07,0.21,4,0,48,3,300,96.0,300,MERCURIASA,2,PTRIN,2,"MERCURIASA, GLENCORE","PTRIN, STASCO",MERCURIASA,,"Jul26, Jun26",-0.5854730669439715,0.0034636318654131617,2.0,0.16326530612244897,1.0,1.58,BID_PRESSURE,1.38,-0.08,,
2026-04-23,2026,4,109,1,109,0,71,37,0,100,97.91,97.91,97.91,0.0,38,0,109,1,100,97.91,100,MERCURIASA,1,VITOL,1,MERCURIASA,VITOL,HARTREE,,"Jul26, Jun26, Jun26/Jul26",-0.9242049147793969,0.0,2.0,0.6909090909090909,1.0,1.85,SELLER_DOMINANT,0.94,-0.44,,
2026-04-24,2026,4,91,4,91,0,83,2,2,400,100.23,100.23,100.23,0.0,8,0,91,4,400,100.23,400,MERCURIASA,4,PTRIN,4,MERCURIASA,PTRIN,MERCURIASA,,"Jul26, Jun26",-0.41610714302625873,0.0,2.0,0.17391304347826086,1.6,1.89,SELLER_DOMINANT,1.35,0.41,,
2026-04-27,2026,4,60,3,60,0,54,3,0,300,104.437,102.16,108.99,6.83,6,0,60,3,300,104.437,300,MERCURIASA,2,VITOL,2,"STASCO, MERCURIASA","VITOL, PTRIN",MERCURIASA,,"Jul26, Jun26",-0.5854730669439715,0.11265050305129473,2.0,0.19672131147540983,1.0,1.67,HIGH_PRICE_RANGE,1.61,0.26,,
2026-04-28,2026,4,72,5,72,0,63,4,0,500,111.564,111.55,111.57,0.02,9,0,72,5,500,111.564,500,MERCURIASA,4,PTRIN,2,"MERCURIASA, STASCO","PTRIN, VITOL, HARTREE",MERCURIASA,,"Jul26, Jun26",-0.24674121910854602,0.00032986970146792015,2.0,0.2465753424657534,0.6666666666666666,1.46,BUYER_DOMINANT,1.29,-0.32,,
2026-04-29,2026,4,100,3,70,30,95,2,0,900,112.9,110.06,118.58,8.52,5,1,100,3,900,112.9,-500,GLENCORE,2,STASCO,2,"GLENCORE, MERCURIASA","STASCO, PTRIN",MERCURIASA,PTRIN,"Jul26, Jun26",0.43072247656230495,0.14052449282533397,0.8,0.14084507042253522,1.0,1.4,HIGH_PRICE_RANGE,0.63,-0.66,,
2026-04-30,2026,4,45,0,45,0,39,3,3,0,,,,,3,0,45,0,0,,0,,0,,0,,,GLENCORE,,Jul26,-1.0935708386971097,0.0,2.0,0.13043478260869565,0.0,1.07,BID_PRESSURE,-3.4,-4.03,,
2026-05-01,2026,5,70,6,24,46,64,0,0,600,108.765,108.54,108.96,0.42,2,4,70,6,600,108.765,-200,VITOL,3,MERCURIASA,6,"GLENCORE, PTRIN, STASCO, VITOL",MERCURIASA,VITOL,MERCURIASA,Jul26,-0.14051380039167433,0.006927263730826323,0.6285714285714286,0.16,1.7142857142857142,1.26,SELLER_DOMINANT,,,,
2026-05-05,2026,5,38,3,0,38,35,0,0,300,111.05,110.99,111.11,0.12,0,3,38,3,300,111.05,-300,HARTREE,1,MERCURIASA,3,"HARTREE, VITOL, GLENCORE",MERCURIASA,,MERCURIASA,Jul26,-0.8536213373794214,0.001979218208807521,2.0,0.0,1.5,1.75,SELLER_DOMINANT,,,,
2026-05-06,2026,5,95,4,90,5,89,2,0,400,102.07,102.07,102.07,0.0,5,1,95,4,400,102.07,400,MERCURIASA,3,STASCO,3,"VITOL, MERCURIASA","STASCO, HARTREE",MERCURIASA,MERCURIASA,Jul26,-0.6159188250501724,0.0,1.7894736842105263,0.10989010989010989,1.2,1.55,SELLER_DOMINANT,,,,
2026-05-07,2026,5,117,5,68,49,107,4,1,500,98.612,98.46,98.76,0.3,3,6,117,5,500,98.612,-500,PTRIN,3,MERCURIASA,5,"STASCO, PTRIN",MERCURIASA,GLENCORE,MERCURIASA,Jul26,-0.3782163127209233,0.004948045522018802,0.3247863247863248,0.08695652173913043,1.6666666666666667,1.04,SELLER_DOMINANT,,,,
2026-05-08,2026,5,116,11,52,64,101,4,0,1200,101.838,101.71,101.94,0.23,9,6,116,11,1200,101.838,0,VITOL,6,MERCURIASA,7,"VITOL, PTRIN, STASCO","PTRIN, MERCURIASA",VITOL,MERCURIASA,Jul26,1.2857012735838198,0.003793501566881082,0.20689655172413793,0.33962264150943394,1.1666666666666667,1.89,NORMAL,,,,
2026-05-11,2026,5,47,0,0,47,43,2,2,0,,,,,0,2,47,0,0,,0,,0,,0,,,,GLENCORE,"Aug26, Jul26",-1.5667288743671683,0.0,2.0,0.0,0.0,1.0,OFFER_PRESSURE,,,,
2026-05-12,2026,5,72,1,38,34,68,3,0,100,108.16,108.16,108.16,0.0,2,3,72,1,100,108.16,100,GLENCORE,1,MERCURIASA,1,GLENCORE,MERCURIASA,GLENCORE,MERCURIASA,Jul26,-1.3290263620379192,0.0,0.1111111111111111,0.10256410256410256,1.0,0.61,SELLER_DOMINANT,,,,
2026-05-13,2026,5,56,0,34,22,52,3,1,0,,,,,1,2,56,0,0,,0,,0,,0,,,GLENCORE,MERCURIASA,Jul26,-1.5667288743671683,0.0,0.42857142857142855,0.05714285714285714,0.0,0.24,NORMAL,,,,
2026-05-14,2026,5,76,3,39,37,68,3,2,300,105.113,105.04,105.15,0.11,2,4,76,3,300,105.113,-300,PTRIN,3,MERCURIASA,3,PTRIN,MERCURIASA,GLENCORE,MERCURIASA,Jul26,-0.8536213373794214,0.001814283358073561,0.05263157894736842,0.1,1.5,0.83,SELLER_DOMINANT,,,,
2026-05-15,2026,5,2,0,2,0,1,1,0,0,,,,,1,0,2,0,0,,0,,0,,0,,,GLENCORE,,Jul26,-1.5667288743671683,0.0,2.0,0.6666666666666666,0.0,1.33,BID_PRESSURE,,,,
2026-05-18,2026,5,279,8,175,104,191,78,2,800,110.466,106.43,111.16,4.73,51,36,279,8,800,110.466,400,MERCURIASA,5,PTRIN,6,"MERCURIASA, STASCO","PTRIN, GLENCORE",STASCO,GLENCORE,"Aug26, Jul26, Jul26/Aug26",0.3348912242668237,0.07801418439716312,0.5089605734767025,0.5795454545454546,1.3333333333333333,1.53,SELLER_DOMINANT,,,,
2026-05-19,2026,5,318,7,132,186,219,89,3,700,108.161,106.35,110.62,4.27,39,59,318,7,700,108.161,300,VITOL,4,MERCURIASA,3,"VITOL, STASCO, HARTREE","PTRIN, HARTREE, MERCURIASA, GLENCORE",VITOL,GLENCORE,"Aug26, Jul26, Jul26/Aug26",0.0971887119375747,0.07042718126340095,0.33962264150943394,0.5864661654135338,0.75,0.96,HIGH_PRICE_RANGE,,,,
2026-05-20,2026,5,290,5,260,30,218,67,0,500,103.272,102.3,106.68,4.38,69,3,290,5,500,103.272,300,VITOL,3,PTRIN,3,"VITOL, MERCURIASA, STASCO","PTRIN, GLENCORE, MERCURIASA",VITOL,MERCURIASA,"Aug26, Jul26, Jul26/Aug26",-0.3782163127209233,0.07224146462147452,1.5862068965517242,0.5287356321839081,1.0,1.6,HIGH_PRICE_RANGE,,,,
2026-05-21,2026,5,161,11,57,104,112,38,0,1100,106.647,104.76,108.32,3.56,7,43,161,11,1100,106.647,300,VITOL,7,MERCURIASA,6,"VITOL, OMVSTL, STASCO","PTRIN, MERCURIASA",VITOL,MERCURIASA,"Aug26, Jul26, Jul26/Aug26",1.0479987612545707,0.058716806861289786,0.5838509316770186,0.2413793103448276,1.0,1.79,HIGH_PRICE_RANGE,,,,
2026-05-22,2026,5,247,4,30,217,195,46,2,400,101.895,101.12,104.1,2.98,3,49,247,4,400,101.895,-200,VITOL,4,MERCURIASA,2,VITOL,"MERCURIASA, PTRIN",VITOL,MERCURIASA,"Aug26, Jul26, Jul26/Aug26",-0.6159188250501724,0.049150585518720105,1.51417004048583,0.1935483870967742,0.8,1.28,BUYER_DOMINANT,,,,
2026-05-26,2026,5,283,7,156,127,195,81,0,700,99.4,97.7,100.83,3.13,47,43,283,7,700,99.4,-100,MERCURIASA,4,STASCO,3,"VITOL, MERCURIASA","PTRIN, STASCO, GLENCORE",MERCURIASA,GLENCORE,"Aug26, Jul26, Jul26/Aug26",0.0971887119375747,0.051624608279729506,0.2049469964664311,0.5987261146496815,0.75,0.89,HIGH_PRICE_RANGE,,,,
2026-05-27,2026,5,126,8,69,57,89,29,0,800,94.601,94.28,96.46,2.18,11,26,126,8,800,94.601,800,MERCURIASA,4,PTRIN,5,"MERCURIASA, VITOL, STASCO","PTRIN, STASCO, GLENCORE, VITOL",MERCURIASA,PTRIN,"Aug26, Jul26, Jul26/Aug26",0.3348912242668237,0.0359557974600033,0.19047619047619047,0.3142857142857143,1.1111111111111112,1.1,HIGH_PRICE_RANGE,,,,
2026-05-28,2026,5,122,6,51,71,108,3,5,600,93.37,93.34,93.38,0.04,6,3,119,6,600,93.37,600,MERCURIASA,4,PTRIN,5,"MERCURIASA, VITOL","PTRIN, HARTREE",MERCURIASA,GLENCORE,"Aug26, Jul26",-0.14051380039167433,0.0006597394029358403,0.32786885245901637,0.23076923076923078,1.4285714285714286,0.99,SELLER_DOMINANT,,,,
2026-05-29,2026,5,70,5,49,21,65,0,0,500,90.594,90.57,90.6,0.03,4,1,70,5,500,90.594,300,MERCURIASA,5,PTRIN,4,MERCURIASA,"PTRIN, GLENCORE",MERCURIASA,GLENCORE,Aug26,-0.3782163127209233,0.0004948045522018802,0.8,0.16,1.3333333333333333,1.15,SELLER_DOMINANT,,,,
2026-06-01,2026,6,78,3,0,78,74,1,0,300,96.903,96.83,97.05,0.22,0,4,78,3,300,96.903,-300,PTRIN,2,MERCURIASA,2,"PTRIN, HARTREE","MERCURIASA, GLENCORE",,GLENCORE,"Aug26, Sep26",-0.7161960923984626,0.003628566716147122,2.0,0.0,1.0,1.5,OFFER_PRESSURE,,,,
2026-06-02,2026,6,160,2,109,51,114,43,1,200,93.495,92.3,94.69,2.39,44,3,160,2,200,93.495,0,GLENCORE,1,MERCURIASA,1,"GLENCORE, STASCO","MERCURIASA, VITOL",GLENCORE,MERCURIASA,"Aug26, Aug26/Sep26, Sep26",-0.8973351819155835,0.039419429325416463,0.725,0.8,0.6666666666666666,1.12,HIGH_PRICE_RANGE,,,,
2026-06-03,2026,6,95,3,41,54,82,10,0,300,97.567,97.56,97.58,0.02,2,11,95,3,300,97.567,-100,GLENCORE,2,MERCURIASA,3,"GLENCORE, PTRIN",MERCURIASA,GLENCORE,MERCURIASA,"Aug26, Aug26/Sep26, Sep26",-0.7161960923984626,0.00032986970146792015,0.2736842105263158,0.09523809523809523,1.5,0.93,SELLER_DOMINANT,,,,
2026-06-04,2026,6,335,3,151,184,221,108,3,300,93.997,92.37,94.81,2.44,55,59,335,3,300,93.997,-100,PTRIN,2,MERCURIASA,3,"PTRIN, VITOL",MERCURIASA,GLENCORE,MERCURIASA,"Aug26, Aug26/Sep26, Sep26",-0.7161960923984626,0.04024410357908626,0.19701492537313434,0.7236842105263158,1.5,1.23,SELLER_DOMINANT,,,,
