contract,year,co_slot,obs_month,obs_year,date,oi,fly,CO1,CO2,backw,td_in_month,td_to_expiry,oi_chg_pct,fly_chg,phase,prev_exp_fly,prev_exp_fly_chg
COF16,2016,3,9,2015,2015-09-01,114703.0,-0.08,,,,1,,,,,,
COF16,2016,3,9,2015,2015-09-02,114824.0,-0.08,,,,2,,0.11,0.0,,,
COF16,2016,3,9,2015,2015-09-03,117947.0,-0.09,,,,3,,2.72,-0.01,,,
COF16,2016,3,9,2015,2015-09-04,120507.0,-0.09,,,,4,,2.17,0.0,,,
COF16,2016,3,9,2015,2015-09-07,120012.0,-0.09,,,,5,,-0.41,0.0,,,
COF16,2016,3,9,2015,2015-09-08,134367.0,-0.11,,,,6,,11.96,-0.02,,,
COF16,2016,3,9,2015,2015-09-09,146068.0,-0.12,,,,7,,8.71,-0.01,,,
COF16,2016,3,9,2015,2015-09-10,155701.0,-0.12,,,,8,,6.59,0.0,,,
COF16,2016,3,9,2015,2015-09-11,167759.0,-0.11,,,,9,,7.74,0.01,,,
COF16,2016,3,9,2015,2015-09-14,177550.0,-0.12,,,,10,,5.84,-0.01,,,
COF16,2016,3,9,2015,2015-09-15,181668.0,-0.12,,,,11,,2.32,0.0,,,
COF17,2017,3,9,2016,2016-09-01,150895.0,0.02,45.45,45.83,-0.38,1,64.0,,,,0.53,0.48
COF17,2017,3,9,2016,2016-09-02,155466.0,0.02,46.83,47.21,-0.38,2,63.0,3.03,0.0,,0.53,0.48
COF17,2017,3,9,2016,2016-09-05,157282.0,0.02,47.63,48.01,-0.38,3,62.0,1.17,0.0,,0.53,0.48
COF17,2017,3,9,2016,2016-09-06,156155.0,0.0,47.26,47.65,-0.39,4,61.0,-0.72,-0.02,,0.53,0.48
COF17,2017,3,9,2016,2016-09-07,162805.0,-0.02,47.98,48.39,-0.41,5,60.0,4.26,-0.02,,0.53,0.48
COF17,2017,3,9,2016,2016-09-08,174281.0,-0.01,49.99,50.43,-0.44,6,59.0,7.05,0.01,,0.53,0.48
COF17,2017,3,9,2016,2016-09-09,187756.0,-0.01,48.01,48.47,-0.46,7,58.0,7.73,0.0,,0.53,0.48
COF17,2017,3,9,2016,2016-09-12,197248.0,-0.02,48.32,48.81,-0.49,8,57.0,5.06,-0.01,,0.53,0.48
COF17,2017,3,9,2016,2016-09-13,209153.0,-0.01,47.1,47.58,-0.48,9,56.0,6.04,0.01,,0.53,0.48
COF17,2017,3,9,2016,2016-09-14,226112.0,0.02,45.85,46.31,-0.46,10,55.0,8.11,0.03,,0.53,0.48
COF17,2017,3,9,2016,2016-09-15,228910.0,0.0,46.59,47.06,-0.47,11,54.0,1.24,-0.02,,0.53,0.48
COF17,2017,3,9,2016,2016-09-16,231948.0,-0.01,45.77,46.24,-0.47,12,53.0,1.33,-0.01,,0.53,0.48
COF17,2017,3,9,2016,2016-09-19,234047.0,-0.01,45.95,46.42,-0.47,13,52.0,0.9,0.0,,0.53,0.48
COF17,2017,3,9,2016,2016-09-20,236820.0,0.0,45.88,46.36,-0.48,14,51.0,1.18,0.01,,0.53,0.48
COF17,2017,3,9,2016,2016-09-21,242969.0,0.02,46.83,47.29,-0.46,15,50.0,2.6,0.02,,0.53,0.48
COF17,2017,3,9,2016,2016-09-22,243126.0,-0.01,47.65,48.21,-0.56,16,49.0,0.06,-0.03,,0.53,0.48
COF17,2017,3,9,2016,2016-09-23,244282.0,-0.01,45.89,46.48,-0.59,17,48.0,0.48,0.0,,0.53,0.48
COF17,2017,3,9,2016,2016-09-26,246542.0,-0.02,47.35,47.93,-0.58,18,47.0,0.93,-0.01,,0.53,0.48
COF17,2017,3,9,2016,2016-09-27,247462.0,-0.01,45.97,46.52,-0.55,19,46.0,0.37,0.01,,0.53,0.48
COF17,2017,3,9,2016,2016-09-28,262149.0,0.0,48.69,49.24,-0.55,20,45.0,5.94,0.01,,0.53,0.48
COF17,2017,3,9,2016,2016-09-29,262805.0,-0.02,49.24,49.81,-0.57,21,44.0,0.25,-0.02,,0.53,0.48
COF17,2017,3,9,2016,2016-09-30,268977.0,-0.04,49.06,50.19,-1.13,22,43.0,2.35,-0.02,,0.53,0.48
COF17,2017,2,10,2016,2016-10-03,272805.0,-0.02,50.89,51.46,-0.57,1,42.0,,,,0.53,0.48
COF17,2017,2,10,2016,2016-10-04,274595.0,-0.03,50.87,51.43,-0.56,2,41.0,0.66,-0.01,,0.53,0.48
COF17,2017,2,10,2016,2016-10-05,284500.0,-0.02,51.86,52.45,-0.59,3,40.0,3.61,0.01,,0.53,0.48
COF17,2017,2,10,2016,2016-10-06,284960.0,-0.02,52.51,53.11,-0.6,4,39.0,0.16,0.0,,0.53,0.48
COF17,2017,2,10,2016,2016-10-07,297698.0,-0.02,51.93,52.54,-0.61,5,38.0,4.47,0.0,,0.53,0.48
COF17,2017,2,10,2016,2016-10-10,299321.0,-0.04,53.14,53.76,-0.62,6,37.0,0.55,-0.02,,0.53,0.48
COF17,2017,2,10,2016,2016-10-11,328062.0,-0.04,52.41,53.03,-0.62,7,36.0,9.6,0.0,,0.53,0.48
COF17,2017,2,10,2016,2016-10-12,335152.0,-0.05,51.81,52.47,-0.66,8,35.0,2.16,-0.01,,0.53,0.48
COF17,2017,2,10,2016,2016-10-13,352538.0,-0.04,52.03,52.7,-0.67,9,34.0,5.19,0.01,,0.53,0.48
COF17,2017,2,10,2016,2016-10-14,372549.0,-0.05,51.95,52.64,-0.69,10,33.0,5.68,-0.01,,0.53,0.48
COF17,2017,2,10,2016,2016-10-17,384624.0,-0.06,51.52,52.24,-0.72,11,32.0,3.24,-0.01,,0.53,0.48
COF17,2017,2,10,2016,2016-10-18,406030.0,-0.04,51.68,52.45,-0.77,12,31.0,5.57,0.02,,0.53,0.48
COF17,2017,2,10,2016,2016-10-19,424212.0,-0.02,52.67,53.42,-0.75,13,30.0,4.48,0.02,,0.53,0.48
COF17,2017,2,10,2016,2016-10-20,446291.0,-0.08,51.38,52.25,-0.87,14,29.0,5.2,-0.06,,0.53,0.48
COF17,2017,2,10,2016,2016-10-21,473409.0,-0.06,51.78,52.69,-0.91,15,28.0,6.08,0.02,,0.53,0.48
COF17,2017,2,10,2016,2016-10-24,497694.0,-0.08,51.46,52.43,-0.97,16,27.0,5.13,-0.02,,0.53,0.48
COF17,2017,2,10,2016,2016-10-25,502177.0,-0.08,50.79,51.79,-1.0,17,26.0,0.9,0.0,,0.53,0.48
COF17,2017,2,10,2016,2016-10-26,518500.0,-0.09,49.98,51.04,-1.06,18,25.0,3.25,-0.01,,0.53,0.48
COF17,2017,2,10,2016,2016-10-27,539648.0,-0.11,50.47,51.6,-1.13,19,24.0,4.08,-0.02,,0.53,0.48
COF17,2017,2,10,2016,2016-10-28,550896.0,-0.09,49.71,50.68,-0.97,20,23.0,2.08,0.02,,0.53,0.48
COF17,2017,2,10,2016,2016-10-31,554062.0,-0.07,48.3,48.61,-0.31,21,22.0,0.57,0.02,,0.53,0.48
COF17,2017,1,11,2016,2016-11-01,553028.0,-0.14,48.14,48.95,-0.81,1,21.0,,,pre_roll,0.53,0.48
COF17,2017,1,11,2016,2016-11-02,547706.0,-0.12,46.86,47.69,-0.83,2,20.0,-0.96,0.02,pre_roll,0.53,0.48
COF17,2017,1,11,2016,2016-11-03,544826.0,-0.14,46.35,47.22,-0.87,3,19.0,-0.53,-0.02,pre_roll,0.53,0.48
COF17,2017,1,11,2016,2016-11-04,542455.0,-0.19,45.58,46.55,-0.97,4,18.0,-0.44,-0.05,pre_roll,0.53,0.48
COF17,2017,1,11,2016,2016-11-07,528010.0,-0.23,46.15,47.2,-1.05,5,17.0,-2.66,-0.04,pre_roll,0.53,0.48
COF17,2017,1,11,2016,2016-11-08,511021.0,-0.26,46.04,47.18,-1.14,6,16.0,-3.22,-0.03,during_roll,0.53,0.48
COF17,2017,1,11,2016,2016-11-09,491096.0,-0.18,46.36,47.42,-1.06,7,15.0,-3.9,0.08,during_roll,0.53,0.48
COF17,2017,1,11,2016,2016-11-10,472132.0,-0.23,45.84,46.92,-1.08,8,14.0,-3.86,-0.05,during_roll,0.53,0.48
COF17,2017,1,11,2016,2016-11-11,444141.0,-0.24,44.75,45.82,-1.07,9,13.0,-5.93,-0.01,during_roll,0.53,0.48
COF17,2017,1,11,2016,2016-11-14,429802.0,-0.24,44.43,45.48,-1.05,10,12.0,-3.23,0.0,during_roll,0.53,0.48
COF17,2017,1,11,2016,2016-11-15,384777.0,-0.24,46.95,47.95,-1.0,11,11.0,-10.48,0.0,during_roll,0.53,0.48
COF17,2017,1,11,2016,2016-11-16,345353.0,-0.2,46.63,47.62,-0.99,12,10.0,-10.25,0.04,during_roll,0.53,0.48
COF17,2017,1,11,2016,2016-11-17,327200.0,-0.26,46.49,47.6,-1.11,13,9.0,-5.26,-0.06,during_roll,0.53,0.48
COF17,2017,1,11,2016,2016-11-18,301220.0,-0.26,46.86,47.97,-1.11,14,8.0,-7.94,0.0,during_roll,0.53,0.48
COF17,2017,1,11,2016,2016-11-21,274829.0,-0.23,48.9,49.97,-1.07,15,7.0,-8.76,0.03,during_roll,0.53,0.48
COF17,2017,1,11,2016,2016-11-22,223031.0,-0.2,49.12,50.11,-0.99,16,6.0,-18.85,0.03,during_roll,0.53,0.48
COF17,2017,1,11,2016,2016-11-23,184947.0,-0.26,48.95,50.0,-1.05,17,5.0,-17.08,-0.06,during_roll,0.53,0.48
COF17,2017,1,11,2016,2016-11-24,175773.0,-0.25,49.0,50.02,-1.02,18,4.0,-4.96,0.01,during_roll,0.53,0.48
COF17,2017,1,11,2016,2016-11-25,151260.0,-0.22,47.24,48.24,-1.0,19,3.0,-13.95,0.03,during_roll,0.53,0.48
COF17,2017,1,11,2016,2016-11-28,99336.0,-0.21,48.24,49.21,-0.97,20,2.0,-34.33,0.01,during_roll,0.53,0.48
COF17,2017,1,11,2016,2016-11-29,60689.0,-0.17,46.38,47.32,-0.94,21,1.0,-38.91,0.04,during_roll,0.53,0.48
COF17,2017,1,11,2016,2016-11-30,,-0.68,50.47,51.84,-1.37,22,0.0,0.0,-0.51,during_roll,0.53,0.48
COF18,2018,3,9,2017,2017-09-01,158899.0,-0.02,52.75,52.79,-0.04,1,64.0,,,,-0.5,-0.69
COF18,2018,3,9,2017,2017-09-04,163617.0,-0.02,52.34,52.37,-0.03,2,63.0,2.97,0.0,,-0.5,-0.69
COF18,2018,3,9,2017,2017-09-05,169689.0,0.0,53.38,53.36,0.02,3,62.0,3.71,0.02,,-0.5,-0.69
COF18,2018,3,9,2017,2017-09-06,179591.0,0.02,54.2,54.07,0.13,4,61.0,5.84,0.02,,-0.5,-0.69
COF18,2018,3,9,2017,2017-09-07,191927.0,0.03,54.49,54.33,0.16,5,60.0,6.87,0.01,,-0.5,-0.69
COF18,2018,3,9,2017,2017-09-08,206364.0,0.04,53.78,53.58,0.2,6,59.0,7.52,0.01,,-0.5,-0.69
COF18,2018,3,9,2017,2017-09-11,215338.0,0.02,53.84,53.69,0.15,7,58.0,4.35,-0.02,,-0.5,-0.69
COF18,2018,3,9,2017,2017-09-12,225305.0,0.03,54.27,54.03,0.24,8,57.0,4.63,0.01,,-0.5,-0.69
COF18,2018,3,9,2017,2017-09-13,228663.0,0.03,55.16,54.89,0.27,9,56.0,1.49,0.0,,-0.5,-0.69
COF18,2018,3,9,2017,2017-09-14,244917.0,0.04,55.47,55.22,0.25,10,55.0,7.11,0.01,,-0.5,-0.69
COF18,2018,3,9,2017,2017-09-15,256943.0,0.05,55.62,55.42,0.2,11,54.0,4.91,0.01,,-0.5,-0.69
COF18,2018,3,9,2017,2017-09-18,282641.0,0.05,55.48,55.25,0.23,12,53.0,10.0,0.0,,-0.5,-0.69
COF18,2018,3,9,2017,2017-09-19,290957.0,0.05,55.14,54.9,0.24,13,52.0,2.94,0.0,,-0.5,-0.69
COF18,2018,3,9,2017,2017-09-20,300484.0,0.06,56.29,55.93,0.36,14,51.0,3.27,0.01,,-0.5,-0.69
COF18,2018,3,9,2017,2017-09-21,304458.0,0.06,56.43,56.09,0.34,15,50.0,1.32,0.0,,-0.5,-0.69
COF18,2018,3,9,2017,2017-09-22,312667.0,0.08,56.86,56.42,0.44,16,49.0,2.7,0.02,,-0.5,-0.69
COF18,2018,3,9,2017,2017-09-25,320846.0,0.08,59.02,58.43,0.59,17,48.0,2.62,0.0,,-0.5,-0.69
COF18,2018,3,9,2017,2017-09-26,324466.0,0.06,58.44,57.92,0.52,18,47.0,1.13,-0.02,,-0.5,-0.69
COF18,2018,3,9,2017,2017-09-27,316269.0,0.05,57.9,57.57,0.33,19,46.0,-2.53,-0.01,,-0.5,-0.69
COF18,2018,3,9,2017,2017-09-28,318895.0,0.03,57.41,57.16,0.25,20,45.0,0.83,-0.02,,-0.5,-0.69
COF18,2018,3,9,2017,2017-09-29,333781.0,0.04,57.54,56.79,0.75,21,44.0,4.67,0.01,,-0.5,-0.69
COF18,2018,2,10,2017,2017-10-02,344404.0,0.05,56.12,55.89,0.23,1,43.0,,,,-0.5,-0.69
COF18,2018,2,10,2017,2017-10-03,348973.0,0.07,56.0,55.78,0.22,2,42.0,1.33,0.02,,-0.5,-0.69
COF18,2018,2,10,2017,2017-10-04,351507.0,0.07,55.8,55.6,0.2,3,41.0,0.73,0.0,,-0.5,-0.69
COF18,2018,2,10,2017,2017-10-05,372670.0,0.08,57.0,56.71,0.29,4,40.0,6.02,0.01,,-0.5,-0.69
COF18,2018,2,10,2017,2017-10-06,377454.0,0.08,55.62,55.36,0.26,5,39.0,1.28,0.0,,-0.5,-0.69
COF18,2018,2,10,2017,2017-10-09,389844.0,0.08,55.79,55.54,0.25,6,38.0,3.28,0.0,,-0.5,-0.69
COF18,2018,2,10,2017,2017-10-10,398490.0,0.08,56.61,56.36,0.25,7,37.0,2.22,0.0,,-0.5,-0.69
COF18,2018,2,10,2017,2017-10-11,418417.0,0.08,56.94,56.73,0.21,8,36.0,5.0,0.0,,-0.5,-0.69
COF18,2018,2,10,2017,2017-10-12,431748.0,0.06,56.25,56.07,0.18,9,35.0,3.19,-0.02,,-0.5,-0.69
COF18,2018,2,10,2017,2017-10-13,450983.0,0.07,57.17,56.95,0.22,10,34.0,4.46,0.01,,-0.5,-0.69
COF18,2018,2,10,2017,2017-10-16,451176.0,0.07,57.82,57.56,0.26,11,33.0,0.04,0.0,,-0.5,-0.69
COF18,2018,2,10,2017,2017-10-17,471907.0,0.09,57.88,57.54,0.34,12,32.0,4.59,0.02,,-0.5,-0.69
COF18,2018,2,10,2017,2017-10-18,488007.0,0.1,58.15,57.8,0.35,13,31.0,3.41,0.01,,-0.5,-0.69
COF18,2018,2,10,2017,2017-10-19,536384.0,0.09,57.23,56.98,0.25,14,30.0,9.91,-0.01,,-0.5,-0.69
COF18,2018,2,10,2017,2017-10-20,573815.0,0.09,57.75,57.58,0.17,15,29.0,6.98,0.0,,-0.5,-0.69
COF18,2018,2,10,2017,2017-10-23,600407.0,0.05,57.37,57.27,0.1,16,28.0,4.63,-0.04,,-0.5,-0.69
COF18,2018,2,10,2017,2017-10-24,631278.0,0.08,58.33,58.17,0.16,17,27.0,5.14,0.03,,-0.5,-0.69
COF18,2018,2,10,2017,2017-10-25,632299.0,0.11,58.44,58.23,0.21,18,26.0,0.16,0.03,,-0.5,-0.69
COF18,2018,2,10,2017,2017-10-26,642599.0,0.09,59.3,59.04,0.26,19,25.0,1.63,-0.02,,-0.5,-0.69
COF18,2018,2,10,2017,2017-10-27,669688.0,0.09,60.44,60.13,0.31,20,24.0,4.22,0.0,,-0.5,-0.69
COF18,2018,2,10,2017,2017-10-30,665494.0,0.07,60.9,60.59,0.31,21,23.0,-0.63,-0.02,,-0.5,-0.69
COF18,2018,2,10,2017,2017-10-31,676182.0,0.06,61.37,60.94,0.43,22,22.0,1.61,-0.01,,-0.5,-0.69
COF18,2018,1,11,2017,2017-11-01,661419.0,0.02,60.49,60.23,0.26,1,21.0,,,pre_roll,-0.5,-0.69
COF18,2018,1,11,2017,2017-11-02,638854.0,-0.01,60.62,60.37,0.25,2,20.0,-3.41,-0.03,during_roll,-0.5,-0.69
COF18,2018,1,11,2017,2017-11-03,635198.0,-0.01,62.07,61.8,0.27,3,19.0,-0.57,0.0,during_roll,-0.5,-0.69
COF18,2018,1,11,2017,2017-11-06,611022.0,-0.02,64.27,63.96,0.31,4,18.0,-3.81,-0.01,during_roll,-0.5,-0.69
COF18,2018,1,11,2017,2017-11-07,578023.0,-0.04,63.69,63.47,0.22,5,17.0,-5.4,-0.02,during_roll,-0.5,-0.69
COF18,2018,1,11,2017,2017-11-08,544098.0,-0.05,63.49,63.28,0.21,6,16.0,-5.87,-0.01,during_roll,-0.5,-0.69
COF18,2018,1,11,2017,2017-11-09,520907.0,-0.06,63.93,63.74,0.19,7,15.0,-4.26,-0.01,during_roll,-0.5,-0.69
COF18,2018,1,11,2017,2017-11-10,515186.0,-0.08,63.52,63.41,0.11,8,14.0,-1.1,-0.02,during_roll,-0.5,-0.69
COF18,2018,1,11,2017,2017-11-13,485349.0,-0.07,63.16,63.1,0.06,9,13.0,-5.79,0.01,during_roll,-0.5,-0.69
COF18,2018,1,11,2017,2017-11-14,449454.0,-0.04,62.21,62.06,0.15,10,12.0,-7.4,0.03,during_roll,-0.5,-0.69
COF18,2018,1,11,2017,2017-11-15,430814.0,-0.08,61.87,61.76,0.11,11,11.0,-4.15,-0.04,during_roll,-0.5,-0.69
COF18,2018,1,11,2017,2017-11-16,392517.0,-0.09,61.36,61.29,0.07,12,10.0,-8.89,-0.01,during_roll,-0.5,-0.69
COF18,2018,1,11,2017,2017-11-17,374662.0,-0.05,62.72,62.55,0.17,13,9.0,-4.55,0.04,during_roll,-0.5,-0.69
COF18,2018,1,11,2017,2017-11-20,336268.0,-0.04,62.22,62.06,0.16,14,8.0,-10.25,0.01,during_roll,-0.5,-0.69
COF18,2018,1,11,2017,2017-11-21,295204.0,0.02,62.57,62.32,0.25,15,7.0,-12.21,0.06,during_roll,-0.5,-0.69
COF18,2018,1,11,2017,2017-11-22,246541.0,0.06,63.32,62.99,0.33,16,6.0,-16.48,0.04,during_roll,-0.5,-0.69
COF18,2018,1,11,2017,2017-11-23,233155.0,0.04,63.55,63.24,0.31,17,5.0,-5.43,-0.02,during_roll,-0.5,-0.69
COF18,2018,1,11,2017,2017-11-24,218043.0,0.1,63.86,63.47,0.39,18,4.0,-6.48,0.06,during_roll,-0.5,-0.69
COF18,2018,1,11,2017,2017-11-27,156869.0,0.17,63.84,63.38,0.46,19,3.0,-28.06,0.07,during_roll,-0.5,-0.69
COF18,2018,1,11,2017,2017-11-28,118462.0,0.12,63.61,63.24,0.37,20,2.0,-24.48,-0.05,during_roll,-0.5,-0.69
COF18,2018,1,11,2017,2017-11-29,66961.0,0.29,63.11,62.53,0.58,21,1.0,-43.47,0.17,during_roll,-0.5,-0.69
COF18,2018,1,11,2017,2017-11-30,66961.0,0.65,63.57,62.63,0.94,22,0.0,0.0,0.36,during_roll,-0.5,-0.69
COF19,2019,3,9,2018,2018-09-03,160246.0,0.0,78.15,77.9,0.25,1,64.0,,,,-0.46,-0.01
COF19,2019,3,9,2018,2018-09-04,164481.0,0.01,78.17,77.9,0.27,2,63.0,2.64,0.01,,-0.46,-0.01
COF19,2019,3,9,2018,2018-09-05,168840.0,0.01,77.27,76.9,0.37,3,62.0,2.65,0.0,,-0.46,-0.01
COF19,2019,3,9,2018,2018-09-06,174146.0,0.01,76.5,76.15,0.35,4,61.0,3.14,0.0,,-0.46,-0.01
COF19,2019,3,9,2018,2018-09-07,176144.0,-0.0,76.83,76.47,0.36,5,60.0,1.15,-0.01,,-0.46,-0.01
COF19,2019,3,9,2018,2018-09-10,177924.0,0.02,77.37,76.92,0.45,6,59.0,1.01,0.02,,-0.46,-0.01
COF19,2019,3,9,2018,2018-09-11,185315.0,0.03,79.06,78.56,0.5,7,58.0,4.15,0.01,,-0.46,-0.01
COF19,2019,3,9,2018,2018-09-12,197915.0,0.03,79.74,79.29,0.45,8,57.0,6.8,0.0,,-0.46,-0.01
COF19,2019,3,9,2018,2018-09-13,203833.0,0.04,78.18,77.75,0.43,9,56.0,2.99,0.01,,-0.46,-0.01
COF19,2019,3,9,2018,2018-09-14,209090.0,0.05,78.09,77.61,0.48,10,55.0,2.58,0.01,,-0.46,-0.01
COF19,2019,3,9,2018,2018-09-17,209594.0,0.05,78.05,77.59,0.46,11,54.0,0.24,0.0,,-0.46,-0.01
COF19,2019,3,9,2018,2018-09-18,213652.0,0.06,79.03,78.53,0.5,12,53.0,1.94,0.01,,-0.46,-0.01
COF19,2019,3,9,2018,2018-09-19,213716.0,0.07,79.4,78.92,0.48,13,52.0,0.03,0.01,,-0.46,-0.01
COF19,2019,3,9,2018,2018-09-20,227561.0,0.05,78.7,78.22,0.48,14,51.0,6.48,-0.02,,-0.46,-0.01
COF19,2019,3,9,2018,2018-09-21,238657.0,0.05,78.8,78.24,0.56,15,50.0,4.88,0.0,,-0.46,-0.01
COF19,2019,3,9,2018,2018-09-24,243062.0,0.06,81.2,80.53,0.67,16,49.0,1.85,0.01,,-0.46,-0.01
COF19,2019,3,9,2018,2018-09-25,253443.0,0.07,81.87,81.26,0.61,17,48.0,4.27,0.01,,-0.46,-0.01
COF19,2019,3,9,2018,2018-09-26,264301.0,0.09,81.34,80.79,0.55,18,47.0,4.28,0.02,,-0.46,-0.01
COF19,2019,3,9,2018,2018-09-27,272055.0,0.09,81.72,81.38,0.34,19,46.0,2.93,0.0,,-0.46,-0.01
COF19,2019,3,9,2018,2018-09-28,272588.0,0.11,82.72,82.73,-0.01,20,45.0,0.2,0.02,,-0.46,-0.01
COF19,2019,2,10,2018,2018-10-01,279562.0,0.07,84.98,84.51,0.47,1,44.0,,,,-0.46,-0.01
COF19,2019,2,10,2018,2018-10-02,283013.0,0.08,84.8,84.35,0.45,2,43.0,1.23,0.01,,-0.46,-0.01
COF19,2019,2,10,2018,2018-10-03,293139.0,0.07,86.29,85.83,0.46,3,42.0,3.58,-0.01,,-0.46,-0.01
COF19,2019,2,10,2018,2018-10-04,305037.0,0.08,84.58,84.16,0.42,4,41.0,4.06,0.01,,-0.46,-0.01
COF19,2019,2,10,2018,2018-10-05,319640.0,0.06,84.16,83.79,0.37,5,40.0,4.79,-0.02,,-0.46,-0.01
COF19,2019,2,10,2018,2018-10-08,323778.0,0.06,83.91,83.54,0.37,6,39.0,1.29,0.0,,-0.46,-0.01
COF19,2019,2,10,2018,2018-10-09,344735.0,0.1,85.0,84.54,0.46,7,38.0,6.47,0.04,,-0.46,-0.01
COF19,2019,2,10,2018,2018-10-10,360993.0,0.1,83.09,82.65,0.44,8,37.0,4.72,0.0,,-0.46,-0.01
COF19,2019,2,10,2018,2018-10-11,380449.0,0.09,80.26,79.87,0.39,9,36.0,5.39,-0.01,,-0.46,-0.01
COF19,2019,2,10,2018,2018-10-12,404740.0,0.07,80.43,80.07,0.36,10,35.0,6.38,-0.02,,-0.46,-0.01
COF19,2019,2,10,2018,2018-10-15,406672.0,0.04,80.78,80.43,0.35,11,34.0,0.48,-0.03,,-0.46,-0.01
COF19,2019,2,10,2018,2018-10-16,414795.0,0.04,81.41,81.04,0.37,12,33.0,2.0,0.0,,-0.46,-0.01
COF19,2019,2,10,2018,2018-10-17,423854.0,0.03,80.05,79.63,0.42,13,32.0,2.18,-0.01,,-0.46,-0.01
COF19,2019,2,10,2018,2018-10-18,450028.0,0.03,79.29,78.75,0.54,14,31.0,6.18,0.0,,-0.46,-0.01
COF19,2019,2,10,2018,2018-10-19,445100.0,0.01,79.78,79.26,0.52,15,30.0,-1.1,-0.02,,-0.46,-0.01
COF19,2019,2,10,2018,2018-10-22,452969.0,0.01,79.83,79.44,0.39,16,29.0,1.77,0.0,,-0.46,-0.01
COF19,2019,2,10,2018,2018-10-23,466189.0,0.0,76.44,76.15,0.29,17,28.0,2.92,-0.01,,-0.46,-0.01
COF19,2019,2,10,2018,2018-10-24,483760.0,-0.03,76.17,76.17,0.0,18,27.0,3.77,-0.03,,-0.46,-0.01
COF19,2019,2,10,2018,2018-10-25,494057.0,-0.04,76.89,76.88,0.01,19,26.0,2.13,-0.01,,-0.46,-0.01
COF19,2019,2,10,2018,2018-10-26,501728.0,-0.03,77.62,77.66,-0.04,20,25.0,1.55,0.01,,-0.46,-0.01
COF19,2019,2,10,2018,2018-10-29,498530.0,0.01,77.34,77.37,-0.03,21,24.0,-0.64,0.04,,-0.46,-0.01
COF19,2019,2,10,2018,2018-10-30,502226.0,0.02,75.91,75.95,-0.04,22,23.0,0.74,0.01,,-0.46,-0.01
COF19,2019,2,10,2018,2018-10-31,498534.0,0.01,75.47,75.04,0.43,23,22.0,-0.74,-0.01,,-0.46,-0.01
COF19,2019,1,11,2018,2018-11-01,494632.0,0.01,72.89,72.96,-0.07,1,21.0,,,pre_roll,-0.46,-0.01
COF19,2019,1,11,2018,2018-11-02,477269.0,0.06,72.83,72.83,0.0,2,20.0,-3.51,0.05,during_roll,-0.46,-0.01
COF19,2019,1,11,2018,2018-11-05,466233.0,0.1,73.17,73.1,0.07,3,19.0,-2.31,0.04,during_roll,-0.46,-0.01
COF19,2019,1,11,2018,2018-11-06,440090.0,0.06,72.13,72.16,-0.03,4,18.0,-5.61,-0.04,during_roll,-0.46,-0.01
COF19,2019,1,11,2018,2018-11-07,410028.0,0.05,72.07,72.13,-0.06,5,17.0,-6.83,-0.01,during_roll,-0.46,-0.01
COF19,2019,1,11,2018,2018-11-08,384383.0,-0.04,70.65,70.9,-0.25,6,16.0,-6.25,-0.09,during_roll,-0.46,-0.01
COF19,2019,1,11,2018,2018-11-09,367649.0,0.01,70.18,70.39,-0.21,7,15.0,-4.35,0.05,during_roll,-0.46,-0.01
COF19,2019,1,11,2018,2018-11-12,355596.0,-0.06,70.12,70.39,-0.27,8,14.0,-3.28,-0.07,during_roll,-0.46,-0.01
COF19,2019,1,11,2018,2018-11-13,332658.0,-0.07,65.47,65.81,-0.34,9,13.0,-6.45,-0.01,during_roll,-0.46,-0.01
COF19,2019,1,11,2018,2018-11-14,301972.0,-0.08,66.12,66.47,-0.35,10,12.0,-9.22,-0.01,during_roll,-0.46,-0.01
COF19,2019,1,11,2018,2018-11-15,282674.0,-0.1,66.62,66.89,-0.27,11,11.0,-6.39,-0.02,during_roll,-0.46,-0.01
COF19,2019,1,11,2018,2018-11-16,269272.0,-0.09,66.76,67.03,-0.27,12,10.0,-4.74,0.01,during_roll,-0.46,-0.01
COF19,2019,1,11,2018,2018-11-19,258333.0,-0.1,66.79,67.08,-0.29,13,9.0,-4.06,-0.01,during_roll,-0.46,-0.01
COF19,2019,1,11,2018,2018-11-20,262983.0,-0.1,62.53,62.84,-0.31,14,8.0,1.8,0.0,during_roll,-0.46,-0.01
COF19,2019,1,11,2018,2018-11-21,242248.0,-0.12,63.48,63.83,-0.35,15,7.0,-7.88,-0.02,during_roll,-0.46,-0.01
COF19,2019,1,11,2018,2018-11-22,228951.0,-0.05,62.6,62.88,-0.28,16,6.0,-5.49,0.07,during_roll,-0.46,-0.01
COF19,2019,1,11,2018,2018-11-23,210988.0,-0.05,58.8,59.04,-0.24,17,5.0,-7.85,0.0,during_roll,-0.46,-0.01
COF19,2019,1,11,2018,2018-11-26,180563.0,0.05,60.48,60.56,-0.08,18,4.0,-14.42,0.1,during_roll,-0.46,-0.01
COF19,2019,1,11,2018,2018-11-27,121093.0,-0.01,60.21,60.4,-0.19,19,3.0,-32.94,-0.06,during_roll,-0.46,-0.01
COF19,2019,1,11,2018,2018-11-28,103909.0,-0.13,58.76,59.09,-0.33,20,2.0,-14.19,-0.12,during_roll,-0.46,-0.01
COF19,2019,1,11,2018,2018-11-29,68839.0,-0.24,59.51,59.91,-0.4,21,1.0,-33.75,-0.11,during_roll,-0.46,-0.01
COF19,2019,1,11,2018,2018-11-30,68839.0,-0.63,58.71,59.46,-0.75,22,0.0,0.0,-0.39,during_roll,-0.46,-0.01
COF20,2020,3,9,2019,2019-09-02,183041.0,0.11,58.66,57.86,0.8,1,64.0,,,,0.39,0.51
COF20,2020,3,9,2019,2019-09-03,191035.0,0.11,58.26,57.47,0.79,2,63.0,4.37,0.0,,0.39,0.51
COF20,2020,3,9,2019,2019-09-04,191990.0,0.11,60.7,59.83,0.87,3,62.0,0.5,0.0,,0.39,0.51
COF20,2020,3,9,2019,2019-09-05,197169.0,0.11,60.95,60.04,0.91,4,61.0,2.7,0.0,,0.39,0.51
COF20,2020,3,9,2019,2019-09-06,192735.0,0.13,61.54,60.57,0.97,5,60.0,-2.25,0.02,,0.39,0.51
COF20,2020,3,9,2019,2019-09-09,200047.0,0.11,62.59,61.63,0.96,6,59.0,3.79,-0.02,,0.39,0.51
COF20,2020,3,9,2019,2019-09-10,205234.0,0.11,62.38,61.44,0.94,7,58.0,2.59,0.0,,0.39,0.51
COF20,2020,3,9,2019,2019-09-11,212487.0,0.12,60.81,59.94,0.87,8,57.0,3.53,0.01,,0.39,0.51
COF20,2020,3,9,2019,2019-09-12,212535.0,0.11,60.38,59.46,0.92,9,56.0,0.02,-0.01,,0.39,0.51
COF20,2020,3,9,2019,2019-09-13,212308.0,0.13,60.22,59.25,0.97,10,55.0,-0.11,0.02,,0.39,0.51
COF20,2020,3,9,2019,2019-09-16,207034.0,0.15,69.02,67.68,1.34,11,54.0,-2.48,0.02,,0.39,0.51
COF20,2020,3,9,2019,2019-09-17,201654.0,0.16,64.55,63.56,0.99,12,53.0,-2.6,0.01,,0.39,0.51
COF20,2020,3,9,2019,2019-09-18,209118.0,0.15,63.6,62.66,0.94,13,52.0,3.7,-0.01,,0.39,0.51
COF20,2020,3,9,2019,2019-09-19,214983.0,0.18,64.4,63.33,1.07,14,51.0,2.8,0.03,,0.39,0.51
COF20,2020,3,9,2019,2019-09-20,220318.0,0.18,64.28,63.2,1.08,15,50.0,2.48,0.0,,0.39,0.51
COF20,2020,3,9,2019,2019-09-23,225173.0,0.2,64.77,63.73,1.04,16,49.0,2.2,0.02,,0.39,0.51
COF20,2020,3,9,2019,2019-09-24,234393.0,0.21,63.1,62.12,0.98,17,48.0,4.09,0.01,,0.39,0.51
COF20,2020,3,9,2019,2019-09-25,236640.0,0.2,62.39,61.43,0.96,18,47.0,0.96,-0.01,,0.39,0.51
COF20,2020,3,9,2019,2019-09-26,243885.0,0.16,62.74,61.74,1.0,19,46.0,3.06,-0.04,,0.39,0.51
COF20,2020,3,9,2019,2019-09-27,245557.0,0.17,61.91,61.04,0.87,20,45.0,0.69,0.01,,0.39,0.51
COF20,2020,3,9,2019,2019-09-30,247612.0,0.16,60.78,59.25,1.53,21,44.0,0.84,-0.01,,0.39,0.51
COF20,2020,2,10,2019,2019-10-01,249884.0,0.16,58.89,58.17,0.72,1,43.0,,,,0.39,0.51
COF20,2020,2,10,2019,2019-10-02,259235.0,0.17,57.69,57.04,0.65,2,42.0,3.74,0.01,,0.39,0.51
COF20,2020,2,10,2019,2019-10-03,264364.0,0.16,57.71,57.06,0.65,3,41.0,1.98,-0.01,,0.39,0.51
COF20,2020,2,10,2019,2019-10-04,266045.0,0.17,58.37,57.74,0.63,4,40.0,0.64,0.01,,0.39,0.51
COF20,2020,2,10,2019,2019-10-07,282811.0,0.16,58.35,57.82,0.53,5,39.0,6.3,-0.01,,0.39,0.51
COF20,2020,2,10,2019,2019-10-08,297597.0,0.15,58.24,57.76,0.48,6,38.0,5.23,-0.01,,0.39,0.51
COF20,2020,2,10,2019,2019-10-09,314598.0,0.17,58.32,57.84,0.48,7,37.0,5.71,0.02,,0.39,0.51
COF20,2020,2,10,2019,2019-10-10,330692.0,0.16,59.1,58.65,0.45,8,36.0,5.12,-0.01,,0.39,0.51
COF20,2020,2,10,2019,2019-10-11,343332.0,0.15,60.51,60.12,0.39,9,35.0,3.82,-0.01,,0.39,0.51
COF20,2020,2,10,2019,2019-10-14,343901.0,0.1,59.35,59.12,0.23,10,34.0,0.17,-0.05,,0.39,0.51
COF20,2020,2,10,2019,2019-10-15,350265.0,0.11,58.74,58.54,0.2,11,33.0,1.85,0.01,,0.39,0.51
COF20,2020,2,10,2019,2019-10-16,356205.0,0.12,59.42,59.16,0.26,12,32.0,1.7,0.01,,0.39,0.51
COF20,2020,2,10,2019,2019-10-17,363259.0,0.15,59.91,59.46,0.45,13,31.0,1.98,0.03,,0.39,0.51
COF20,2020,2,10,2019,2019-10-18,374821.0,0.14,59.42,59.09,0.33,14,30.0,3.18,-0.01,,0.39,0.51
COF20,2020,2,10,2019,2019-10-21,389521.0,0.11,58.96,58.68,0.28,15,29.0,3.92,-0.03,,0.39,0.51
COF20,2020,2,10,2019,2019-10-22,402316.0,0.1,59.7,59.44,0.26,16,28.0,3.28,-0.01,,0.39,0.51
COF20,2020,2,10,2019,2019-10-23,438931.0,0.07,61.17,60.87,0.3,17,27.0,9.1,-0.03,,0.39,0.51
COF20,2020,2,10,2019,2019-10-24,454314.0,0.07,61.67,61.39,0.28,18,26.0,3.5,0.0,,0.39,0.51
COF20,2020,2,10,2019,2019-10-25,465120.0,0.06,62.02,61.73,0.29,19,25.0,2.38,-0.01,,0.39,0.51
COF20,2020,2,10,2019,2019-10-28,473874.0,0.09,61.57,61.25,0.32,20,24.0,1.88,0.03,,0.39,0.51
COF20,2020,2,10,2019,2019-10-29,490298.0,0.12,61.59,61.23,0.36,21,23.0,3.47,0.03,,0.39,0.51
COF20,2020,2,10,2019,2019-10-30,511851.0,0.14,60.61,60.24,0.37,22,22.0,4.4,0.02,,0.39,0.51
COF20,2020,2,10,2019,2019-10-31,513184.0,0.14,60.23,59.62,0.61,23,21.0,0.26,0.0,,0.39,0.51
COF20,2020,1,11,2019,2019-11-01,511960.0,0.13,61.69,60.97,0.72,1,20.0,,,pre_roll,0.39,0.51
COF20,2020,1,11,2019,2019-11-04,508730.0,0.14,62.13,61.35,0.78,2,19.0,-0.63,0.01,pre_roll,0.39,0.51
COF20,2020,1,11,2019,2019-11-05,508587.0,0.16,62.96,62.13,0.83,3,18.0,-0.03,0.02,pre_roll,0.39,0.51
COF20,2020,1,11,2019,2019-11-06,513952.0,0.15,61.74,60.89,0.85,4,17.0,1.05,-0.01,pre_roll,0.39,0.51
COF20,2020,1,11,2019,2019-11-07,496987.0,0.17,62.29,61.41,0.88,5,16.0,-3.3,0.02,pre_roll,0.39,0.51
COF20,2020,1,11,2019,2019-11-08,473741.0,0.18,62.51,61.62,0.89,6,15.0,-4.68,0.01,during_roll,0.39,0.51
COF20,2020,1,11,2019,2019-11-11,448788.0,0.18,62.18,61.3,0.88,7,14.0,-5.27,0.0,during_roll,0.39,0.51
COF20,2020,1,11,2019,2019-11-12,430581.0,0.18,62.06,61.24,0.82,8,13.0,-4.06,0.0,during_roll,0.39,0.51
COF20,2020,1,11,2019,2019-11-13,411797.0,0.18,62.37,61.54,0.83,9,12.0,-4.36,0.0,during_roll,0.39,0.51
COF20,2020,1,11,2019,2019-11-14,399847.0,0.21,62.28,61.41,0.87,10,11.0,-2.9,0.03,during_roll,0.39,0.51
COF20,2020,1,11,2019,2019-11-15,383553.0,0.21,63.3,62.4,0.9,11,10.0,-4.08,0.0,during_roll,0.39,0.51
COF20,2020,1,11,2019,2019-11-18,360757.0,0.21,62.44,61.53,0.91,12,9.0,-5.94,0.0,during_roll,0.39,0.51
COF20,2020,1,11,2019,2019-11-19,325545.0,0.21,60.91,60.02,0.89,13,8.0,-9.76,0.0,during_roll,0.39,0.51
COF20,2020,1,11,2019,2019-11-20,316062.0,0.24,62.4,61.47,0.93,14,7.0,-2.91,0.03,during_roll,0.39,0.51
COF20,2020,1,11,2019,2019-11-21,263495.0,0.28,63.97,62.94,1.03,15,6.0,-16.63,0.04,during_roll,0.39,0.51
COF20,2020,1,11,2019,2019-11-22,222232.0,0.28,63.39,62.37,1.02,16,5.0,-15.66,0.0,during_roll,0.39,0.51
COF20,2020,1,11,2019,2019-11-25,183478.0,0.34,63.65,62.62,1.03,17,4.0,-17.44,0.06,during_roll,0.39,0.51
COF20,2020,1,11,2019,2019-11-26,141533.0,0.36,64.27,63.21,1.06,18,3.0,-22.86,0.02,during_roll,0.39,0.51
COF20,2020,1,11,2019,2019-11-27,103840.0,0.34,64.06,63.01,1.05,19,2.0,-26.63,-0.02,during_roll,0.39,0.51
COF20,2020,1,11,2019,2019-11-28,58238.0,-0.06,63.87,63.27,0.6,20,1.0,-43.92,-0.4,during_roll,0.39,0.51
COF20,2020,1,11,2019,2019-11-29,,1.3,62.43,60.49,1.94,21,0.0,0.0,1.36,during_roll,0.39,0.51
COF21,2021,3,9,2020,2020-09-01,201486.0,-0.02,45.58,46.0,-0.42,1,64.0,,,,-0.32,-0.22
COF21,2021,3,9,2020,2020-09-02,208810.0,-0.01,44.43,44.87,-0.44,2,63.0,3.63,0.01,,-0.32,-0.22
COF21,2021,3,9,2020,2020-09-03,214637.0,-0.01,44.07,44.59,-0.52,3,62.0,2.79,0.0,,-0.32,-0.22
COF21,2021,3,9,2020,2020-09-04,213066.0,-0.02,42.66,43.18,-0.52,4,61.0,-0.73,-0.01,,-0.32,-0.22
COF21,2021,3,9,2020,2020-09-07,217812.0,-0.02,42.01,42.54,-0.53,5,60.0,2.23,0.0,,-0.32,-0.22
COF21,2021,3,9,2020,2020-09-08,232110.0,-0.04,39.78,40.36,-0.58,6,59.0,6.56,-0.02,,-0.32,-0.22
COF21,2021,3,9,2020,2020-09-09,229221.0,-0.04,40.79,41.34,-0.55,7,58.0,-1.24,0.0,,-0.32,-0.22
COF21,2021,3,9,2020,2020-09-10,234765.0,-0.05,40.06,40.63,-0.57,8,57.0,2.42,-0.01,,-0.32,-0.22
COF21,2021,3,9,2020,2020-09-11,244204.0,-0.05,39.83,40.43,-0.6,9,56.0,4.02,0.0,,-0.32,-0.22
COF21,2021,3,9,2020,2020-09-14,250361.0,-0.05,39.61,40.28,-0.67,10,55.0,2.52,0.0,,-0.32,-0.22
COF21,2021,3,9,2020,2020-09-15,252816.0,-0.03,40.53,41.15,-0.62,11,54.0,0.98,0.02,,-0.32,-0.22
COF21,2021,3,9,2020,2020-09-16,256711.0,-0.02,42.22,42.79,-0.57,12,53.0,1.54,0.01,,-0.32,-0.22
COF21,2021,3,9,2020,2020-09-17,254421.0,-0.01,43.3,43.82,-0.52,13,52.0,-0.89,0.01,,-0.32,-0.22
COF21,2021,3,9,2020,2020-09-18,249977.0,-0.02,43.15,43.68,-0.53,14,51.0,-1.75,-0.01,,-0.32,-0.22
COF21,2021,3,9,2020,2020-09-21,254743.0,-0.03,41.44,41.96,-0.52,15,50.0,1.91,-0.01,,-0.32,-0.22
COF21,2021,3,9,2020,2020-09-22,256054.0,-0.01,41.72,42.19,-0.47,16,49.0,0.51,0.02,,-0.32,-0.22
COF21,2021,3,9,2020,2020-09-23,258141.0,-0.02,41.77,42.26,-0.49,17,48.0,0.82,-0.01,,-0.32,-0.22
COF21,2021,3,9,2020,2020-09-24,259450.0,-0.05,41.94,42.46,-0.52,18,47.0,0.51,-0.03,,-0.32,-0.22
COF21,2021,3,9,2020,2020-09-25,267576.0,-0.02,41.92,42.41,-0.49,19,46.0,3.13,0.03,,-0.32,-0.22
COF21,2021,3,9,2020,2020-09-28,270053.0,-0.03,42.43,42.87,-0.44,20,45.0,0.93,-0.01,,-0.32,-0.22
COF21,2021,3,9,2020,2020-09-29,272873.0,-0.03,41.03,41.56,-0.53,21,44.0,1.04,0.0,,-0.32,-0.22
COF21,2021,3,9,2020,2020-09-30,283938.0,-0.03,40.95,42.3,-1.35,22,43.0,4.05,0.0,,-0.32,-0.22
COF21,2021,2,10,2020,2020-10-01,289075.0,-0.04,40.93,41.44,-0.51,1,42.0,,,,-0.32,-0.22
COF21,2021,2,10,2020,2020-10-02,296105.0,-0.03,39.27,39.81,-0.54,2,41.0,2.43,0.01,,-0.32,-0.22
COF21,2021,2,10,2020,2020-10-05,308839.0,-0.02,41.29,41.82,-0.53,3,40.0,4.3,0.01,,-0.32,-0.22
COF21,2021,2,10,2020,2020-10-06,312357.0,-0.02,42.65,43.13,-0.48,4,39.0,1.14,0.0,,-0.32,-0.22
COF21,2021,2,10,2020,2020-10-07,330412.0,-0.03,41.99,42.46,-0.47,5,38.0,5.78,-0.01,,-0.32,-0.22
COF21,2021,2,10,2020,2020-10-08,341367.0,-0.02,43.34,43.77,-0.43,6,37.0,3.32,0.01,,-0.32,-0.22
COF21,2021,2,10,2020,2020-10-09,358261.0,-0.03,42.85,43.32,-0.47,7,36.0,4.95,-0.01,,-0.32,-0.22
COF21,2021,2,10,2020,2020-10-12,389279.0,-0.01,41.72,42.2,-0.48,8,35.0,8.66,0.02,,-0.32,-0.22
COF21,2021,2,10,2020,2020-10-13,408080.0,-0.02,42.45,42.9,-0.45,9,34.0,4.83,-0.01,,-0.32,-0.22
COF21,2021,2,10,2020,2020-10-14,407783.0,-0.03,43.32,43.7,-0.38,10,33.0,-0.07,-0.01,,-0.32,-0.22
COF21,2021,2,10,2020,2020-10-15,414547.0,-0.02,43.16,43.52,-0.36,11,32.0,1.66,0.01,,-0.32,-0.22
COF21,2021,2,10,2020,2020-10-16,429607.0,0.0,42.93,43.27,-0.34,12,31.0,3.63,0.02,,-0.32,-0.22
COF21,2021,2,10,2020,2020-10-19,426754.0,-0.0,42.62,42.98,-0.36,13,30.0,-0.66,-0.0,,-0.32,-0.22
COF21,2021,2,10,2020,2020-10-20,439835.0,-0.01,43.16,43.53,-0.37,14,29.0,3.07,-0.01,,-0.32,-0.22
COF21,2021,2,10,2020,2020-10-21,442745.0,-0.01,41.73,42.07,-0.34,15,28.0,0.66,0.0,,-0.32,-0.22
COF21,2021,2,10,2020,2020-10-22,472420.0,0.0,42.46,42.78,-0.32,16,27.0,6.7,0.01,,-0.32,-0.22
COF21,2021,2,10,2020,2020-10-23,485341.0,0.0,41.77,42.07,-0.3,17,26.0,2.74,0.0,,-0.32,-0.22
COF21,2021,2,10,2020,2020-10-26,481145.0,-0.01,40.46,40.81,-0.35,18,25.0,-0.86,-0.01,,-0.32,-0.22
COF21,2021,2,10,2020,2020-10-27,492745.0,-0.01,41.2,41.61,-0.41,19,24.0,2.41,0.0,,-0.32,-0.22
COF21,2021,2,10,2020,2020-10-28,500921.0,-0.02,39.12,39.64,-0.52,20,23.0,1.66,-0.01,,-0.32,-0.22
COF21,2021,2,10,2020,2020-10-29,510352.0,-0.01,37.65,38.26,-0.61,21,22.0,1.88,0.01,,-0.32,-0.22
COF21,2021,2,10,2020,2020-10-30,524183.0,-0.01,37.46,37.94,-0.48,22,21.0,2.71,0.0,,-0.32,-0.22
COF21,2021,1,11,2020,2020-11-02,507992.0,-0.01,38.97,39.46,-0.49,1,20.0,,,pre_roll,-0.32,-0.22
COF21,2021,1,11,2020,2020-11-03,496579.0,0.01,39.71,40.15,-0.44,2,19.0,-2.25,0.02,during_roll,-0.32,-0.22
COF21,2021,1,11,2020,2020-11-04,487183.0,0.0,41.23,41.61,-0.38,3,18.0,-1.89,-0.01,during_roll,-0.32,-0.22
COF21,2021,1,11,2020,2020-11-05,462175.0,-0.01,40.93,41.3,-0.37,4,17.0,-5.13,-0.01,during_roll,-0.32,-0.22
COF21,2021,1,11,2020,2020-11-06,443518.0,-0.01,39.45,39.84,-0.39,5,16.0,-4.04,0.0,during_roll,-0.32,-0.22
COF21,2021,1,11,2020,2020-11-09,417944.0,-0.02,42.4,42.75,-0.35,6,15.0,-5.77,-0.01,during_roll,-0.32,-0.22
COF21,2021,1,11,2020,2020-11-10,374157.0,-0.02,43.61,43.91,-0.3,7,14.0,-10.48,0.0,during_roll,-0.32,-0.22
COF21,2021,1,11,2020,2020-11-11,335579.0,-0.02,43.8,44.08,-0.28,8,13.0,-10.31,0.0,during_roll,-0.32,-0.22
COF21,2021,1,11,2020,2020-11-12,329449.0,0.0,43.53,43.79,-0.26,9,12.0,-1.83,0.02,during_roll,-0.32,-0.22
COF21,2021,1,11,2020,2020-11-13,326304.0,0.05,42.78,42.96,-0.18,10,11.0,-0.95,0.05,during_roll,-0.32,-0.22
COF21,2021,1,11,2020,2020-11-16,299682.0,0.03,43.82,43.99,-0.17,11,10.0,-8.16,-0.02,during_roll,-0.32,-0.22
COF21,2021,1,11,2020,2020-11-17,276760.0,0.01,43.75,43.96,-0.21,12,9.0,-7.65,-0.02,during_roll,-0.32,-0.22
COF21,2021,1,11,2020,2020-11-18,272711.0,0.02,44.34,44.49,-0.15,13,8.0,-1.46,0.01,during_roll,-0.32,-0.22
COF21,2021,1,11,2020,2020-11-19,251697.0,-0.02,44.2,44.37,-0.17,14,7.0,-7.71,-0.04,during_roll,-0.32,-0.22
COF21,2021,1,11,2020,2020-11-20,210553.0,-0.04,44.96,45.07,-0.11,15,6.0,-16.35,-0.02,during_roll,-0.32,-0.22
COF21,2021,1,11,2020,2020-11-23,181411.0,0.01,46.06,46.04,0.02,16,5.0,-13.84,0.05,during_roll,-0.32,-0.22
COF21,2021,1,11,2020,2020-11-24,169046.0,0.08,47.86,47.78,0.08,17,4.0,-6.82,0.07,during_roll,-0.32,-0.22
COF21,2021,1,11,2020,2020-11-25,122534.0,0.09,48.61,48.53,0.08,18,3.0,-27.51,0.01,during_roll,-0.32,-0.22
COF21,2021,1,11,2020,2020-11-26,104182.0,0.04,47.8,47.79,0.01,19,2.0,-14.98,-0.05,during_roll,-0.32,-0.22
COF21,2021,1,11,2020,2020-11-27,50413.0,-0.01,48.18,48.25,-0.07,20,1.0,-51.61,-0.05,during_roll,-0.32,-0.22
COF21,2021,1,11,2020,2020-11-30,66691.0,-0.22,47.59,47.88,-0.29,21,0.0,32.29,-0.21,during_roll,-0.32,-0.22
COF22,2022,3,9,2021,2021-09-01,165754.0,0.06,71.59,71.03,0.56,1,64.0,,,,0.73,0.25
COF22,2022,3,9,2021,2021-09-02,168477.0,0.06,73.03,72.41,0.62,2,63.0,1.64,0.0,,0.73,0.25
COF22,2022,3,9,2021,2021-09-03,171574.0,0.08,72.61,71.98,0.63,3,62.0,1.84,0.02,,0.73,0.25
COF22,2022,3,9,2021,2021-09-06,172323.0,0.08,72.22,71.62,0.6,4,61.0,0.44,0.0,,0.73,0.25
COF22,2022,3,9,2021,2021-09-07,177152.0,0.08,71.69,71.06,0.63,5,60.0,2.8,0.0,,0.73,0.25
COF22,2022,3,9,2021,2021-09-08,191770.0,0.12,72.6,71.82,0.78,6,59.0,8.25,0.04,,0.73,0.25
COF22,2022,3,9,2021,2021-09-09,202187.0,0.1,71.45,70.79,0.66,7,58.0,5.43,-0.02,,0.73,0.25
COF22,2022,3,9,2021,2021-09-10,208384.0,0.1,72.92,72.26,0.66,8,57.0,3.06,0.0,,0.73,0.25
COF22,2022,3,9,2021,2021-09-13,209093.0,0.08,73.51,72.9,0.61,9,56.0,0.34,-0.02,,0.73,0.25
COF22,2022,3,9,2021,2021-09-14,212369.0,0.08,73.6,72.97,0.63,10,55.0,1.57,0.0,,0.73,0.25
COF22,2022,3,9,2021,2021-09-15,218604.0,0.08,75.46,74.78,0.68,11,54.0,2.94,0.0,,0.73,0.25
COF22,2022,3,9,2021,2021-09-16,222097.0,0.1,75.67,74.98,0.69,12,53.0,1.6,0.02,,0.73,0.25
COF22,2022,3,9,2021,2021-09-17,229704.0,0.1,75.34,74.56,0.78,13,52.0,3.43,0.0,,0.73,0.25
COF22,2022,3,9,2021,2021-09-20,235027.0,0.11,73.92,73.07,0.85,14,51.0,2.32,0.01,,0.73,0.25
COF22,2022,3,9,2021,2021-09-21,243207.0,0.1,74.36,73.57,0.79,15,50.0,3.48,-0.01,,0.73,0.25
COF22,2022,3,9,2021,2021-09-22,253262.0,0.1,76.19,75.39,0.8,16,49.0,4.13,0.0,,0.73,0.25
COF22,2022,3,9,2021,2021-09-23,269410.0,0.11,77.25,76.46,0.79,17,48.0,6.38,0.01,,0.73,0.25
COF22,2022,3,9,2021,2021-09-24,269507.0,0.1,78.09,77.23,0.86,18,47.0,0.04,-0.01,,0.73,0.25
COF22,2022,3,9,2021,2021-09-27,274147.0,0.09,79.53,78.72,0.81,19,46.0,1.72,-0.01,,0.73,0.25
COF22,2022,3,9,2021,2021-09-28,268533.0,0.08,79.09,78.35,0.74,20,45.0,-2.05,-0.01,,0.73,0.25
COF22,2022,3,9,2021,2021-09-29,275162.0,0.07,78.64,78.09,0.55,21,44.0,2.47,-0.01,,0.73,0.25
COF22,2022,3,9,2021,2021-09-30,283312.0,0.07,78.52,78.31,0.21,22,43.0,2.96,0.0,,0.73,0.25
COF22,2022,2,10,2021,2021-10-01,300474.0,0.08,79.28,78.53,0.75,1,42.0,,,,0.73,0.25
COF22,2022,2,10,2021,2021-10-04,311601.0,0.05,81.26,80.48,0.78,2,41.0,3.7,-0.03,,0.73,0.25
COF22,2022,2,10,2021,2021-10-05,318814.0,0.03,82.56,81.83,0.73,3,40.0,2.31,-0.02,,0.73,0.25
COF22,2022,2,10,2021,2021-10-06,328266.0,0.03,81.08,80.39,0.69,4,39.0,2.96,0.0,,0.73,0.25
COF22,2022,2,10,2021,2021-10-07,342858.0,0.03,81.95,81.27,0.68,5,38.0,4.45,0.0,,0.73,0.25
COF22,2022,2,10,2021,2021-10-08,351033.0,0.03,82.39,81.69,0.7,6,37.0,2.38,0.0,,0.73,0.25
COF22,2022,2,10,2021,2021-10-11,376607.0,0.03,83.65,82.92,0.73,7,36.0,7.29,0.0,,0.73,0.25
COF22,2022,2,10,2021,2021-10-12,396807.0,0.02,83.42,82.73,0.69,8,35.0,5.36,-0.01,,0.73,0.25
COF22,2022,2,10,2021,2021-10-13,411761.0,0.0,83.18,82.56,0.62,9,34.0,3.77,-0.02,,0.73,0.25
COF22,2022,2,10,2021,2021-10-14,417918.0,0.0,84.0,83.34,0.66,10,33.0,1.5,0.0,,0.73,0.25
COF22,2022,2,10,2021,2021-10-15,423938.0,0.02,84.86,84.15,0.71,11,32.0,1.44,0.02,,0.73,0.25
COF22,2022,2,10,2021,2021-10-18,432055.0,0.01,84.33,83.66,0.67,12,31.0,1.91,-0.01,,0.73,0.25
COF22,2022,2,10,2021,2021-10-19,469116.0,0.03,85.08,84.36,0.72,13,30.0,8.58,0.02,,0.73,0.25
COF22,2022,2,10,2021,2021-10-20,516203.0,0.03,85.82,85.15,0.67,14,29.0,10.04,0.0,,0.73,0.25
COF22,2022,2,10,2021,2021-10-21,554020.0,0.03,84.61,83.93,0.68,15,28.0,7.33,0.0,,0.73,0.25
COF22,2022,2,10,2021,2021-10-22,573160.0,0.09,85.53,84.64,0.89,16,27.0,3.45,0.06,,0.73,0.25
COF22,2022,2,10,2021,2021-10-25,568477.0,0.07,85.99,85.17,0.82,17,26.0,-0.82,-0.02,,0.73,0.25
COF22,2022,2,10,2021,2021-10-26,579226.0,0.07,86.4,85.65,0.75,18,25.0,1.89,0.0,,0.73,0.25
COF22,2022,2,10,2021,2021-10-27,584888.0,0.09,84.58,83.87,0.71,19,24.0,0.98,0.02,,0.73,0.25
COF22,2022,2,10,2021,2021-10-28,598925.0,0.06,84.32,83.66,0.66,20,23.0,2.4,-0.03,,0.73,0.25
COF22,2022,2,10,2021,2021-10-29,592916.0,0.05,84.38,83.72,0.66,21,22.0,-1.0,-0.01,,0.73,0.25
COF22,2022,1,11,2021,2021-11-01,576332.0,0.12,84.71,83.37,1.34,1,21.0,,,pre_roll,0.73,0.25
COF22,2022,1,11,2021,2021-11-02,554606.0,0.08,84.72,83.44,1.28,2,20.0,-3.77,-0.04,during_roll,0.73,0.25
COF22,2022,1,11,2021,2021-11-03,545135.0,0.07,81.99,80.82,1.17,3,19.0,-1.71,-0.01,during_roll,0.73,0.25
COF22,2022,1,11,2021,2021-11-04,538097.0,0.04,80.54,79.51,1.03,4,18.0,-1.29,-0.03,during_roll,0.73,0.25
COF22,2022,1,11,2021,2021-11-05,508370.0,0.11,82.74,81.68,1.06,5,17.0,-5.52,0.07,during_roll,0.73,0.25
COF22,2022,1,11,2021,2021-11-08,486170.0,0.1,83.43,82.35,1.08,6,16.0,-4.37,-0.01,during_roll,0.73,0.25
COF22,2022,1,11,2021,2021-11-09,466287.0,0.12,84.78,83.56,1.22,7,15.0,-4.09,0.02,during_roll,0.73,0.25
COF22,2022,1,11,2021,2021-11-10,434747.0,0.08,82.64,81.55,1.09,8,14.0,-6.76,-0.04,during_roll,0.73,0.25
COF22,2022,1,11,2021,2021-11-11,417507.0,0.07,82.87,81.85,1.02,9,13.0,-3.97,-0.01,during_roll,0.73,0.25
COF22,2022,1,11,2021,2021-11-12,400424.0,0.11,82.17,81.13,1.04,10,12.0,-4.09,0.04,during_roll,0.73,0.25
COF22,2022,1,11,2021,2021-11-15,391195.0,0.09,82.05,81.05,1.0,11,11.0,-2.3,-0.02,during_roll,0.73,0.25
COF22,2022,1,11,2021,2021-11-16,366801.0,0.07,82.43,81.42,1.01,12,10.0,-6.24,-0.02,during_roll,0.73,0.25
COF22,2022,1,11,2021,2021-11-17,338773.0,0.09,80.28,79.34,0.94,13,9.0,-7.64,0.02,during_roll,0.73,0.25
COF22,2022,1,11,2021,2021-11-18,308104.0,0.07,81.24,80.36,0.88,14,8.0,-9.05,-0.02,during_roll,0.73,0.25
COF22,2022,1,11,2021,2021-11-19,268949.0,0.02,78.89,78.12,0.77,15,7.0,-12.71,-0.05,during_roll,0.73,0.25
COF22,2022,1,11,2021,2021-11-22,228916.0,-0.01,79.7,79.03,0.67,16,6.0,-14.88,-0.03,during_roll,0.73,0.25
COF22,2022,1,11,2021,2021-11-23,193228.0,0.31,82.31,81.33,0.98,17,5.0,-15.59,0.32,during_roll,0.73,0.25
COF22,2022,1,11,2021,2021-11-24,166588.0,0.57,82.25,81.05,1.2,18,4.0,-13.79,0.26,during_roll,0.73,0.25
COF22,2022,1,11,2021,2021-11-25,145036.0,0.74,82.22,80.92,1.3,19,3.0,-12.94,0.17,during_roll,0.73,0.25
COF22,2022,1,11,2021,2021-11-26,111952.0,0.75,72.72,71.59,1.13,20,2.0,-22.81,0.01,during_roll,0.73,0.25
COF22,2022,1,11,2021,2021-11-29,48627.0,-0.16,73.44,73.22,0.22,21,1.0,-56.56,-0.91,during_roll,0.73,0.25
COF22,2022,1,11,2021,2021-11-30,40442.0,0.99,70.57,69.23,1.34,22,0.0,-16.83,1.15,during_roll,0.73,0.25
COF23,2023,3,9,2022,2022-09-01,144778.0,0.09,92.36,91.32,1.04,1,64.0,,,,-0.58,-0.67
COF23,2023,3,9,2022,2022-09-02,147525.0,0.14,93.02,91.81,1.21,2,63.0,1.9,0.05,,-0.58,-0.67
COF23,2023,3,9,2022,2022-09-05,150161.0,0.14,95.74,94.4,1.34,3,62.0,1.79,0.0,,-0.58,-0.67
COF23,2023,3,9,2022,2022-09-06,149791.0,0.09,92.83,91.97,0.86,4,61.0,-0.25,-0.05,,-0.58,-0.67
COF23,2023,3,9,2022,2022-09-07,152955.0,0.05,88.0,87.21,0.79,5,60.0,2.11,-0.04,,-0.58,-0.67
COF23,2023,3,9,2022,2022-09-08,158055.0,0.06,89.15,88.25,0.9,6,59.0,3.33,0.01,,-0.58,-0.67
COF23,2023,3,9,2022,2022-09-09,162675.0,0.12,92.84,91.71,1.13,7,58.0,2.92,0.06,,-0.58,-0.67
COF23,2023,3,9,2022,2022-09-12,162755.0,0.11,94.0,92.93,1.07,8,57.0,0.05,-0.01,,-0.58,-0.67
COF23,2023,3,9,2022,2022-09-13,175741.0,0.17,93.17,92.22,0.95,9,56.0,7.98,0.06,,-0.58,-0.67
COF23,2023,3,9,2022,2022-09-14,183818.0,0.18,94.1,93.12,0.98,10,55.0,4.6,0.01,,-0.58,-0.67
COF23,2023,3,9,2022,2022-09-15,188220.0,0.2,90.84,89.61,1.23,11,54.0,2.39,0.02,,-0.58,-0.67
COF23,2023,3,9,2022,2022-09-16,192457.0,0.2,91.35,90.05,1.3,12,53.0,2.25,0.0,,-0.58,-0.67
COF23,2023,3,9,2022,2022-09-19,197155.0,0.22,92.0,90.66,1.34,13,52.0,2.44,0.02,,-0.58,-0.67
COF23,2023,3,9,2022,2022-09-20,203779.0,0.19,90.62,89.4,1.22,14,51.0,3.36,-0.03,,-0.58,-0.67
COF23,2023,3,9,2022,2022-09-21,212985.0,0.18,89.83,88.8,1.03,15,50.0,4.52,-0.01,,-0.58,-0.67
COF23,2023,3,9,2022,2022-09-22,217576.0,0.16,90.46,89.53,0.93,16,49.0,2.16,-0.02,,-0.58,-0.67
COF23,2023,3,9,2022,2022-09-23,222430.0,0.17,86.15,85.03,1.12,17,48.0,2.23,0.01,,-0.58,-0.67
COF23,2023,3,9,2022,2022-09-26,229156.0,0.24,84.06,82.86,1.2,18,47.0,3.02,0.07,,-0.58,-0.67
COF23,2023,3,9,2022,2022-09-27,235722.0,0.29,86.27,84.87,1.4,19,46.0,2.87,0.05,,-0.58,-0.67
COF23,2023,3,9,2022,2022-09-28,237567.0,0.27,89.32,88.05,1.27,20,45.0,0.78,-0.02,,-0.58,-0.67
COF23,2023,3,9,2022,2022-09-29,248685.0,0.26,88.49,87.18,1.31,21,44.0,4.68,-0.01,,-0.58,-0.67
COF23,2023,3,9,2022,2022-09-30,255119.0,0.25,87.96,85.14,2.82,22,43.0,2.59,-0.01,,-0.58,-0.67
COF23,2023,2,10,2022,2022-10-03,261634.0,0.3,88.86,86.94,1.92,1,42.0,,,,-0.58,-0.67
COF23,2023,2,10,2022,2022-10-04,266043.0,0.35,91.8,89.82,1.98,2,41.0,1.69,0.05,,-0.58,-0.67
COF23,2023,2,10,2022,2022-10-05,282301.0,0.33,93.37,91.61,1.76,3,40.0,6.11,-0.02,,-0.58,-0.67
COF23,2023,2,10,2022,2022-10-06,285305.0,0.31,94.42,92.67,1.75,4,39.0,1.06,-0.02,,-0.58,-0.67
COF23,2023,2,10,2022,2022-10-07,291611.0,0.35,97.92,95.89,2.03,5,38.0,2.21,0.04,,-0.58,-0.67
COF23,2023,2,10,2022,2022-10-10,297770.0,0.29,96.19,94.36,1.83,6,37.0,2.11,-0.06,,-0.58,-0.67
COF23,2023,2,10,2022,2022-10-11,308879.0,0.22,94.29,92.49,1.8,7,36.0,3.73,-0.07,,-0.58,-0.67
COF23,2023,2,10,2022,2022-10-12,336550.0,0.17,92.45,90.82,1.63,8,35.0,8.96,-0.05,,-0.58,-0.67
COF23,2023,2,10,2022,2022-10-13,353657.0,0.18,94.57,92.92,1.65,9,34.0,5.08,0.01,,-0.58,-0.67
COF23,2023,2,10,2022,2022-10-14,366605.0,0.2,91.63,90.15,1.48,10,33.0,3.66,0.02,,-0.58,-0.67
COF23,2023,2,10,2022,2022-10-17,380681.0,0.21,91.62,90.18,1.44,11,32.0,3.84,0.01,,-0.58,-0.67
COF23,2023,2,10,2022,2022-10-18,401530.0,0.19,90.03,88.6,1.43,12,31.0,5.48,-0.02,,-0.58,-0.67
COF23,2023,2,10,2022,2022-10-19,411523.0,0.28,92.41,90.56,1.85,13,30.0,2.49,0.09,,-0.58,-0.67
COF23,2023,2,10,2022,2022-10-20,409289.0,0.3,92.38,90.45,1.93,14,29.0,-0.54,0.02,,-0.58,-0.67
COF23,2023,2,10,2022,2022-10-21,418193.0,0.3,93.5,91.34,2.16,15,28.0,2.18,0.0,,-0.58,-0.67
COF23,2023,2,10,2022,2022-10-24,431941.0,0.28,93.26,91.21,2.05,16,27.0,3.29,-0.02,,-0.58,-0.67
COF23,2023,2,10,2022,2022-10-25,438620.0,0.22,93.52,91.74,1.78,17,26.0,1.55,-0.06,,-0.58,-0.67
COF23,2023,2,10,2022,2022-10-26,449459.0,0.22,95.69,93.79,1.9,18,25.0,2.47,0.0,,-0.58,-0.67
COF23,2023,2,10,2022,2022-10-27,447833.0,0.21,96.96,95.04,1.92,19,24.0,-0.36,-0.01,,-0.58,-0.67
COF23,2023,2,10,2022,2022-10-28,454282.0,0.29,95.77,93.77,2.0,20,23.0,1.44,0.08,,-0.58,-0.67
COF23,2023,2,10,2022,2022-10-31,450864.0,0.24,94.83,92.81,2.02,21,22.0,-0.75,-0.05,,-0.58,-0.67
COF23,2023,1,11,2022,2022-11-01,446016.0,0.24,94.65,92.79,1.86,1,21.0,,,pre_roll,-0.58,-0.67
COF23,2023,1,11,2022,2022-11-02,441657.0,0.17,96.16,94.42,1.74,2,20.0,-0.98,-0.07,pre_roll,-0.58,-0.67
COF23,2023,1,11,2022,2022-11-03,426993.0,0.09,94.67,93.07,1.6,3,19.0,-3.32,-0.08,during_roll,-0.58,-0.67
COF23,2023,1,11,2022,2022-11-04,426884.0,0.1,98.57,96.9,1.67,4,18.0,-0.03,0.01,during_roll,-0.58,-0.67
COF23,2023,1,11,2022,2022-11-07,406555.0,0.08,97.92,96.36,1.56,5,17.0,-4.76,-0.02,during_roll,-0.58,-0.67
COF23,2023,1,11,2022,2022-11-08,386387.0,0.04,95.36,93.98,1.38,6,16.0,-4.96,-0.04,during_roll,-0.58,-0.67
COF23,2023,1,11,2022,2022-11-09,368749.0,0.14,92.65,91.21,1.44,7,15.0,-4.56,0.1,during_roll,-0.58,-0.67
COF23,2023,1,11,2022,2022-11-10,360227.0,0.2,93.67,92.09,1.58,8,14.0,-2.31,0.06,during_roll,-0.58,-0.67
COF23,2023,1,11,2022,2022-11-11,347843.0,0.15,95.99,94.41,1.58,9,13.0,-3.44,-0.05,during_roll,-0.58,-0.67
COF23,2023,1,11,2022,2022-11-14,324210.0,0.1,93.14,91.82,1.32,10,12.0,-6.79,-0.05,during_roll,-0.58,-0.67
COF23,2023,1,11,2022,2022-11-15,291201.0,0.09,93.86,92.75,1.11,11,11.0,-10.18,-0.01,during_roll,-0.58,-0.67
COF23,2023,1,11,2022,2022-11-16,264988.0,0.13,92.86,91.65,1.21,12,10.0,-9.0,0.04,during_roll,-0.58,-0.67
COF23,2023,1,11,2022,2022-11-17,252040.0,0.13,89.78,88.82,0.96,13,9.0,-4.89,0.0,during_roll,-0.58,-0.67
COF23,2023,1,11,2022,2022-11-18,229469.0,-0.12,87.62,87.15,0.47,14,8.0,-8.96,-0.25,during_roll,-0.58,-0.67
COF23,2023,1,11,2022,2022-11-21,199478.0,-0.06,87.45,87.09,0.36,15,7.0,-13.07,0.06,during_roll,-0.58,-0.67
COF23,2023,1,11,2022,2022-11-22,182925.0,0.17,88.36,87.7,0.66,16,6.0,-8.3,0.23,during_roll,-0.58,-0.67
COF23,2023,1,11,2022,2022-11-23,174296.0,0.06,85.41,85.14,0.27,17,5.0,-4.72,-0.11,during_roll,-0.58,-0.67
COF23,2023,1,11,2022,2022-11-24,160225.0,-0.04,85.34,85.24,0.1,18,4.0,-8.07,-0.1,during_roll,-0.58,-0.67
COF23,2023,1,11,2022,2022-11-25,141051.0,-0.25,83.63,83.71,-0.08,19,3.0,-11.97,-0.21,during_roll,-0.58,-0.67
COF23,2023,1,11,2022,2022-11-28,115677.0,-0.8,83.19,83.89,-0.7,20,2.0,-17.99,-0.55,during_roll,-0.58,-0.67
COF23,2023,1,11,2022,2022-11-29,79391.0,-1.23,83.03,84.25,-1.22,21,1.0,-31.37,-0.43,during_roll,-0.58,-0.67
COF23,2023,1,11,2022,2022-11-30,76053.0,-1.52,85.43,86.97,-1.54,22,0.0,-4.2,-0.29,during_roll,-0.58,-0.67
COF24,2024,3,9,2023,2023-09-01,200319.0,0.06,88.55,87.8,0.75,1,64.0,,,,-0.57,-0.7
COF24,2024,3,9,2023,2023-09-04,199412.0,0.07,89.0,88.25,0.75,2,63.0,-0.45,0.01,,-0.57,-0.7
COF24,2024,3,9,2023,2023-09-05,214896.0,0.05,90.04,89.35,0.69,3,62.0,7.76,-0.02,,-0.57,-0.7
COF24,2024,3,9,2023,2023-09-06,214283.0,0.06,90.6,89.86,0.74,4,61.0,-0.29,0.01,,-0.57,-0.7
COF24,2024,3,9,2023,2023-09-07,221021.0,0.05,89.92,89.25,0.67,5,60.0,3.14,-0.01,,-0.57,-0.7
COF24,2024,3,9,2023,2023-09-08,229715.0,0.03,90.65,90.03,0.62,6,59.0,3.93,-0.02,,-0.57,-0.7
COF24,2024,3,9,2023,2023-09-11,239010.0,0.01,90.64,90.04,0.6,7,58.0,4.05,-0.02,,-0.57,-0.7
COF24,2024,3,9,2023,2023-09-12,248908.0,0.03,92.06,91.33,0.73,8,57.0,4.14,0.02,,-0.57,-0.7
COF24,2024,3,9,2023,2023-09-13,259517.0,0.02,91.88,91.2,0.68,9,56.0,4.26,-0.01,,-0.57,-0.7
COF24,2024,3,9,2023,2023-09-14,265134.0,0.01,93.7,92.94,0.76,10,55.0,2.16,-0.01,,-0.57,-0.7
COF24,2024,3,9,2023,2023-09-15,269367.0,0.02,93.93,93.04,0.89,11,54.0,1.6,0.01,,-0.57,-0.7
COF24,2024,3,9,2023,2023-09-18,265351.0,0.07,94.43,93.29,1.14,12,53.0,-1.49,0.05,,-0.57,-0.7
COF24,2024,3,9,2023,2023-09-19,285813.0,0.14,94.34,93.14,1.2,13,52.0,7.71,0.07,,-0.57,-0.7
COF24,2024,3,9,2023,2023-09-20,289110.0,0.14,93.53,92.35,1.18,14,51.0,1.15,0.0,,-0.57,-0.7
COF24,2024,3,9,2023,2023-09-21,305624.0,0.11,93.3,92.26,1.04,15,50.0,5.71,-0.03,,-0.57,-0.7
COF24,2024,3,9,2023,2023-09-22,320804.0,0.16,93.27,91.96,1.31,16,49.0,4.97,0.05,,-0.57,-0.7
COF24,2024,3,9,2023,2023-09-25,327618.0,0.17,93.29,91.88,1.41,17,48.0,2.12,0.01,,-0.57,-0.7
COF24,2024,3,9,2023,2023-09-26,335016.0,0.19,93.96,92.43,1.53,18,47.0,2.26,0.02,,-0.57,-0.7
COF24,2024,3,9,2023,2023-09-27,330013.0,0.32,96.55,94.36,2.19,19,46.0,-1.49,0.13,,-0.57,-0.7
COF24,2024,3,9,2023,2023-09-28,343194.0,0.35,95.38,93.1,2.28,20,45.0,3.99,0.03,,-0.57,-0.7
COF24,2024,3,9,2023,2023-09-29,362150.0,0.39,95.31,92.2,3.11,21,44.0,5.52,0.04,,-0.57,-0.7
COF24,2024,2,10,2023,2023-10-02,369779.0,0.37,90.71,89.06,1.65,1,43.0,,,,-0.57,-0.7
COF24,2024,2,10,2023,2023-10-03,379027.0,0.38,90.92,89.19,1.73,2,42.0,2.5,0.01,,-0.57,-0.7
COF24,2024,2,10,2023,2023-10-04,383217.0,0.34,85.81,84.19,1.62,3,41.0,1.11,-0.04,,-0.57,-0.7
COF24,2024,2,10,2023,2023-10-05,396481.0,0.22,84.07,82.64,1.43,4,40.0,3.46,-0.12,,-0.57,-0.7
COF24,2024,2,10,2023,2023-10-06,398529.0,0.21,84.58,83.13,1.45,5,39.0,0.52,-0.01,,-0.57,-0.7
COF24,2024,2,10,2023,2023-10-09,393789.0,0.22,88.15,86.5,1.65,6,38.0,-1.19,0.01,,-0.57,-0.7
COF24,2024,2,10,2023,2023-10-10,392581.0,0.21,87.65,86.23,1.42,7,37.0,-0.31,-0.01,,-0.57,-0.7
COF24,2024,2,10,2023,2023-10-11,392953.0,0.15,85.82,84.69,1.13,8,36.0,0.09,-0.06,,-0.57,-0.7
COF24,2024,2,10,2023,2023-10-12,401044.0,0.17,86.0,84.81,1.19,9,35.0,2.06,0.02,,-0.57,-0.7
COF24,2024,2,10,2023,2023-10-13,422282.0,0.18,90.89,89.34,1.55,10,34.0,5.3,0.01,,-0.57,-0.7
COF24,2024,2,10,2023,2023-10-16,427914.0,0.19,89.65,88.27,1.38,11,33.0,1.33,0.01,,-0.57,-0.7
COF24,2024,2,10,2023,2023-10-17,445715.0,0.19,89.9,88.56,1.34,12,32.0,4.16,0.0,,-0.57,-0.7
COF24,2024,2,10,2023,2023-10-18,461579.0,0.18,91.5,90.22,1.28,13,31.0,3.56,-0.01,,-0.57,-0.7
COF24,2024,2,10,2023,2023-10-19,475815.0,0.2,92.38,91.01,1.37,14,30.0,3.08,0.02,,-0.57,-0.7
COF24,2024,2,10,2023,2023-10-20,493546.0,0.15,92.16,90.89,1.27,15,29.0,3.73,-0.05,,-0.57,-0.7
COF24,2024,2,10,2023,2023-10-23,485545.0,0.15,89.83,88.69,1.14,16,28.0,-1.62,0.0,,-0.57,-0.7
COF24,2024,2,10,2023,2023-10-24,488829.0,0.12,88.07,87.16,0.91,17,27.0,0.68,-0.03,,-0.57,-0.7
COF24,2024,2,10,2023,2023-10-25,519417.0,0.11,90.13,89.12,1.01,18,26.0,6.26,-0.01,,-0.57,-0.7
COF24,2024,2,10,2023,2023-10-26,535617.0,0.09,87.93,87.05,0.88,19,25.0,3.12,-0.02,,-0.57,-0.7
COF24,2024,2,10,2023,2023-10-27,548798.0,0.11,90.48,89.2,1.28,20,24.0,2.46,0.02,,-0.57,-0.7
COF24,2024,2,10,2023,2023-10-30,546007.0,0.06,87.45,86.35,1.1,21,23.0,-0.51,-0.05,,-0.57,-0.7
COF24,2024,2,10,2023,2023-10-31,558852.0,0.01,87.41,85.02,2.39,22,22.0,2.35,-0.05,,-0.57,-0.7
COF24,2024,1,11,2023,2023-11-01,535419.0,0.05,84.63,84.05,0.58,1,21.0,,,pre_roll,-0.57,-0.7
COF24,2024,1,11,2023,2023-11-02,525024.0,0.04,86.85,86.25,0.6,2,20.0,-1.94,-0.01,during_roll,-0.57,-0.7
COF24,2024,1,11,2023,2023-11-03,500043.0,0.02,84.89,84.4,0.49,3,19.0,-4.76,-0.02,during_roll,-0.57,-0.7
COF24,2024,1,11,2023,2023-11-06,486222.0,0.01,85.18,84.79,0.39,4,18.0,-2.76,-0.01,during_roll,-0.57,-0.7
COF24,2024,1,11,2023,2023-11-07,453935.0,0.02,81.61,81.31,0.3,5,17.0,-6.64,0.01,during_roll,-0.57,-0.7
COF24,2024,1,11,2023,2023-11-08,418837.0,-0.07,79.54,79.41,0.13,6,16.0,-7.73,-0.09,during_roll,-0.57,-0.7
COF24,2024,1,11,2023,2023-11-09,391475.0,-0.05,80.01,79.84,0.17,7,15.0,-6.53,0.02,during_roll,-0.57,-0.7
COF24,2024,1,11,2023,2023-11-10,383442.0,0.01,81.43,81.13,0.3,8,14.0,-2.05,0.06,during_roll,-0.57,-0.7
COF24,2024,1,11,2023,2023-11-13,371783.0,0.02,82.52,82.19,0.33,9,13.0,-3.04,0.01,during_roll,-0.57,-0.7
COF24,2024,1,11,2023,2023-11-14,353996.0,-0.02,82.47,82.21,0.26,10,12.0,-4.78,-0.04,during_roll,-0.57,-0.7
COF24,2024,1,11,2023,2023-11-15,347160.0,-0.04,81.18,81.05,0.13,11,11.0,-1.93,-0.02,during_roll,-0.57,-0.7
COF24,2024,1,11,2023,2023-11-16,333900.0,-0.1,77.42,77.51,-0.09,12,10.0,-3.82,-0.06,during_roll,-0.57,-0.7
COF24,2024,1,11,2023,2023-11-17,303599.0,-0.04,80.61,80.5,0.11,13,9.0,-9.07,0.06,during_roll,-0.57,-0.7
COF24,2024,1,11,2023,2023-11-20,283157.0,-0.16,82.32,82.34,-0.02,14,8.0,-6.73,-0.12,during_roll,-0.57,-0.7
COF24,2024,1,11,2023,2023-11-21,258394.0,-0.18,82.45,82.48,-0.03,15,7.0,-8.75,-0.02,during_roll,-0.57,-0.7
COF24,2024,1,11,2023,2023-11-22,235416.0,-0.1,81.96,81.88,0.08,16,6.0,-8.89,0.08,during_roll,-0.57,-0.7
COF24,2024,1,11,2023,2023-11-23,226820.0,-0.03,81.42,81.25,0.17,17,5.0,-3.65,0.07,during_roll,-0.57,-0.7
COF24,2024,1,11,2023,2023-11-24,213595.0,-0.07,80.58,80.48,0.1,18,4.0,-5.83,-0.04,during_roll,-0.57,-0.7
COF24,2024,1,11,2023,2023-11-27,170919.0,-0.03,79.98,79.87,0.11,19,3.0,-19.98,0.04,during_roll,-0.57,-0.7
COF24,2024,1,11,2023,2023-11-28,124537.0,-0.03,81.68,81.47,0.21,20,2.0,-27.14,0.0,during_roll,-0.57,-0.7
COF24,2024,1,11,2023,2023-11-29,92970.0,-0.08,83.1,82.88,0.22,21,1.0,-25.35,-0.05,during_roll,-0.57,-0.7
COF24,2024,1,11,2023,2023-11-30,89553.0,1.69,82.83,80.86,1.97,22,0.0,-3.68,1.77,during_roll,-0.57,-0.7
COF25,2025,3,9,2024,2024-09-02,198321.0,0.11,77.52,76.73,0.79,1,64.0,,,,1.18,0.9
COF25,2025,3,9,2024,2024-09-03,201085.0,0.09,73.75,73.3,0.45,2,63.0,1.39,-0.02,,1.18,0.9
COF25,2025,3,9,2024,2024-09-04,203951.0,0.1,72.7,72.28,0.42,3,62.0,1.43,0.01,,1.18,0.9
COF25,2025,3,9,2024,2024-09-05,201729.0,0.08,72.69,72.33,0.36,4,61.0,-1.09,-0.02,,1.18,0.9
COF25,2025,3,9,2024,2024-09-06,204673.0,0.1,71.06,70.71,0.35,5,60.0,1.46,0.02,,1.18,0.9
COF25,2025,3,9,2024,2024-09-09,208767.0,0.1,71.84,71.36,0.48,6,59.0,2.0,0.0,,1.18,0.9
COF25,2025,3,9,2024,2024-09-10,217488.0,0.08,69.19,68.83,0.36,7,58.0,4.18,-0.02,,1.18,0.9
COF25,2025,3,9,2024,2024-09-11,224036.0,0.07,70.61,70.17,0.44,8,57.0,3.01,-0.01,,1.18,0.9
COF25,2025,3,9,2024,2024-09-12,231912.0,0.11,71.97,71.43,0.54,9,56.0,3.52,0.04,,1.18,0.9
COF25,2025,3,9,2024,2024-09-13,240893.0,0.11,71.61,71.05,0.56,10,55.0,3.87,0.0,,1.18,0.9
COF25,2025,3,9,2024,2024-09-16,242538.0,0.1,72.75,72.15,0.6,11,54.0,0.68,-0.01,,1.18,0.9
COF25,2025,3,9,2024,2024-09-17,242966.0,0.1,73.7,73.01,0.69,12,53.0,0.18,0.0,,1.18,0.9
COF25,2025,3,9,2024,2024-09-18,251583.0,0.12,73.65,72.88,0.77,13,52.0,3.55,0.02,,1.18,0.9
COF25,2025,3,9,2024,2024-09-19,251032.0,0.13,74.88,74.01,0.87,14,51.0,-0.22,0.01,,1.18,0.9
COF25,2025,3,9,2024,2024-09-20,255668.0,0.12,74.49,73.69,0.8,15,50.0,1.85,-0.01,,1.18,0.9
COF25,2025,3,9,2024,2024-09-23,253862.0,0.12,73.9,73.21,0.69,16,49.0,-0.71,0.0,,1.18,0.9
COF25,2025,3,9,2024,2024-09-24,263988.0,0.11,75.17,74.47,0.7,17,48.0,3.99,-0.01,,1.18,0.9
COF25,2025,3,9,2024,2024-09-25,278269.0,0.08,73.46,72.9,0.56,18,47.0,5.41,-0.03,,1.18,0.9
COF25,2025,3,9,2024,2024-09-26,284666.0,0.09,71.6,71.09,0.51,19,46.0,2.3,0.01,,1.18,0.9
COF25,2025,3,9,2024,2024-09-27,292759.0,0.09,71.98,71.54,0.44,20,45.0,2.84,0.0,,1.18,0.9
COF25,2025,3,9,2024,2024-09-30,307420.0,0.08,71.77,71.7,0.07,21,44.0,5.01,-0.01,,1.18,0.9
COF25,2025,2,10,2024,2024-10-01,326461.0,0.08,73.56,73.21,0.35,1,43.0,,,,1.18,0.9
COF25,2025,2,10,2024,2024-10-02,331899.0,0.08,73.9,73.54,0.36,2,42.0,1.67,0.0,,1.18,0.9
COF25,2025,2,10,2024,2024-10-03,358260.0,0.09,77.62,77.11,0.51,3,41.0,7.94,0.01,,1.18,0.9
COF25,2025,2,10,2024,2024-10-04,359847.0,0.12,78.05,77.43,0.62,4,40.0,0.44,0.03,,1.18,0.9
COF25,2025,2,10,2024,2024-10-07,380499.0,0.08,80.93,80.35,0.58,5,39.0,5.74,-0.04,,1.18,0.9
COF25,2025,2,10,2024,2024-10-08,401591.0,0.09,77.18,76.79,0.39,6,38.0,5.54,0.01,,1.18,0.9
COF25,2025,2,10,2024,2024-10-09,407545.0,0.09,76.58,76.13,0.45,7,37.0,1.48,0.0,,1.18,0.9
COF25,2025,2,10,2024,2024-10-10,422005.0,0.1,79.4,78.86,0.54,8,36.0,3.55,0.01,,1.18,0.9
COF25,2025,2,10,2024,2024-10-11,442551.0,0.08,79.04,78.6,0.44,9,35.0,4.87,-0.02,,1.18,0.9
COF25,2025,2,10,2024,2024-10-14,445720.0,0.07,77.46,77.09,0.37,10,34.0,0.72,-0.01,,1.18,0.9
COF25,2025,2,10,2024,2024-10-15,453468.0,0.08,74.25,73.88,0.37,11,33.0,1.74,0.01,,1.18,0.9
COF25,2025,2,10,2024,2024-10-16,453447.0,0.11,74.22,73.79,0.43,12,32.0,-0.0,0.03,,1.18,0.9
COF25,2025,2,10,2024,2024-10-17,465923.0,0.11,74.45,73.98,0.47,13,31.0,2.75,0.0,,1.18,0.9
COF25,2025,2,10,2024,2024-10-18,482943.0,0.11,73.06,72.68,0.38,14,30.0,3.65,0.0,,1.18,0.9
COF25,2025,2,10,2024,2024-10-21,491753.0,0.1,74.29,73.92,0.37,15,29.0,1.82,-0.01,,1.18,0.9
COF25,2025,2,10,2024,2024-10-22,495072.0,0.12,76.04,75.62,0.42,16,28.0,0.67,0.02,,1.18,0.9
COF25,2025,2,10,2024,2024-10-23,501516.0,0.12,74.96,74.56,0.4,17,27.0,1.3,0.0,,1.18,0.9
COF25,2025,2,10,2024,2024-10-24,508067.0,0.1,74.38,74.03,0.35,18,26.0,1.31,-0.02,,1.18,0.9
COF25,2025,2,10,2024,2024-10-25,507616.0,0.11,76.05,75.63,0.42,19,25.0,-0.09,0.01,,1.18,0.9
COF25,2025,2,10,2024,2024-10-28,521188.0,0.13,71.42,71.0,0.42,20,24.0,2.67,0.02,,1.18,0.9
COF25,2025,2,10,2024,2024-10-29,527463.0,0.14,71.12,70.73,0.39,21,23.0,1.2,0.01,,1.18,0.9
COF25,2025,2,10,2024,2024-10-30,529908.0,0.13,72.55,72.16,0.39,22,22.0,0.46,-0.01,,1.18,0.9
COF25,2025,2,10,2024,2024-10-31,542270.0,0.11,73.16,72.81,0.35,23,21.0,2.33,-0.02,,1.18,0.9
COF25,2025,1,11,2024,2024-11-01,522631.0,0.13,73.1,72.73,0.37,1,20.0,,,pre_roll,1.18,0.9
COF25,2025,1,11,2024,2024-11-04,514724.0,0.11,75.08,74.66,0.42,2,19.0,-1.51,-0.02,during_roll,1.18,0.9
COF25,2025,1,11,2024,2024-11-05,501749.0,0.07,75.53,75.14,0.39,3,18.0,-2.52,-0.04,during_roll,1.18,0.9
COF25,2025,1,11,2024,2024-11-06,492043.0,0.07,74.92,74.57,0.35,4,17.0,-1.93,0.0,during_roll,1.18,0.9
COF25,2025,1,11,2024,2024-11-07,470783.0,0.07,75.63,75.26,0.37,5,16.0,-4.32,0.0,during_roll,1.18,0.9
COF25,2025,1,11,2024,2024-11-08,459341.0,0.04,73.87,73.61,0.26,6,15.0,-2.43,-0.03,during_roll,1.18,0.9
COF25,2025,1,11,2024,2024-11-11,430562.0,0.02,71.83,71.65,0.18,7,14.0,-6.27,-0.02,during_roll,1.18,0.9
COF25,2025,1,11,2024,2024-11-12,403191.0,0.04,71.89,71.65,0.24,8,13.0,-6.36,0.02,during_roll,1.18,0.9
COF25,2025,1,11,2024,2024-11-13,388374.0,0.06,72.28,71.98,0.3,9,12.0,-3.67,0.02,during_roll,1.18,0.9
COF25,2025,1,11,2024,2024-11-14,375705.0,0.07,72.56,72.24,0.32,10,11.0,-3.26,0.01,during_roll,1.18,0.9
COF25,2025,1,11,2024,2024-11-15,369216.0,0.05,71.04,70.78,0.26,11,10.0,-1.73,-0.02,during_roll,1.18,0.9
COF25,2025,1,11,2024,2024-11-18,349933.0,0.05,73.3,73.01,0.29,12,9.0,-5.22,0.0,during_roll,1.18,0.9
COF25,2025,1,11,2024,2024-11-19,345915.0,0.09,73.31,72.99,0.32,13,8.0,-1.15,0.04,during_roll,1.18,0.9
COF25,2025,1,11,2024,2024-11-20,318164.0,0.09,72.81,72.49,0.32,14,7.0,-8.02,0.0,during_roll,1.18,0.9
COF25,2025,1,11,2024,2024-11-21,285524.0,0.13,74.23,73.77,0.46,15,6.0,-10.26,0.04,during_roll,1.18,0.9
COF25,2025,1,11,2024,2024-11-22,234356.0,0.14,75.17,74.63,0.54,16,5.0,-17.92,0.01,during_roll,1.18,0.9
COF25,2025,1,11,2024,2024-11-25,198394.0,0.19,73.01,72.48,0.53,17,4.0,-15.35,0.05,during_roll,1.18,0.9
COF25,2025,1,11,2024,2024-11-26,155251.0,0.18,72.81,72.32,0.49,18,3.0,-21.75,-0.01,during_roll,1.18,0.9
COF25,2025,1,11,2024,2024-11-27,116516.0,0.16,72.83,72.3,0.53,19,2.0,-24.95,-0.02,during_roll,1.18,0.9
COF25,2025,1,11,2024,2024-11-28,84270.0,0.13,73.28,72.78,0.5,20,1.0,-27.68,-0.03,during_roll,1.18,0.9
COF25,2025,1,11,2024,2024-11-29,0.0,0.76,72.94,71.84,1.1,21,0.0,-100.0,0.63,during_roll,1.18,0.9
COF26,2026,3,9,2025,2025-09-01,215841.0,0.12,68.15,67.52,0.63,1,64.0,,,,0.05,-0.03
COF26,2026,3,9,2025,2025-09-02,213858.0,0.11,69.14,68.59,0.55,2,63.0,-0.92,-0.01,,0.05,-0.03
COF26,2026,3,9,2025,2025-09-03,213588.0,0.1,67.6,67.16,0.44,3,62.0,-0.13,-0.01,,0.05,-0.03
COF26,2026,3,9,2025,2025-09-04,226165.0,0.11,66.99,66.53,0.46,4,61.0,5.89,0.01,,0.05,-0.03
COF26,2026,3,9,2025,2025-09-05,234945.0,0.1,65.5,65.11,0.39,5,60.0,3.88,-0.01,,0.05,-0.03
COF26,2026,3,9,2025,2025-09-08,242571.0,0.11,66.02,65.67,0.35,6,59.0,3.25,0.01,,0.05,-0.03
COF26,2026,3,9,2025,2025-09-09,251400.0,0.09,66.39,66.11,0.28,7,58.0,3.64,-0.02,,0.05,-0.03
COF26,2026,3,9,2025,2025-09-10,268755.0,0.1,67.49,67.16,0.33,8,57.0,6.9,0.01,,0.05,-0.03
COF26,2026,3,9,2025,2025-09-11,278505.0,0.1,66.37,66.01,0.36,9,56.0,3.63,0.0,,0.05,-0.03
COF26,2026,3,9,2025,2025-09-12,294791.0,0.11,66.99,66.54,0.45,10,55.0,5.85,0.01,,0.05,-0.03
COF26,2026,3,9,2025,2025-09-15,294462.0,0.11,67.44,67.04,0.4,11,54.0,-0.11,0.0,,0.05,-0.03
COF26,2026,3,9,2025,2025-09-16,308642.0,0.11,68.47,68.01,0.46,12,53.0,4.82,0.0,,0.05,-0.03
COF26,2026,3,9,2025,2025-09-17,315543.0,0.13,67.95,67.46,0.49,13,52.0,2.24,0.02,,0.05,-0.03
COF26,2026,3,9,2025,2025-09-18,312912.0,0.13,67.44,66.92,0.52,14,51.0,-0.83,0.0,,0.05,-0.03
COF26,2026,3,9,2025,2025-09-19,325449.0,0.13,66.68,66.04,0.64,15,50.0,4.01,0.0,,0.05,-0.03
COF26,2026,3,9,2025,2025-09-22,323733.0,0.12,66.57,65.97,0.6,16,49.0,-0.53,-0.01,,0.05,-0.03
COF26,2026,3,9,2025,2025-09-23,331619.0,0.15,67.63,66.97,0.66,17,48.0,2.44,0.03,,0.05,-0.03
COF26,2026,3,9,2025,2025-09-24,341240.0,0.16,69.31,68.46,0.85,18,47.0,2.9,0.01,,0.05,-0.03
COF26,2026,3,9,2025,2025-09-25,355492.0,0.13,69.42,68.58,0.84,19,46.0,4.18,-0.03,,0.05,-0.03
COF26,2026,3,9,2025,2025-09-26,382486.0,0.14,70.13,69.22,0.91,20,45.0,7.59,0.01,,0.05,-0.03
COF26,2026,3,9,2025,2025-09-29,404905.0,0.12,67.97,67.09,0.88,21,44.0,5.86,-0.02,,0.05,-0.03
COF26,2026,3,9,2025,2025-09-30,416033.0,0.12,67.02,66.03,0.99,22,43.0,2.75,0.0,,0.05,-0.03
COF26,2026,2,10,2025,2025-10-01,422932.0,0.12,65.35,65.0,0.35,1,42.0,,,,0.05,-0.03
COF26,2026,2,10,2025,2025-10-02,429886.0,0.11,64.11,63.81,0.3,2,41.0,1.64,-0.01,,0.05,-0.03
COF26,2026,2,10,2025,2025-10-03,430736.0,0.12,64.53,64.16,0.37,3,40.0,0.2,0.01,,0.05,-0.03
COF26,2026,2,10,2025,2025-10-06,429576.0,0.13,65.47,65.07,0.4,4,39.0,-0.27,0.01,,0.05,-0.03
COF26,2026,2,10,2025,2025-10-07,443261.0,0.18,65.45,64.94,0.51,5,38.0,3.19,0.05,,0.05,-0.03
COF26,2026,2,10,2025,2025-10-08,439010.0,0.19,66.25,65.68,0.57,6,37.0,-0.96,0.01,,0.05,-0.03
COF26,2026,2,10,2025,2025-10-09,464937.0,0.16,65.22,64.74,0.48,7,36.0,5.91,-0.03,,0.05,-0.03
COF26,2026,2,10,2025,2025-10-10,482217.0,0.15,62.73,62.28,0.45,8,35.0,3.72,-0.01,,0.05,-0.03
COF26,2026,2,10,2025,2025-10-13,492931.0,0.14,63.32,62.94,0.38,9,34.0,2.22,-0.01,,0.05,-0.03
COF26,2026,2,10,2025,2025-10-14,497296.0,0.15,62.39,62.02,0.37,10,33.0,0.89,0.01,,0.05,-0.03
COF26,2026,2,10,2025,2025-10-15,518550.0,0.13,61.91,61.63,0.28,11,32.0,4.27,-0.02,,0.05,-0.03
COF26,2026,2,10,2025,2025-10-16,536912.0,0.13,61.06,60.79,0.27,12,31.0,3.54,0.0,,0.05,-0.03
COF26,2026,2,10,2025,2025-10-17,544070.0,0.11,61.29,61.1,0.19,13,30.0,1.33,-0.02,,0.05,-0.03
COF26,2026,2,10,2025,2025-10-20,568232.0,0.09,61.01,60.88,0.13,14,29.0,4.44,-0.02,,0.05,-0.03
COF26,2026,2,10,2025,2025-10-21,598802.0,0.11,61.32,61.03,0.29,15,28.0,5.38,0.02,,0.05,-0.03
COF26,2026,2,10,2025,2025-10-22,604151.0,0.12,62.59,62.23,0.36,16,27.0,0.89,0.01,,0.05,-0.03
COF26,2026,2,10,2025,2025-10-23,619846.0,0.23,65.99,65.29,0.7,17,26.0,2.6,0.11,,0.05,-0.03
COF26,2026,2,10,2025,2025-10-24,614878.0,0.24,65.94,65.2,0.74,18,25.0,-0.8,0.01,,0.05,-0.03
COF26,2026,2,10,2025,2025-10-27,641829.0,0.23,65.62,64.9,0.72,19,24.0,4.38,-0.01,,0.05,-0.03
COF26,2026,2,10,2025,2025-10-28,654625.0,0.2,64.4,63.83,0.57,20,23.0,1.99,-0.03,,0.05,-0.03
COF26,2026,2,10,2025,2025-10-29,649749.0,0.21,64.92,64.32,0.6,21,22.0,-0.74,0.01,,0.05,-0.03
COF26,2026,2,10,2025,2025-10-30,667255.0,0.23,65.0,64.37,0.63,22,21.0,2.69,0.02,,0.05,-0.03
COF26,2026,2,10,2025,2025-10-31,706148.0,0.23,65.07,64.77,0.3,23,20.0,5.83,0.0,,0.05,-0.03
COF26,2026,1,11,2025,2025-11-03,695470.0,0.18,64.89,64.44,0.45,1,19.0,,,pre_roll,0.05,-0.03
COF26,2026,1,11,2025,2025-11-04,679052.0,0.16,64.44,64.07,0.37,2,18.0,-2.36,-0.02,during_roll,0.05,-0.03
COF26,2026,1,11,2025,2025-11-05,655240.0,0.13,63.52,63.24,0.28,3,17.0,-3.51,-0.03,during_roll,0.05,-0.03
COF26,2026,1,11,2025,2025-11-06,631470.0,0.14,63.38,63.07,0.31,4,16.0,-3.63,0.01,during_roll,0.05,-0.03
COF26,2026,1,11,2025,2025-11-07,609000.0,0.1,63.63,63.39,0.24,5,15.0,-3.56,-0.04,during_roll,0.05,-0.03
COF26,2026,1,11,2025,2025-11-10,574402.0,0.11,64.06,63.82,0.24,6,14.0,-5.68,0.01,during_roll,0.05,-0.03
COF26,2026,1,11,2025,2025-11-11,562375.0,0.12,65.16,64.87,0.29,7,13.0,-2.09,0.01,during_roll,0.05,-0.03
COF26,2026,1,11,2025,2025-11-12,536130.0,0.12,62.71,62.45,0.26,8,12.0,-4.67,0.0,during_roll,0.05,-0.03
COF26,2026,1,11,2025,2025-11-13,519322.0,0.16,63.01,62.64,0.37,9,11.0,-3.14,0.04,during_roll,0.05,-0.03
COF26,2026,1,11,2025,2025-11-14,496758.0,0.17,64.39,63.92,0.47,10,10.0,-4.34,0.01,during_roll,0.05,-0.03
COF26,2026,1,11,2025,2025-11-17,461052.0,0.16,64.2,63.76,0.44,11,9.0,-7.19,-0.01,during_roll,0.05,-0.03
COF26,2026,1,11,2025,2025-11-18,419487.0,0.14,64.89,64.43,0.46,12,8.0,-9.02,-0.02,during_roll,0.05,-0.03
COF26,2026,1,11,2025,2025-11-19,361086.0,0.16,63.51,63.0,0.51,13,7.0,-13.92,0.02,during_roll,0.05,-0.03
COF26,2026,1,11,2025,2025-11-20,292511.0,0.19,63.38,62.8,0.58,14,6.0,-18.99,0.03,during_roll,0.05,-0.03
COF26,2026,1,11,2025,2025-11-21,241744.0,0.28,62.56,61.94,0.62,15,5.0,-17.36,0.09,during_roll,0.05,-0.03
COF26,2026,1,11,2025,2025-11-24,209367.0,0.29,63.37,62.72,0.65,16,4.0,-13.39,0.01,during_roll,0.05,-0.03
COF26,2026,1,11,2025,2025-11-25,166428.0,0.36,62.48,61.8,0.68,17,3.0,-20.51,0.07,during_roll,0.05,-0.03
COF26,2026,1,11,2025,2025-11-26,127430.0,0.22,63.13,62.54,0.59,18,2.0,-23.43,-0.14,during_roll,0.05,-0.03
COF26,2026,1,11,2025,2025-11-27,93912.0,0.09,63.34,62.87,0.47,19,1.0,-26.3,-0.13,during_roll,0.05,-0.03
COF26,2026,1,11,2025,2025-11-28,93912.0,0.41,63.2,62.38,0.82,20,0.0,0.0,0.32,during_roll,0.05,-0.03
COG16,2016,3,10,2015,2015-10-01,139265.0,0.1,,,,1,,,,,,
COG16,2016,3,10,2015,2015-10-02,137878.0,0.1,,,,2,,-1.0,0.0,,,
COG16,2016,3,10,2015,2015-10-05,139124.0,0.1,,,,3,,0.9,0.0,,,
COG16,2016,3,10,2015,2015-10-06,136956.0,0.11,,,,4,,-1.56,0.01,,,
COG16,2016,3,10,2015,2015-10-07,138488.0,0.12,,,,5,,1.12,0.01,,,
COG16,2016,3,10,2015,2015-10-08,138576.0,0.12,,,,6,,0.06,0.0,,,
COG16,2016,3,10,2015,2015-10-09,141563.0,0.12,,,,7,,2.16,0.0,,,
COG16,2016,3,10,2015,2015-10-12,141164.0,0.11,,,,8,,-0.28,-0.01,,,
COG16,2016,3,10,2015,2015-10-13,143524.0,0.11,,,,9,,1.67,0.0,,,
COG16,2016,3,10,2015,2015-10-14,144613.0,0.1,,,,10,,0.76,-0.01,,,
COG16,2016,3,10,2015,2015-10-15,144662.0,0.11,,,,11,,0.03,0.01,,,
COG17,2017,3,10,2016,2016-10-03,149438.0,-0.04,50.89,51.46,-0.57,1,63.0,,,,-0.57,-0.53
COG17,2017,3,10,2016,2016-10-04,151444.0,-0.04,50.87,51.43,-0.56,2,62.0,1.34,0.0,,-0.57,-0.53
COG17,2017,3,10,2016,2016-10-05,146434.0,-0.05,51.86,52.45,-0.59,3,61.0,-3.31,-0.01,,-0.57,-0.53
COG17,2017,3,10,2016,2016-10-06,150970.0,-0.06,52.51,53.11,-0.6,4,60.0,3.1,-0.01,,-0.57,-0.53
COG17,2017,3,10,2016,2016-10-07,152577.0,-0.07,51.93,52.54,-0.61,5,59.0,1.06,-0.01,,-0.57,-0.53
COG17,2017,3,10,2016,2016-10-10,158908.0,-0.09,53.14,53.76,-0.62,6,58.0,4.15,-0.02,,-0.57,-0.53
COG17,2017,3,10,2016,2016-10-11,162079.0,-0.1,52.41,53.03,-0.62,7,57.0,2.0,-0.01,,-0.57,-0.53
COG17,2017,3,10,2016,2016-10-12,165117.0,-0.09,51.81,52.47,-0.66,8,56.0,1.87,0.01,,-0.57,-0.53
COG17,2017,3,10,2016,2016-10-13,169780.0,-0.09,52.03,52.7,-0.67,9,55.0,2.82,0.0,,-0.57,-0.53
COG17,2017,3,10,2016,2016-10-14,177379.0,-0.09,51.95,52.64,-0.69,10,54.0,4.48,0.0,,-0.57,-0.53
COG17,2017,3,10,2016,2016-10-17,176332.0,-0.09,51.52,52.24,-0.72,11,53.0,-0.59,0.0,,-0.57,-0.53
COG17,2017,3,10,2016,2016-10-18,187414.0,-0.1,51.68,52.45,-0.77,12,52.0,6.28,-0.01,,-0.57,-0.53
COG17,2017,3,10,2016,2016-10-19,195051.0,-0.11,52.67,53.42,-0.75,13,51.0,4.07,-0.01,,-0.57,-0.53
COG17,2017,3,10,2016,2016-10-20,198812.0,-0.12,51.38,52.25,-0.87,14,50.0,1.93,-0.01,,-0.57,-0.53
COG17,2017,3,10,2016,2016-10-21,200924.0,-0.12,51.78,52.69,-0.91,15,49.0,1.06,0.0,,-0.57,-0.53
COG17,2017,3,10,2016,2016-10-24,204310.0,-0.1,51.46,52.43,-0.97,16,48.0,1.69,0.02,,-0.57,-0.53
COG17,2017,3,10,2016,2016-10-25,207848.0,-0.09,50.79,51.79,-1.0,17,47.0,1.73,0.01,,-0.57,-0.53
COG17,2017,3,10,2016,2016-10-26,212296.0,-0.1,49.98,51.04,-1.06,18,46.0,2.14,-0.01,,-0.57,-0.53
COG17,2017,3,10,2016,2016-10-27,213883.0,-0.09,50.47,51.6,-1.13,19,45.0,0.75,0.01,,-0.57,-0.53
COG17,2017,3,10,2016,2016-10-28,216647.0,-0.09,49.71,50.68,-0.97,20,44.0,1.29,0.0,,-0.57,-0.53
COG17,2017,3,10,2016,2016-10-31,216289.0,-0.07,48.3,48.61,-0.31,21,43.0,-0.17,0.02,,-0.57,-0.53
COG17,2017,2,11,2016,2016-11-01,228682.0,-0.09,48.14,48.95,-0.81,1,42.0,,,,-0.57,-0.53
COG17,2017,2,11,2016,2016-11-02,228611.0,-0.09,46.86,47.69,-0.83,2,41.0,-0.03,0.0,,-0.57,-0.53
COG17,2017,2,11,2016,2016-11-03,235431.0,-0.1,46.35,47.22,-0.87,3,40.0,2.98,-0.01,,-0.57,-0.53
COG17,2017,2,11,2016,2016-11-04,242036.0,-0.11,45.58,46.55,-0.97,4,39.0,2.81,-0.01,,-0.57,-0.53
COG17,2017,2,11,2016,2016-11-07,253948.0,-0.13,46.15,47.2,-1.05,5,38.0,4.92,-0.02,,-0.57,-0.53
COG17,2017,2,11,2016,2016-11-08,261905.0,-0.14,46.04,47.18,-1.14,6,37.0,3.13,-0.01,,-0.57,-0.53
COG17,2017,2,11,2016,2016-11-09,293705.0,-0.13,46.36,47.42,-1.06,7,36.0,12.14,0.01,,-0.57,-0.53
COG17,2017,2,11,2016,2016-11-10,324947.0,-0.1,45.84,46.92,-1.08,8,35.0,10.64,0.03,,-0.57,-0.53
COG17,2017,2,11,2016,2016-11-11,351830.0,-0.12,44.75,45.82,-1.07,9,34.0,8.27,-0.02,,-0.57,-0.53
COG17,2017,2,11,2016,2016-11-14,380547.0,-0.13,44.43,45.48,-1.05,10,33.0,8.16,-0.01,,-0.57,-0.53
COG17,2017,2,11,2016,2016-11-15,406224.0,-0.13,46.95,47.95,-1.0,11,32.0,6.75,0.0,,-0.57,-0.53
COG17,2017,2,11,2016,2016-11-16,417444.0,-0.13,46.63,47.62,-0.99,12,31.0,2.76,0.0,,-0.57,-0.53
COG17,2017,2,11,2016,2016-11-17,435266.0,-0.15,46.49,47.6,-1.11,13,30.0,4.27,-0.02,,-0.57,-0.53
COG17,2017,2,11,2016,2016-11-18,453741.0,-0.14,46.86,47.97,-1.11,14,29.0,4.24,0.01,,-0.57,-0.53
COG17,2017,2,11,2016,2016-11-21,491776.0,-0.15,48.9,49.97,-1.07,15,28.0,8.38,-0.01,,-0.57,-0.53
COG17,2017,2,11,2016,2016-11-22,524523.0,-0.12,49.12,50.11,-0.99,16,27.0,6.66,0.03,,-0.57,-0.53
COG17,2017,2,11,2016,2016-11-23,519749.0,-0.14,48.95,50.0,-1.05,17,26.0,-0.91,-0.02,,-0.57,-0.53
COG17,2017,2,11,2016,2016-11-24,525272.0,-0.15,49.0,50.02,-1.02,18,25.0,1.06,-0.01,,-0.57,-0.53
COG17,2017,2,11,2016,2016-11-25,527800.0,-0.15,47.24,48.24,-1.0,19,24.0,0.48,0.0,,-0.57,-0.53
COG17,2017,2,11,2016,2016-11-28,536656.0,-0.13,48.24,49.21,-0.97,20,23.0,1.68,0.02,,-0.57,-0.53
COG17,2017,2,11,2016,2016-11-29,539666.0,-0.12,46.38,47.32,-0.94,21,22.0,0.56,0.01,,-0.57,-0.53
COG17,2017,2,11,2016,2016-11-30,580910.0,-0.14,50.47,51.84,-1.37,22,21.0,7.64,-0.02,,-0.57,-0.53
COG17,2017,1,12,2016,2016-12-01,570535.0,-0.2,53.94,54.58,-0.64,1,20.0,,,pre_roll,-0.57,-0.53
COG17,2017,1,12,2016,2016-12-02,537896.0,-0.18,54.46,55.14,-0.68,2,19.0,-5.72,0.02,during_roll,-0.57,-0.53
COG17,2017,1,12,2016,2016-12-05,521233.0,-0.16,54.94,55.59,-0.65,3,18.0,-3.1,0.02,during_roll,-0.57,-0.53
COG17,2017,1,12,2016,2016-12-06,505065.0,-0.17,53.93,54.65,-0.72,4,17.0,-3.1,-0.01,during_roll,-0.57,-0.53
COG17,2017,1,12,2016,2016-12-07,475225.0,-0.19,53.0,53.78,-0.78,5,16.0,-5.91,-0.02,during_roll,-0.57,-0.53
COG17,2017,1,12,2016,2016-12-08,447995.0,-0.18,53.89,54.6,-0.71,6,15.0,-5.73,0.01,during_roll,-0.57,-0.53
COG17,2017,1,12,2016,2016-12-09,439605.0,-0.19,54.33,55.06,-0.73,7,14.0,-1.87,-0.01,during_roll,-0.57,-0.53
COG17,2017,1,12,2016,2016-12-12,417381.0,-0.15,55.69,56.37,-0.68,8,13.0,-5.06,0.04,during_roll,-0.57,-0.53
COG17,2017,1,12,2016,2016-12-13,375904.0,-0.09,55.72,56.39,-0.67,9,12.0,-9.94,0.06,during_roll,-0.57,-0.53
COG17,2017,1,12,2016,2016-12-14,342854.0,-0.14,53.9,54.65,-0.75,10,11.0,-8.79,-0.05,during_roll,-0.57,-0.53
COG17,2017,1,12,2016,2016-12-15,318373.0,-0.11,54.02,54.71,-0.69,11,10.0,-7.14,0.03,during_roll,-0.57,-0.53
COG17,2017,1,12,2016,2016-12-16,292074.0,-0.09,55.21,55.82,-0.61,12,9.0,-8.26,0.02,during_roll,-0.57,-0.53
COG17,2017,1,12,2016,2016-12-19,275187.0,-0.06,54.92,55.54,-0.62,13,8.0,-5.78,0.03,during_roll,-0.57,-0.53
COG17,2017,1,12,2016,2016-12-20,231545.0,-0.07,55.35,56.02,-0.67,14,7.0,-15.86,-0.01,during_roll,-0.57,-0.53
COG17,2017,1,12,2016,2016-12-21,175189.0,-0.11,54.46,55.22,-0.76,15,6.0,-24.34,-0.04,during_roll,-0.57,-0.53
COG17,2017,1,12,2016,2016-12-22,124762.0,-0.11,55.05,55.79,-0.74,16,5.0,-28.78,0.0,during_roll,-0.57,-0.53
COG17,2017,1,12,2016,2016-12-23,108637.0,-0.11,55.16,55.9,-0.74,17,4.0,-12.92,0.0,during_roll,-0.57,-0.53
COG17,2017,1,12,2016,2016-12-26,102452.0,-0.14,56.09,56.83,-0.74,18,3.0,-5.69,-0.03,during_roll,-0.57,-0.53
COG17,2017,1,12,2016,2016-12-27,100391.0,-0.14,56.09,56.83,-0.74,19,2.0,-2.01,0.0,during_roll,-0.57,-0.53
COG17,2017,1,12,2016,2016-12-28,56443.0,-0.13,56.22,56.96,-0.74,20,1.0,-43.78,0.01,during_roll,-0.57,-0.53
COG17,2017,1,12,2016,2016-12-29,,-0.06,56.14,56.85,-0.71,21,0.0,0.0,0.07,during_roll,-0.57,-0.53
COG18,2018,3,10,2017,2017-10-02,139944.0,0.04,56.12,55.89,0.23,1,63.0,,,,0.55,0.54
COG18,2018,3,10,2017,2017-10-03,142134.0,0.03,56.0,55.78,0.22,2,62.0,1.56,-0.01,,0.55,0.54
COG18,2018,3,10,2017,2017-10-04,145634.0,0.05,55.8,55.6,0.2,3,61.0,2.46,0.02,,0.55,0.54
COG18,2018,3,10,2017,2017-10-05,160394.0,0.06,57.0,56.71,0.29,4,60.0,10.13,0.01,,0.55,0.54
COG18,2018,3,10,2017,2017-10-06,158531.0,0.04,55.62,55.36,0.26,5,59.0,-1.16,-0.02,,0.55,0.54
COG18,2018,3,10,2017,2017-10-09,166884.0,0.05,55.79,55.54,0.25,6,58.0,5.27,0.01,,0.55,0.54
COG18,2018,3,10,2017,2017-10-10,183320.0,0.04,56.61,56.36,0.25,7,57.0,9.85,-0.01,,0.55,0.54
COG18,2018,3,10,2017,2017-10-11,195850.0,0.02,56.94,56.73,0.21,8,56.0,6.84,-0.02,,0.55,0.54
COG18,2018,3,10,2017,2017-10-12,201639.0,0.04,56.25,56.07,0.18,9,55.0,2.96,0.02,,0.55,0.54
COG18,2018,3,10,2017,2017-10-13,210493.0,0.06,57.17,56.95,0.22,10,54.0,4.39,0.02,,0.55,0.54
COG18,2018,3,10,2017,2017-10-16,211943.0,0.07,57.82,57.56,0.26,11,53.0,0.69,0.01,,0.55,0.54
COG18,2018,3,10,2017,2017-10-17,218946.0,0.08,57.88,57.54,0.34,12,52.0,3.3,0.01,,0.55,0.54
COG18,2018,3,10,2017,2017-10-18,224970.0,0.07,58.15,57.8,0.35,13,51.0,2.75,-0.01,,0.55,0.54
COG18,2018,3,10,2017,2017-10-19,234645.0,0.05,57.23,56.98,0.25,14,50.0,4.3,-0.02,,0.55,0.54
COG18,2018,3,10,2017,2017-10-20,238215.0,0.04,57.75,57.58,0.17,15,49.0,1.52,-0.01,,0.55,0.54
COG18,2018,3,10,2017,2017-10-23,239433.0,0.03,57.37,57.27,0.1,16,48.0,0.51,-0.01,,0.55,0.54
COG18,2018,3,10,2017,2017-10-24,243428.0,0.04,58.33,58.17,0.16,17,47.0,1.67,0.01,,0.55,0.54
COG18,2018,3,10,2017,2017-10-25,258193.0,0.03,58.44,58.23,0.21,18,46.0,6.07,-0.01,,0.55,0.54
COG18,2018,3,10,2017,2017-10-26,268052.0,0.04,59.3,59.04,0.26,19,45.0,3.82,0.01,,0.55,0.54
COG18,2018,3,10,2017,2017-10-27,275443.0,0.04,60.44,60.13,0.31,20,44.0,2.76,0.0,,0.55,0.54
COG18,2018,3,10,2017,2017-10-30,279571.0,0.02,60.9,60.59,0.31,21,43.0,1.5,-0.02,,0.55,0.54
COG18,2018,3,10,2017,2017-10-31,279732.0,0.02,61.37,60.94,0.43,22,42.0,0.06,0.0,,0.55,0.54
COG18,2018,2,11,2017,2017-11-01,291392.0,0.03,60.49,60.23,0.26,1,41.0,,,,0.55,0.54
COG18,2018,2,11,2017,2017-11-02,290993.0,0.04,60.62,60.37,0.25,2,40.0,-0.14,0.01,,0.55,0.54
COG18,2018,2,11,2017,2017-11-03,309816.0,0.04,62.07,61.8,0.27,3,39.0,6.47,0.0,,0.55,0.54
COG18,2018,2,11,2017,2017-11-06,321903.0,0.05,64.27,63.96,0.31,4,38.0,3.9,0.01,,0.55,0.54
COG18,2018,2,11,2017,2017-11-07,346552.0,0.04,63.69,63.47,0.22,5,37.0,7.66,-0.01,,0.55,0.54
COG18,2018,2,11,2017,2017-11-08,366995.0,0.04,63.49,63.28,0.21,6,36.0,5.9,0.0,,0.55,0.54
COG18,2018,2,11,2017,2017-11-09,396993.0,0.04,63.93,63.74,0.19,7,35.0,8.17,0.0,,0.55,0.54
COG18,2018,2,11,2017,2017-11-10,430630.0,0.03,63.52,63.41,0.11,8,34.0,8.47,-0.01,,0.55,0.54
COG18,2018,2,11,2017,2017-11-13,441567.0,0.0,63.16,63.1,0.06,9,33.0,2.54,-0.03,,0.55,0.54
COG18,2018,2,11,2017,2017-11-14,466437.0,0.01,62.21,62.06,0.15,10,32.0,5.63,0.01,,0.55,0.54
COG18,2018,2,11,2017,2017-11-15,473889.0,0.03,61.87,61.76,0.11,11,31.0,1.6,0.02,,0.55,0.54
COG18,2018,2,11,2017,2017-11-16,471757.0,0.01,61.36,61.29,0.07,12,30.0,-0.45,-0.02,,0.55,0.54
COG18,2018,2,11,2017,2017-11-17,506124.0,0.02,62.72,62.55,0.17,13,29.0,7.28,0.01,,0.55,0.54
COG18,2018,2,11,2017,2017-11-20,539499.0,0.02,62.22,62.06,0.16,14,28.0,6.59,0.0,,0.55,0.54
COG18,2018,2,11,2017,2017-11-21,558744.0,0.02,62.57,62.32,0.25,15,27.0,3.57,0.0,,0.55,0.54
COG18,2018,2,11,2017,2017-11-22,580022.0,0.03,63.32,62.99,0.33,16,26.0,3.81,0.01,,0.55,0.54
COG18,2018,2,11,2017,2017-11-23,587026.0,0.03,63.55,63.24,0.31,17,25.0,1.21,0.0,,0.55,0.54
COG18,2018,2,11,2017,2017-11-24,605569.0,0.04,63.86,63.47,0.39,18,24.0,3.16,0.01,,0.55,0.54
COG18,2018,2,11,2017,2017-11-27,612678.0,0.03,63.84,63.38,0.46,19,23.0,1.17,-0.01,,0.55,0.54
COG18,2018,2,11,2017,2017-11-28,618037.0,0.01,63.61,63.24,0.37,20,22.0,0.87,-0.02,,0.55,0.54
COG18,2018,2,11,2017,2017-11-29,631497.0,0.04,63.11,62.53,0.58,21,21.0,2.18,0.03,,0.55,0.54
COG18,2018,2,11,2017,2017-11-30,645235.0,0.02,63.57,62.63,0.94,22,20.0,2.18,-0.02,,0.55,0.54
COG18,2018,1,12,2017,2017-12-01,629824.0,-0.0,63.73,63.46,0.27,1,19.0,,,pre_roll,0.55,0.54
COG18,2018,1,12,2017,2017-12-04,589810.0,0.01,62.45,62.24,0.21,2,18.0,-6.35,0.01,during_roll,0.55,0.54
COG18,2018,1,12,2017,2017-12-05,577330.0,0.01,62.86,62.64,0.22,3,17.0,-2.12,0.0,during_roll,0.55,0.54
COG18,2018,1,12,2017,2017-12-06,540993.0,0.03,61.22,61.03,0.19,4,16.0,-6.29,0.02,during_roll,0.55,0.54
COG18,2018,1,12,2017,2017-12-07,515543.0,0.04,62.2,61.95,0.25,5,15.0,-4.7,0.01,during_roll,0.55,0.54
COG18,2018,1,12,2017,2017-12-08,508521.0,0.1,63.4,63.03,0.37,6,14.0,-1.36,0.06,during_roll,0.55,0.54
COG18,2018,1,12,2017,2017-12-11,455375.0,0.28,64.69,64.0,0.69,7,13.0,-10.45,0.18,during_roll,0.55,0.54
COG18,2018,1,12,2017,2017-12-12,385663.0,0.27,63.34,62.73,0.61,8,12.0,-15.31,-0.01,during_roll,0.55,0.54
COG18,2018,1,12,2017,2017-12-13,361300.0,0.28,62.44,61.81,0.63,9,11.0,-6.32,0.01,during_roll,0.55,0.54
COG18,2018,1,12,2017,2017-12-14,336444.0,0.27,63.31,62.66,0.65,10,10.0,-6.88,-0.01,during_roll,0.55,0.54
COG18,2018,1,12,2017,2017-12-15,307124.0,0.19,63.23,62.65,0.58,11,9.0,-8.71,-0.08,during_roll,0.55,0.54
COG18,2018,1,12,2017,2017-12-18,260457.0,0.15,63.41,62.91,0.5,12,8.0,-15.19,-0.04,during_roll,0.55,0.54
COG18,2018,1,12,2017,2017-12-19,215903.0,0.04,63.8,63.4,0.4,13,7.0,-17.11,-0.11,during_roll,0.55,0.54
COG18,2018,1,12,2017,2017-12-20,190588.0,0.06,64.56,64.11,0.45,14,6.0,-11.73,0.02,during_roll,0.55,0.54
COG18,2018,1,12,2017,2017-12-21,148812.0,0.08,64.9,64.43,0.47,15,5.0,-21.92,0.02,during_roll,0.55,0.54
COG18,2018,1,12,2017,2017-12-22,148812.0,0.12,65.25,64.73,0.52,16,4.0,0.0,0.04,during_roll,0.55,0.54
COG18,2018,1,12,2017,2017-12-25,115692.0,0.14,67.02,66.46,0.56,17,3.0,-22.26,0.02,during_roll,0.55,0.54
COG18,2018,1,12,2017,2017-12-26,104652.0,0.14,67.02,66.46,0.56,18,2.0,-9.54,0.0,during_roll,0.55,0.54
COG18,2018,1,12,2017,2017-12-27,59143.0,0.06,66.44,65.99,0.45,19,1.0,-43.49,-0.08,during_roll,0.55,0.54
COG18,2018,1,12,2017,2017-12-28,59143.0,0.17,66.72,66.16,0.56,20,0.0,0.0,0.11,during_roll,0.55,0.54
COG19,2019,3,10,2018,2018-10-01,142716.0,-0.01,84.98,84.51,0.47,1,64.0,,,,-0.5,-0.39
COG19,2019,3,10,2018,2018-10-02,155444.0,-0.01,84.8,84.35,0.45,2,63.0,8.92,0.0,,-0.5,-0.39
COG19,2019,3,10,2018,2018-10-03,160531.0,-0.01,86.29,85.83,0.46,3,62.0,3.27,0.0,,-0.5,-0.39
COG19,2019,3,10,2018,2018-10-04,164707.0,-0.03,84.58,84.16,0.42,4,61.0,2.6,-0.02,,-0.5,-0.39
COG19,2019,3,10,2018,2018-10-05,172421.0,-0.01,84.16,83.79,0.37,5,60.0,4.68,0.02,,-0.5,-0.39
COG19,2019,3,10,2018,2018-10-08,173621.0,-0.01,83.91,83.54,0.37,6,59.0,0.7,0.0,,-0.5,-0.39
COG19,2019,3,10,2018,2018-10-09,177638.0,-0.01,85.0,84.54,0.46,7,58.0,2.31,0.0,,-0.5,-0.39
COG19,2019,3,10,2018,2018-10-10,185512.0,0.01,83.09,82.65,0.44,8,57.0,4.43,0.02,,-0.5,-0.39
COG19,2019,3,10,2018,2018-10-11,191373.0,0.01,80.26,79.87,0.39,9,56.0,3.16,0.0,,-0.5,-0.39
COG19,2019,3,10,2018,2018-10-12,187514.0,0.01,80.43,80.07,0.36,10,55.0,-2.02,0.0,,-0.5,-0.39
COG19,2019,3,10,2018,2018-10-15,196662.0,-0.02,80.78,80.43,0.35,11,54.0,4.88,-0.03,,-0.5,-0.39
COG19,2019,3,10,2018,2018-10-16,197371.0,-0.01,81.41,81.04,0.37,12,53.0,0.36,0.01,,-0.5,-0.39
COG19,2019,3,10,2018,2018-10-17,200689.0,-0.01,80.05,79.63,0.42,13,52.0,1.68,0.0,,-0.5,-0.39
COG19,2019,3,10,2018,2018-10-18,183396.0,-0.02,79.29,78.75,0.54,14,51.0,-8.62,-0.01,,-0.5,-0.39
COG19,2019,3,10,2018,2018-10-19,190762.0,-0.02,79.78,79.26,0.52,15,50.0,4.02,0.0,,-0.5,-0.39
COG19,2019,3,10,2018,2018-10-22,196071.0,-0.01,79.83,79.44,0.39,16,49.0,2.78,0.01,,-0.5,-0.39
COG19,2019,3,10,2018,2018-10-23,190600.0,0.0,76.44,76.15,0.29,17,48.0,-2.79,0.01,,-0.5,-0.39
COG19,2019,3,10,2018,2018-10-24,187851.0,-0.03,76.17,76.17,0.0,18,47.0,-1.44,-0.03,,-0.5,-0.39
COG19,2019,3,10,2018,2018-10-25,189621.0,-0.03,76.89,76.88,0.01,19,46.0,0.94,0.0,,-0.5,-0.39
COG19,2019,3,10,2018,2018-10-26,188265.0,-0.04,77.62,77.66,-0.04,20,45.0,-0.72,-0.01,,-0.5,-0.39
COG19,2019,3,10,2018,2018-10-29,193124.0,-0.05,77.34,77.37,-0.03,21,44.0,2.58,-0.01,,-0.5,-0.39
COG19,2019,3,10,2018,2018-10-30,195161.0,-0.06,75.91,75.95,-0.04,22,43.0,1.05,-0.01,,-0.5,-0.39
COG19,2019,3,10,2018,2018-10-31,201381.0,-0.04,75.47,75.04,0.43,23,42.0,3.19,0.02,,-0.5,-0.39
COG19,2019,2,11,2018,2018-11-01,210436.0,-0.06,72.89,72.96,-0.07,1,41.0,,,,-0.5,-0.39
COG19,2019,2,11,2018,2018-11-02,211553.0,-0.05,72.83,72.83,0.0,2,40.0,0.53,0.01,,-0.5,-0.39
COG19,2019,2,11,2018,2018-11-05,211717.0,-0.03,73.17,73.1,0.07,3,39.0,0.08,0.02,,-0.5,-0.39
COG19,2019,2,11,2018,2018-11-06,220376.0,-0.03,72.13,72.16,-0.03,4,38.0,4.09,0.0,,-0.5,-0.39
COG19,2019,2,11,2018,2018-11-07,222959.0,0.01,72.07,72.13,-0.06,5,37.0,1.17,0.04,,-0.5,-0.39
COG19,2019,2,11,2018,2018-11-08,246253.0,-0.01,70.65,70.9,-0.25,6,36.0,10.45,-0.02,,-0.5,-0.39
COG19,2019,2,11,2018,2018-11-09,258961.0,-0.02,70.18,70.39,-0.21,7,35.0,5.16,-0.01,,-0.5,-0.39
COG19,2019,2,11,2018,2018-11-12,274762.0,-0.03,70.12,70.39,-0.27,8,34.0,6.1,-0.01,,-0.5,-0.39
COG19,2019,2,11,2018,2018-11-13,297955.0,-0.04,65.47,65.81,-0.34,9,33.0,8.44,-0.01,,-0.5,-0.39
COG19,2019,2,11,2018,2018-11-14,317105.0,-0.05,66.12,66.47,-0.35,10,32.0,6.43,-0.01,,-0.5,-0.39
COG19,2019,2,11,2018,2018-11-15,339238.0,-0.03,66.62,66.89,-0.27,11,31.0,6.98,0.02,,-0.5,-0.39
COG19,2019,2,11,2018,2018-11-16,356705.0,-0.05,66.76,67.03,-0.27,12,30.0,5.15,-0.02,,-0.5,-0.39
COG19,2019,2,11,2018,2018-11-19,366726.0,-0.06,66.79,67.08,-0.29,13,29.0,2.81,-0.01,,-0.5,-0.39
COG19,2019,2,11,2018,2018-11-20,386803.0,-0.05,62.53,62.84,-0.31,14,28.0,5.47,0.01,,-0.5,-0.39
COG19,2019,2,11,2018,2018-11-21,409516.0,-0.05,63.48,63.83,-0.35,15,27.0,5.87,0.0,,-0.5,-0.39
COG19,2019,2,11,2018,2018-11-22,430400.0,-0.04,62.6,62.88,-0.28,16,26.0,5.1,0.01,,-0.5,-0.39
COG19,2019,2,11,2018,2018-11-23,443885.0,0.0,58.8,59.04,-0.24,17,25.0,3.13,0.04,,-0.5,-0.39
COG19,2019,2,11,2018,2018-11-26,431492.0,0.01,60.48,60.56,-0.08,18,24.0,-2.79,0.01,,-0.5,-0.39
COG19,2019,2,11,2018,2018-11-27,412082.0,-0.03,60.21,60.4,-0.19,19,23.0,-4.5,-0.04,,-0.5,-0.39
COG19,2019,2,11,2018,2018-11-28,422770.0,-0.01,58.76,59.09,-0.33,20,22.0,2.59,0.02,,-0.5,-0.39
COG19,2019,2,11,2018,2018-11-29,420611.0,-0.0,59.51,59.91,-0.4,21,21.0,-0.51,0.01,,-0.5,-0.39
COG19,2019,2,11,2018,2018-11-30,400820.0,-0.01,58.71,59.46,-0.75,22,20.0,-4.71,-0.01,,-0.5,-0.39
COG19,2019,1,12,2018,2018-12-03,401319.0,-0.02,61.69,61.82,-0.13,1,19.0,,,pre_roll,-0.5,-0.39
COG19,2019,1,12,2018,2018-12-04,387209.0,0.0,62.08,62.22,-0.14,2,18.0,-3.52,0.02,during_roll,-0.5,-0.39
COG19,2019,1,12,2018,2018-12-05,374850.0,-0.02,61.56,61.76,-0.2,3,17.0,-3.19,-0.02,during_roll,-0.5,-0.39
COG19,2019,1,12,2018,2018-12-06,358339.0,-0.05,60.06,60.33,-0.27,4,16.0,-4.4,-0.03,during_roll,-0.5,-0.39
COG19,2019,1,12,2018,2018-12-07,354032.0,-0.03,61.67,61.85,-0.18,5,15.0,-1.2,0.02,during_roll,-0.5,-0.39
COG19,2019,1,12,2018,2018-12-10,355816.0,0.01,59.97,60.1,-0.13,6,14.0,0.5,0.04,during_roll,-0.5,-0.39
COG19,2019,1,12,2018,2018-12-11,356064.0,0.0,60.2,60.35,-0.15,7,13.0,0.07,-0.01,post_roll,-0.5,-0.39
COG19,2019,1,12,2018,2018-12-12,342783.0,0.03,60.15,60.27,-0.12,8,12.0,-3.73,0.03,pre_roll,-0.5,-0.39
COG19,2019,1,12,2018,2018-12-13,323785.0,0.03,61.45,61.58,-0.13,9,11.0,-5.54,0.0,during_roll,-0.5,-0.39
COG19,2019,1,12,2018,2018-12-14,305864.0,0.04,60.28,60.4,-0.12,10,10.0,-5.53,0.01,during_roll,-0.5,-0.39
COG19,2019,1,12,2018,2018-12-17,286411.0,0.09,59.61,59.66,-0.05,11,9.0,-6.36,0.05,during_roll,-0.5,-0.39
COG19,2019,1,12,2018,2018-12-18,247883.0,0.18,56.26,56.23,0.03,12,8.0,-13.45,0.09,during_roll,-0.5,-0.39
COG19,2019,1,12,2018,2018-12-19,194563.0,-0.03,57.24,57.45,-0.21,13,7.0,-21.51,-0.21,during_roll,-0.5,-0.39
COG19,2019,1,12,2018,2018-12-20,165800.0,-0.06,54.35,54.65,-0.3,14,6.0,-14.78,-0.03,during_roll,-0.5,-0.39
COG19,2019,1,12,2018,2018-12-21,109100.0,-0.08,53.82,54.1,-0.28,15,5.0,-34.2,-0.02,during_roll,-0.5,-0.39
COG19,2019,1,12,2018,2018-12-24,94251.0,-0.05,50.47,50.77,-0.3,16,4.0,-13.61,0.03,during_roll,-0.5,-0.39
COG19,2019,1,12,2018,2018-12-25,87451.0,-0.07,54.47,54.76,-0.29,17,3.0,-7.21,-0.02,during_roll,-0.5,-0.39
COG19,2019,1,12,2018,2018-12-26,80651.0,-0.07,54.47,54.76,-0.29,18,2.0,-7.78,0.0,during_roll,-0.5,-0.39
COG19,2019,1,12,2018,2018-12-27,47706.0,-0.31,52.16,52.73,-0.57,19,1.0,-40.85,-0.24,during_roll,-0.5,-0.39
COG19,2019,1,12,2018,2018-12-28,47706.0,-0.76,52.2,53.21,-1.01,20,0.0,0.0,-0.45,during_roll,-0.5,-0.39
COG20,2020,3,10,2019,2019-10-01,140872.0,0.08,58.89,58.17,0.72,1,64.0,,,,0.76,0.74
COG20,2020,3,10,2019,2019-10-02,148059.0,0.08,57.69,57.04,0.65,2,63.0,5.1,0.0,,0.76,0.74
COG20,2020,3,10,2019,2019-10-03,151557.0,0.09,57.71,57.06,0.65,3,62.0,2.36,0.01,,0.76,0.74
COG20,2020,3,10,2019,2019-10-04,151454.0,0.09,58.37,57.74,0.63,4,61.0,-0.07,0.0,,0.76,0.74
COG20,2020,3,10,2019,2019-10-07,150033.0,0.1,58.35,57.82,0.53,5,60.0,-0.94,0.01,,0.76,0.74
COG20,2020,3,10,2019,2019-10-08,150275.0,0.1,58.24,57.76,0.48,6,59.0,0.16,0.0,,0.76,0.74
COG20,2020,3,10,2019,2019-10-09,155138.0,0.11,58.32,57.84,0.48,7,58.0,3.24,0.01,,0.76,0.74
COG20,2020,3,10,2019,2019-10-10,153565.0,0.1,59.1,58.65,0.45,8,57.0,-1.01,-0.01,,0.76,0.74
COG20,2020,3,10,2019,2019-10-11,164724.0,0.09,60.51,60.12,0.39,9,56.0,7.27,-0.01,,0.76,0.74
COG20,2020,3,10,2019,2019-10-14,158813.0,0.06,59.35,59.12,0.23,10,55.0,-3.59,-0.03,,0.76,0.74
COG20,2020,3,10,2019,2019-10-15,161272.0,0.06,58.74,58.54,0.2,11,54.0,1.55,0.0,,0.76,0.74
COG20,2020,3,10,2019,2019-10-16,168195.0,0.08,59.42,59.16,0.26,12,53.0,4.29,0.02,,0.76,0.74
COG20,2020,3,10,2019,2019-10-17,172133.0,0.11,59.91,59.46,0.45,13,52.0,2.34,0.03,,0.76,0.74
COG20,2020,3,10,2019,2019-10-18,173602.0,0.1,59.42,59.09,0.33,14,51.0,0.85,-0.01,,0.76,0.74
COG20,2020,3,10,2019,2019-10-21,177095.0,0.08,58.96,58.68,0.28,15,50.0,2.01,-0.02,,0.76,0.74
COG20,2020,3,10,2019,2019-10-22,182773.0,0.07,59.7,59.44,0.26,16,49.0,3.21,-0.01,,0.76,0.74
COG20,2020,3,10,2019,2019-10-23,190143.0,0.07,61.17,60.87,0.3,17,48.0,4.03,0.0,,0.76,0.74
COG20,2020,3,10,2019,2019-10-24,191983.0,0.07,61.67,61.39,0.28,18,47.0,0.97,0.0,,0.76,0.74
COG20,2020,3,10,2019,2019-10-25,198195.0,0.06,62.02,61.73,0.29,19,46.0,3.24,-0.01,,0.76,0.74
COG20,2020,3,10,2019,2019-10-28,199244.0,0.05,61.57,61.25,0.32,20,45.0,0.53,-0.01,,0.76,0.74
COG20,2020,3,10,2019,2019-10-29,203158.0,0.07,61.59,61.23,0.36,21,44.0,1.96,0.02,,0.76,0.74
COG20,2020,3,10,2019,2019-10-30,221709.0,0.11,60.61,60.24,0.37,22,43.0,9.13,0.04,,0.76,0.74
COG20,2020,3,10,2019,2019-10-31,225989.0,0.14,60.23,59.62,0.61,23,42.0,1.93,0.03,,0.76,0.74
COG20,2020,2,11,2019,2019-11-01,228778.0,0.15,61.69,60.97,0.72,1,41.0,,,,0.76,0.74
COG20,2020,2,11,2019,2019-11-04,238529.0,0.18,62.13,61.35,0.78,2,40.0,4.26,0.03,,0.76,0.74
COG20,2020,2,11,2019,2019-11-05,247632.0,0.17,62.96,62.13,0.83,3,39.0,3.82,-0.01,,0.76,0.74
COG20,2020,2,11,2019,2019-11-06,261641.0,0.17,61.74,60.89,0.85,4,38.0,5.66,0.0,,0.76,0.74
COG20,2020,2,11,2019,2019-11-07,271269.0,0.18,62.29,61.41,0.88,5,37.0,3.68,0.01,,0.76,0.74
COG20,2020,2,11,2019,2019-11-08,280212.0,0.19,62.51,61.62,0.89,6,36.0,3.3,0.01,,0.76,0.74
COG20,2020,2,11,2019,2019-11-11,300146.0,0.2,62.18,61.3,0.88,7,35.0,7.11,0.01,,0.76,0.74
COG20,2020,2,11,2019,2019-11-12,320817.0,0.2,62.06,61.24,0.82,8,34.0,6.89,0.0,,0.76,0.74
COG20,2020,2,11,2019,2019-11-13,348956.0,0.19,62.37,61.54,0.83,9,33.0,8.77,-0.01,,0.76,0.74
COG20,2020,2,11,2019,2019-11-14,367617.0,0.19,62.28,61.41,0.87,10,32.0,5.35,0.0,,0.76,0.74
COG20,2020,2,11,2019,2019-11-15,383589.0,0.19,63.3,62.4,0.9,11,31.0,4.34,0.0,,0.76,0.74
COG20,2020,2,11,2019,2019-11-18,406425.0,0.2,62.44,61.53,0.91,12,30.0,5.95,0.01,,0.76,0.74
COG20,2020,2,11,2019,2019-11-19,430333.0,0.21,60.91,60.02,0.89,13,29.0,5.88,0.01,,0.76,0.74
COG20,2020,2,11,2019,2019-11-20,439877.0,0.2,62.4,61.47,0.93,14,28.0,2.22,-0.01,,0.76,0.74
COG20,2020,2,11,2019,2019-11-21,500762.0,0.22,63.97,62.94,1.03,15,27.0,13.84,0.02,,0.76,0.74
COG20,2020,2,11,2019,2019-11-22,527276.0,0.24,63.39,62.37,1.02,16,26.0,5.29,0.02,,0.76,0.74
COG20,2020,2,11,2019,2019-11-25,542263.0,0.2,63.65,62.62,1.03,17,25.0,2.84,-0.04,,0.76,0.74
COG20,2020,2,11,2019,2019-11-26,555988.0,0.19,64.27,63.21,1.06,18,24.0,2.53,-0.01,,0.76,0.74
COG20,2020,2,11,2019,2019-11-27,568116.0,0.19,64.06,63.01,1.05,19,23.0,2.18,0.0,,0.76,0.74
COG20,2020,2,11,2019,2019-11-28,599375.0,0.15,63.87,63.27,0.6,20,22.0,5.5,-0.04,,0.76,0.74
COG20,2020,2,11,2019,2019-11-29,594284.0,0.14,62.43,60.49,1.94,21,21.0,-0.85,-0.01,,0.76,0.74
COG20,2020,1,12,2019,2019-12-02,560467.0,0.2,60.92,60.23,0.69,1,20.0,,,pre_roll,0.76,0.74
COG20,2020,1,12,2019,2019-12-03,543671.0,0.21,60.82,60.11,0.71,2,19.0,-3.0,0.01,during_roll,0.76,0.74
COG20,2020,1,12,2019,2019-12-04,550001.0,0.2,63.0,62.2,0.8,3,18.0,1.16,-0.01,during_roll,0.76,0.74
COG20,2020,1,12,2019,2019-12-05,531925.0,0.22,63.39,62.48,0.91,4,17.0,-3.29,0.02,during_roll,0.76,0.74
COG20,2020,1,12,2019,2019-12-06,504338.0,0.23,64.39,63.39,1.0,5,16.0,-5.19,0.01,during_roll,0.76,0.74
COG20,2020,1,12,2019,2019-12-09,481699.0,0.23,64.25,63.28,0.97,6,15.0,-4.49,0.0,during_roll,0.76,0.74
COG20,2020,1,12,2019,2019-12-10,453918.0,0.18,64.34,63.46,0.88,7,14.0,-5.77,-0.05,during_roll,0.76,0.74
COG20,2020,1,12,2019,2019-12-11,427836.0,0.18,63.72,62.82,0.9,8,13.0,-5.75,0.0,during_roll,0.76,0.74
COG20,2020,1,12,2019,2019-12-12,410691.0,0.19,64.2,63.28,0.92,9,12.0,-4.01,0.01,during_roll,0.76,0.74
COG20,2020,1,12,2019,2019-12-13,394568.0,0.23,65.22,64.25,0.97,10,11.0,-3.93,0.04,during_roll,0.76,0.74
COG20,2020,1,12,2019,2019-12-16,383006.0,0.23,65.34,64.41,0.93,11,10.0,-2.93,0.0,during_roll,0.76,0.74
COG20,2020,1,12,2019,2019-12-17,350100.0,0.21,66.1,65.15,0.95,12,9.0,-8.59,-0.02,during_roll,0.76,0.74
COG20,2020,1,12,2019,2019-12-18,313717.0,0.2,66.17,65.23,0.94,13,8.0,-10.39,-0.01,during_roll,0.76,0.74
COG20,2020,1,12,2019,2019-12-19,264694.0,0.2,66.54,65.59,0.95,14,7.0,-15.63,0.0,during_roll,0.76,0.74
COG20,2020,1,12,2019,2019-12-20,225899.0,0.25,66.14,65.2,0.94,15,6.0,-14.66,0.05,during_roll,0.76,0.74
COG20,2020,1,12,2019,2019-12-23,194739.0,0.28,66.39,65.42,0.97,16,5.0,-13.79,0.03,during_roll,0.76,0.74
COG20,2020,1,12,2019,2019-12-24,168949.0,0.34,67.2,66.16,1.04,17,4.0,-13.24,0.06,during_roll,0.76,0.74
COG20,2020,1,12,2019,2019-12-25,144884.0,0.45,67.92,66.76,1.16,18,3.0,-14.24,0.11,during_roll,0.76,0.74
COG20,2020,1,12,2019,2019-12-26,144884.0,0.45,67.92,66.76,1.16,19,2.0,0.0,0.0,during_roll,0.76,0.74
COG20,2020,1,12,2019,2019-12-27,82183.0,0.56,68.16,66.87,1.29,20,1.0,-43.28,0.11,during_roll,0.76,0.74
COG20,2020,1,12,2019,2019-12-30,69571.0,1.09,68.44,66.67,1.77,21,0.0,-15.35,0.53,during_roll,0.76,0.74
COG21,2021,3,10,2020,2020-10-01,163246.0,-0.03,40.93,41.44,-0.51,1,63.0,,,,-0.9,-0.79
COG21,2021,3,10,2020,2020-10-02,167365.0,-0.03,39.27,39.81,-0.54,2,62.0,2.52,0.0,,-0.9,-0.79
COG21,2021,3,10,2020,2020-10-05,171720.0,-0.05,41.29,41.82,-0.53,3,61.0,2.6,-0.02,,-0.9,-0.79
COG21,2021,3,10,2020,2020-10-06,171585.0,-0.03,42.65,43.13,-0.48,4,60.0,-0.08,0.02,,-0.9,-0.79
COG21,2021,3,10,2020,2020-10-07,183862.0,-0.02,41.99,42.46,-0.47,5,59.0,7.16,0.01,,-0.9,-0.79
COG21,2021,3,10,2020,2020-10-08,186583.0,-0.02,43.34,43.77,-0.43,6,58.0,1.48,0.0,,-0.9,-0.79
COG21,2021,3,10,2020,2020-10-09,191558.0,-0.04,42.85,43.32,-0.47,7,57.0,2.67,-0.02,,-0.9,-0.79
COG21,2021,3,10,2020,2020-10-12,199963.0,-0.05,41.72,42.2,-0.48,8,56.0,4.39,-0.01,,-0.9,-0.79
COG21,2021,3,10,2020,2020-10-13,194202.0,-0.03,42.45,42.9,-0.45,9,55.0,-2.88,0.02,,-0.9,-0.79
COG21,2021,3,10,2020,2020-10-14,193310.0,0.0,43.32,43.7,-0.38,10,54.0,-0.46,0.03,,-0.9,-0.79
COG21,2021,3,10,2020,2020-10-15,202669.0,-0.02,43.16,43.52,-0.36,11,53.0,4.84,-0.02,,-0.9,-0.79
COG21,2021,3,10,2020,2020-10-16,204410.0,-0.04,42.93,43.27,-0.34,12,52.0,0.86,-0.02,,-0.9,-0.79
COG21,2021,3,10,2020,2020-10-19,216190.0,-0.04,42.62,42.98,-0.36,13,51.0,5.76,0.0,,-0.9,-0.79
COG21,2021,3,10,2020,2020-10-20,226241.0,-0.03,43.16,43.53,-0.37,14,50.0,4.65,0.01,,-0.9,-0.79
COG21,2021,3,10,2020,2020-10-21,225419.0,-0.02,41.73,42.07,-0.34,15,49.0,-0.36,0.01,,-0.9,-0.79
COG21,2021,3,10,2020,2020-10-22,226177.0,-0.01,42.46,42.78,-0.32,16,48.0,0.34,0.01,,-0.9,-0.79
COG21,2021,3,10,2020,2020-10-23,233238.0,-0.02,41.77,42.07,-0.3,17,47.0,3.12,-0.01,,-0.9,-0.79
COG21,2021,3,10,2020,2020-10-26,239704.0,-0.04,40.46,40.81,-0.35,18,46.0,2.77,-0.02,,-0.9,-0.79
COG21,2021,3,10,2020,2020-10-27,237885.0,-0.05,41.2,41.61,-0.41,19,45.0,-0.76,-0.01,,-0.9,-0.79
COG21,2021,3,10,2020,2020-10-28,253908.0,-0.03,39.12,39.64,-0.52,20,44.0,6.74,0.02,,-0.9,-0.79
COG21,2021,3,10,2020,2020-10-29,268328.0,-0.03,37.65,38.26,-0.61,21,43.0,5.68,0.0,,-0.9,-0.79
COG21,2021,3,10,2020,2020-10-30,276457.0,-0.02,37.46,37.94,-0.48,22,42.0,3.03,0.01,,-0.9,-0.79
COG21,2021,2,11,2020,2020-11-02,274027.0,-0.03,38.97,39.46,-0.49,1,41.0,,,,-0.9,-0.79
COG21,2021,2,11,2020,2020-11-03,278882.0,-0.04,39.71,40.15,-0.44,2,40.0,1.77,-0.01,,-0.9,-0.79
COG21,2021,2,11,2020,2020-11-04,286906.0,-0.01,41.23,41.61,-0.38,3,39.0,2.88,0.03,,-0.9,-0.79
COG21,2021,2,11,2020,2020-11-05,294998.0,0.0,40.93,41.3,-0.37,4,38.0,2.82,0.01,,-0.9,-0.79
COG21,2021,2,11,2020,2020-11-06,308478.0,-0.01,39.45,39.84,-0.39,5,37.0,4.57,-0.01,,-0.9,-0.79
COG21,2021,2,11,2020,2020-11-09,326020.0,-0.01,42.4,42.75,-0.35,6,36.0,5.69,0.0,,-0.9,-0.79
COG21,2021,2,11,2020,2020-11-10,341592.0,-0.01,43.61,43.91,-0.3,7,35.0,4.78,0.0,,-0.9,-0.79
COG21,2021,2,11,2020,2020-11-11,352271.0,-0.0,43.8,44.08,-0.28,8,34.0,3.13,0.01,,-0.9,-0.79
COG21,2021,2,11,2020,2020-11-12,356108.0,0.0,43.53,43.79,-0.26,9,33.0,1.09,0.0,,-0.9,-0.79
COG21,2021,2,11,2020,2020-11-13,366646.0,0.03,42.78,42.96,-0.18,10,32.0,2.96,0.03,,-0.9,-0.79
COG21,2021,2,11,2020,2020-11-16,370777.0,0.02,43.82,43.99,-0.17,11,31.0,1.13,-0.01,,-0.9,-0.79
COG21,2021,2,11,2020,2020-11-17,382333.0,0.01,43.75,43.96,-0.21,12,30.0,3.12,-0.01,,-0.9,-0.79
COG21,2021,2,11,2020,2020-11-18,400557.0,0.01,44.34,44.49,-0.15,13,29.0,4.77,0.0,,-0.9,-0.79
COG21,2021,2,11,2020,2020-11-19,415873.0,0.02,44.2,44.37,-0.17,14,28.0,3.82,0.01,,-0.9,-0.79
COG21,2021,2,11,2020,2020-11-20,438103.0,0.04,44.96,45.07,-0.11,15,27.0,5.35,0.02,,-0.9,-0.79
COG21,2021,2,11,2020,2020-11-23,449057.0,0.03,46.06,46.04,0.02,16,26.0,2.5,-0.01,,-0.9,-0.79
COG21,2021,2,11,2020,2020-11-24,485139.0,0.02,47.86,47.78,0.08,17,25.0,8.04,-0.01,,-0.9,-0.79
COG21,2021,2,11,2020,2020-11-25,482784.0,0.0,48.61,48.53,0.08,18,24.0,-0.49,-0.02,,-0.9,-0.79
COG21,2021,2,11,2020,2020-11-26,484185.0,0.01,47.8,47.79,0.01,19,23.0,0.29,0.01,,-0.9,-0.79
COG21,2021,2,11,2020,2020-11-27,489237.0,-0.0,48.18,48.25,-0.07,20,22.0,1.04,-0.01,,-0.9,-0.79
COG21,2021,2,11,2020,2020-11-30,512334.0,0.01,47.59,47.88,-0.29,21,21.0,4.72,0.01,,-0.9,-0.79
COG21,2021,1,12,2020,2020-12-01,476525.0,0.03,47.42,47.4,0.02,1,20.0,,,pre_roll,-0.9,-0.79
COG21,2021,1,12,2020,2020-12-02,477037.0,0.03,48.25,48.19,0.06,2,19.0,0.11,0.0,pre_roll,-0.9,-0.79
COG21,2021,1,12,2020,2020-12-03,469523.0,0.05,48.71,48.6,0.11,3,18.0,-1.58,0.02,pre_roll,-0.9,-0.79
COG21,2021,1,12,2020,2020-12-04,462929.0,0.03,49.25,49.19,0.06,4,17.0,-1.4,-0.02,pre_roll,-0.9,-0.79
COG21,2021,1,12,2020,2020-12-07,447146.0,0.01,48.79,48.8,-0.01,5,16.0,-3.41,-0.02,during_roll,-0.9,-0.79
COG21,2021,1,12,2020,2020-12-08,431421.0,0.05,48.84,48.81,0.03,6,15.0,-3.52,0.04,during_roll,-0.9,-0.79
COG21,2021,1,12,2020,2020-12-09,414300.0,0.06,48.86,48.77,0.09,7,14.0,-3.97,0.01,during_roll,-0.9,-0.79
COG21,2021,1,12,2020,2020-12-10,399809.0,0.05,50.25,50.12,0.13,8,13.0,-3.5,-0.01,during_roll,-0.9,-0.79
COG21,2021,1,12,2020,2020-12-11,369865.0,0.01,49.97,49.9,0.07,9,12.0,-7.49,-0.04,during_roll,-0.9,-0.79
COG21,2021,1,12,2020,2020-12-14,347355.0,0.01,50.29,50.25,0.04,10,11.0,-6.09,0.0,during_roll,-0.9,-0.79
COG21,2021,1,12,2020,2020-12-15,337585.0,-0.0,50.76,50.71,0.05,11,10.0,-2.81,-0.01,during_roll,-0.9,-0.79
COG21,2021,1,12,2020,2020-12-16,320894.0,-0.0,51.08,51.06,0.02,12,9.0,-4.94,0.0,during_roll,-0.9,-0.79
COG21,2021,1,12,2020,2020-12-17,288036.0,-0.04,51.5,51.56,-0.06,13,8.0,-10.24,-0.04,during_roll,-0.9,-0.79
COG21,2021,1,12,2020,2020-12-18,243794.0,-0.01,52.26,52.26,0.0,14,7.0,-15.36,0.03,during_roll,-0.9,-0.79
COG21,2021,1,12,2020,2020-12-21,211345.0,-0.03,50.91,50.98,-0.07,15,6.0,-13.31,-0.02,during_roll,-0.9,-0.79
COG21,2021,1,12,2020,2020-12-22,178792.0,-0.01,50.08,50.16,-0.08,16,5.0,-15.4,0.02,during_roll,-0.9,-0.79
COG21,2021,1,12,2020,2020-12-23,135884.0,0.02,51.2,51.24,-0.04,17,4.0,-24.0,0.03,during_roll,-0.9,-0.79
COG21,2021,1,12,2020,2020-12-24,128364.0,0.03,51.29,51.34,-0.05,18,3.0,-5.53,0.01,during_roll,-0.9,-0.79
COG21,2021,1,12,2020,2020-12-28,105934.0,0.05,50.86,50.9,-0.04,19,2.0,-17.47,0.02,during_roll,-0.9,-0.79
COG21,2021,1,12,2020,2020-12-29,76543.0,-0.05,51.09,51.23,-0.14,20,1.0,-27.74,-0.1,during_roll,-0.9,-0.79
COG21,2021,1,12,2020,2020-12-30,69295.0,-0.24,51.34,51.63,-0.29,21,0.0,-9.47,-0.19,during_roll,-0.9,-0.79
COG22,2022,3,10,2021,2021-10-01,148720.0,0.06,79.28,78.53,0.75,1,64.0,,,,-0.57,-0.37
COG22,2022,3,10,2021,2021-10-04,155661.0,0.04,81.26,80.48,0.78,2,63.0,4.67,-0.02,,-0.57,-0.37
COG22,2022,3,10,2021,2021-10-05,162631.0,0.04,82.56,81.83,0.73,3,62.0,4.48,0.0,,-0.57,-0.37
COG22,2022,3,10,2021,2021-10-06,160166.0,0.04,81.08,80.39,0.69,4,61.0,-1.52,0.0,,-0.57,-0.37
COG22,2022,3,10,2021,2021-10-07,163839.0,0.04,81.95,81.27,0.68,5,60.0,2.29,0.0,,-0.57,-0.37
COG22,2022,3,10,2021,2021-10-08,168693.0,0.05,82.39,81.69,0.7,6,59.0,2.96,0.01,,-0.57,-0.37
COG22,2022,3,10,2021,2021-10-11,168152.0,0.05,83.65,82.92,0.73,7,58.0,-0.32,0.0,,-0.57,-0.37
COG22,2022,3,10,2021,2021-10-12,181775.0,0.05,83.42,82.73,0.69,8,57.0,8.1,0.0,,-0.57,-0.37
COG22,2022,3,10,2021,2021-10-13,188998.0,0.06,83.18,82.56,0.62,9,56.0,3.97,0.01,,-0.57,-0.37
COG22,2022,3,10,2021,2021-10-14,199429.0,0.07,84.0,83.34,0.66,10,55.0,5.52,0.01,,-0.57,-0.37
COG22,2022,3,10,2021,2021-10-15,201331.0,0.07,84.86,84.15,0.71,11,54.0,0.95,0.0,,-0.57,-0.37
COG22,2022,3,10,2021,2021-10-18,217296.0,0.06,84.33,83.66,0.67,12,53.0,7.93,-0.01,,-0.57,-0.37
COG22,2022,3,10,2021,2021-10-19,223316.0,0.06,85.08,84.36,0.72,13,52.0,2.77,0.0,,-0.57,-0.37
COG22,2022,3,10,2021,2021-10-20,231798.0,0.06,85.82,85.15,0.67,14,51.0,3.8,0.0,,-0.57,-0.37
COG22,2022,3,10,2021,2021-10-21,236204.0,0.08,84.61,83.93,0.68,15,50.0,1.9,0.02,,-0.57,-0.37
COG22,2022,3,10,2021,2021-10-22,237492.0,0.08,85.53,84.64,0.89,16,49.0,0.55,0.0,,-0.57,-0.37
COG22,2022,3,10,2021,2021-10-25,239212.0,0.1,85.99,85.17,0.82,17,48.0,0.72,0.02,,-0.57,-0.37
COG22,2022,3,10,2021,2021-10-26,246275.0,0.12,86.4,85.65,0.75,18,47.0,2.95,0.02,,-0.57,-0.37
COG22,2022,3,10,2021,2021-10-27,254973.0,0.13,84.58,83.87,0.71,19,46.0,3.53,0.01,,-0.57,-0.37
COG22,2022,3,10,2021,2021-10-28,260483.0,0.13,84.32,83.66,0.66,20,45.0,2.16,0.0,,-0.57,-0.37
COG22,2022,3,10,2021,2021-10-29,263992.0,0.14,84.38,83.72,0.66,21,44.0,1.35,0.01,,-0.57,-0.37
COG22,2022,2,11,2021,2021-11-01,276417.0,0.15,84.71,83.37,1.34,1,43.0,,,,-0.57,-0.37
COG22,2022,2,11,2021,2021-11-02,282863.0,0.14,84.72,83.44,1.28,2,42.0,2.33,-0.01,,-0.57,-0.37
COG22,2022,2,11,2021,2021-11-03,301536.0,0.13,81.99,80.82,1.17,3,41.0,6.6,-0.01,,-0.57,-0.37
COG22,2022,2,11,2021,2021-11-04,314828.0,0.17,80.54,79.51,1.03,4,40.0,4.41,0.04,,-0.57,-0.37
COG22,2022,2,11,2021,2021-11-05,339212.0,0.13,82.74,81.68,1.06,5,39.0,7.75,-0.04,,-0.57,-0.37
COG22,2022,2,11,2021,2021-11-08,362937.0,0.14,83.43,82.35,1.08,6,38.0,6.99,0.01,,-0.57,-0.37
COG22,2022,2,11,2021,2021-11-09,385645.0,0.16,84.78,83.56,1.22,7,37.0,6.26,0.02,,-0.57,-0.37
COG22,2022,2,11,2021,2021-11-10,401968.0,0.12,82.64,81.55,1.09,8,36.0,4.23,-0.04,,-0.57,-0.37
COG22,2022,2,11,2021,2021-11-11,413371.0,0.09,82.87,81.85,1.02,9,35.0,2.84,-0.03,,-0.57,-0.37
COG22,2022,2,11,2021,2021-11-12,420636.0,0.1,82.17,81.13,1.04,10,34.0,1.76,0.01,,-0.57,-0.37
COG22,2022,2,11,2021,2021-11-15,431874.0,0.11,82.05,81.05,1.0,11,33.0,2.67,0.01,,-0.57,-0.37
COG22,2022,2,11,2021,2021-11-16,452573.0,0.11,82.43,81.42,1.01,12,32.0,4.79,0.0,,-0.57,-0.37
COG22,2022,2,11,2021,2021-11-17,471778.0,0.13,80.28,79.34,0.94,13,31.0,4.24,0.02,,-0.57,-0.37
COG22,2022,2,11,2021,2021-11-18,493449.0,0.11,81.24,80.36,0.88,14,30.0,4.59,-0.02,,-0.57,-0.37
COG22,2022,2,11,2021,2021-11-19,526322.0,0.11,78.89,78.12,0.77,15,29.0,6.66,0.0,,-0.57,-0.37
COG22,2022,2,11,2021,2021-11-22,548787.0,0.09,79.7,79.03,0.67,16,28.0,4.27,-0.02,,-0.57,-0.37
COG22,2022,2,11,2021,2021-11-23,554488.0,0.06,82.31,81.33,0.98,17,27.0,1.04,-0.03,,-0.57,-0.37
COG22,2022,2,11,2021,2021-11-24,550381.0,0.04,82.25,81.05,1.2,18,26.0,-0.74,-0.02,,-0.57,-0.37
COG22,2022,2,11,2021,2021-11-25,558793.0,0.0,82.22,80.92,1.3,19,25.0,1.53,-0.04,,-0.57,-0.37
COG22,2022,2,11,2021,2021-11-26,539468.0,0.0,72.72,71.59,1.13,20,24.0,-3.46,0.0,,-0.57,-0.37
COG22,2022,2,11,2021,2021-11-29,536647.0,-0.0,73.44,73.22,0.22,21,23.0,-0.52,-0.0,,-0.57,-0.37
COG22,2022,2,11,2021,2021-11-30,533956.0,0.02,70.57,69.23,1.34,22,22.0,-0.5,0.02,,-0.57,-0.37
COG22,2022,1,12,2021,2021-12-01,513160.0,0.01,68.87,68.57,0.3,1,21.0,,,pre_roll,-0.57,-0.37
COG22,2022,1,12,2021,2021-12-02,490969.0,0.03,69.67,69.32,0.35,2,20.0,-4.32,0.02,during_roll,-0.57,-0.37
COG22,2022,1,12,2021,2021-12-03,481079.0,0.06,69.88,69.51,0.37,3,19.0,-2.01,0.03,during_roll,-0.57,-0.37
COG22,2022,1,12,2021,2021-12-06,462716.0,0.02,73.08,72.69,0.39,4,18.0,-3.82,-0.04,during_roll,-0.57,-0.37
COG22,2022,1,12,2021,2021-12-07,427361.0,-0.03,75.44,75.1,0.34,5,17.0,-7.64,-0.05,during_roll,-0.57,-0.37
COG22,2022,1,12,2021,2021-12-08,403483.0,-0.11,75.82,75.59,0.23,6,16.0,-5.59,-0.08,during_roll,-0.57,-0.37
COG22,2022,1,12,2021,2021-12-09,376356.0,-0.13,74.42,74.23,0.19,7,15.0,-6.72,-0.02,during_roll,-0.57,-0.37
COG22,2022,1,12,2021,2021-12-10,355078.0,-0.13,75.15,74.91,0.24,8,14.0,-5.65,0.0,during_roll,-0.57,-0.37
COG22,2022,1,12,2021,2021-12-13,330646.0,-0.19,74.39,74.28,0.11,9,13.0,-6.88,-0.06,during_roll,-0.57,-0.37
COG22,2022,1,12,2021,2021-12-14,315715.0,-0.21,73.7,73.63,0.07,10,12.0,-4.52,-0.02,during_roll,-0.57,-0.37
COG22,2022,1,12,2021,2021-12-15,299961.0,-0.23,73.88,73.78,0.1,11,11.0,-4.99,-0.02,during_roll,-0.57,-0.37
COG22,2022,1,12,2021,2021-12-16,281887.0,-0.26,75.02,74.92,0.1,12,10.0,-6.03,-0.03,during_roll,-0.57,-0.37
COG22,2022,1,12,2021,2021-12-17,261873.0,-0.35,73.52,73.52,0.0,13,9.0,-7.1,-0.09,during_roll,-0.57,-0.37
COG22,2022,1,12,2021,2021-12-20,224289.0,-0.34,71.52,71.57,-0.05,14,8.0,-14.35,0.01,during_roll,-0.57,-0.37
COG22,2022,1,12,2021,2021-12-21,202163.0,-0.32,73.98,73.96,0.02,15,7.0,-9.86,0.02,during_roll,-0.57,-0.37
COG22,2022,1,12,2021,2021-12-22,172645.0,-0.4,75.29,75.28,0.01,16,6.0,-14.6,-0.08,during_roll,-0.57,-0.37
COG22,2022,1,12,2021,2021-12-23,151268.0,-0.29,76.85,76.64,0.21,17,5.0,-12.38,0.11,during_roll,-0.57,-0.37
COG22,2022,1,12,2021,2021-12-24,145842.0,-0.17,76.14,75.79,0.35,18,4.0,-3.59,0.12,during_roll,-0.57,-0.37
COG22,2022,1,12,2021,2021-12-27,130576.0,-0.11,78.6,78.22,0.38,19,3.0,-10.47,0.06,during_roll,-0.57,-0.37
COG22,2022,1,12,2021,2021-12-28,118016.0,-0.19,78.94,78.67,0.27,20,2.0,-9.62,-0.08,during_roll,-0.57,-0.37
COG22,2022,1,12,2021,2021-12-29,75498.0,-0.4,79.23,79.21,0.02,21,1.0,-36.03,-0.21,during_roll,-0.57,-0.37
COG22,2022,1,12,2021,2021-12-30,67049.0,-0.66,79.32,79.53,-0.21,22,0.0,-11.19,-0.26,during_roll,-0.57,-0.37
COG23,2023,3,10,2022,2022-10-03,165761.0,0.2,88.86,86.94,1.92,1,62.0,,,,1.2,1.59
COG23,2023,3,10,2022,2022-10-04,168505.0,0.22,91.8,89.82,1.98,2,61.0,1.66,0.02,,1.2,1.59
COG23,2023,3,10,2022,2022-10-05,180573.0,0.18,93.37,91.61,1.76,3,60.0,7.16,-0.04,,1.2,1.59
COG23,2023,3,10,2022,2022-10-06,185263.0,0.17,94.42,92.67,1.75,4,59.0,2.6,-0.01,,1.2,1.59
COG23,2023,3,10,2022,2022-10-07,189037.0,0.25,97.92,95.89,2.03,5,58.0,2.04,0.08,,1.2,1.59
COG23,2023,3,10,2022,2022-10-10,188530.0,0.24,96.19,94.36,1.83,6,57.0,-0.27,-0.01,,1.2,1.59
COG23,2023,3,10,2022,2022-10-11,187169.0,0.21,94.29,92.49,1.8,7,56.0,-0.72,-0.03,,1.2,1.59
COG23,2023,3,10,2022,2022-10-12,186951.0,0.18,92.45,90.82,1.63,8,55.0,-0.12,-0.03,,1.2,1.59
COG23,2023,3,10,2022,2022-10-13,193063.0,0.16,94.57,92.92,1.65,9,54.0,3.27,-0.02,,1.2,1.59
COG23,2023,3,10,2022,2022-10-14,193597.0,0.17,91.63,90.15,1.48,10,53.0,0.28,0.01,,1.2,1.59
COG23,2023,3,10,2022,2022-10-17,200411.0,0.17,91.62,90.18,1.44,11,52.0,3.52,0.0,,1.2,1.59
COG23,2023,3,10,2022,2022-10-18,208393.0,0.21,90.03,88.6,1.43,12,51.0,3.98,0.04,,1.2,1.59
COG23,2023,3,10,2022,2022-10-19,214347.0,0.23,92.41,90.56,1.85,13,50.0,2.86,0.02,,1.2,1.59
COG23,2023,3,10,2022,2022-10-20,220106.0,0.26,92.38,90.45,1.93,14,49.0,2.69,0.03,,1.2,1.59
COG23,2023,3,10,2022,2022-10-21,222751.0,0.25,93.5,91.34,2.16,15,48.0,1.2,-0.01,,1.2,1.59
COG23,2023,3,10,2022,2022-10-24,229503.0,0.22,93.26,91.21,2.05,16,47.0,3.03,-0.03,,1.2,1.59
COG23,2023,3,10,2022,2022-10-25,240497.0,0.19,93.52,91.74,1.78,17,46.0,4.79,-0.03,,1.2,1.59
COG23,2023,3,10,2022,2022-10-26,248145.0,0.16,95.69,93.79,1.9,18,45.0,3.18,-0.03,,1.2,1.59
COG23,2023,3,10,2022,2022-10-27,257840.0,0.2,96.96,95.04,1.92,19,44.0,3.91,0.04,,1.2,1.59
COG23,2023,3,10,2022,2022-10-28,276350.0,0.23,95.77,93.77,2.0,20,43.0,7.18,0.03,,1.2,1.59
COG23,2023,3,10,2022,2022-10-31,283353.0,0.21,94.83,92.81,2.02,21,42.0,2.53,-0.02,,1.2,1.59
COG23,2023,2,11,2022,2022-11-01,287100.0,0.22,94.65,92.79,1.86,1,41.0,,,,1.2,1.59
COG23,2023,2,11,2022,2022-11-02,300430.0,0.2,96.16,94.42,1.74,2,40.0,4.64,-0.02,,1.2,1.59
COG23,2023,2,11,2022,2022-11-03,313437.0,0.19,94.67,93.07,1.6,3,39.0,4.33,-0.01,,1.2,1.59
COG23,2023,2,11,2022,2022-11-04,311462.0,0.14,98.57,96.9,1.67,4,38.0,-0.63,-0.05,,1.2,1.59
COG23,2023,2,11,2022,2022-11-07,322162.0,0.13,97.92,96.36,1.56,5,37.0,3.44,-0.01,,1.2,1.59
COG23,2023,2,11,2022,2022-11-08,323642.0,0.11,95.36,93.98,1.38,6,36.0,0.46,-0.02,,1.2,1.59
COG23,2023,2,11,2022,2022-11-09,329875.0,0.13,92.65,91.21,1.44,7,35.0,1.93,0.02,,1.2,1.59
COG23,2023,2,11,2022,2022-11-10,347019.0,0.13,93.67,92.09,1.58,8,34.0,5.2,0.0,,1.2,1.59
COG23,2023,2,11,2022,2022-11-11,363978.0,0.13,95.99,94.41,1.58,9,33.0,4.89,0.0,,1.2,1.59
COG23,2023,2,11,2022,2022-11-14,368312.0,0.09,93.14,91.82,1.32,10,32.0,1.19,-0.04,,1.2,1.59
COG23,2023,2,11,2022,2022-11-15,376603.0,0.02,93.86,92.75,1.11,11,31.0,2.25,-0.07,,1.2,1.59
COG23,2023,2,11,2022,2022-11-16,388351.0,0.04,92.86,91.65,1.21,12,30.0,3.12,0.02,,1.2,1.59
COG23,2023,2,11,2022,2022-11-17,387622.0,0.01,89.78,88.82,0.96,13,29.0,-0.19,-0.03,,1.2,1.59
COG23,2023,2,11,2022,2022-11-18,409475.0,-0.04,87.62,87.15,0.47,14,28.0,5.64,-0.05,,1.2,1.59
COG23,2023,2,11,2022,2022-11-21,409392.0,-0.09,87.45,87.09,0.36,15,27.0,-0.02,-0.05,,1.2,1.59
COG23,2023,2,11,2022,2022-11-22,409458.0,-0.06,88.36,87.7,0.66,16,26.0,0.02,0.03,,1.2,1.59
COG23,2023,2,11,2022,2022-11-23,404583.0,-0.1,85.41,85.14,0.27,17,25.0,-1.19,-0.04,,1.2,1.59
COG23,2023,2,11,2022,2022-11-24,405114.0,-0.1,85.34,85.24,0.1,18,24.0,0.13,0.0,,1.2,1.59
COG23,2023,2,11,2022,2022-11-25,409969.0,-0.1,83.63,83.71,-0.08,19,23.0,1.2,0.0,,1.2,1.59
COG23,2023,2,11,2022,2022-11-28,404380.0,-0.13,83.19,83.89,-0.7,20,22.0,-1.36,-0.03,,1.2,1.59
COG23,2023,2,11,2022,2022-11-29,405578.0,-0.14,83.03,84.25,-1.22,21,21.0,0.3,-0.01,,1.2,1.59
COG23,2023,2,11,2022,2022-11-30,403680.0,-0.18,85.43,86.97,-1.54,22,20.0,-0.47,-0.04,,1.2,1.59
COG23,2023,1,12,2022,2022-12-01,387539.0,-0.16,86.88,86.81,0.07,1,19.0,,,pre_roll,1.2,1.59
COG23,2023,1,12,2022,2022-12-02,367550.0,-0.1,85.57,85.55,0.02,2,18.0,-5.16,0.06,during_roll,1.2,1.59
COG23,2023,1,12,2022,2022-12-05,356416.0,-0.01,82.68,82.66,0.02,3,17.0,-3.03,0.09,during_roll,1.2,1.59
COG23,2023,1,12,2022,2022-12-06,353789.0,-0.15,79.35,79.67,-0.32,4,16.0,-0.74,-0.14,during_roll,1.2,1.59
COG23,2023,1,12,2022,2022-12-07,342732.0,-0.18,77.17,77.59,-0.42,5,15.0,-3.13,-0.03,during_roll,1.2,1.59
COG23,2023,1,12,2022,2022-12-08,321966.0,-0.2,76.15,76.59,-0.44,6,14.0,-6.06,-0.02,during_roll,1.2,1.59
COG23,2023,1,12,2022,2022-12-09,305101.0,-0.26,76.1,76.6,-0.5,7,13.0,-5.24,-0.06,during_roll,1.2,1.59
COG23,2023,1,12,2022,2022-12-12,285950.0,-0.22,77.99,78.34,-0.35,8,12.0,-6.28,0.04,during_roll,1.2,1.59
COG23,2023,1,12,2022,2022-12-13,257029.0,-0.25,80.68,80.86,-0.18,9,11.0,-10.11,-0.03,during_roll,1.2,1.59
COG23,2023,1,12,2022,2022-12-14,236838.0,-0.31,82.7,82.75,-0.05,10,10.0,-7.86,-0.06,during_roll,1.2,1.59
COG23,2023,1,12,2022,2022-12-15,223032.0,-0.44,81.21,81.32,-0.11,11,9.0,-5.83,-0.13,during_roll,1.2,1.59
COG23,2023,1,12,2022,2022-12-16,205212.0,-0.58,79.04,79.49,-0.45,12,8.0,-7.99,-0.14,during_roll,1.2,1.59
COG23,2023,1,12,2022,2022-12-19,189135.0,-0.61,79.8,80.14,-0.34,13,7.0,-7.83,-0.03,during_roll,1.2,1.59
COG23,2023,1,12,2022,2022-12-20,179297.0,-0.63,79.99,80.53,-0.54,14,6.0,-5.2,-0.02,during_roll,1.2,1.59
COG23,2023,1,12,2022,2022-12-21,157477.0,-0.57,82.2,82.58,-0.38,15,5.0,-12.17,0.06,during_roll,1.2,1.59
COG23,2023,1,12,2022,2022-12-22,126132.0,-0.9,80.98,81.67,-0.69,16,4.0,-19.9,-0.33,during_roll,1.2,1.59
COG23,2023,1,12,2022,2022-12-23,107927.0,-0.74,83.92,84.5,-0.58,17,3.0,-14.43,0.16,during_roll,1.2,1.59
COG23,2023,1,12,2022,2022-12-27,84962.0,-0.45,84.33,84.68,-0.35,18,2.0,-21.28,0.29,during_roll,1.2,1.59
COG23,2023,1,12,2022,2022-12-28,51093.0,-0.79,83.26,83.99,-0.73,19,1.0,-39.86,-0.34,during_roll,1.2,1.59
COG23,2023,1,12,2022,2022-12-29,46877.0,-1.35,82.26,83.46,-1.2,20,0.0,-8.25,-0.56,during_roll,1.2,1.59
COG24,2024,3,10,2023,2023-10-02,169988.0,0.21,90.71,89.06,1.65,1,62.0,,,,1.27,0.91
COG24,2024,3,10,2023,2023-10-03,177057.0,0.21,90.92,89.19,1.73,2,61.0,4.16,0.0,,1.27,0.91
COG24,2024,3,10,2023,2023-10-04,180837.0,0.23,85.81,84.19,1.62,3,60.0,2.13,0.02,,1.27,0.91
COG24,2024,3,10,2023,2023-10-05,181036.0,0.16,84.07,82.64,1.43,4,59.0,0.11,-0.07,,1.27,0.91
COG24,2024,3,10,2023,2023-10-06,182887.0,0.16,84.58,83.13,1.45,5,58.0,1.02,0.0,,1.27,0.91
COG24,2024,3,10,2023,2023-10-09,187615.0,0.21,88.15,86.5,1.65,6,57.0,2.59,0.05,,1.27,0.91
COG24,2024,3,10,2023,2023-10-10,182783.0,0.2,87.65,86.23,1.42,7,56.0,-2.58,-0.01,,1.27,0.91
COG24,2024,3,10,2023,2023-10-11,192874.0,0.15,85.82,84.69,1.13,8,55.0,5.52,-0.05,,1.27,0.91
COG24,2024,3,10,2023,2023-10-12,193204.0,0.17,86.0,84.81,1.19,9,54.0,0.17,0.02,,1.27,0.91
COG24,2024,3,10,2023,2023-10-13,194836.0,0.2,90.89,89.34,1.55,10,53.0,0.84,0.03,,1.27,0.91
COG24,2024,3,10,2023,2023-10-16,197026.0,0.19,89.65,88.27,1.38,11,52.0,1.12,-0.01,,1.27,0.91
COG24,2024,3,10,2023,2023-10-17,198255.0,0.17,89.9,88.56,1.34,12,51.0,0.62,-0.02,,1.27,0.91
COG24,2024,3,10,2023,2023-10-18,204294.0,0.14,91.5,90.22,1.28,13,50.0,3.05,-0.03,,1.27,0.91
COG24,2024,3,10,2023,2023-10-19,209577.0,0.16,92.38,91.01,1.37,14,49.0,2.59,0.02,,1.27,0.91
COG24,2024,3,10,2023,2023-10-20,212841.0,0.14,92.16,90.89,1.27,15,48.0,1.56,-0.02,,1.27,0.91
COG24,2024,3,10,2023,2023-10-23,222517.0,0.09,89.83,88.69,1.14,16,47.0,4.55,-0.05,,1.27,0.91
COG24,2024,3,10,2023,2023-10-24,243071.0,0.08,88.07,87.16,0.91,17,46.0,9.24,-0.01,,1.27,0.91
COG24,2024,3,10,2023,2023-10-25,256034.0,0.09,90.13,89.12,1.01,18,45.0,5.33,0.01,,1.27,0.91
COG24,2024,3,10,2023,2023-10-26,273199.0,0.07,87.93,87.05,0.88,19,44.0,6.7,-0.02,,1.27,0.91
COG24,2024,3,10,2023,2023-10-27,282063.0,0.1,90.48,89.2,1.28,20,43.0,3.24,0.03,,1.27,0.91
COG24,2024,3,10,2023,2023-10-30,291767.0,0.1,87.45,86.35,1.1,21,42.0,3.44,0.0,,1.27,0.91
COG24,2024,3,10,2023,2023-10-31,306536.0,0.08,87.41,85.02,2.39,22,41.0,5.06,-0.02,,1.27,0.91
COG24,2024,2,11,2023,2023-11-01,291610.0,0.06,84.63,84.05,0.58,1,40.0,,,,1.27,0.91
COG24,2024,2,11,2023,2023-11-02,299878.0,0.05,86.85,86.25,0.6,2,39.0,2.84,-0.01,,1.27,0.91
COG24,2024,2,11,2023,2023-11-03,304033.0,0.03,84.89,84.4,0.49,3,38.0,1.39,-0.02,,1.27,0.91
COG24,2024,2,11,2023,2023-11-06,314458.0,0.01,85.18,84.79,0.39,4,37.0,3.43,-0.02,,1.27,0.91
COG24,2024,2,11,2023,2023-11-07,318461.0,0.0,81.61,81.31,0.3,5,36.0,1.27,-0.01,,1.27,0.91
COG24,2024,2,11,2023,2023-11-08,319684.0,-0.02,79.54,79.41,0.13,6,35.0,0.38,-0.02,,1.27,0.91
COG24,2024,2,11,2023,2023-11-09,319297.0,-0.01,80.01,79.84,0.17,7,34.0,-0.12,0.01,,1.27,0.91
COG24,2024,2,11,2023,2023-11-10,324591.0,0.02,81.43,81.13,0.3,8,33.0,1.66,0.03,,1.27,0.91
COG24,2024,2,11,2023,2023-11-13,327621.0,0.03,82.52,82.19,0.33,9,32.0,0.93,0.01,,1.27,0.91
COG24,2024,2,11,2023,2023-11-14,334583.0,-0.0,82.47,82.21,0.26,10,31.0,2.13,-0.03,,1.27,0.91
COG24,2024,2,11,2023,2023-11-15,342634.0,-0.02,81.18,81.05,0.13,11,30.0,2.41,-0.02,,1.27,0.91
COG24,2024,2,11,2023,2023-11-16,354447.0,-0.05,77.42,77.51,-0.09,12,29.0,3.45,-0.03,,1.27,0.91
COG24,2024,2,11,2023,2023-11-17,370305.0,0.0,80.61,80.5,0.11,13,28.0,4.47,0.05,,1.27,0.91
COG24,2024,2,11,2023,2023-11-20,396277.0,-0.04,82.32,82.34,-0.02,14,27.0,7.01,-0.04,,1.27,0.91
COG24,2024,2,11,2023,2023-11-21,408060.0,-0.05,82.45,82.48,-0.03,15,26.0,2.97,-0.01,,1.27,0.91
COG24,2024,2,11,2023,2023-11-22,433765.0,-0.03,81.96,81.88,0.08,16,25.0,6.3,0.02,,1.27,0.91
COG24,2024,2,11,2023,2023-11-23,424318.0,-0.03,81.42,81.25,0.17,17,24.0,-2.18,0.0,,1.27,0.91
COG24,2024,2,11,2023,2023-11-24,427718.0,-0.02,80.58,80.48,0.1,18,23.0,0.8,0.01,,1.27,0.91
COG24,2024,2,11,2023,2023-11-27,436262.0,-0.02,79.98,79.87,0.11,19,22.0,2.0,0.0,,1.27,0.91
COG24,2024,2,11,2023,2023-11-28,457314.0,0.02,81.68,81.47,0.21,20,21.0,4.83,0.04,,1.27,0.91
COG24,2024,2,11,2023,2023-11-29,482743.0,0.01,83.1,82.88,0.22,21,20.0,5.56,-0.01,,1.27,0.91
COG24,2024,2,11,2023,2023-11-30,493353.0,-0.02,82.83,80.86,1.97,22,19.0,2.2,-0.03,,1.27,0.91
COG24,2024,1,12,2023,2023-12-01,465691.0,-0.05,78.88,78.77,0.11,1,18.0,,,pre_roll,1.27,0.91
COG24,2024,1,12,2023,2023-12-04,453496.0,-0.06,78.03,78.07,-0.04,2,17.0,-2.62,-0.01,during_roll,1.27,0.91
COG24,2024,1,12,2023,2023-12-05,443741.0,-0.06,77.2,77.17,0.03,3,16.0,-2.15,0.0,during_roll,1.27,0.91
COG24,2024,1,12,2023,2023-12-06,424314.0,-0.11,74.3,74.45,-0.15,4,15.0,-4.38,-0.05,during_roll,1.27,0.91
COG24,2024,1,12,2023,2023-12-07,406517.0,-0.1,74.05,74.24,-0.19,5,14.0,-4.19,0.01,during_roll,1.27,0.91
COG24,2024,1,12,2023,2023-12-08,390845.0,-0.13,75.84,76.0,-0.16,6,13.0,-3.86,-0.03,during_roll,1.27,0.91
COG24,2024,1,12,2023,2023-12-11,377295.0,-0.12,76.03,76.25,-0.22,7,12.0,-3.47,0.01,during_roll,1.27,0.91
COG24,2024,1,12,2023,2023-12-12,367577.0,-0.1,73.24,73.52,-0.28,8,11.0,-2.58,0.02,during_roll,1.27,0.91
COG24,2024,1,12,2023,2023-12-13,347748.0,-0.05,74.26,74.51,-0.25,9,10.0,-5.39,0.05,during_roll,1.27,0.91
COG24,2024,1,12,2023,2023-12-14,321851.0,-0.08,76.61,76.85,-0.24,10,9.0,-7.45,-0.03,during_roll,1.27,0.91
COG24,2024,1,12,2023,2023-12-15,291960.0,-0.05,76.55,76.76,-0.21,11,8.0,-9.29,0.03,during_roll,1.27,0.91
COG24,2024,1,12,2023,2023-12-18,259566.0,-0.06,77.95,78.11,-0.16,12,7.0,-11.1,-0.01,during_roll,1.27,0.91
COG24,2024,1,12,2023,2023-12-19,231192.0,-0.1,79.23,79.37,-0.14,13,6.0,-10.93,-0.04,during_roll,1.27,0.91
COG24,2024,1,12,2023,2023-12-20,195400.0,-0.03,79.7,79.66,0.04,14,5.0,-15.48,0.07,during_roll,1.27,0.91
COG24,2024,1,12,2023,2023-12-21,168527.0,0.07,79.39,79.16,0.23,15,4.0,-13.75,0.1,during_roll,1.27,0.91
COG24,2024,1,12,2023,2023-12-22,147491.0,0.11,79.07,78.8,0.27,16,3.0,-12.48,0.04,during_roll,1.27,0.91
COG24,2024,1,12,2023,2023-12-26,123779.0,0.03,81.07,80.85,0.22,17,2.0,-16.08,-0.08,during_roll,1.27,0.91
COG24,2024,1,12,2023,2023-12-27,83119.0,-0.02,79.65,79.54,0.11,18,1.0,-32.85,-0.05,during_roll,1.27,0.91
COG24,2024,1,12,2023,2023-12-28,77638.0,1.13,78.39,77.15,1.24,19,0.0,-6.59,1.15,during_roll,1.27,0.91
COG25,2025,3,10,2024,2024-10-01,176619.0,0.06,73.56,73.21,0.35,1,63.0,,,,-0.17,-0.28
COG25,2025,3,10,2024,2024-10-02,186512.0,0.06,73.9,73.54,0.36,2,62.0,5.6,0.0,,-0.17,-0.28
COG25,2025,3,10,2024,2024-10-03,188410.0,0.08,77.62,77.11,0.51,3,61.0,1.02,0.02,,-0.17,-0.28
COG25,2025,3,10,2024,2024-10-04,190250.0,0.09,78.05,77.43,0.62,4,60.0,0.98,0.01,,-0.17,-0.28
COG25,2025,3,10,2024,2024-10-07,192192.0,0.06,80.93,80.35,0.58,5,59.0,1.02,-0.03,,-0.17,-0.28
COG25,2025,3,10,2024,2024-10-08,189627.0,0.06,77.18,76.79,0.39,6,58.0,-1.33,0.0,,-0.17,-0.28
COG25,2025,3,10,2024,2024-10-09,197827.0,0.06,76.58,76.13,0.45,7,57.0,4.32,0.0,,-0.17,-0.28
COG25,2025,3,10,2024,2024-10-10,196676.0,0.05,79.4,78.86,0.54,8,56.0,-0.58,-0.01,,-0.17,-0.28
COG25,2025,3,10,2024,2024-10-11,198548.0,0.05,79.04,78.6,0.44,9,55.0,0.95,0.0,,-0.17,-0.28
COG25,2025,3,10,2024,2024-10-14,205177.0,0.05,77.46,77.09,0.37,10,54.0,3.34,0.0,,-0.17,-0.28
COG25,2025,3,10,2024,2024-10-15,214255.0,0.04,74.25,73.88,0.37,11,53.0,4.42,-0.01,,-0.17,-0.28
COG25,2025,3,10,2024,2024-10-16,216911.0,0.05,74.22,73.79,0.43,12,52.0,1.24,0.01,,-0.17,-0.28
COG25,2025,3,10,2024,2024-10-17,212995.0,0.06,74.45,73.98,0.47,13,51.0,-1.81,0.01,,-0.17,-0.28
COG25,2025,3,10,2024,2024-10-18,219215.0,0.05,73.06,72.68,0.38,14,50.0,2.92,-0.01,,-0.17,-0.28
COG25,2025,3,10,2024,2024-10-21,225661.0,0.06,74.29,73.92,0.37,15,49.0,2.94,0.01,,-0.17,-0.28
COG25,2025,3,10,2024,2024-10-22,241751.0,0.06,76.04,75.62,0.42,16,48.0,7.13,0.0,,-0.17,-0.28
COG25,2025,3,10,2024,2024-10-23,259004.0,0.06,74.96,74.56,0.4,17,47.0,7.14,0.0,,-0.17,-0.28
COG25,2025,3,10,2024,2024-10-24,266360.0,0.07,74.38,74.03,0.35,18,46.0,2.84,0.01,,-0.17,-0.28
COG25,2025,3,10,2024,2024-10-25,277959.0,0.08,76.05,75.63,0.42,19,45.0,4.35,0.01,,-0.17,-0.28
COG25,2025,3,10,2024,2024-10-28,281256.0,0.09,71.42,71.0,0.42,20,44.0,1.19,0.01,,-0.17,-0.28
COG25,2025,3,10,2024,2024-10-29,299045.0,0.09,71.12,70.73,0.39,21,43.0,6.32,0.0,,-0.17,-0.28
COG25,2025,3,10,2024,2024-10-30,304978.0,0.09,72.55,72.16,0.39,22,42.0,1.98,0.0,,-0.17,-0.28
COG25,2025,3,10,2024,2024-10-31,312383.0,0.09,73.16,72.81,0.35,23,41.0,2.43,0.0,,-0.17,-0.28
COG25,2025,2,11,2024,2024-11-01,321992.0,0.08,73.1,72.73,0.37,1,40.0,,,,-0.17,-0.28
COG25,2025,2,11,2024,2024-11-04,329367.0,0.07,75.08,74.66,0.42,2,39.0,2.29,-0.01,,-0.17,-0.28
COG25,2025,2,11,2024,2024-11-05,336047.0,0.07,75.53,75.14,0.39,3,38.0,2.03,0.0,,-0.17,-0.28
COG25,2025,2,11,2024,2024-11-06,341605.0,0.06,74.92,74.57,0.35,4,37.0,1.65,-0.01,,-0.17,-0.28
COG25,2025,2,11,2024,2024-11-07,357196.0,0.06,75.63,75.26,0.37,5,36.0,4.56,0.0,,-0.17,-0.28
COG25,2025,2,11,2024,2024-11-08,377917.0,0.04,73.87,73.61,0.26,6,35.0,5.8,-0.02,,-0.17,-0.28
COG25,2025,2,11,2024,2024-11-11,381976.0,0.05,71.83,71.65,0.18,7,34.0,1.07,0.01,,-0.17,-0.28
COG25,2025,2,11,2024,2024-11-12,401000.0,0.06,71.89,71.65,0.24,8,33.0,4.98,0.01,,-0.17,-0.28
COG25,2025,2,11,2024,2024-11-13,424106.0,0.07,72.28,71.98,0.3,9,32.0,5.76,0.01,,-0.17,-0.28
COG25,2025,2,11,2024,2024-11-14,422654.0,0.07,72.56,72.24,0.32,10,31.0,-0.34,0.0,,-0.17,-0.28
COG25,2025,2,11,2024,2024-11-15,427255.0,0.07,71.04,70.78,0.26,11,30.0,1.09,0.0,,-0.17,-0.28
COG25,2025,2,11,2024,2024-11-18,444477.0,0.07,73.3,73.01,0.29,12,29.0,4.03,0.0,,-0.17,-0.28
COG25,2025,2,11,2024,2024-11-19,471510.0,0.06,73.31,72.99,0.32,13,28.0,6.08,-0.01,,-0.17,-0.28
COG25,2025,2,11,2024,2024-11-20,494430.0,0.07,72.81,72.49,0.32,14,27.0,4.86,0.01,,-0.17,-0.28
COG25,2025,2,11,2024,2024-11-21,509565.0,0.08,74.23,73.77,0.46,15,26.0,3.06,0.01,,-0.17,-0.28
COG25,2025,2,11,2024,2024-11-22,510431.0,0.13,75.17,74.63,0.54,16,25.0,0.17,0.05,,-0.17,-0.28
COG25,2025,2,11,2024,2024-11-25,508277.0,0.12,73.01,72.48,0.53,17,24.0,-0.42,-0.01,,-0.17,-0.28
COG25,2025,2,11,2024,2024-11-26,509709.0,0.09,72.81,72.32,0.49,18,23.0,0.28,-0.03,,-0.17,-0.28
COG25,2025,2,11,2024,2024-11-27,511360.0,0.11,72.83,72.3,0.53,19,22.0,0.32,0.02,,-0.17,-0.28
COG25,2025,2,11,2024,2024-11-28,523138.0,0.11,73.28,72.78,0.5,20,21.0,2.3,0.0,,-0.17,-0.28
COG25,2025,2,11,2024,2024-11-29,537293.0,0.1,72.94,71.84,1.1,21,20.0,2.71,-0.01,,-0.17,-0.28
COG25,2025,1,12,2024,2024-12-02,518419.0,0.06,71.83,71.54,0.29,1,19.0,,,pre_roll,-0.17,-0.28
COG25,2025,1,12,2024,2024-12-03,503390.0,0.13,73.62,73.2,0.42,2,18.0,-2.9,0.07,during_roll,-0.17,-0.28
COG25,2025,1,12,2024,2024-12-04,486687.0,0.11,72.31,71.93,0.38,3,17.0,-3.32,-0.02,during_roll,-0.17,-0.28
COG25,2025,1,12,2024,2024-12-05,471314.0,0.12,72.09,71.68,0.41,4,16.0,-3.16,0.01,during_roll,-0.17,-0.28
COG25,2025,1,12,2024,2024-12-06,450695.0,0.09,71.12,70.8,0.32,5,15.0,-4.37,-0.03,during_roll,-0.17,-0.28
COG25,2025,1,12,2024,2024-12-09,430327.0,0.06,72.14,71.84,0.3,6,14.0,-4.52,-0.03,during_roll,-0.17,-0.28
COG25,2025,1,12,2024,2024-12-10,401786.0,0.05,72.19,71.9,0.29,7,13.0,-6.63,-0.01,during_roll,-0.17,-0.28
COG25,2025,1,12,2024,2024-12-11,395228.0,0.05,73.52,73.14,0.38,8,12.0,-1.63,0.0,during_roll,-0.17,-0.28
COG25,2025,1,12,2024,2024-12-12,392870.0,0.04,73.41,73.08,0.33,9,11.0,-0.6,-0.01,during_roll,-0.17,-0.28
COG25,2025,1,12,2024,2024-12-13,383714.0,0.06,74.49,74.09,0.4,10,10.0,-2.33,0.02,during_roll,-0.17,-0.28
COG25,2025,1,12,2024,2024-12-16,356829.0,0.07,73.91,73.52,0.39,11,9.0,-7.01,0.01,during_roll,-0.17,-0.28
COG25,2025,1,12,2024,2024-12-17,316332.0,0.05,73.19,72.85,0.34,12,8.0,-11.35,-0.02,during_roll,-0.17,-0.28
COG25,2025,1,12,2024,2024-12-18,267608.0,0.06,73.39,73.0,0.39,13,7.0,-15.4,0.01,during_roll,-0.17,-0.28
COG25,2025,1,12,2024,2024-12-19,238435.0,0.06,72.88,72.45,0.43,14,6.0,-10.9,0.0,during_roll,-0.17,-0.28
COG25,2025,1,12,2024,2024-12-20,214716.0,0.0,72.94,72.56,0.38,15,5.0,-9.95,-0.06,during_roll,-0.17,-0.28
COG25,2025,1,12,2024,2024-12-23,168839.0,-0.02,72.63,72.32,0.31,16,4.0,-21.37,-0.02,during_roll,-0.17,-0.28
COG25,2025,1,12,2024,2024-12-24,136634.0,0.01,73.58,73.17,0.41,17,3.0,-19.07,0.03,during_roll,-0.17,-0.28
COG25,2025,1,12,2024,2024-12-26,120949.0,-0.01,73.26,72.85,0.41,18,2.0,-11.48,-0.02,during_roll,-0.17,-0.28
COG25,2025,1,12,2024,2024-12-27,81972.0,-0.1,74.17,73.79,0.38,19,1.0,-32.23,-0.09,during_roll,-0.17,-0.28
COG25,2025,1,12,2024,2024-12-30,,-0.02,74.39,73.99,0.4,20,0.0,0.0,0.08,during_roll,-0.17,-0.28
COG26,2026,3,10,2025,2025-10-01,211563.0,0.08,65.35,65.0,0.35,1,63.0,,,,0.58,0.12
COG26,2026,3,10,2025,2025-10-02,223297.0,0.08,64.11,63.81,0.3,2,62.0,5.55,0.0,,0.58,0.12
COG26,2026,3,10,2025,2025-10-03,229325.0,0.09,64.53,64.16,0.37,3,61.0,2.7,0.01,,0.58,0.12
COG26,2026,3,10,2025,2025-10-06,235817.0,0.09,65.47,65.07,0.4,4,60.0,2.83,0.0,,0.58,0.12
COG26,2026,3,10,2025,2025-10-07,243797.0,0.1,65.45,64.94,0.51,5,59.0,3.38,0.01,,0.58,0.12
COG26,2026,3,10,2025,2025-10-08,252041.0,0.11,66.25,65.68,0.57,6,58.0,3.38,0.01,,0.58,0.12
COG26,2026,3,10,2025,2025-10-09,265443.0,0.1,65.22,64.74,0.48,7,57.0,5.32,-0.01,,0.58,0.12
COG26,2026,3,10,2025,2025-10-10,266831.0,0.1,62.73,62.28,0.45,8,56.0,0.52,0.0,,0.58,0.12
COG26,2026,3,10,2025,2025-10-13,268742.0,0.1,63.32,62.94,0.38,9,55.0,0.72,0.0,,0.58,0.12
COG26,2026,3,10,2025,2025-10-14,275722.0,0.09,62.39,62.02,0.37,10,54.0,2.6,-0.01,,0.58,0.12
COG26,2026,3,10,2025,2025-10-15,285690.0,0.09,61.91,61.63,0.28,11,53.0,3.62,0.0,,0.58,0.12
COG26,2026,3,10,2025,2025-10-16,293895.0,0.11,61.06,60.79,0.27,12,52.0,2.87,0.02,,0.58,0.12
COG26,2026,3,10,2025,2025-10-17,298387.0,0.08,61.29,61.1,0.19,13,51.0,1.53,-0.03,,0.58,0.12
COG26,2026,3,10,2025,2025-10-20,309364.0,0.08,61.01,60.88,0.13,14,50.0,3.68,0.0,,0.58,0.12
COG26,2026,3,10,2025,2025-10-21,325627.0,0.09,61.32,61.03,0.29,15,49.0,5.26,0.01,,0.58,0.12
COG26,2026,3,10,2025,2025-10-22,323764.0,0.1,62.59,62.23,0.36,16,48.0,-0.57,0.01,,0.58,0.12
COG26,2026,3,10,2025,2025-10-23,324763.0,0.17,65.99,65.29,0.7,17,47.0,0.31,0.07,,0.58,0.12
COG26,2026,3,10,2025,2025-10-24,339740.0,0.17,65.94,65.2,0.74,18,46.0,4.61,0.0,,0.58,0.12
COG26,2026,3,10,2025,2025-10-27,349991.0,0.18,65.62,64.9,0.72,19,45.0,3.02,0.01,,0.58,0.12
COG26,2026,3,10,2025,2025-10-28,357595.0,0.12,64.4,63.83,0.57,20,44.0,2.17,-0.06,,0.58,0.12
COG26,2026,3,10,2025,2025-10-29,373838.0,0.15,64.92,64.32,0.6,21,43.0,4.54,0.03,,0.58,0.12
COG26,2026,3,10,2025,2025-10-30,378440.0,0.17,65.0,64.37,0.63,22,42.0,1.23,0.02,,0.58,0.12
COG26,2026,3,10,2025,2025-10-31,395303.0,0.18,65.07,64.77,0.3,23,41.0,4.46,0.01,,0.58,0.12
COG26,2026,2,11,2025,2025-11-03,395420.0,0.14,64.89,64.44,0.45,1,40.0,,,,0.58,0.12
COG26,2026,2,11,2025,2025-11-04,393762.0,0.12,64.44,64.07,0.37,2,39.0,-0.42,-0.02,,0.58,0.12
COG26,2026,2,11,2025,2025-11-05,410375.0,0.1,63.52,63.24,0.28,3,38.0,4.22,-0.02,,0.58,0.12
COG26,2026,2,11,2025,2025-11-06,414863.0,0.13,63.38,63.07,0.31,4,37.0,1.09,0.03,,0.58,0.12
COG26,2026,2,11,2025,2025-11-07,436161.0,0.1,63.63,63.39,0.24,5,36.0,5.13,-0.03,,0.58,0.12
COG26,2026,2,11,2025,2025-11-10,445321.0,0.08,64.06,63.82,0.24,6,35.0,2.1,-0.02,,0.58,0.12
COG26,2026,2,11,2025,2025-11-11,462175.0,0.09,65.16,64.87,0.29,7,34.0,3.78,0.01,,0.58,0.12
COG26,2026,2,11,2025,2025-11-12,480039.0,0.09,62.71,62.45,0.26,8,33.0,3.87,0.0,,0.58,0.12
COG26,2026,2,11,2025,2025-11-13,499807.0,0.12,63.01,62.64,0.37,9,32.0,4.12,0.03,,0.58,0.12
COG26,2026,2,11,2025,2025-11-14,523424.0,0.12,64.39,63.92,0.47,10,31.0,4.73,0.0,,0.58,0.12
COG26,2026,2,11,2025,2025-11-17,539005.0,0.12,64.2,63.76,0.44,11,30.0,2.98,0.0,,0.58,0.12
COG26,2026,2,11,2025,2025-11-18,547093.0,0.11,64.89,64.43,0.46,12,29.0,1.5,-0.01,,0.58,0.12
COG26,2026,2,11,2025,2025-11-19,589006.0,0.15,63.51,63.0,0.51,13,28.0,7.66,0.04,,0.58,0.12
COG26,2026,2,11,2025,2025-11-20,606769.0,0.16,63.38,62.8,0.58,14,27.0,3.02,0.01,,0.58,0.12
COG26,2026,2,11,2025,2025-11-21,616103.0,0.16,62.56,61.94,0.62,15,26.0,1.54,0.0,,0.58,0.12
COG26,2026,2,11,2025,2025-11-24,615610.0,0.16,63.37,62.72,0.65,16,25.0,-0.08,0.0,,0.58,0.12
COG26,2026,2,11,2025,2025-11-25,630288.0,0.18,62.48,61.8,0.68,17,24.0,2.38,0.02,,0.58,0.12
COG26,2026,2,11,2025,2025-11-26,645342.0,0.18,63.13,62.54,0.59,18,23.0,2.39,0.0,,0.58,0.12
COG26,2026,2,11,2025,2025-11-27,649183.0,0.17,63.34,62.87,0.47,19,22.0,0.6,-0.01,,0.58,0.12
COG26,2026,2,11,2025,2025-11-28,636646.0,0.17,63.2,62.38,0.82,20,21.0,-1.93,0.0,,0.58,0.12
COG26,2026,1,12,2025,2025-12-01,625670.0,0.15,63.17,62.78,0.39,1,20.0,,,pre_roll,0.58,0.12
COG26,2026,1,12,2025,2025-12-02,614448.0,0.17,62.45,62.05,0.4,2,19.0,-1.79,0.02,during_roll,0.58,0.12
COG26,2026,1,12,2025,2025-12-03,622875.0,0.17,62.67,62.28,0.39,3,18.0,1.37,0.0,post_roll,0.58,0.12
COG26,2026,1,12,2025,2025-12-04,616403.0,0.15,63.26,62.86,0.4,4,17.0,-1.04,-0.02,pre_roll,0.58,0.12
COG26,2026,1,12,2025,2025-12-05,604005.0,0.11,63.75,63.39,0.36,5,16.0,-2.01,-0.04,pre_roll,0.58,0.12
COG26,2026,1,12,2025,2025-12-08,550592.0,0.12,62.49,62.15,0.34,6,15.0,-8.84,0.01,during_roll,0.58,0.12
COG26,2026,1,12,2025,2025-12-09,532904.0,0.11,61.94,61.65,0.29,7,14.0,-3.21,-0.01,during_roll,0.58,0.12
COG26,2026,1,12,2025,2025-12-10,497706.0,0.12,62.21,61.87,0.34,8,13.0,-6.6,0.01,during_roll,0.58,0.12
COG26,2026,1,12,2025,2025-12-11,461900.0,0.06,61.28,61.06,0.22,9,12.0,-7.19,-0.06,during_roll,0.58,0.12
COG26,2026,1,12,2025,2025-12-12,440596.0,0.09,61.12,60.84,0.28,10,11.0,-4.61,0.03,during_roll,0.58,0.12
COG26,2026,1,12,2025,2025-12-15,419394.0,0.13,60.56,60.3,0.26,11,10.0,-4.81,0.04,during_roll,0.58,0.12
COG26,2026,1,12,2025,2025-12-16,382761.0,0.15,58.92,58.67,0.25,12,9.0,-8.73,0.02,during_roll,0.58,0.12
COG26,2026,1,12,2025,2025-12-17,347989.0,0.13,59.68,59.4,0.28,13,8.0,-9.08,-0.02,during_roll,0.58,0.12
COG26,2026,1,12,2025,2025-12-18,304737.0,0.18,59.82,59.5,0.32,14,7.0,-12.43,0.05,during_roll,0.58,0.12
COG26,2026,1,12,2025,2025-12-19,278629.0,0.2,60.47,60.05,0.42,15,6.0,-8.57,0.02,during_roll,0.58,0.12
COG26,2026,1,12,2025,2025-12-22,229719.0,0.2,62.07,61.58,0.49,16,5.0,-17.55,0.0,during_roll,0.58,0.12
COG26,2026,1,12,2025,2025-12-23,167411.0,0.18,62.38,61.87,0.51,17,4.0,-27.12,-0.02,during_roll,0.58,0.12
COG26,2026,1,12,2025,2025-12-24,139518.0,0.14,62.24,61.8,0.44,18,3.0,-16.66,-0.04,during_roll,0.58,0.12
COG26,2026,1,12,2025,2025-12-26,122933.0,0.13,60.64,60.24,0.4,19,2.0,-11.89,-0.01,during_roll,0.58,0.12
COG26,2026,1,12,2025,2025-12-29,73260.0,0.11,61.94,61.49,0.45,20,1.0,-40.41,-0.02,during_roll,0.58,0.12
COG26,2026,1,12,2025,2025-12-30,60403.0,0.29,61.92,61.33,0.59,21,0.0,-17.55,0.18,during_roll,0.58,0.12
COH16,2016,3,11,2015,2015-11-02,227499.0,-0.05,,,,1,14.0,,,,,
COH16,2016,3,11,2015,2015-11-03,230308.0,-0.05,,,,2,13.0,1.23,0.0,,,
COH16,2016,3,11,2015,2015-11-04,229867.0,-0.03,,,,3,12.0,-0.19,0.02,,,
COH16,2016,3,11,2015,2015-11-05,230876.0,-0.04,,,,4,11.0,0.44,-0.01,,,
COH16,2016,3,11,2015,2015-11-06,237352.0,-0.05,,,,5,10.0,2.8,-0.01,,,
COH16,2016,3,11,2015,2015-11-09,247094.0,-0.04,,,,6,9.0,4.1,0.01,,,
COH16,2016,3,11,2015,2015-11-10,253348.0,-0.05,,,,7,8.0,2.53,-0.01,,,
COH16,2016,3,11,2015,2015-11-11,260198.0,-0.03,,,,8,7.0,2.7,0.02,,,
COH16,2016,3,11,2015,2015-11-12,266376.0,-0.02,,,,9,6.0,2.37,0.01,,,
COH16,2016,3,11,2015,2015-11-13,268310.0,-0.02,,,,10,5.0,0.73,0.0,,,
COH16,2016,1,1,2016,2016-01-15,373704.0,-0.75,28.94,30.44,-1.5,1,4.0,,,pre_roll,,
COH16,2016,1,1,2016,2016-01-19,323772.0,-0.72,28.76,30.22,-1.46,2,3.0,-13.36,0.03,during_roll,,
COH16,2016,1,1,2016,2016-01-25,179586.0,-0.81,30.5,32.09,-1.59,3,2.0,-44.53,-0.09,during_roll,,
COH16,2016,1,1,2016,2016-01-27,91545.0,-0.84,33.1,34.73,-1.63,4,1.0,-49.02,-0.03,during_roll,,
COH16,2016,1,1,2016,2016-01-29,45936.0,-1.24,34.74,36.82,-2.08,5,0.0,-49.82,-0.4,during_roll,,
COH17,2017,3,11,2016,2016-11-01,219824.0,-0.09,48.14,48.95,-0.81,1,64.0,,,,0.38,0.68
COH17,2017,3,11,2016,2016-11-02,218222.0,-0.08,46.86,47.69,-0.83,2,63.0,-0.73,0.01,,0.38,0.68
COH17,2017,3,11,2016,2016-11-03,223325.0,-0.09,46.35,47.22,-0.87,3,62.0,2.34,-0.01,,0.38,0.68
COH17,2017,3,11,2016,2016-11-04,227906.0,-0.1,45.58,46.55,-0.97,4,61.0,2.05,-0.01,,0.38,0.68
COH17,2017,3,11,2016,2016-11-07,235588.0,-0.11,46.15,47.2,-1.05,5,60.0,3.37,-0.01,,0.38,0.68
COH17,2017,3,11,2016,2016-11-08,247844.0,-0.13,46.04,47.18,-1.14,6,59.0,5.2,-0.02,,0.38,0.68
COH17,2017,3,11,2016,2016-11-09,256418.0,-0.12,46.36,47.42,-1.06,7,58.0,3.46,0.01,,0.38,0.68
COH17,2017,3,11,2016,2016-11-10,267265.0,-0.12,45.84,46.92,-1.08,8,57.0,4.23,0.0,,0.38,0.68
COH17,2017,3,11,2016,2016-11-11,275352.0,-0.11,44.75,45.82,-1.07,9,56.0,3.03,0.01,,0.38,0.68
COH17,2017,3,11,2016,2016-11-14,275552.0,-0.12,44.43,45.48,-1.05,10,55.0,0.07,-0.01,,0.38,0.68
COH17,2017,3,11,2016,2016-11-15,280463.0,-0.1,46.95,47.95,-1.0,11,54.0,1.78,0.02,,0.38,0.68
COH17,2017,3,11,2016,2016-11-16,285720.0,-0.12,46.63,47.62,-0.99,12,53.0,1.87,-0.02,,0.38,0.68
COH17,2017,3,11,2016,2016-11-17,300562.0,-0.11,46.49,47.6,-1.11,13,52.0,5.19,0.01,,0.38,0.68
COH17,2017,3,11,2016,2016-11-18,305643.0,-0.13,46.86,47.97,-1.11,14,51.0,1.69,-0.02,,0.38,0.68
COH17,2017,3,11,2016,2016-11-21,316526.0,-0.12,48.9,49.97,-1.07,15,50.0,3.56,0.01,,0.38,0.68
COH17,2017,3,11,2016,2016-11-22,326493.0,-0.09,49.12,50.11,-0.99,16,49.0,3.15,0.03,,0.38,0.68
COH17,2017,3,11,2016,2016-11-23,330482.0,-0.1,48.95,50.0,-1.05,17,48.0,1.22,-0.01,,0.38,0.68
COH17,2017,3,11,2016,2016-11-24,333522.0,-0.09,49.0,50.02,-1.02,18,47.0,0.92,0.01,,0.38,0.68
COH17,2017,3,11,2016,2016-11-25,330276.0,-0.08,47.24,48.24,-1.0,19,46.0,-0.97,0.01,,0.38,0.68
COH17,2017,3,11,2016,2016-11-28,336160.0,-0.09,48.24,49.21,-0.97,20,45.0,1.78,-0.01,,0.38,0.68
COH17,2017,3,11,2016,2016-11-29,352356.0,-0.09,46.38,47.32,-0.94,21,44.0,4.82,0.0,,0.38,0.68
COH17,2017,3,11,2016,2016-11-30,365507.0,-0.11,50.47,51.84,-1.37,22,43.0,3.73,-0.02,,0.38,0.68
COH17,2017,2,12,2016,2016-12-01,387043.0,-0.12,53.94,54.58,-0.64,1,42.0,,,,0.38,0.68
COH17,2017,2,12,2016,2016-12-02,396051.0,-0.13,54.46,55.14,-0.68,2,41.0,2.33,-0.01,,0.38,0.68
COH17,2017,2,12,2016,2016-12-05,401406.0,-0.09,54.94,55.59,-0.65,3,40.0,1.35,0.04,,0.38,0.68
COH17,2017,2,12,2016,2016-12-06,404608.0,-0.11,53.93,54.65,-0.72,4,39.0,0.8,-0.02,,0.38,0.68
COH17,2017,2,12,2016,2016-12-07,412723.0,-0.13,53.0,53.78,-0.78,5,38.0,2.01,-0.02,,0.38,0.68
COH17,2017,2,12,2016,2016-12-08,418196.0,-0.11,53.89,54.6,-0.71,6,37.0,1.33,0.02,,0.38,0.68
COH17,2017,2,12,2016,2016-12-09,437576.0,-0.11,54.33,55.06,-0.73,7,36.0,4.63,0.0,,0.38,0.68
COH17,2017,2,12,2016,2016-12-12,458387.0,-0.15,55.69,56.37,-0.68,8,35.0,4.76,-0.04,,0.38,0.68
COH17,2017,2,12,2016,2016-12-13,486760.0,-0.15,55.72,56.39,-0.67,9,34.0,6.19,0.0,,0.38,0.68
COH17,2017,2,12,2016,2016-12-14,511002.0,-0.14,53.9,54.65,-0.75,10,33.0,4.98,0.01,,0.38,0.68
COH17,2017,2,12,2016,2016-12-15,506545.0,-0.11,54.02,54.71,-0.69,11,32.0,-0.87,0.03,,0.38,0.68
COH17,2017,2,12,2016,2016-12-16,507632.0,-0.1,55.21,55.82,-0.61,12,31.0,0.21,0.01,,0.38,0.68
COH17,2017,2,12,2016,2016-12-19,510194.0,-0.11,54.92,55.54,-0.62,13,30.0,0.5,-0.01,,0.38,0.68
COH17,2017,2,12,2016,2016-12-20,527637.0,-0.1,55.35,56.02,-0.67,14,29.0,3.42,0.01,,0.38,0.68
COH17,2017,2,12,2016,2016-12-21,552573.0,-0.12,54.46,55.22,-0.76,15,28.0,4.73,-0.02,,0.38,0.68
COH17,2017,2,12,2016,2016-12-22,569761.0,-0.12,55.05,55.79,-0.74,16,27.0,3.11,0.0,,0.38,0.68
COH17,2017,2,12,2016,2016-12-23,575962.0,-0.12,55.16,55.9,-0.74,17,26.0,1.09,0.0,,0.38,0.68
COH17,2017,2,12,2016,2016-12-26,584565.0,-0.12,56.09,56.83,-0.74,18,25.0,1.49,0.0,,0.38,0.68
COH17,2017,2,12,2016,2016-12-27,587433.0,-0.12,56.09,56.83,-0.74,19,24.0,0.49,0.0,,0.38,0.68
COH17,2017,2,12,2016,2016-12-28,612074.0,-0.11,56.22,56.96,-0.74,20,23.0,4.19,0.01,,0.38,0.68
COH17,2017,2,12,2016,2016-12-29,613287.0,-0.12,56.14,56.85,-0.71,21,22.0,0.2,-0.01,,0.38,0.68
COH17,2017,1,1,2017,2017-01-02,615838.0,-0.12,56.82,57.49,-0.67,1,21.0,,,pre_roll,0.38,0.68
COH17,2017,1,1,2017,2017-01-03,608912.0,-0.1,55.47,56.14,-0.67,2,20.0,-1.12,0.02,pre_roll,0.38,0.68
COH17,2017,1,1,2017,2017-01-04,603835.0,-0.09,56.46,57.09,-0.63,3,19.0,-0.83,0.01,pre_roll,0.38,0.68
COH17,2017,1,1,2017,2017-01-05,598922.0,-0.09,56.89,57.48,-0.59,4,18.0,-0.81,0.0,pre_roll,0.38,0.68
COH17,2017,1,1,2017,2017-01-06,592737.0,-0.09,57.1,57.68,-0.58,5,17.0,-1.03,0.0,pre_roll,0.38,0.68
COH17,2017,1,1,2017,2017-01-09,568790.0,-0.09,54.94,55.56,-0.62,6,16.0,-4.04,0.0,during_roll,0.38,0.68
COH17,2017,1,1,2017,2017-01-10,525652.0,-0.09,53.64,54.26,-0.62,7,15.0,-7.58,0.0,during_roll,0.38,0.68
COH17,2017,1,1,2017,2017-01-11,491937.0,-0.01,55.1,55.6,-0.5,8,14.0,-6.41,0.08,during_roll,0.38,0.68
COH17,2017,1,1,2017,2017-01-12,447638.0,0.01,56.01,56.49,-0.48,9,13.0,-9.01,0.02,during_roll,0.38,0.68
COH17,2017,1,1,2017,2017-01-13,411590.0,0.01,55.45,55.91,-0.46,10,12.0,-8.05,0.0,during_roll,0.38,0.68
COH17,2017,1,1,2017,2017-01-16,399648.0,0.03,55.86,56.28,-0.42,11,11.0,-2.9,0.02,during_roll,0.38,0.68
COH17,2017,1,1,2017,2017-01-17,364194.0,0.03,55.47,55.94,-0.47,12,10.0,-8.87,0.0,during_roll,0.38,0.68
COH17,2017,1,1,2017,2017-01-18,327519.0,0.03,53.92,54.41,-0.49,13,9.0,-10.07,0.0,during_roll,0.38,0.68
COH17,2017,1,1,2017,2017-01-19,289023.0,-0.01,54.16,54.69,-0.53,14,8.0,-11.75,-0.04,during_roll,0.38,0.68
COH17,2017,1,1,2017,2017-01-20,248359.0,0.03,55.49,55.98,-0.49,15,7.0,-14.07,0.04,during_roll,0.38,0.68
COH17,2017,1,1,2017,2017-01-23,206057.0,0.08,55.23,55.63,-0.4,16,6.0,-17.03,0.05,during_roll,0.38,0.68
COH17,2017,1,1,2017,2017-01-24,191153.0,0.06,55.44,55.85,-0.41,17,5.0,-7.23,-0.02,during_roll,0.38,0.68
COH17,2017,1,1,2017,2017-01-25,176043.0,0.07,55.08,55.42,-0.34,18,4.0,-7.9,0.01,during_roll,0.38,0.68
COH17,2017,1,1,2017,2017-01-26,127745.0,0.13,56.24,56.49,-0.25,19,3.0,-27.44,0.06,during_roll,0.38,0.68
COH17,2017,1,1,2017,2017-01-27,105536.0,0.17,55.52,55.7,-0.18,20,2.0,-17.39,0.04,during_roll,0.38,0.68
COH17,2017,1,1,2017,2017-01-30,61984.0,0.28,55.23,55.32,-0.09,21,1.0,-41.27,0.11,during_roll,0.38,0.68
COH17,2017,1,1,2017,2017-01-31,,0.45,55.7,55.58,0.12,22,0.0,0.0,0.17,during_roll,0.38,0.68
COH18,2018,3,11,2017,2017-11-01,256897.0,0.03,60.49,60.23,0.26,1,63.0,,,,0.15,0.12
COH18,2018,3,11,2017,2017-11-02,259970.0,0.03,60.62,60.37,0.25,2,62.0,1.2,0.0,,0.15,0.12
COH18,2018,3,11,2017,2017-11-03,258066.0,0.02,62.07,61.8,0.27,3,61.0,-0.73,-0.01,,0.15,0.12
COH18,2018,3,11,2017,2017-11-06,257595.0,0.02,64.27,63.96,0.31,4,60.0,-0.18,0.0,,0.15,0.12
COH18,2018,3,11,2017,2017-11-07,246704.0,0.02,63.69,63.47,0.22,5,59.0,-4.23,0.0,,0.15,0.12
COH18,2018,3,11,2017,2017-11-08,246660.0,0.03,63.49,63.28,0.21,6,58.0,-0.02,0.01,,0.15,0.12
COH18,2018,3,11,2017,2017-11-09,252387.0,0.03,63.93,63.74,0.19,7,57.0,2.32,0.0,,0.15,0.12
COH18,2018,3,11,2017,2017-11-10,255733.0,0.02,63.52,63.41,0.11,8,56.0,1.33,-0.01,,0.15,0.12
COH18,2018,3,11,2017,2017-11-13,267652.0,0.01,63.16,63.1,0.06,9,55.0,4.66,-0.01,,0.15,0.12
COH18,2018,3,11,2017,2017-11-14,266450.0,0.02,62.21,62.06,0.15,10,54.0,-0.45,0.01,,0.15,0.12
COH18,2018,3,11,2017,2017-11-15,278131.0,0.02,61.87,61.76,0.11,11,53.0,4.38,0.0,,0.15,0.12
COH18,2018,3,11,2017,2017-11-16,292193.0,0.02,61.36,61.29,0.07,12,52.0,5.06,0.0,,0.15,0.12
COH18,2018,3,11,2017,2017-11-17,302421.0,0.02,62.72,62.55,0.17,13,51.0,3.5,0.0,,0.15,0.12
COH18,2018,3,11,2017,2017-11-20,306475.0,0.03,62.22,62.06,0.16,14,50.0,1.34,0.01,,0.15,0.12
COH18,2018,3,11,2017,2017-11-21,315353.0,0.03,62.57,62.32,0.25,15,49.0,2.9,0.0,,0.15,0.12
COH18,2018,3,11,2017,2017-11-22,318535.0,0.02,63.32,62.99,0.33,16,48.0,1.01,-0.01,,0.15,0.12
COH18,2018,3,11,2017,2017-11-23,318255.0,0.03,63.55,63.24,0.31,17,47.0,-0.09,0.01,,0.15,0.12
COH18,2018,3,11,2017,2017-11-24,320999.0,0.03,63.86,63.47,0.39,18,46.0,0.86,0.0,,0.15,0.12
COH18,2018,3,11,2017,2017-11-27,319803.0,0.04,63.84,63.38,0.46,19,45.0,-0.37,0.01,,0.15,0.12
COH18,2018,3,11,2017,2017-11-28,330394.0,0.04,63.61,63.24,0.37,20,44.0,3.31,0.0,,0.15,0.12
COH18,2018,3,11,2017,2017-11-29,333335.0,0.04,63.11,62.53,0.58,21,43.0,0.89,0.0,,0.15,0.12
COH18,2018,3,11,2017,2017-11-30,340025.0,0.04,63.57,62.63,0.94,22,42.0,2.01,0.0,,0.15,0.12
COH18,2018,2,12,2017,2017-12-01,351276.0,0.02,63.73,63.46,0.27,1,41.0,,,,0.15,0.12
COH18,2018,2,12,2017,2017-12-04,343974.0,0.03,62.45,62.24,0.21,2,40.0,-2.08,0.01,,0.15,0.12
COH18,2018,2,12,2017,2017-12-05,348273.0,0.04,62.86,62.64,0.22,3,39.0,1.25,0.01,,0.15,0.12
COH18,2018,2,12,2017,2017-12-06,347892.0,0.06,61.22,61.03,0.19,4,38.0,-0.11,0.02,,0.15,0.12
COH18,2018,2,12,2017,2017-12-07,376927.0,0.07,62.2,61.95,0.25,5,37.0,8.35,0.01,,0.15,0.12
COH18,2018,2,12,2017,2017-12-08,406352.0,0.1,63.4,63.03,0.37,6,36.0,7.81,0.03,,0.15,0.12
COH18,2018,2,12,2017,2017-12-11,435663.0,0.19,64.69,64.0,0.69,7,35.0,7.21,0.09,,0.15,0.12
COH18,2018,2,12,2017,2017-12-12,439244.0,0.16,63.34,62.73,0.61,8,34.0,0.82,-0.03,,0.15,0.12
COH18,2018,2,12,2017,2017-12-13,479504.0,0.15,62.44,61.81,0.63,9,33.0,9.17,-0.01,,0.15,0.12
COH18,2018,2,12,2017,2017-12-14,488186.0,0.15,63.31,62.66,0.65,10,32.0,1.81,0.0,,0.15,0.12
COH18,2018,2,12,2017,2017-12-15,504523.0,0.15,63.23,62.65,0.58,11,31.0,3.35,0.0,,0.15,0.12
COH18,2018,2,12,2017,2017-12-18,542019.0,0.14,63.41,62.91,0.5,12,30.0,7.43,-0.01,,0.15,0.12
COH18,2018,2,12,2017,2017-12-19,582570.0,0.15,63.8,63.4,0.4,13,29.0,7.48,0.01,,0.15,0.12
COH18,2018,2,12,2017,2017-12-20,610231.0,0.15,64.56,64.11,0.45,14,28.0,4.75,0.0,,0.15,0.12
COH18,2018,2,12,2017,2017-12-21,627877.0,0.14,64.9,64.43,0.47,15,27.0,2.89,-0.01,,0.15,0.12
COH18,2018,2,12,2017,2017-12-22,627877.0,0.13,65.25,64.73,0.52,16,26.0,0.0,-0.01,,0.15,0.12
COH18,2018,2,12,2017,2017-12-25,647698.0,0.1,67.02,66.46,0.56,17,25.0,3.16,-0.03,,0.15,0.12
COH18,2018,2,12,2017,2017-12-26,654306.0,0.1,67.02,66.46,0.56,18,24.0,1.02,0.0,,0.15,0.12
COH18,2018,2,12,2017,2017-12-27,661939.0,0.1,66.44,65.99,0.45,19,23.0,1.17,0.0,,0.15,0.12
COH18,2018,2,12,2017,2017-12-28,656277.0,0.08,66.72,66.16,0.56,20,22.0,-0.86,-0.02,,0.15,0.12
COH18,2018,1,1,2018,2018-01-02,631709.0,0.1,66.57,66.13,0.44,1,21.0,,,pre_roll,0.15,0.12
COH18,2018,1,1,2018,2018-01-03,619637.0,0.16,67.84,67.29,0.55,2,20.0,-1.91,0.06,during_roll,0.15,0.12
COH18,2018,1,1,2018,2018-01-04,600783.0,0.16,68.07,67.51,0.56,3,19.0,-3.04,0.0,during_roll,0.15,0.12
COH18,2018,1,1,2018,2018-01-05,599424.0,0.15,67.62,67.1,0.52,4,18.0,-0.23,-0.01,during_roll,0.15,0.12
COH18,2018,1,1,2018,2018-01-08,570832.0,0.11,67.78,67.31,0.47,5,17.0,-4.77,-0.04,during_roll,0.15,0.12
COH18,2018,1,1,2018,2018-01-09,537151.0,0.1,68.82,68.34,0.48,6,16.0,-5.9,-0.01,during_roll,0.15,0.12
COH18,2018,1,1,2018,2018-01-10,503711.0,0.09,69.2,68.73,0.47,7,15.0,-6.23,-0.01,during_roll,0.15,0.12
COH18,2018,1,1,2018,2018-01-11,465090.0,0.09,69.26,68.77,0.49,8,14.0,-7.67,0.0,during_roll,0.15,0.12
COH18,2018,1,1,2018,2018-01-12,442782.0,0.09,69.87,69.38,0.49,9,13.0,-4.8,0.0,during_roll,0.15,0.12
COH18,2018,1,1,2018,2018-01-15,440381.0,0.08,70.26,69.83,0.43,10,12.0,-0.54,-0.01,during_roll,0.15,0.12
COH18,2018,1,1,2018,2018-01-16,419658.0,0.04,69.15,68.78,0.37,11,11.0,-4.71,-0.04,during_roll,0.15,0.12
COH18,2018,1,1,2018,2018-01-17,402155.0,0.03,69.38,69.0,0.38,12,10.0,-4.17,-0.01,during_roll,0.15,0.12
COH18,2018,1,1,2018,2018-01-18,379968.0,0.06,69.31,68.92,0.39,13,9.0,-5.52,0.03,during_roll,0.15,0.12
COH18,2018,1,1,2018,2018-01-19,354058.0,0.03,68.61,68.24,0.37,14,8.0,-6.82,-0.03,during_roll,0.15,0.12
COH18,2018,1,1,2018,2018-01-22,328212.0,0.03,69.03,68.63,0.4,15,7.0,-7.3,0.0,during_roll,0.15,0.12
COH18,2018,1,1,2018,2018-01-23,297885.0,0.03,69.96,69.54,0.42,16,6.0,-9.24,0.0,during_roll,0.15,0.12
COH18,2018,1,1,2018,2018-01-24,256528.0,0.09,70.53,70.02,0.51,17,5.0,-13.88,0.06,during_roll,0.15,0.12
COH18,2018,1,1,2018,2018-01-25,225590.0,0.08,70.42,69.97,0.45,18,4.0,-12.06,-0.01,during_roll,0.15,0.12
COH18,2018,1,1,2018,2018-01-26,181840.0,0.02,70.52,70.15,0.37,19,3.0,-19.39,-0.06,during_roll,0.15,0.12
COH18,2018,1,1,2018,2018-01-29,141779.0,-0.0,69.46,69.2,0.26,20,2.0,-22.03,-0.02,during_roll,0.15,0.12
COH18,2018,1,1,2018,2018-01-30,87147.0,0.19,69.02,68.52,0.5,21,1.0,-38.53,0.19,during_roll,0.15,0.12
COH18,2018,1,1,2018,2018-01-31,87147.0,-0.16,69.05,68.89,0.16,22,0.0,0.0,-0.35,during_roll,0.15,0.12
COH19,2019,3,11,2018,2018-11-01,183818.0,-0.04,72.89,72.96,-0.07,1,63.0,,,,0.45,0.51
COH19,2019,3,11,2018,2018-11-02,184767.0,-0.02,72.83,72.83,0.0,2,62.0,0.52,0.02,,0.45,0.51
COH19,2019,3,11,2018,2018-11-05,183740.0,-0.01,73.17,73.1,0.07,3,61.0,-0.56,0.01,,0.45,0.51
COH19,2019,3,11,2018,2018-11-06,198615.0,-0.01,72.13,72.16,-0.03,4,60.0,8.1,0.0,,0.45,0.51
COH19,2019,3,11,2018,2018-11-07,206220.0,0.0,72.07,72.13,-0.06,5,59.0,3.83,0.01,,0.45,0.51
COH19,2019,3,11,2018,2018-11-08,201847.0,-0.02,70.65,70.9,-0.25,6,58.0,-2.12,-0.02,,0.45,0.51
COH19,2019,3,11,2018,2018-11-09,206782.0,-0.02,70.18,70.39,-0.21,7,57.0,2.44,0.0,,0.45,0.51
COH19,2019,3,11,2018,2018-11-12,211425.0,-0.02,70.12,70.39,-0.27,8,56.0,2.25,0.0,,0.45,0.51
COH19,2019,3,11,2018,2018-11-13,218315.0,-0.02,65.47,65.81,-0.34,9,55.0,3.26,0.0,,0.45,0.51
COH19,2019,3,11,2018,2018-11-14,224874.0,-0.02,66.12,66.47,-0.35,10,54.0,3.0,0.0,,0.45,0.51
COH19,2019,3,11,2018,2018-11-15,234587.0,-0.01,66.62,66.89,-0.27,11,53.0,4.32,0.01,,0.45,0.51
COH19,2019,3,11,2018,2018-11-16,247603.0,-0.01,66.76,67.03,-0.27,12,52.0,5.55,0.0,,0.45,0.51
COH19,2019,3,11,2018,2018-11-19,249501.0,-0.01,66.79,67.08,-0.29,13,51.0,0.77,0.0,,0.45,0.51
COH19,2019,3,11,2018,2018-11-20,254030.0,-0.01,62.53,62.84,-0.31,14,50.0,1.82,0.0,,0.45,0.51
COH19,2019,3,11,2018,2018-11-21,259409.0,-0.01,63.48,63.83,-0.35,15,49.0,2.12,0.0,,0.45,0.51
COH19,2019,3,11,2018,2018-11-22,265120.0,0.0,62.6,62.88,-0.28,16,48.0,2.2,0.01,,0.45,0.51
COH19,2019,3,11,2018,2018-11-23,266233.0,-0.0,58.8,59.04,-0.24,17,47.0,0.42,-0.0,,0.45,0.51
COH19,2019,3,11,2018,2018-11-26,274780.0,0.02,60.48,60.56,-0.08,18,46.0,3.21,0.02,,0.45,0.51
COH19,2019,3,11,2018,2018-11-27,285452.0,0.02,60.21,60.4,-0.19,19,45.0,3.88,0.0,,0.45,0.51
COH19,2019,3,11,2018,2018-11-28,289594.0,0.01,58.76,59.09,-0.33,20,44.0,1.45,-0.01,,0.45,0.51
COH19,2019,3,11,2018,2018-11-29,288294.0,0.03,59.51,59.91,-0.4,21,43.0,-0.45,0.02,,0.45,0.51
COH19,2019,3,11,2018,2018-11-30,296068.0,0.03,58.71,59.46,-0.75,22,42.0,2.7,0.0,,0.45,0.51
COH19,2019,2,12,2018,2018-12-03,303389.0,0.03,61.69,61.82,-0.13,1,41.0,,,,0.45,0.51
COH19,2019,2,12,2018,2018-12-04,310300.0,0.04,62.08,62.22,-0.14,2,40.0,2.28,0.01,,0.45,0.51
COH19,2019,2,12,2018,2018-12-05,313436.0,0.03,61.56,61.76,-0.2,3,39.0,1.01,-0.01,,0.45,0.51
COH19,2019,2,12,2018,2018-12-06,319695.0,0.02,60.06,60.33,-0.27,4,38.0,2.0,-0.01,,0.45,0.51
COH19,2019,2,12,2018,2018-12-07,331213.0,0.03,61.67,61.85,-0.18,5,37.0,3.6,0.01,,0.45,0.51
COH19,2019,2,12,2018,2018-12-10,332098.0,0.04,59.97,60.1,-0.13,6,36.0,0.27,0.01,,0.45,0.51
COH19,2019,2,12,2018,2018-12-11,338511.0,0.05,60.2,60.35,-0.15,7,35.0,1.93,0.01,,0.45,0.51
COH19,2019,2,12,2018,2018-12-12,343416.0,0.04,60.15,60.27,-0.12,8,34.0,1.45,-0.01,,0.45,0.51
COH19,2019,2,12,2018,2018-12-13,340899.0,0.04,61.45,61.58,-0.13,9,33.0,-0.73,0.0,,0.45,0.51
COH19,2019,2,12,2018,2018-12-14,344511.0,0.07,60.28,60.4,-0.12,10,32.0,1.06,0.03,,0.45,0.51
COH19,2019,2,12,2018,2018-12-17,364876.0,0.11,59.61,59.66,-0.05,11,31.0,5.91,0.04,,0.45,0.51
COH19,2019,2,12,2018,2018-12-18,387571.0,0.1,56.26,56.23,0.03,12,30.0,6.22,-0.01,,0.45,0.51
COH19,2019,2,12,2018,2018-12-19,414153.0,0.06,57.24,57.45,-0.21,13,29.0,6.86,-0.04,,0.45,0.51
COH19,2019,2,12,2018,2018-12-20,443259.0,0.04,54.35,54.65,-0.3,14,28.0,7.03,-0.02,,0.45,0.51
COH19,2019,2,12,2018,2018-12-21,451295.0,0.07,53.82,54.1,-0.28,15,27.0,1.81,0.03,,0.45,0.51
COH19,2019,2,12,2018,2018-12-24,463712.0,0.04,50.47,50.77,-0.3,16,26.0,2.75,-0.03,,0.45,0.51
COH19,2019,2,12,2018,2018-12-25,468046.0,0.04,54.47,54.76,-0.29,17,25.0,0.93,0.0,,0.45,0.51
COH19,2019,2,12,2018,2018-12-26,472381.0,0.04,54.47,54.76,-0.29,18,24.0,0.93,0.0,,0.45,0.51
COH19,2019,2,12,2018,2018-12-27,483079.0,0.05,52.16,52.73,-0.57,19,23.0,2.26,0.01,,0.45,0.51
COH19,2019,2,12,2018,2018-12-28,494373.0,0.05,52.2,53.21,-1.01,20,22.0,2.34,0.0,,0.45,0.51
COH19,2019,1,1,2019,2019-01-02,499715.0,0.07,54.91,55.15,-0.24,1,21.0,,,pre_roll,0.45,0.51
COH19,2019,1,1,2019,2019-01-03,501313.0,0.09,55.95,56.14,-0.19,2,20.0,0.32,0.02,pre_roll,0.45,0.51
COH19,2019,1,1,2019,2019-01-04,495064.0,0.1,57.06,57.21,-0.15,3,19.0,-1.25,0.01,pre_roll,0.45,0.51
COH19,2019,1,1,2019,2019-01-07,488207.0,0.06,57.33,57.55,-0.22,4,18.0,-1.39,-0.04,pre_roll,0.45,0.51
COH19,2019,1,1,2019,2019-01-08,446902.0,0.08,58.72,58.89,-0.17,5,17.0,-8.46,0.02,during_roll,0.45,0.51
COH19,2019,1,1,2019,2019-01-09,425796.0,0.07,61.44,61.6,-0.16,6,16.0,-4.72,-0.01,during_roll,0.45,0.51
COH19,2019,1,1,2019,2019-01-10,400147.0,0.08,61.68,61.81,-0.13,7,15.0,-6.02,0.01,during_roll,0.45,0.51
COH19,2019,1,1,2019,2019-01-11,377813.0,0.07,60.48,60.63,-0.15,8,14.0,-5.58,-0.01,during_roll,0.45,0.51
COH19,2019,1,1,2019,2019-01-14,362941.0,0.07,58.99,59.18,-0.19,9,13.0,-3.94,0.0,during_roll,0.45,0.51
COH19,2019,1,1,2019,2019-01-15,352122.0,0.09,60.64,60.78,-0.14,10,12.0,-2.98,0.02,during_roll,0.45,0.51
COH19,2019,1,1,2019,2019-01-16,333846.0,0.15,61.32,61.34,-0.02,11,11.0,-5.19,0.06,during_roll,0.45,0.51
COH19,2019,1,1,2019,2019-01-17,333622.0,0.18,61.18,61.16,0.02,12,10.0,-0.07,0.03,during_roll,0.45,0.51
COH19,2019,1,1,2019,2019-01-18,314182.0,0.2,62.7,62.59,0.11,13,9.0,-5.83,0.02,during_roll,0.45,0.51
COH19,2019,1,1,2019,2019-01-21,310107.0,0.26,62.74,62.57,0.17,14,8.0,-1.3,0.06,during_roll,0.45,0.51
COH19,2019,1,1,2019,2019-01-22,272112.0,0.26,61.5,61.38,0.12,15,7.0,-12.25,0.0,during_roll,0.45,0.51
COH19,2019,1,1,2019,2019-01-23,238753.0,0.25,61.14,61.03,0.11,16,6.0,-12.26,-0.01,during_roll,0.45,0.51
COH19,2019,1,1,2019,2019-01-24,198934.0,0.08,61.09,61.16,-0.07,17,5.0,-16.68,-0.17,during_roll,0.45,0.51
COH19,2019,1,1,2019,2019-01-25,170591.0,0.18,61.64,61.59,0.05,18,4.0,-14.25,0.1,during_roll,0.45,0.51
COH19,2019,1,1,2019,2019-01-28,115534.0,0.22,59.93,59.81,0.12,19,3.0,-32.27,0.04,during_roll,0.45,0.51
COH19,2019,1,1,2019,2019-01-29,102837.0,0.21,61.32,61.2,0.12,20,2.0,-10.99,-0.01,during_roll,0.45,0.51
COH19,2019,1,1,2019,2019-01-30,66051.0,0.2,61.65,61.54,0.11,21,1.0,-35.77,-0.01,during_roll,0.45,0.51
COH19,2019,1,1,2019,2019-01-31,66051.0,1.14,61.89,60.84,1.05,22,0.0,0.0,0.94,during_roll,0.45,0.51
COH20,2020,3,11,2019,2019-11-01,224101.0,0.1,61.69,60.97,0.72,1,63.0,,,,-0.1,0.2
COH20,2020,3,11,2019,2019-11-04,227025.0,0.1,62.13,61.35,0.78,2,62.0,1.3,0.0,,-0.1,0.2
COH20,2020,3,11,2019,2019-11-05,226342.0,0.1,62.96,62.13,0.83,3,61.0,-0.3,0.0,,-0.1,0.2
COH20,2020,3,11,2019,2019-11-06,231194.0,0.12,61.74,60.89,0.85,4,60.0,2.14,0.02,,-0.1,0.2
COH20,2020,3,11,2019,2019-11-07,235609.0,0.14,62.29,61.41,0.88,5,59.0,1.91,0.02,,-0.1,0.2
COH20,2020,3,11,2019,2019-11-08,236248.0,0.16,62.51,61.62,0.89,6,58.0,0.27,0.02,,-0.1,0.2
COH20,2020,3,11,2019,2019-11-11,237422.0,0.15,62.18,61.3,0.88,7,57.0,0.5,-0.01,,-0.1,0.2
COH20,2020,3,11,2019,2019-11-12,240500.0,0.12,62.06,61.24,0.82,8,56.0,1.3,-0.03,,-0.1,0.2
COH20,2020,3,11,2019,2019-11-13,252584.0,0.14,62.37,61.54,0.83,9,55.0,5.02,0.02,,-0.1,0.2
COH20,2020,3,11,2019,2019-11-14,257551.0,0.14,62.28,61.41,0.87,10,54.0,1.97,0.0,,-0.1,0.2
COH20,2020,3,11,2019,2019-11-15,263228.0,0.11,63.3,62.4,0.9,11,53.0,2.2,-0.03,,-0.1,0.2
COH20,2020,3,11,2019,2019-11-18,267682.0,0.13,62.44,61.53,0.91,12,52.0,1.69,0.02,,-0.1,0.2
COH20,2020,3,11,2019,2019-11-19,271871.0,0.14,60.91,60.02,0.89,13,51.0,1.56,0.01,,-0.1,0.2
COH20,2020,3,11,2019,2019-11-20,281898.0,0.14,62.4,61.47,0.93,14,50.0,3.69,0.0,,-0.1,0.2
COH20,2020,3,11,2019,2019-11-21,291654.0,0.13,63.97,62.94,1.03,15,49.0,3.46,-0.01,,-0.1,0.2
COH20,2020,3,11,2019,2019-11-22,302393.0,0.1,63.39,62.37,1.02,16,48.0,3.68,-0.03,,-0.1,0.2
COH20,2020,3,11,2019,2019-11-25,304240.0,0.09,63.65,62.62,1.03,17,47.0,0.61,-0.01,,-0.1,0.2
COH20,2020,3,11,2019,2019-11-26,305172.0,0.1,64.27,63.21,1.06,18,46.0,0.31,0.01,,-0.1,0.2
COH20,2020,3,11,2019,2019-11-27,309160.0,0.1,64.06,63.01,1.05,19,45.0,1.31,0.0,,-0.1,0.2
COH20,2020,3,11,2019,2019-11-28,312567.0,0.1,63.87,63.27,0.6,20,44.0,1.1,0.0,,-0.1,0.2
COH20,2020,3,11,2019,2019-11-29,318238.0,0.1,62.43,60.49,1.94,21,43.0,1.81,0.0,,-0.1,0.2
COH20,2020,2,12,2019,2019-12-02,325082.0,0.1,60.92,60.23,0.69,1,42.0,,,,-0.1,0.2
COH20,2020,2,12,2019,2019-12-03,332104.0,0.12,60.82,60.11,0.71,2,41.0,2.16,0.02,,-0.1,0.2
COH20,2020,2,12,2019,2019-12-04,340554.0,0.15,63.0,62.2,0.8,3,40.0,2.54,0.03,,-0.1,0.2
COH20,2020,2,12,2019,2019-12-05,353492.0,0.21,63.39,62.48,0.91,4,39.0,3.8,0.06,,-0.1,0.2
COH20,2020,2,12,2019,2019-12-06,373436.0,0.23,64.39,63.39,1.0,5,38.0,5.64,0.02,,-0.1,0.2
COH20,2020,2,12,2019,2019-12-09,382607.0,0.22,64.25,63.28,0.97,6,37.0,2.46,-0.01,,-0.1,0.2
COH20,2020,2,12,2019,2019-12-10,411714.0,0.22,64.34,63.46,0.88,7,36.0,7.61,0.0,,-0.1,0.2
COH20,2020,2,12,2019,2019-12-11,441902.0,0.23,63.72,62.82,0.9,8,35.0,7.33,0.01,,-0.1,0.2
COH20,2020,2,12,2019,2019-12-12,462403.0,0.23,64.2,63.28,0.92,9,34.0,4.64,0.0,,-0.1,0.2
COH20,2020,2,12,2019,2019-12-13,479093.0,0.21,65.22,64.25,0.97,10,33.0,3.61,-0.02,,-0.1,0.2
COH20,2020,2,12,2019,2019-12-16,495708.0,0.18,65.34,64.41,0.93,11,32.0,3.47,-0.03,,-0.1,0.2
COH20,2020,2,12,2019,2019-12-17,533807.0,0.19,66.1,65.15,0.95,12,31.0,7.69,0.01,,-0.1,0.2
COH20,2020,2,12,2019,2019-12-18,573085.0,0.18,66.17,65.23,0.94,13,30.0,7.36,-0.01,,-0.1,0.2
COH20,2020,2,12,2019,2019-12-19,611053.0,0.16,66.54,65.59,0.95,14,29.0,6.63,-0.02,,-0.1,0.2
COH20,2020,2,12,2019,2019-12-20,622939.0,0.14,66.14,65.2,0.94,15,28.0,1.95,-0.02,,-0.1,0.2
COH20,2020,2,12,2019,2019-12-23,629395.0,0.12,66.39,65.42,0.97,16,27.0,1.04,-0.02,,-0.1,0.2
COH20,2020,2,12,2019,2019-12-24,643293.0,0.12,67.2,66.16,1.04,17,26.0,2.21,0.0,,-0.1,0.2
COH20,2020,2,12,2019,2019-12-25,643293.0,0.11,67.92,66.76,1.16,18,25.0,0.0,-0.01,,-0.1,0.2
COH20,2020,2,12,2019,2019-12-26,643293.0,0.11,67.92,66.76,1.16,19,24.0,0.0,0.0,,-0.1,0.2
COH20,2020,2,12,2019,2019-12-27,664310.0,0.11,68.16,66.87,1.29,20,23.0,3.27,0.0,,-0.1,0.2
COH20,2020,2,12,2019,2019-12-30,655512.0,0.07,68.44,66.67,1.77,21,22.0,-1.32,-0.04,,-0.1,0.2
COH20,2020,1,1,2020,2020-01-02,647098.0,0.1,66.25,65.56,0.69,1,21.0,,,pre_roll,-0.1,0.2
COH20,2020,1,1,2020,2020-01-03,625982.0,0.13,68.6,67.76,0.84,2,20.0,-3.26,0.03,during_roll,-0.1,0.2
COH20,2020,1,1,2020,2020-01-06,607377.0,0.09,68.91,68.07,0.84,3,19.0,-2.97,-0.04,during_roll,-0.1,0.2
COH20,2020,1,1,2020,2020-01-07,588810.0,0.0,68.27,67.57,0.7,4,18.0,-3.06,-0.09,during_roll,-0.1,0.2
COH20,2020,1,1,2020,2020-01-08,543176.0,-0.0,65.44,64.79,0.65,5,17.0,-7.75,-0.0,during_roll,-0.1,0.2
COH20,2020,1,1,2020,2020-01-09,500247.0,0.07,65.37,64.66,0.71,6,16.0,-7.9,0.07,during_roll,-0.1,0.2
COH20,2020,1,1,2020,2020-01-10,475981.0,0.11,64.98,64.25,0.73,7,15.0,-4.85,0.04,during_roll,-0.1,0.2
COH20,2020,1,1,2020,2020-01-13,436923.0,0.13,64.2,63.48,0.72,8,14.0,-8.21,0.02,during_roll,-0.1,0.2
COH20,2020,1,1,2020,2020-01-14,420126.0,0.17,64.49,63.71,0.78,9,13.0,-3.84,0.04,during_roll,-0.1,0.2
COH20,2020,1,1,2020,2020-01-15,403419.0,0.18,64.0,63.21,0.79,10,12.0,-3.98,0.01,during_roll,-0.1,0.2
COH20,2020,1,1,2020,2020-01-16,390169.0,0.17,64.62,63.81,0.81,11,11.0,-3.28,-0.01,during_roll,-0.1,0.2
COH20,2020,1,1,2020,2020-01-17,359853.0,0.11,64.85,64.03,0.82,12,10.0,-7.77,-0.06,during_roll,-0.1,0.2
COH20,2020,1,1,2020,2020-01-20,333583.0,0.12,65.2,64.34,0.86,13,9.0,-7.3,0.01,during_roll,-0.1,0.2
COH20,2020,1,1,2020,2020-01-21,305399.0,0.06,64.59,63.83,0.76,14,8.0,-8.45,-0.06,during_roll,-0.1,0.2
COH20,2020,1,1,2020,2020-01-22,277090.0,0.08,63.21,62.45,0.76,15,7.0,-9.27,0.02,during_roll,-0.1,0.2
COH20,2020,1,1,2020,2020-01-23,222523.0,0.09,62.04,61.28,0.76,16,6.0,-19.69,0.01,during_roll,-0.1,0.2
COH20,2020,1,1,2020,2020-01-24,185656.0,0.1,60.69,59.89,0.8,17,5.0,-16.57,0.01,during_roll,-0.1,0.2
COH20,2020,1,1,2020,2020-01-27,174645.0,0.16,59.32,58.58,0.74,18,4.0,-5.93,0.06,during_roll,-0.1,0.2
COH20,2020,1,1,2020,2020-01-28,147971.0,0.15,59.51,58.81,0.7,19,3.0,-15.27,-0.01,during_roll,-0.1,0.2
COH20,2020,1,1,2020,2020-01-29,120025.0,0.34,59.81,58.91,0.9,20,2.0,-18.89,0.19,during_roll,-0.1,0.2
COH20,2020,1,1,2020,2020-01-30,69273.0,0.63,58.29,57.33,0.96,21,1.0,-42.28,0.29,during_roll,-0.1,0.2
COH20,2020,1,1,2020,2020-01-31,,1.34,58.16,56.62,1.54,22,0.0,0.0,0.71,during_roll,-0.1,0.2
COH21,2021,3,11,2020,2020-11-02,193160.0,-0.03,38.97,39.46,-0.49,1,61.0,,,,-0.02,0.16
COH21,2021,3,11,2020,2020-11-03,198284.0,-0.03,39.71,40.15,-0.44,2,60.0,2.65,0.0,,-0.02,0.16
COH21,2021,3,11,2020,2020-11-04,202257.0,-0.02,41.23,41.61,-0.38,3,59.0,2.0,0.01,,-0.02,0.16
COH21,2021,3,11,2020,2020-11-05,210586.0,-0.03,40.93,41.3,-0.37,4,58.0,4.12,-0.01,,-0.02,0.16
COH21,2021,3,11,2020,2020-11-06,218826.0,-0.01,39.45,39.84,-0.39,5,57.0,3.91,0.02,,-0.02,0.16
COH21,2021,3,11,2020,2020-11-09,219336.0,-0.02,42.4,42.75,-0.35,6,56.0,0.23,-0.01,,-0.02,0.16
COH21,2021,3,11,2020,2020-11-10,213658.0,-0.03,43.61,43.91,-0.3,7,55.0,-2.59,-0.01,,-0.02,0.16
COH21,2021,3,11,2020,2020-11-11,219773.0,-0.02,43.8,44.08,-0.28,8,54.0,2.86,0.01,,-0.02,0.16
COH21,2021,3,11,2020,2020-11-12,232828.0,-0.01,43.53,43.79,-0.26,9,53.0,5.94,0.01,,-0.02,0.16
COH21,2021,3,11,2020,2020-11-13,230876.0,-0.0,42.78,42.96,-0.18,10,52.0,-0.84,0.01,,-0.02,0.16
COH21,2021,3,11,2020,2020-11-16,233924.0,-0.01,43.82,43.99,-0.17,11,51.0,1.32,-0.01,,-0.02,0.16
COH21,2021,3,11,2020,2020-11-17,241222.0,-0.02,43.75,43.96,-0.21,12,50.0,3.12,-0.01,,-0.02,0.16
COH21,2021,3,11,2020,2020-11-18,247528.0,-0.0,44.34,44.49,-0.15,13,49.0,2.61,0.02,,-0.02,0.16
COH21,2021,3,11,2020,2020-11-19,247546.0,-0.01,44.2,44.37,-0.17,14,48.0,0.01,-0.01,,-0.02,0.16
COH21,2021,3,11,2020,2020-11-20,252603.0,0.0,44.96,45.07,-0.11,15,47.0,2.04,0.01,,-0.02,0.16
COH21,2021,3,11,2020,2020-11-23,261116.0,0.02,46.06,46.04,0.02,16,46.0,3.37,0.02,,-0.02,0.16
COH21,2021,3,11,2020,2020-11-24,270009.0,0.01,47.86,47.78,0.08,17,45.0,3.41,-0.01,,-0.02,0.16
COH21,2021,3,11,2020,2020-11-25,276492.0,0.01,48.61,48.53,0.08,18,44.0,2.4,0.0,,-0.02,0.16
COH21,2021,3,11,2020,2020-11-26,278744.0,0.01,47.8,47.79,0.01,19,43.0,0.81,0.0,,-0.02,0.16
COH21,2021,3,11,2020,2020-11-27,280360.0,0.0,48.18,48.25,-0.07,20,42.0,0.58,-0.01,,-0.02,0.16
COH21,2021,3,11,2020,2020-11-30,308100.0,-0.01,47.59,47.88,-0.29,21,41.0,9.89,-0.01,,-0.02,0.16
COH21,2021,2,12,2020,2020-12-01,300206.0,0.02,47.42,47.4,0.02,1,40.0,,,,-0.02,0.16
COH21,2021,2,12,2020,2020-12-02,313555.0,0.02,48.25,48.19,0.06,2,39.0,4.45,0.0,,-0.02,0.16
COH21,2021,2,12,2020,2020-12-03,320220.0,0.03,48.71,48.6,0.11,3,38.0,2.13,0.01,,-0.02,0.16
COH21,2021,2,12,2020,2020-12-04,336419.0,0.03,49.25,49.19,0.06,4,37.0,5.06,0.0,,-0.02,0.16
COH21,2021,2,12,2020,2020-12-07,354075.0,0.02,48.79,48.8,-0.01,5,36.0,5.25,-0.01,,-0.02,0.16
COH21,2021,2,12,2020,2020-12-08,361106.0,0.01,48.84,48.81,0.03,6,35.0,1.99,-0.01,,-0.02,0.16
COH21,2021,2,12,2020,2020-12-09,368910.0,0.03,48.86,48.77,0.09,7,34.0,2.16,0.02,,-0.02,0.16
COH21,2021,2,12,2020,2020-12-10,384197.0,0.02,50.25,50.12,0.13,8,33.0,4.14,-0.01,,-0.02,0.16
COH21,2021,2,12,2020,2020-12-11,406340.0,0.01,49.97,49.9,0.07,9,32.0,5.76,-0.01,,-0.02,0.16
COH21,2021,2,12,2020,2020-12-14,413163.0,0.0,50.29,50.25,0.04,10,31.0,1.68,-0.01,,-0.02,0.16
COH21,2021,2,12,2020,2020-12-15,426338.0,0.01,50.76,50.71,0.05,11,30.0,3.19,0.01,,-0.02,0.16
COH21,2021,2,12,2020,2020-12-16,449576.0,-0.01,51.08,51.06,0.02,12,29.0,5.45,-0.02,,-0.02,0.16
COH21,2021,2,12,2020,2020-12-17,475341.0,-0.03,51.5,51.56,-0.06,13,28.0,5.73,-0.02,,-0.02,0.16
COH21,2021,2,12,2020,2020-12-18,505883.0,-0.02,52.26,52.26,0.0,14,27.0,6.43,0.01,,-0.02,0.16
COH21,2021,2,12,2020,2020-12-21,526674.0,-0.02,50.91,50.98,-0.07,15,26.0,4.11,0.0,,-0.02,0.16
COH21,2021,2,12,2020,2020-12-22,549995.0,-0.03,50.08,50.16,-0.08,16,25.0,4.43,-0.01,,-0.02,0.16
COH21,2021,2,12,2020,2020-12-23,566067.0,-0.04,51.2,51.24,-0.04,17,24.0,2.92,-0.01,,-0.02,0.16
COH21,2021,2,12,2020,2020-12-24,565731.0,-0.05,51.29,51.34,-0.05,18,23.0,-0.06,-0.01,,-0.02,0.16
COH21,2021,2,12,2020,2020-12-28,565025.0,-0.05,50.86,50.9,-0.04,19,22.0,-0.12,0.0,,-0.02,0.16
COH21,2021,2,12,2020,2020-12-29,566375.0,-0.06,51.09,51.23,-0.14,20,21.0,0.24,-0.01,,-0.02,0.16
COH21,2021,2,12,2020,2020-12-30,585895.0,-0.06,51.34,51.63,-0.29,21,20.0,3.45,0.0,,-0.02,0.16
COH21,2021,1,1,2021,2021-01-04,586077.0,-0.07,51.09,51.16,-0.07,1,19.0,,,pre_roll,-0.02,0.16
COH21,2021,1,1,2021,2021-01-05,577670.0,-0.05,53.6,53.54,0.06,2,18.0,-1.43,0.02,pre_roll,-0.02,0.16
COH21,2021,1,1,2021,2021-01-06,550313.0,-0.06,54.3,54.18,0.12,3,17.0,-4.74,-0.01,during_roll,-0.02,0.16
COH21,2021,1,1,2021,2021-01-07,545864.0,-0.09,54.38,54.3,0.08,4,16.0,-0.81,-0.03,during_roll,-0.02,0.16
COH21,2021,1,1,2021,2021-01-08,520897.0,-0.09,55.99,55.83,0.16,5,15.0,-4.57,0.0,during_roll,-0.02,0.16
COH21,2021,1,1,2021,2021-01-11,490568.0,-0.12,55.66,55.59,0.07,6,14.0,-5.82,-0.03,during_roll,-0.02,0.16
COH21,2021,1,1,2021,2021-01-12,466845.0,-0.11,56.58,56.49,0.09,7,13.0,-4.84,0.01,during_roll,-0.02,0.16
COH21,2021,1,1,2021,2021-01-13,431472.0,-0.08,56.06,56.04,0.02,8,12.0,-7.58,0.03,during_roll,-0.02,0.16
COH21,2021,1,1,2021,2021-01-14,424452.0,-0.06,56.42,56.39,0.03,9,11.0,-1.63,0.02,during_roll,-0.02,0.16
COH21,2021,1,1,2021,2021-01-15,404203.0,-0.07,55.1,55.13,-0.03,10,10.0,-4.77,-0.01,during_roll,-0.02,0.16
COH21,2021,1,1,2021,2021-01-18,390965.0,-0.05,54.75,54.75,0.0,11,9.0,-3.28,0.02,during_roll,-0.02,0.16
COH21,2021,1,1,2021,2021-01-19,358468.0,-0.06,55.9,55.84,0.06,12,8.0,-8.31,-0.01,during_roll,-0.02,0.16
COH21,2021,1,1,2021,2021-01-20,315090.0,-0.06,56.08,55.97,0.11,13,7.0,-12.1,0.0,during_roll,-0.02,0.16
COH21,2021,1,1,2021,2021-01-21,270479.0,-0.07,56.1,55.98,0.12,14,6.0,-14.16,-0.01,during_roll,-0.02,0.16
COH21,2021,1,1,2021,2021-01-22,225077.0,-0.02,55.41,55.25,0.16,15,5.0,-16.79,0.05,during_roll,-0.02,0.16
COH21,2021,1,1,2021,2021-01-25,211639.0,0.02,55.88,55.68,0.2,16,4.0,-5.97,0.04,during_roll,-0.02,0.16
COH21,2021,1,1,2021,2021-01-26,154489.0,0.05,55.91,55.64,0.27,17,3.0,-27.0,0.03,during_roll,-0.02,0.16
COH21,2021,1,1,2021,2021-01-27,122352.0,0.09,55.81,55.53,0.28,18,2.0,-20.8,0.04,during_roll,-0.02,0.16
COH21,2021,1,1,2021,2021-01-28,55470.0,0.23,55.53,55.1,0.43,19,1.0,-54.66,0.14,during_roll,-0.02,0.16
COH21,2021,1,1,2021,2021-01-29,,0.61,55.88,55.04,0.84,20,0.0,0.0,0.38,during_roll,-0.02,0.16
COH22,2022,3,11,2021,2021-11-01,239129.0,0.17,84.71,83.37,1.34,1,64.0,,,,-0.51,-0.07
COH22,2022,3,11,2021,2021-11-02,235604.0,0.15,84.72,83.44,1.28,2,63.0,-1.47,-0.02,,-0.51,-0.07
COH22,2022,3,11,2021,2021-11-03,237194.0,0.14,81.99,80.82,1.17,3,62.0,0.67,-0.01,,-0.51,-0.07
COH22,2022,3,11,2021,2021-11-04,240332.0,0.13,80.54,79.51,1.03,4,61.0,1.32,-0.01,,-0.51,-0.07
COH22,2022,3,11,2021,2021-11-05,242983.0,0.12,82.74,81.68,1.06,5,60.0,1.1,-0.01,,-0.51,-0.07
COH22,2022,3,11,2021,2021-11-08,251086.0,0.1,83.43,82.35,1.08,6,59.0,3.33,-0.02,,-0.51,-0.07
COH22,2022,3,11,2021,2021-11-09,251097.0,0.11,84.78,83.56,1.22,7,58.0,0.0,0.01,,-0.51,-0.07
COH22,2022,3,11,2021,2021-11-10,260716.0,0.08,82.64,81.55,1.09,8,57.0,3.83,-0.03,,-0.51,-0.07
COH22,2022,3,11,2021,2021-11-11,269775.0,0.07,82.87,81.85,1.02,9,56.0,3.47,-0.01,,-0.51,-0.07
COH22,2022,3,11,2021,2021-11-12,267579.0,0.08,82.17,81.13,1.04,10,55.0,-0.81,0.01,,-0.51,-0.07
COH22,2022,3,11,2021,2021-11-15,268684.0,0.08,82.05,81.05,1.0,11,54.0,0.41,0.0,,-0.51,-0.07
COH22,2022,3,11,2021,2021-11-16,280357.0,0.1,82.43,81.42,1.01,12,53.0,4.34,0.02,,-0.51,-0.07
COH22,2022,3,11,2021,2021-11-17,297235.0,0.06,80.28,79.34,0.94,13,52.0,6.02,-0.04,,-0.51,-0.07
COH22,2022,3,11,2021,2021-11-18,298539.0,0.05,81.24,80.36,0.88,14,51.0,0.44,-0.01,,-0.51,-0.07
COH22,2022,3,11,2021,2021-11-19,289611.0,0.05,78.89,78.12,0.77,15,50.0,-2.99,0.0,,-0.51,-0.07
COH22,2022,3,11,2021,2021-11-22,295538.0,0.03,79.7,79.03,0.67,16,49.0,2.05,-0.02,,-0.51,-0.07
COH22,2022,3,11,2021,2021-11-23,299047.0,0.02,82.31,81.33,0.98,17,48.0,1.19,-0.01,,-0.51,-0.07
COH22,2022,3,11,2021,2021-11-24,305131.0,0.01,82.25,81.05,1.2,18,47.0,2.03,-0.01,,-0.51,-0.07
COH22,2022,3,11,2021,2021-11-25,297012.0,0.0,82.22,80.92,1.3,19,46.0,-2.66,-0.01,,-0.51,-0.07
COH22,2022,3,11,2021,2021-11-26,304110.0,-0.05,72.72,71.59,1.13,20,45.0,2.39,-0.05,,-0.51,-0.07
COH22,2022,3,11,2021,2021-11-29,307531.0,-0.01,73.44,73.22,0.22,21,44.0,1.12,0.04,,-0.51,-0.07
COH22,2022,3,11,2021,2021-11-30,303658.0,-0.01,70.57,69.23,1.34,22,43.0,-1.26,0.0,,-0.51,-0.07
COH22,2022,2,12,2021,2021-12-01,305533.0,-0.0,68.87,68.57,0.3,1,42.0,,,,-0.51,-0.07
COH22,2022,2,12,2021,2021-12-02,306177.0,0.05,69.67,69.32,0.35,2,41.0,0.21,0.05,,-0.51,-0.07
COH22,2022,2,12,2021,2021-12-03,308421.0,0.08,69.88,69.51,0.37,3,40.0,0.73,0.03,,-0.51,-0.07
COH22,2022,2,12,2021,2021-12-06,312457.0,0.05,73.08,72.69,0.39,4,39.0,1.31,-0.03,,-0.51,-0.07
COH22,2022,2,12,2021,2021-12-07,329358.0,0.04,75.44,75.1,0.34,5,38.0,5.41,-0.01,,-0.51,-0.07
COH22,2022,2,12,2021,2021-12-08,355224.0,0.03,75.82,75.59,0.23,6,37.0,7.85,-0.01,,-0.51,-0.07
COH22,2022,2,12,2021,2021-12-09,376187.0,0.02,74.42,74.23,0.19,7,36.0,5.9,-0.01,,-0.51,-0.07
COH22,2022,2,12,2021,2021-12-10,397698.0,0.03,75.15,74.91,0.24,8,35.0,5.72,0.01,,-0.51,-0.07
COH22,2022,2,12,2021,2021-12-13,418491.0,0.01,74.39,74.28,0.11,9,34.0,5.23,-0.02,,-0.51,-0.07
COH22,2022,2,12,2021,2021-12-14,429880.0,0.0,73.7,73.63,0.07,10,33.0,2.72,-0.01,,-0.51,-0.07
COH22,2022,2,12,2021,2021-12-15,425161.0,0.01,73.88,73.78,0.1,11,32.0,-1.1,0.01,,-0.51,-0.07
COH22,2022,2,12,2021,2021-12-16,429400.0,-0.02,75.02,74.92,0.1,12,31.0,1.0,-0.03,,-0.51,-0.07
COH22,2022,2,12,2021,2021-12-17,443709.0,-0.02,73.52,73.52,0.0,13,30.0,3.33,0.0,,-0.51,-0.07
COH22,2022,2,12,2021,2021-12-20,462799.0,-0.02,71.52,71.57,-0.05,14,29.0,4.3,0.0,,-0.51,-0.07
COH22,2022,2,12,2021,2021-12-21,463980.0,-0.0,73.98,73.96,0.02,15,28.0,0.26,0.02,,-0.51,-0.07
COH22,2022,2,12,2021,2021-12-22,471007.0,-0.02,75.29,75.28,0.01,16,27.0,1.51,-0.02,,-0.51,-0.07
COH22,2022,2,12,2021,2021-12-23,483141.0,0.02,76.85,76.64,0.21,17,26.0,2.58,0.04,,-0.51,-0.07
COH22,2022,2,12,2021,2021-12-24,486343.0,0.02,76.14,75.79,0.35,18,25.0,0.66,0.0,,-0.51,-0.07
COH22,2022,2,12,2021,2021-12-27,500940.0,0.01,78.6,78.22,0.38,19,24.0,3.0,-0.01,,-0.51,-0.07
COH22,2022,2,12,2021,2021-12-28,510189.0,-0.02,78.94,78.67,0.27,20,23.0,1.85,-0.03,,-0.51,-0.07
COH22,2022,2,12,2021,2021-12-29,537753.0,-0.05,79.23,79.21,0.02,21,22.0,5.4,-0.03,,-0.51,-0.07
COH22,2022,2,12,2021,2021-12-30,547666.0,-0.02,79.32,79.53,-0.21,22,21.0,1.84,0.03,,-0.51,-0.07
COH22,2022,1,1,2022,2022-01-03,536598.0,-0.04,78.98,78.57,0.41,1,20.0,,,pre_roll,-0.51,-0.07
COH22,2022,1,1,2022,2022-01-04,526516.0,-0.01,80.0,79.55,0.45,2,19.0,-1.88,0.03,during_roll,-0.51,-0.07
COH22,2022,1,1,2022,2022-01-05,519225.0,0.01,80.8,80.19,0.61,3,18.0,-1.38,0.02,during_roll,-0.51,-0.07
COH22,2022,1,1,2022,2022-01-06,515259.0,0.02,81.99,81.29,0.7,4,17.0,-0.76,0.01,during_roll,-0.51,-0.07
COH22,2022,1,1,2022,2022-01-07,483133.0,0.01,81.75,81.06,0.69,5,16.0,-6.23,-0.01,during_roll,-0.51,-0.07
COH22,2022,1,1,2022,2022-01-10,459239.0,-0.03,80.87,80.3,0.57,6,15.0,-4.95,-0.04,during_roll,-0.51,-0.07
COH22,2022,1,1,2022,2022-01-11,435141.0,-0.02,83.72,83.08,0.64,7,14.0,-5.25,0.01,during_roll,-0.51,-0.07
COH22,2022,1,1,2022,2022-01-12,407459.0,-0.04,84.67,83.98,0.69,8,13.0,-6.36,-0.02,during_roll,-0.51,-0.07
COH22,2022,1,1,2022,2022-01-13,396382.0,-0.04,84.47,83.77,0.7,9,12.0,-2.72,0.0,during_roll,-0.51,-0.07
COH22,2022,1,1,2022,2022-01-14,382966.0,-0.07,86.06,85.35,0.71,10,11.0,-3.38,-0.03,during_roll,-0.51,-0.07
COH22,2022,1,1,2022,2022-01-17,373776.0,-0.1,86.48,85.77,0.71,11,10.0,-2.4,-0.03,during_roll,-0.51,-0.07
COH22,2022,1,1,2022,2022-01-18,341216.0,-0.11,87.51,86.78,0.73,12,9.0,-8.71,-0.01,during_roll,-0.51,-0.07
COH22,2022,1,1,2022,2022-01-19,321125.0,-0.05,88.44,87.59,0.85,13,8.0,-5.89,0.06,during_roll,-0.51,-0.07
COH22,2022,1,1,2022,2022-01-20,296361.0,-0.1,88.38,87.61,0.77,14,7.0,-7.71,-0.05,during_roll,-0.51,-0.07
COH22,2022,1,1,2022,2022-01-21,266645.0,-0.08,87.89,87.08,0.81,15,6.0,-10.03,0.02,during_roll,-0.51,-0.07
COH22,2022,1,1,2022,2022-01-24,235846.0,-0.03,86.27,85.43,0.84,16,5.0,-11.55,0.05,during_roll,-0.51,-0.07
COH22,2022,1,1,2022,2022-01-25,207496.0,0.07,88.2,87.18,1.02,17,4.0,-12.02,0.1,during_roll,-0.51,-0.07
COH22,2022,1,1,2022,2022-01-26,141749.0,0.13,89.96,88.74,1.22,18,3.0,-31.69,0.06,during_roll,-0.51,-0.07
COH22,2022,1,1,2022,2022-01-27,108843.0,0.02,89.34,88.17,1.17,19,2.0,-23.21,-0.11,during_roll,-0.51,-0.07
COH22,2022,1,1,2022,2022-01-28,57444.0,0.16,90.03,88.52,1.51,20,1.0,-47.22,0.14,during_roll,-0.51,-0.07
COH22,2022,1,1,2022,2022-01-31,54771.0,0.54,91.21,89.26,1.95,21,0.0,-4.65,0.38,during_roll,-0.51,-0.07
COH23,2023,3,11,2022,2022-11-01,172351.0,0.2,94.65,92.79,1.86,1,62.0,,,,0.23,0.14
COH23,2023,3,11,2022,2022-11-02,173773.0,0.19,96.16,94.42,1.74,2,61.0,0.83,-0.01,,0.23,0.14
COH23,2023,3,11,2022,2022-11-03,172303.0,0.18,94.67,93.07,1.6,3,60.0,-0.85,-0.01,,0.23,0.14
COH23,2023,3,11,2022,2022-11-04,182203.0,0.18,98.57,96.9,1.67,4,59.0,5.75,0.0,,0.23,0.14
COH23,2023,3,11,2022,2022-11-07,186551.0,0.15,97.92,96.36,1.56,5,58.0,2.39,-0.03,,0.23,0.14
COH23,2023,3,11,2022,2022-11-08,191031.0,0.12,95.36,93.98,1.38,6,57.0,2.4,-0.03,,0.23,0.14
COH23,2023,3,11,2022,2022-11-09,200253.0,0.12,92.65,91.21,1.44,7,56.0,4.83,0.0,,0.23,0.14
COH23,2023,3,11,2022,2022-11-10,209577.0,0.13,93.67,92.09,1.58,8,55.0,4.66,0.01,,0.23,0.14
COH23,2023,3,11,2022,2022-11-11,219106.0,0.14,95.99,94.41,1.58,9,54.0,4.55,0.01,,0.23,0.14
COH23,2023,3,11,2022,2022-11-14,224673.0,0.13,93.14,91.82,1.32,10,53.0,2.54,-0.01,,0.23,0.14
COH23,2023,3,11,2022,2022-11-15,232905.0,0.06,93.86,92.75,1.11,11,52.0,3.66,-0.07,,0.23,0.14
COH23,2023,3,11,2022,2022-11-16,230091.0,0.07,92.86,91.65,1.21,12,51.0,-1.21,0.01,,0.23,0.14
COH23,2023,3,11,2022,2022-11-17,223089.0,-0.0,89.78,88.82,0.96,13,50.0,-3.04,-0.07,,0.23,0.14
COH23,2023,3,11,2022,2022-11-18,220704.0,-0.03,87.62,87.15,0.47,14,49.0,-1.07,-0.03,,0.23,0.14
COH23,2023,3,11,2022,2022-11-21,224544.0,-0.05,87.45,87.09,0.36,15,48.0,1.74,-0.02,,0.23,0.14
COH23,2023,3,11,2022,2022-11-22,239879.0,-0.05,88.36,87.7,0.66,16,47.0,6.83,0.0,,0.23,0.14
COH23,2023,3,11,2022,2022-11-23,246677.0,-0.07,85.41,85.14,0.27,17,46.0,2.83,-0.02,,0.23,0.14
COH23,2023,3,11,2022,2022-11-24,244393.0,-0.09,85.34,85.24,0.1,18,45.0,-0.93,-0.02,,0.23,0.14
COH23,2023,3,11,2022,2022-11-25,244297.0,-0.05,83.63,83.71,-0.08,19,44.0,-0.04,0.04,,0.23,0.14
COH23,2023,3,11,2022,2022-11-28,253803.0,-0.07,83.19,83.89,-0.7,20,43.0,3.89,-0.02,,0.23,0.14
COH23,2023,3,11,2022,2022-11-29,251482.0,-0.09,83.03,84.25,-1.22,21,42.0,-0.91,-0.02,,0.23,0.14
COH23,2023,3,11,2022,2022-11-30,251200.0,-0.09,85.43,86.97,-1.54,22,41.0,-0.11,0.0,,0.23,0.14
COH23,2023,2,12,2022,2022-12-01,254943.0,-0.05,86.88,86.81,0.07,1,40.0,,,,0.23,0.14
COH23,2023,2,12,2022,2022-12-02,254296.0,-0.04,85.57,85.55,0.02,2,39.0,-0.25,0.01,,0.23,0.14
COH23,2023,2,12,2022,2022-12-05,264920.0,-0.01,82.68,82.66,0.02,3,38.0,4.18,0.03,,0.23,0.14
COH23,2023,2,12,2022,2022-12-06,276692.0,-0.1,79.35,79.67,-0.32,4,37.0,4.44,-0.09,,0.23,0.14
COH23,2023,2,12,2022,2022-12-07,282084.0,-0.1,77.17,77.59,-0.42,5,36.0,1.95,0.0,,0.23,0.14
COH23,2023,2,12,2022,2022-12-08,301614.0,-0.07,76.15,76.59,-0.44,6,35.0,6.92,0.03,,0.23,0.14
COH23,2023,2,12,2022,2022-12-09,319472.0,-0.08,76.1,76.6,-0.5,7,34.0,5.92,-0.01,,0.23,0.14
COH23,2023,2,12,2022,2022-12-12,330716.0,-0.05,77.99,78.34,-0.35,8,33.0,3.52,0.03,,0.23,0.14
COH23,2023,2,12,2022,2022-12-13,341604.0,-0.04,80.68,80.86,-0.18,9,32.0,3.29,0.01,,0.23,0.14
COH23,2023,2,12,2022,2022-12-14,347904.0,0.04,82.7,82.75,-0.05,10,31.0,1.84,0.08,,0.23,0.14
COH23,2023,2,12,2022,2022-12-15,348242.0,0.04,81.21,81.32,-0.11,11,30.0,0.1,0.0,,0.23,0.14
COH23,2023,2,12,2022,2022-12-16,374366.0,-0.07,79.04,79.49,-0.45,12,29.0,7.5,-0.11,,0.23,0.14
COH23,2023,2,12,2022,2022-12-19,376407.0,-0.0,79.8,80.14,-0.34,13,28.0,0.55,0.07,,0.23,0.14
COH23,2023,2,12,2022,2022-12-20,390030.0,-0.1,79.99,80.53,-0.54,14,27.0,3.62,-0.1,,0.23,0.14
COH23,2023,2,12,2022,2022-12-21,398510.0,-0.06,82.2,82.58,-0.38,15,26.0,2.17,0.04,,0.23,0.14
COH23,2023,2,12,2022,2022-12-22,401710.0,-0.06,80.98,81.67,-0.69,16,25.0,0.8,0.0,,0.23,0.14
COH23,2023,2,12,2022,2022-12-23,413787.0,-0.12,83.92,84.5,-0.58,17,24.0,3.01,-0.06,,0.23,0.14
COH23,2023,2,12,2022,2022-12-27,417683.0,-0.15,84.33,84.68,-0.35,18,23.0,0.94,-0.03,,0.23,0.14
COH23,2023,2,12,2022,2022-12-28,422409.0,-0.19,83.26,83.99,-0.73,19,22.0,1.13,-0.04,,0.23,0.14
COH23,2023,2,12,2022,2022-12-29,439163.0,-0.15,82.26,83.46,-1.2,20,21.0,3.97,0.04,,0.23,0.14
COH23,2023,1,1,2023,2023-01-03,421266.0,-0.19,82.1,82.12,-0.02,1,20.0,,,pre_roll,0.23,0.14
COH23,2023,1,1,2023,2023-01-04,402184.0,-0.17,77.84,78.01,-0.17,2,19.0,-4.53,0.02,during_roll,0.23,0.14
COH23,2023,1,1,2023,2023-01-05,389299.0,-0.15,78.69,78.82,-0.13,3,18.0,-3.2,0.02,during_roll,0.23,0.14
COH23,2023,1,1,2023,2023-01-06,382520.0,-0.19,78.57,78.75,-0.18,4,17.0,-1.74,-0.04,during_roll,0.23,0.14
COH23,2023,1,1,2023,2023-01-09,362478.0,-0.24,79.65,79.89,-0.24,5,16.0,-5.24,-0.05,during_roll,0.23,0.14
COH23,2023,1,1,2023,2023-01-10,344044.0,-0.21,80.1,80.28,-0.18,6,15.0,-5.09,0.03,during_roll,0.23,0.14
COH23,2023,1,1,2023,2023-01-11,318352.0,-0.34,82.67,82.86,-0.19,7,14.0,-7.47,-0.13,during_roll,0.23,0.14
COH23,2023,1,1,2023,2023-01-12,302701.0,-0.38,84.03,84.19,-0.16,8,13.0,-4.92,-0.04,during_roll,0.23,0.14
COH23,2023,1,1,2023,2023-01-13,289266.0,-0.48,85.28,85.55,-0.27,9,12.0,-4.44,-0.1,during_roll,0.23,0.14
COH23,2023,1,1,2023,2023-01-16,282405.0,-0.41,84.46,84.66,-0.2,10,11.0,-2.37,0.07,during_roll,0.23,0.14
COH23,2023,1,1,2023,2023-01-17,260516.0,-0.38,85.92,86.09,-0.17,11,10.0,-7.75,0.03,during_roll,0.23,0.14
COH23,2023,1,1,2023,2023-01-18,253234.0,-0.33,84.98,85.25,-0.27,12,9.0,-2.8,0.05,during_roll,0.23,0.14
COH23,2023,1,1,2023,2023-01-19,246649.0,-0.28,86.16,86.31,-0.15,13,8.0,-2.6,0.05,during_roll,0.23,0.14
COH23,2023,1,1,2023,2023-01-20,231950.0,-0.22,87.63,87.68,-0.05,14,7.0,-5.96,0.06,during_roll,0.23,0.14
COH23,2023,1,1,2023,2023-01-23,220862.0,-0.16,88.19,88.16,0.03,15,6.0,-4.78,0.06,during_roll,0.23,0.14
COH23,2023,1,1,2023,2023-01-24,194785.0,-0.23,86.13,86.25,-0.12,16,5.0,-11.81,-0.07,during_roll,0.23,0.14
COH23,2023,1,1,2023,2023-01-25,173763.0,-0.22,86.12,86.19,-0.07,17,4.0,-10.79,0.01,during_roll,0.23,0.14
COH23,2023,1,1,2023,2023-01-26,153301.0,-0.03,87.47,87.28,0.19,18,3.0,-11.78,0.19,during_roll,0.23,0.14
COH23,2023,1,1,2023,2023-01-27,121642.0,-0.1,86.66,86.4,0.26,19,2.0,-20.65,-0.07,during_roll,0.23,0.14
COH23,2023,1,1,2023,2023-01-30,94793.0,0.04,84.9,84.5,0.4,20,1.0,-22.07,0.14,during_roll,0.23,0.14
COH23,2023,1,1,2023,2023-01-31,89902.0,-1.26,84.49,85.46,-0.97,21,0.0,-5.16,-1.3,during_roll,0.23,0.14
COH24,2024,3,11,2023,2023-11-01,193637.0,0.05,84.63,84.05,0.58,1,62.0,,,,1.82,1.45
COH24,2024,3,11,2023,2023-11-02,200091.0,0.05,86.85,86.25,0.6,2,61.0,3.33,0.0,,1.82,1.45
COH24,2024,3,11,2023,2023-11-03,207998.0,0.04,84.89,84.4,0.49,3,60.0,3.95,-0.01,,1.82,1.45
COH24,2024,3,11,2023,2023-11-06,220096.0,0.03,85.18,84.79,0.39,4,59.0,5.82,-0.01,,1.82,1.45
COH24,2024,3,11,2023,2023-11-07,221382.0,0.01,81.61,81.31,0.3,5,58.0,0.58,-0.02,,1.82,1.45
COH24,2024,3,11,2023,2023-11-08,220995.0,0.0,79.54,79.41,0.13,6,57.0,-0.17,-0.01,,1.82,1.45
COH24,2024,3,11,2023,2023-11-09,225263.0,0.01,80.01,79.84,0.17,7,56.0,1.93,0.01,,1.82,1.45
COH24,2024,3,11,2023,2023-11-10,232304.0,0.03,81.43,81.13,0.3,8,55.0,3.13,0.02,,1.82,1.45
COH24,2024,3,11,2023,2023-11-13,238363.0,0.04,82.52,82.19,0.33,9,54.0,2.61,0.01,,1.82,1.45
COH24,2024,3,11,2023,2023-11-14,244096.0,0.02,82.47,82.21,0.26,10,53.0,2.41,-0.02,,1.82,1.45
COH24,2024,3,11,2023,2023-11-15,248251.0,0.01,81.18,81.05,0.13,11,52.0,1.7,-0.01,,1.82,1.45
COH24,2024,3,11,2023,2023-11-16,264906.0,-0.03,77.42,77.51,-0.09,12,51.0,6.71,-0.04,,1.82,1.45
COH24,2024,3,11,2023,2023-11-17,265969.0,-0.0,80.61,80.5,0.11,13,50.0,0.4,0.03,,1.82,1.45
COH24,2024,3,11,2023,2023-11-20,268849.0,-0.01,82.32,82.34,-0.02,14,49.0,1.08,-0.01,,1.82,1.45
COH24,2024,3,11,2023,2023-11-21,275250.0,0.0,82.45,82.48,-0.03,15,48.0,2.38,0.01,,1.82,1.45
COH24,2024,3,11,2023,2023-11-22,276068.0,0.0,81.96,81.88,0.08,16,47.0,0.3,0.0,,1.82,1.45
COH24,2024,3,11,2023,2023-11-23,278106.0,0.01,81.42,81.25,0.17,17,46.0,0.74,0.01,,1.82,1.45
COH24,2024,3,11,2023,2023-11-24,278692.0,0.03,80.58,80.48,0.1,18,45.0,0.21,0.02,,1.82,1.45
COH24,2024,3,11,2023,2023-11-27,280729.0,0.0,79.98,79.87,0.11,19,44.0,0.73,-0.03,,1.82,1.45
COH24,2024,3,11,2023,2023-11-28,286564.0,0.0,81.68,81.47,0.21,20,43.0,2.08,0.0,,1.82,1.45
COH24,2024,3,11,2023,2023-11-29,296929.0,0.01,83.1,82.88,0.22,21,42.0,3.62,0.01,,1.82,1.45
COH24,2024,3,11,2023,2023-11-30,313983.0,0.02,82.83,80.86,1.97,22,41.0,5.74,0.01,,1.82,1.45
COH24,2024,2,12,2023,2023-12-01,319813.0,0.0,78.88,78.77,0.11,1,40.0,,,,1.82,1.45
COH24,2024,2,12,2023,2023-12-04,315795.0,-0.03,78.03,78.07,-0.04,2,39.0,-1.26,-0.03,,1.82,1.45
COH24,2024,2,12,2023,2023-12-05,319967.0,-0.01,77.2,77.17,0.03,3,38.0,1.32,0.02,,1.82,1.45
COH24,2024,2,12,2023,2023-12-06,333851.0,-0.03,74.3,74.45,-0.15,4,37.0,4.34,-0.02,,1.82,1.45
COH24,2024,2,12,2023,2023-12-07,346382.0,-0.03,74.05,74.24,-0.19,5,36.0,3.75,0.0,,1.82,1.45
COH24,2024,2,12,2023,2023-12-08,360565.0,-0.04,75.84,76.0,-0.16,6,35.0,4.09,-0.01,,1.82,1.45
COH24,2024,2,12,2023,2023-12-11,377134.0,-0.06,76.03,76.25,-0.22,7,34.0,4.6,-0.02,,1.82,1.45
COH24,2024,2,12,2023,2023-12-12,406271.0,-0.03,73.24,73.52,-0.28,8,33.0,7.73,0.03,,1.82,1.45
COH24,2024,2,12,2023,2023-12-13,411501.0,-0.04,74.26,74.51,-0.25,9,32.0,1.29,-0.01,,1.82,1.45
COH24,2024,2,12,2023,2023-12-14,422061.0,-0.07,76.61,76.85,-0.24,10,31.0,2.57,-0.03,,1.82,1.45
COH24,2024,2,12,2023,2023-12-15,433982.0,-0.07,76.55,76.76,-0.21,11,30.0,2.82,0.0,,1.82,1.45
COH24,2024,2,12,2023,2023-12-18,457663.0,-0.03,77.95,78.11,-0.16,12,29.0,5.46,0.04,,1.82,1.45
COH24,2024,2,12,2023,2023-12-19,470661.0,-0.01,79.23,79.37,-0.14,13,28.0,2.84,0.02,,1.82,1.45
COH24,2024,2,12,2023,2023-12-20,485790.0,-0.0,79.7,79.66,0.04,14,27.0,3.21,0.01,,1.82,1.45
COH24,2024,2,12,2023,2023-12-21,509931.0,0.06,79.39,79.16,0.23,15,26.0,4.97,0.06,,1.82,1.45
COH24,2024,2,12,2023,2023-12-22,525465.0,0.01,79.07,78.8,0.27,16,25.0,3.05,-0.05,,1.82,1.45
COH24,2024,2,12,2023,2023-12-26,540100.0,-0.01,81.07,80.85,0.22,17,24.0,2.79,-0.02,,1.82,1.45
COH24,2024,2,12,2023,2023-12-27,555755.0,-0.02,79.65,79.54,0.11,18,23.0,2.9,-0.01,,1.82,1.45
COH24,2024,2,12,2023,2023-12-28,560584.0,0.01,78.39,77.15,1.24,19,22.0,0.87,0.03,,1.82,1.45
COH24,2024,1,1,2024,2024-01-02,526073.0,-0.01,75.89,75.86,0.03,1,21.0,,,pre_roll,1.82,1.45
COH24,2024,1,1,2024,2024-01-03,520589.0,0.01,78.25,78.14,0.11,2,20.0,-1.04,0.02,pre_roll,1.82,1.45
COH24,2024,1,1,2024,2024-01-04,499963.0,0.03,77.59,77.41,0.18,3,19.0,-3.96,0.02,during_roll,1.82,1.45
COH24,2024,1,1,2024,2024-01-05,494881.0,0.03,78.76,78.54,0.22,4,18.0,-1.02,0.0,during_roll,1.82,1.45
COH24,2024,1,1,2024,2024-01-08,464344.0,0.05,76.12,75.91,0.21,5,17.0,-6.17,0.02,during_roll,1.82,1.45
COH24,2024,1,1,2024,2024-01-09,444047.0,0.1,77.59,77.26,0.33,6,16.0,-4.37,0.05,during_roll,1.82,1.45
COH24,2024,1,1,2024,2024-01-10,418606.0,0.13,76.8,76.45,0.35,7,15.0,-5.73,0.03,during_roll,1.82,1.45
COH24,2024,1,1,2024,2024-01-11,413438.0,0.11,77.41,77.11,0.3,8,14.0,-1.23,-0.02,during_roll,1.82,1.45
COH24,2024,1,1,2024,2024-01-12,400825.0,0.12,78.29,77.97,0.32,9,13.0,-3.05,0.01,during_roll,1.82,1.45
COH24,2024,1,1,2024,2024-01-15,391148.0,0.13,78.15,77.81,0.34,10,12.0,-2.41,0.01,during_roll,1.82,1.45
COH24,2024,1,1,2024,2024-01-16,388280.0,0.16,78.29,77.87,0.42,11,11.0,-0.73,0.03,during_roll,1.82,1.45
COH24,2024,1,1,2024,2024-01-17,360000.0,0.16,77.88,77.49,0.39,12,10.0,-7.28,0.0,during_roll,1.82,1.45
COH24,2024,1,1,2024,2024-01-18,329919.0,0.19,79.1,78.65,0.45,13,9.0,-8.36,0.03,during_roll,1.82,1.45
COH24,2024,1,1,2024,2024-01-19,299751.0,0.19,78.56,78.08,0.48,14,8.0,-9.14,0.0,during_roll,1.82,1.45
COH24,2024,1,1,2024,2024-01-22,276740.0,0.18,80.06,79.6,0.46,15,7.0,-7.68,-0.01,during_roll,1.82,1.45
COH24,2024,1,1,2024,2024-01-23,236801.0,0.18,79.55,79.11,0.44,16,6.0,-14.43,0.0,during_roll,1.82,1.45
COH24,2024,1,1,2024,2024-01-24,210570.0,0.16,80.04,79.63,0.41,17,5.0,-11.08,-0.02,during_roll,1.82,1.45
COH24,2024,1,1,2024,2024-01-25,187952.0,0.14,82.43,81.96,0.47,18,4.0,-10.74,-0.02,during_roll,1.82,1.45
COH24,2024,1,1,2024,2024-01-26,141273.0,0.17,83.55,82.95,0.6,19,3.0,-24.84,0.03,during_roll,1.82,1.45
COH24,2024,1,1,2024,2024-01-29,104761.0,0.19,82.4,81.83,0.57,20,2.0,-25.84,0.02,during_roll,1.82,1.45
COH24,2024,1,1,2024,2024-01-30,68266.0,0.0,82.87,82.5,0.37,21,1.0,-34.84,-0.19,during_roll,1.82,1.45
COH24,2024,1,1,2024,2024-01-31,63100.0,0.88,81.71,80.55,1.16,22,0.0,-7.57,0.88,during_roll,1.82,1.45
COH25,2025,3,11,2024,2024-11-01,206877.0,0.04,73.1,72.73,0.37,1,62.0,,,,-0.01,-0.03
COH25,2025,3,11,2024,2024-11-04,209488.0,0.04,75.08,74.66,0.42,2,61.0,1.26,0.0,,-0.01,-0.03
COH25,2025,3,11,2024,2024-11-05,207860.0,0.04,75.53,75.14,0.39,3,60.0,-0.78,0.0,,-0.01,-0.03
COH25,2025,3,11,2024,2024-11-06,209929.0,0.05,74.92,74.57,0.35,4,59.0,1.0,0.01,,-0.01,-0.03
COH25,2025,3,11,2024,2024-11-07,206737.0,0.05,75.63,75.26,0.37,5,58.0,-1.52,0.0,,-0.01,-0.03
COH25,2025,3,11,2024,2024-11-08,217740.0,0.05,73.87,73.61,0.26,6,57.0,5.32,0.0,,-0.01,-0.03
COH25,2025,3,11,2024,2024-11-11,225815.0,0.03,71.83,71.65,0.18,7,56.0,3.71,-0.02,,-0.01,-0.03
COH25,2025,3,11,2024,2024-11-12,236882.0,0.04,71.89,71.65,0.24,8,55.0,4.9,0.01,,-0.01,-0.03
COH25,2025,3,11,2024,2024-11-13,244021.0,0.04,72.28,71.98,0.3,9,54.0,3.01,0.0,,-0.01,-0.03
COH25,2025,3,11,2024,2024-11-14,249538.0,0.03,72.56,72.24,0.32,10,53.0,2.26,-0.01,,-0.01,-0.03
COH25,2025,3,11,2024,2024-11-15,255952.0,0.02,71.04,70.78,0.26,11,52.0,2.57,-0.01,,-0.01,-0.03
COH25,2025,3,11,2024,2024-11-18,265720.0,0.02,73.3,73.01,0.29,12,51.0,3.82,0.0,,-0.01,-0.03
COH25,2025,3,11,2024,2024-11-19,266433.0,0.04,73.31,72.99,0.32,13,50.0,0.27,0.02,,-0.01,-0.03
COH25,2025,3,11,2024,2024-11-20,273357.0,0.03,72.81,72.49,0.32,14,49.0,2.6,-0.01,,-0.01,-0.03
COH25,2025,3,11,2024,2024-11-21,288611.0,0.06,74.23,73.77,0.46,15,48.0,5.58,0.03,,-0.01,-0.03
COH25,2025,3,11,2024,2024-11-22,307000.0,0.06,75.17,74.63,0.54,16,47.0,6.37,0.0,,-0.01,-0.03
COH25,2025,3,11,2024,2024-11-25,317428.0,0.06,73.01,72.48,0.53,17,46.0,3.4,0.0,,-0.01,-0.03
COH25,2025,3,11,2024,2024-11-26,320016.0,0.06,72.81,72.32,0.49,18,45.0,0.82,0.0,,-0.01,-0.03
COH25,2025,3,11,2024,2024-11-27,325142.0,0.07,72.83,72.3,0.53,19,44.0,1.6,0.01,,-0.01,-0.03
COH25,2025,3,11,2024,2024-11-28,326902.0,0.07,73.28,72.78,0.5,20,43.0,0.54,0.0,,-0.01,-0.03
COH25,2025,3,11,2024,2024-11-29,337940.0,0.06,72.94,71.84,1.1,21,42.0,3.38,-0.01,,-0.01,-0.03
COH25,2025,2,12,2024,2024-12-02,359696.0,0.06,71.83,71.54,0.29,1,41.0,,,,-0.01,-0.03
COH25,2025,2,12,2024,2024-12-03,384020.0,0.06,73.62,73.2,0.42,2,40.0,6.76,0.0,,-0.01,-0.03
COH25,2025,2,12,2024,2024-12-04,397621.0,0.07,72.31,71.93,0.38,3,39.0,3.54,0.01,,-0.01,-0.03
COH25,2025,2,12,2024,2024-12-05,413415.0,0.08,72.09,71.68,0.41,4,38.0,3.97,0.01,,-0.01,-0.03
COH25,2025,2,12,2024,2024-12-06,419775.0,0.08,71.12,70.8,0.32,5,37.0,1.54,0.0,,-0.01,-0.03
COH25,2025,2,12,2024,2024-12-09,425501.0,0.08,72.14,71.84,0.3,6,36.0,1.36,0.0,,-0.01,-0.03
COH25,2025,2,12,2024,2024-12-10,436538.0,0.08,72.19,71.9,0.29,7,35.0,2.59,0.0,,-0.01,-0.03
COH25,2025,2,12,2024,2024-12-11,445575.0,0.09,73.52,73.14,0.38,8,34.0,2.07,0.01,,-0.01,-0.03
COH25,2025,2,12,2024,2024-12-12,454906.0,0.08,73.41,73.08,0.33,9,33.0,2.09,-0.01,,-0.01,-0.03
COH25,2025,2,12,2024,2024-12-13,467565.0,0.07,74.49,74.09,0.4,10,32.0,2.78,-0.01,,-0.01,-0.03
COH25,2025,2,12,2024,2024-12-16,484801.0,0.05,73.91,73.52,0.39,11,31.0,3.69,-0.02,,-0.01,-0.03
COH25,2025,2,12,2024,2024-12-17,493105.0,0.04,73.19,72.85,0.34,12,30.0,1.71,-0.01,,-0.01,-0.03
COH25,2025,2,12,2024,2024-12-18,539105.0,0.05,73.39,73.0,0.39,13,29.0,9.33,0.01,,-0.01,-0.03
COH25,2025,2,12,2024,2024-12-19,544441.0,0.07,72.88,72.45,0.43,14,28.0,0.99,0.02,,-0.01,-0.03
COH25,2025,2,12,2024,2024-12-20,561602.0,0.07,72.94,72.56,0.38,15,27.0,3.15,0.0,,-0.01,-0.03
COH25,2025,2,12,2024,2024-12-23,567114.0,0.04,72.63,72.32,0.31,16,26.0,0.98,-0.03,,-0.01,-0.03
COH25,2025,2,12,2024,2024-12-24,583215.0,0.07,73.58,73.17,0.41,17,25.0,2.84,0.03,,-0.01,-0.03
COH25,2025,2,12,2024,2024-12-26,587142.0,0.08,73.26,72.85,0.41,18,24.0,0.67,0.01,,-0.01,-0.03
COH25,2025,2,12,2024,2024-12-27,601259.0,0.1,74.17,73.79,0.38,19,23.0,2.4,0.02,,-0.01,-0.03
COH25,2025,2,12,2024,2024-12-30,609278.0,0.07,74.39,73.99,0.4,20,22.0,1.33,-0.03,,-0.01,-0.03
COH25,2025,1,1,2025,2025-01-02,605850.0,0.06,75.93,75.44,0.49,1,21.0,,,pre_roll,-0.01,-0.03
COH25,2025,1,1,2025,2025-01-03,586070.0,0.12,76.51,75.93,0.58,2,20.0,-3.26,0.06,during_roll,-0.01,-0.03
COH25,2025,1,1,2025,2025-01-06,568001.0,0.12,76.3,75.71,0.59,3,19.0,-3.08,0.0,during_roll,-0.01,-0.03
COH25,2025,1,1,2025,2025-01-07,546592.0,0.12,77.05,76.4,0.65,4,18.0,-3.77,0.0,during_roll,-0.01,-0.03
COH25,2025,1,1,2025,2025-01-08,503711.0,0.11,76.16,75.58,0.58,5,17.0,-7.85,-0.01,during_roll,-0.01,-0.03
COH25,2025,1,1,2025,2025-01-09,491323.0,0.13,76.92,76.25,0.67,6,16.0,-2.46,0.02,during_roll,-0.01,-0.03
COH25,2025,1,1,2025,2025-01-10,477740.0,0.12,79.76,78.85,0.91,7,15.0,-2.76,-0.01,during_roll,-0.01,-0.03
COH25,2025,1,1,2025,2025-01-13,445692.0,0.23,81.01,79.65,1.36,8,14.0,-6.71,0.11,during_roll,-0.01,-0.03
COH25,2025,1,1,2025,2025-01-14,415975.0,0.09,79.92,78.88,1.04,9,13.0,-6.67,-0.14,during_roll,-0.01,-0.03
COH25,2025,1,1,2025,2025-01-15,413407.0,0.19,82.03,80.66,1.37,10,12.0,-0.62,0.1,during_roll,-0.01,-0.03
COH25,2025,1,1,2025,2025-01-16,392313.0,0.19,81.29,79.91,1.38,11,11.0,-5.1,0.0,during_roll,-0.01,-0.03
COH25,2025,1,1,2025,2025-01-17,373329.0,0.08,80.79,79.57,1.22,12,10.0,-4.84,-0.11,during_roll,-0.01,-0.03
COH25,2025,1,1,2025,2025-01-20,358306.0,0.08,80.15,79.1,1.05,13,9.0,-4.02,0.0,during_roll,-0.01,-0.03
COH25,2025,1,1,2025,2025-01-21,305046.0,0.07,79.29,78.4,0.89,14,8.0,-14.86,-0.01,during_roll,-0.01,-0.03
COH25,2025,1,1,2025,2025-01-22,263437.0,0.07,79.0,78.15,0.85,15,7.0,-13.64,0.0,during_roll,-0.01,-0.03
COH25,2025,1,1,2025,2025-01-23,224881.0,0.08,78.29,77.56,0.73,16,6.0,-14.64,0.01,during_roll,-0.01,-0.03
COH25,2025,1,1,2025,2025-01-24,225587.0,0.19,78.5,77.55,0.95,17,5.0,0.31,0.11,during_roll,-0.01,-0.03
COH25,2025,1,1,2025,2025-01-27,177724.0,0.14,77.08,76.18,0.9,18,4.0,-21.22,-0.05,during_roll,-0.01,-0.03
COH25,2025,1,1,2025,2025-01-28,118563.0,0.11,77.49,76.49,1.0,19,3.0,-33.29,-0.03,during_roll,-0.01,-0.03
COH25,2025,1,1,2025,2025-01-29,91350.0,0.16,76.58,75.61,0.97,20,2.0,-22.95,0.05,during_roll,-0.01,-0.03
COH25,2025,1,1,2025,2025-01-30,62758.0,0.21,76.87,75.89,0.98,21,1.0,-31.3,0.05,during_roll,-0.01,-0.03
COH25,2025,1,1,2025,2025-01-31,0.0,0.34,76.76,75.67,1.09,22,0.0,-100.0,0.13,during_roll,-0.01,-0.03
COH26,2026,3,11,2025,2025-11-03,264604.0,0.09,64.89,64.44,0.45,1,61.0,,,,-0.27,-0.42
COH26,2026,3,11,2025,2025-11-04,270919.0,0.07,64.44,64.07,0.37,2,60.0,2.39,-0.02,,-0.27,-0.42
COH26,2026,3,11,2025,2025-11-05,268342.0,0.07,63.52,63.24,0.28,3,59.0,-0.95,0.0,,-0.27,-0.42
COH26,2026,3,11,2025,2025-11-06,274855.0,0.05,63.38,63.07,0.31,4,58.0,2.43,-0.02,,-0.27,-0.42
COH26,2026,3,11,2025,2025-11-07,290448.0,0.05,63.63,63.39,0.24,5,57.0,5.67,0.0,,-0.27,-0.42
COH26,2026,3,11,2025,2025-11-10,294575.0,0.05,64.06,63.82,0.24,6,56.0,1.42,0.0,,-0.27,-0.42
COH26,2026,3,11,2025,2025-11-11,299192.0,0.05,65.16,64.87,0.29,7,55.0,1.57,0.0,,-0.27,-0.42
COH26,2026,3,11,2025,2025-11-12,312780.0,0.06,62.71,62.45,0.26,8,54.0,4.54,0.01,,-0.27,-0.42
COH26,2026,3,11,2025,2025-11-13,318601.0,0.08,63.01,62.64,0.37,9,53.0,1.86,0.02,,-0.27,-0.42
COH26,2026,3,11,2025,2025-11-14,325965.0,0.11,64.39,63.92,0.47,10,52.0,2.31,0.03,,-0.27,-0.42
COH26,2026,3,11,2025,2025-11-17,330172.0,0.09,64.2,63.76,0.44,11,51.0,1.29,-0.02,,-0.27,-0.42
COH26,2026,3,11,2025,2025-11-18,335371.0,0.11,64.89,64.43,0.46,12,50.0,1.57,0.02,,-0.27,-0.42
COH26,2026,3,11,2025,2025-11-19,351208.0,0.11,63.51,63.0,0.51,13,49.0,4.72,0.0,,-0.27,-0.42
COH26,2026,3,11,2025,2025-11-20,357933.0,0.14,63.38,62.8,0.58,14,48.0,1.91,0.03,,-0.27,-0.42
COH26,2026,3,11,2025,2025-11-21,373698.0,0.13,62.56,61.94,0.62,15,47.0,4.4,-0.01,,-0.27,-0.42
COH26,2026,3,11,2025,2025-11-24,379949.0,0.13,63.37,62.72,0.65,16,46.0,1.67,0.0,,-0.27,-0.42
COH26,2026,3,11,2025,2025-11-25,399207.0,0.12,62.48,61.8,0.68,17,45.0,5.07,-0.01,,-0.27,-0.42
COH26,2026,3,11,2025,2025-11-26,415957.0,0.14,63.13,62.54,0.59,18,44.0,4.2,0.02,,-0.27,-0.42
COH26,2026,3,11,2025,2025-11-27,424225.0,0.15,63.34,62.87,0.47,19,43.0,1.99,0.01,,-0.27,-0.42
COH26,2026,3,11,2025,2025-11-28,428815.0,0.16,63.2,62.38,0.82,20,42.0,1.08,0.01,,-0.27,-0.42
COH26,2026,2,12,2025,2025-12-01,434919.0,0.15,63.17,62.78,0.39,1,41.0,,,,-0.27,-0.42
COH26,2026,2,12,2025,2025-12-02,438170.0,0.14,62.45,62.05,0.4,2,40.0,0.75,-0.01,,-0.27,-0.42
COH26,2026,2,12,2025,2025-12-03,460724.0,0.13,62.67,62.28,0.39,3,39.0,5.15,-0.01,,-0.27,-0.42
COH26,2026,2,12,2025,2025-12-04,469845.0,0.12,63.26,62.86,0.4,4,38.0,1.98,-0.01,,-0.27,-0.42
COH26,2026,2,12,2025,2025-12-05,481982.0,0.11,63.75,63.39,0.36,5,37.0,2.58,-0.01,,-0.27,-0.42
COH26,2026,2,12,2025,2025-12-08,491038.0,0.11,62.49,62.15,0.34,6,36.0,1.88,0.0,,-0.27,-0.42
COH26,2026,2,12,2025,2025-12-09,512247.0,0.1,61.94,61.65,0.29,7,35.0,4.32,-0.01,,-0.27,-0.42
COH26,2026,2,12,2025,2025-12-10,545513.0,0.13,62.21,61.87,0.34,8,34.0,6.49,0.03,,-0.27,-0.42
COH26,2026,2,12,2025,2025-12-11,557255.0,0.11,61.28,61.06,0.22,9,33.0,2.15,-0.02,,-0.27,-0.42
COH26,2026,2,12,2025,2025-12-12,568208.0,0.11,61.12,60.84,0.28,10,32.0,1.97,0.0,,-0.27,-0.42
COH26,2026,2,12,2025,2025-12-15,574156.0,0.12,60.56,60.3,0.26,11,31.0,1.05,0.01,,-0.27,-0.42
COH26,2026,2,12,2025,2025-12-16,598436.0,0.12,58.92,58.67,0.25,12,30.0,4.23,0.0,,-0.27,-0.42
COH26,2026,2,12,2025,2025-12-17,620735.0,0.14,59.68,59.4,0.28,13,29.0,3.73,0.02,,-0.27,-0.42
COH26,2026,2,12,2025,2025-12-18,659929.0,0.11,59.82,59.5,0.32,14,28.0,6.31,-0.03,,-0.27,-0.42
COH26,2026,2,12,2025,2025-12-19,674308.0,0.14,60.47,60.05,0.42,15,27.0,2.18,0.03,,-0.27,-0.42
COH26,2026,2,12,2025,2025-12-22,702469.0,0.14,62.07,61.58,0.49,16,26.0,4.18,0.0,,-0.27,-0.42
COH26,2026,2,12,2025,2025-12-23,703193.0,0.17,62.38,61.87,0.51,17,25.0,0.1,0.03,,-0.27,-0.42
COH26,2026,2,12,2025,2025-12-24,707248.0,0.17,62.24,61.8,0.44,18,24.0,0.58,0.0,,-0.27,-0.42
COH26,2026,2,12,2025,2025-12-26,715688.0,0.15,60.64,60.24,0.4,19,23.0,1.19,-0.02,,-0.27,-0.42
COH26,2026,2,12,2025,2025-12-29,745322.0,0.17,61.94,61.49,0.45,20,22.0,4.14,0.02,,-0.27,-0.42
COH26,2026,2,12,2025,2025-12-30,760602.0,0.14,61.92,61.33,0.59,21,21.0,2.05,-0.03,,-0.27,-0.42
COH26,2026,1,1,2026,2026-01-02,758395.0,0.17,60.75,60.43,0.32,1,20.0,,,pre_roll,-0.27,-0.42
COH26,2026,1,1,2026,2026-01-05,744480.0,0.18,61.76,61.37,0.39,2,19.0,-1.83,0.01,during_roll,-0.27,-0.42
COH26,2026,1,1,2026,2026-01-06,711643.0,0.18,60.7,60.31,0.39,3,18.0,-4.41,0.0,during_roll,-0.27,-0.42
COH26,2026,1,1,2026,2026-01-07,663792.0,0.2,59.96,59.58,0.38,4,17.0,-6.72,0.02,during_roll,-0.27,-0.42
COH26,2026,1,1,2026,2026-01-08,652116.0,0.23,61.99,61.49,0.5,5,16.0,-1.76,0.03,during_roll,-0.27,-0.42
COH26,2026,1,1,2026,2026-01-09,611201.0,0.23,63.34,62.79,0.55,6,15.0,-6.27,0.0,during_roll,-0.27,-0.42
COH26,2026,1,1,2026,2026-01-12,575638.0,0.28,63.87,63.22,0.65,7,14.0,-5.82,0.05,during_roll,-0.27,-0.42
COH26,2026,1,1,2026,2026-01-13,552815.0,0.26,65.47,64.75,0.72,8,13.0,-3.96,-0.02,during_roll,-0.27,-0.42
COH26,2026,1,1,2026,2026-01-14,528961.0,0.22,66.52,65.83,0.69,9,12.0,-4.32,-0.04,during_roll,-0.27,-0.42
COH26,2026,1,1,2026,2026-01-15,476995.0,0.3,63.76,63.08,0.68,10,11.0,-9.82,0.08,during_roll,-0.27,-0.42
COH26,2026,1,1,2026,2026-01-16,450578.0,0.26,64.13,63.46,0.67,11,10.0,-5.54,-0.04,during_roll,-0.27,-0.42
COH26,2026,1,1,2026,2026-01-19,428988.0,0.31,63.94,63.22,0.72,12,9.0,-4.79,0.05,during_roll,-0.27,-0.42
COH26,2026,1,1,2026,2026-01-20,402367.0,0.3,64.92,64.19,0.73,13,8.0,-6.21,-0.01,during_roll,-0.27,-0.42
COH26,2026,1,1,2026,2026-01-21,408130.0,0.31,65.24,64.53,0.71,14,7.0,1.43,0.01,during_roll,-0.27,-0.42
COH26,2026,1,1,2026,2026-01-22,371240.0,0.35,64.06,63.34,0.72,15,6.0,-9.04,0.04,during_roll,-0.27,-0.42
COH26,2026,1,1,2026,2026-01-23,341650.0,0.3,65.88,65.07,0.81,16,5.0,-7.97,-0.05,during_roll,-0.27,-0.42
COH26,2026,1,1,2026,2026-01-26,305946.0,0.36,65.59,64.77,0.82,17,4.0,-10.45,0.06,during_roll,-0.27,-0.42
COH26,2026,1,1,2026,2026-01-27,242672.0,0.35,67.57,66.59,0.98,18,3.0,-20.68,-0.01,during_roll,-0.27,-0.42
COH26,2026,1,1,2026,2026-01-28,179471.0,0.4,68.4,67.37,1.03,19,2.0,-26.04,0.05,during_roll,-0.27,-0.42
COH26,2026,1,1,2026,2026-01-29,131904.0,0.41,70.71,69.59,1.12,20,1.0,-26.5,0.01,during_roll,-0.27,-0.42
COH26,2026,1,1,2026,2026-01-30,124487.0,0.66,70.69,69.32,1.37,21,0.0,-5.62,0.25,during_roll,-0.27,-0.42
COJ16,2016,3,12,2015,2015-12-01,162401.0,-0.03,,,,1,40.0,,,,,
COJ16,2016,3,12,2015,2015-12-02,160243.0,-0.04,,,,2,39.0,-1.33,-0.01,,,
COJ16,2016,3,12,2015,2015-12-03,161858.0,-0.02,,,,3,38.0,1.01,0.02,,,
COJ16,2016,3,12,2015,2015-12-04,167914.0,0.0,,,,4,37.0,3.74,0.02,,,
COJ16,2016,3,12,2015,2015-12-07,163107.0,-0.02,,,,5,36.0,-2.86,-0.02,,,
COJ16,2016,3,12,2015,2015-12-08,167505.0,-0.03,,,,6,35.0,2.7,-0.01,,,
COJ16,2016,3,12,2015,2015-12-09,159614.0,-0.01,,,,7,34.0,-4.71,0.02,,,
COJ16,2016,3,12,2015,2015-12-10,160318.0,-0.02,,,,8,33.0,0.44,-0.01,,,
COJ16,2016,3,12,2015,2015-12-11,162779.0,-0.0,,,,9,32.0,1.54,0.02,,,
COJ16,2016,3,12,2015,2015-12-14,166260.0,-0.01,,,,10,31.0,2.14,-0.01,,,
COJ16,2016,3,12,2015,2015-12-15,173094.0,-0.01,,,,11,30.0,4.11,0.0,,,
COJ16,2016,3,12,2015,2015-12-16,176675.0,-0.01,,,,12,29.0,2.07,0.0,,,
COJ16,2016,2,1,2016,2016-01-04,226777.0,-0.01,,38.47,,1,28.0,,,,,
COJ16,2016,2,1,2016,2016-01-05,229649.0,-0.03,,37.77,,2,27.0,1.27,-0.02,,,
COJ16,2016,2,1,2016,2016-01-06,229190.0,-0.03,,35.56,,3,26.0,-0.2,0.0,,,
COJ16,2016,2,1,2016,2016-01-07,249351.0,-0.03,,35.01,,4,25.0,8.8,0.0,,,
COJ16,2016,2,1,2016,2016-01-08,260437.0,-0.05,,34.87,,5,24.0,4.45,-0.02,,,
COJ16,2016,2,1,2016,2016-01-11,267318.0,-0.03,,32.81,,6,23.0,2.64,0.02,,,
COJ16,2016,2,1,2016,2016-01-12,277783.0,-0.03,,31.82,,7,22.0,3.91,0.0,,,
COJ16,2016,2,1,2016,2016-01-13,305127.0,-0.06,,31.14,,8,21.0,9.84,-0.03,,,
COJ16,2016,2,1,2016,2016-01-14,348502.0,-0.04,,31.72,,9,20.0,14.22,0.02,,,
COJ16,2016,1,2,2016,2016-02-01,436104.0,0.07,34.24,35.03,-0.79,1,19.0,,,pre_roll,,
COJ16,2016,1,2,2016,2016-02-02,434861.0,0.09,32.72,33.47,-0.75,2,18.0,-0.29,0.02,pre_roll,,
COJ16,2016,1,2,2016,2016-02-03,419497.0,0.05,35.04,35.75,-0.71,3,17.0,-3.53,-0.04,during_roll,,
COJ16,2016,1,2,2016,2016-02-04,402127.0,0.09,34.46,35.15,-0.69,4,16.0,-4.14,0.04,during_roll,,
COJ16,2016,1,2,2016,2016-02-05,392318.0,0.08,34.06,34.76,-0.7,5,15.0,-2.44,-0.01,during_roll,,
COJ16,2016,1,2,2016,2016-02-08,372483.0,0.12,32.88,33.6,-0.72,6,14.0,-5.06,0.04,during_roll,,
COJ16,2016,1,2,2016,2016-02-09,353541.0,0.15,30.32,30.98,-0.66,7,13.0,-5.09,0.03,during_roll,,
COJ16,2016,1,2,2016,2016-02-10,346482.0,0.12,30.84,31.5,-0.66,8,12.0,-2.0,-0.03,during_roll,,
COJ16,2016,1,2,2016,2016-02-11,344872.0,0.11,30.06,30.78,-0.72,9,11.0,-0.46,-0.01,during_roll,,
COJ16,2016,1,2,2016,2016-02-12,309595.0,0.14,33.36,33.99,-0.63,10,10.0,-10.23,0.03,during_roll,,
COJ16,2016,1,2,2016,2016-02-15,295553.0,0.12,33.39,34.01,-0.62,11,9.0,-4.54,-0.02,during_roll,,
COJ16,2016,1,2,2016,2016-02-16,263662.0,0.1,32.18,32.84,-0.66,12,8.0,-10.79,-0.02,during_roll,,
COJ16,2016,1,2,2016,2016-02-17,241051.0,0.11,34.5,35.13,-0.63,13,7.0,-8.58,0.01,during_roll,,
COJ16,2016,1,2,2016,2016-02-18,225343.0,0.09,34.28,34.88,-0.6,14,6.0,-6.52,-0.02,during_roll,,
COJ16,2016,1,2,2016,2016-02-19,221742.0,0.11,33.01,33.62,-0.61,15,5.0,-1.6,0.02,during_roll,,
COJ16,2016,1,2,2016,2016-02-22,187932.0,0.09,34.69,35.29,-0.6,16,4.0,-15.25,-0.02,during_roll,,
COJ16,2016,1,2,2016,2016-02-23,171084.0,0.04,33.27,33.97,-0.7,17,3.0,-8.96,-0.05,during_roll,,
COJ16,2016,1,2,2016,2016-02-24,146030.0,0.05,34.41,35.07,-0.66,18,2.0,-14.64,0.01,during_roll,,
COJ16,2016,1,2,2016,2016-02-25,109080.0,0.23,35.29,35.7,-0.41,19,1.0,-25.3,0.18,during_roll,,
COJ16,2016,1,2,2016,2016-02-26,65649.0,0.27,35.1,35.44,-0.34,20,0.0,-39.82,0.04,during_roll,,
COJ17,2017,3,12,2016,2016-12-01,148158.0,-0.07,53.94,54.58,-0.64,1,62.0,,,,-0.68,-0.51
COJ17,2017,3,12,2016,2016-12-02,147592.0,-0.08,54.46,55.14,-0.68,2,61.0,-0.38,-0.01,,-0.68,-0.51
COJ17,2017,3,12,2016,2016-12-05,149381.0,-0.07,54.94,55.59,-0.65,3,60.0,1.21,0.01,,-0.68,-0.51
COJ17,2017,3,12,2016,2016-12-06,151956.0,-0.09,53.93,54.65,-0.72,4,59.0,1.72,-0.02,,-0.68,-0.51
COJ17,2017,3,12,2016,2016-12-07,149614.0,-0.11,53.0,53.78,-0.78,5,58.0,-1.54,-0.02,,-0.68,-0.51
COJ17,2017,3,12,2016,2016-12-08,149918.0,-0.11,53.89,54.6,-0.71,6,57.0,0.2,0.0,,-0.68,-0.51
COJ17,2017,3,12,2016,2016-12-09,157233.0,-0.12,54.33,55.06,-0.73,7,56.0,4.88,-0.01,,-0.68,-0.51
COJ17,2017,3,12,2016,2016-12-12,166261.0,-0.13,55.69,56.37,-0.68,8,55.0,5.74,-0.01,,-0.68,-0.51
COJ17,2017,3,12,2016,2016-12-13,175474.0,-0.14,55.72,56.39,-0.67,9,54.0,5.54,-0.01,,-0.68,-0.51
COJ17,2017,3,12,2016,2016-12-14,169706.0,-0.13,53.9,54.65,-0.75,10,53.0,-3.29,0.01,,-0.68,-0.51
COJ17,2017,3,12,2016,2016-12-15,170412.0,-0.1,54.02,54.71,-0.69,11,52.0,0.42,0.03,,-0.68,-0.51
COJ17,2017,3,12,2016,2016-12-16,176510.0,-0.11,55.21,55.82,-0.61,12,51.0,3.58,-0.01,,-0.68,-0.51
COJ17,2017,3,12,2016,2016-12-19,186706.0,-0.1,54.92,55.54,-0.62,13,50.0,5.78,0.01,,-0.68,-0.51
COJ17,2017,3,12,2016,2016-12-20,189892.0,-0.11,55.35,56.02,-0.67,14,49.0,1.71,-0.01,,-0.68,-0.51
COJ17,2017,3,12,2016,2016-12-21,204325.0,-0.12,54.46,55.22,-0.76,15,48.0,7.6,-0.01,,-0.68,-0.51
COJ17,2017,3,12,2016,2016-12-22,209172.0,-0.13,55.05,55.79,-0.74,16,47.0,2.37,-0.01,,-0.68,-0.51
COJ17,2017,3,12,2016,2016-12-23,211483.0,-0.12,55.16,55.9,-0.74,17,46.0,1.1,0.01,,-0.68,-0.51
COJ17,2017,3,12,2016,2016-12-26,210701.0,-0.11,56.09,56.83,-0.74,18,45.0,-0.37,0.01,,-0.68,-0.51
COJ17,2017,3,12,2016,2016-12-27,210441.0,-0.11,56.09,56.83,-0.74,19,44.0,-0.12,0.0,,-0.68,-0.51
COJ17,2017,3,12,2016,2016-12-28,212213.0,-0.12,56.22,56.96,-0.74,20,43.0,0.84,-0.01,,-0.68,-0.51
COJ17,2017,3,12,2016,2016-12-29,218294.0,-0.14,56.14,56.85,-0.71,21,42.0,2.87,-0.02,,-0.68,-0.51
COJ17,2017,2,1,2017,2017-01-02,225712.0,-0.15,56.82,57.49,-0.67,1,41.0,,,,-0.68,-0.51
COJ17,2017,2,1,2017,2017-01-03,241952.0,-0.13,55.47,56.14,-0.67,2,40.0,7.2,0.02,,-0.68,-0.51
COJ17,2017,2,1,2017,2017-01-04,245125.0,-0.1,56.46,57.09,-0.63,3,39.0,1.31,0.03,,-0.68,-0.51
COJ17,2017,2,1,2017,2017-01-05,252270.0,-0.09,56.89,57.48,-0.59,4,38.0,2.91,0.01,,-0.68,-0.51
COJ17,2017,2,1,2017,2017-01-06,261979.0,-0.09,57.1,57.68,-0.58,5,37.0,3.85,0.0,,-0.68,-0.51
COJ17,2017,2,1,2017,2017-01-09,273176.0,-0.09,54.94,55.56,-0.62,6,36.0,4.27,0.0,,-0.68,-0.51
COJ17,2017,2,1,2017,2017-01-10,288832.0,-0.07,53.64,54.26,-0.62,7,35.0,5.73,0.02,,-0.68,-0.51
COJ17,2017,2,1,2017,2017-01-11,290003.0,-0.07,55.1,55.6,-0.5,8,34.0,0.41,0.0,,-0.68,-0.51
COJ17,2017,2,1,2017,2017-01-12,310235.0,-0.05,56.01,56.49,-0.48,9,33.0,6.98,0.02,,-0.68,-0.51
COJ17,2017,2,1,2017,2017-01-13,311181.0,-0.05,55.45,55.91,-0.46,10,32.0,0.3,0.0,,-0.68,-0.51
COJ17,2017,2,1,2017,2017-01-16,316264.0,-0.04,55.86,56.28,-0.42,11,31.0,1.63,0.01,,-0.68,-0.51
COJ17,2017,2,1,2017,2017-01-17,315012.0,-0.05,55.47,55.94,-0.47,12,30.0,-0.4,-0.01,,-0.68,-0.51
COJ17,2017,2,1,2017,2017-01-18,335063.0,-0.05,53.92,54.41,-0.49,13,29.0,6.37,0.0,,-0.68,-0.51
COJ17,2017,2,1,2017,2017-01-19,390849.0,-0.06,54.16,54.69,-0.53,14,28.0,16.65,-0.01,,-0.68,-0.51
COJ17,2017,2,1,2017,2017-01-20,434355.0,-0.08,55.49,55.98,-0.49,15,27.0,11.13,-0.02,,-0.68,-0.51
COJ17,2017,2,1,2017,2017-01-23,460696.0,-0.05,55.23,55.63,-0.4,16,26.0,6.06,0.03,,-0.68,-0.51
COJ17,2017,2,1,2017,2017-01-24,494192.0,-0.05,55.44,55.85,-0.41,17,25.0,7.27,0.0,,-0.68,-0.51
COJ17,2017,2,1,2017,2017-01-25,502882.0,-0.02,55.08,55.42,-0.34,18,24.0,1.76,0.03,,-0.68,-0.51
COJ17,2017,2,1,2017,2017-01-26,533561.0,-0.04,56.24,56.49,-0.25,19,23.0,6.1,-0.02,,-0.68,-0.51
COJ17,2017,2,1,2017,2017-01-27,542867.0,-0.04,55.52,55.7,-0.18,20,22.0,1.74,0.0,,-0.68,-0.51
COJ17,2017,2,1,2017,2017-01-30,533076.0,-0.04,55.23,55.32,-0.09,21,21.0,-1.8,0.0,,-0.68,-0.51
COJ17,2017,2,1,2017,2017-01-31,549072.0,-0.03,55.7,55.58,0.12,22,20.0,3.0,0.01,,-0.68,-0.51
COJ17,2017,1,2,2017,2017-02-01,542793.0,-0.04,56.8,57.12,-0.32,1,19.0,,,pre_roll,-0.68,-0.51
COJ17,2017,1,2,2017,2017-02-02,527015.0,-0.03,56.56,56.85,-0.29,2,18.0,-2.91,0.01,during_roll,-0.68,-0.51
COJ17,2017,1,2,2017,2017-02-03,519066.0,-0.05,56.81,57.15,-0.34,3,17.0,-1.51,-0.02,during_roll,-0.68,-0.51
COJ17,2017,1,2,2017,2017-02-06,497960.0,-0.04,55.72,56.1,-0.38,4,16.0,-4.07,0.01,during_roll,-0.68,-0.51
COJ17,2017,1,2,2017,2017-02-07,477283.0,0.01,55.05,55.33,-0.28,5,15.0,-4.15,0.05,during_roll,-0.68,-0.51
COJ17,2017,1,2,2017,2017-02-08,465454.0,-0.03,55.12,55.47,-0.35,6,14.0,-2.48,-0.04,during_roll,-0.68,-0.51
COJ17,2017,1,2,2017,2017-02-09,443668.0,-0.04,55.63,56.0,-0.37,7,13.0,-4.68,-0.01,during_roll,-0.68,-0.51
COJ17,2017,1,2,2017,2017-02-10,427392.0,-0.06,56.7,57.06,-0.36,8,12.0,-3.67,-0.02,during_roll,-0.68,-0.51
COJ17,2017,1,2,2017,2017-02-13,396012.0,-0.08,55.59,55.96,-0.37,9,11.0,-7.34,-0.02,during_roll,-0.68,-0.51
COJ17,2017,1,2,2017,2017-02-14,365732.0,-0.06,55.97,56.29,-0.32,10,10.0,-7.65,0.02,during_roll,-0.68,-0.51
COJ17,2017,1,2,2017,2017-02-15,346891.0,-0.1,55.75,56.1,-0.35,11,9.0,-5.15,-0.04,during_roll,-0.68,-0.51
COJ17,2017,1,2,2017,2017-02-16,313775.0,-0.1,55.65,56.0,-0.35,12,8.0,-9.55,0.0,during_roll,-0.68,-0.51
COJ17,2017,1,2,2017,2017-02-17,289409.0,-0.08,55.81,56.11,-0.3,13,7.0,-7.77,0.02,during_roll,-0.68,-0.51
COJ17,2017,1,2,2017,2017-02-20,246728.0,0.01,56.18,56.35,-0.17,14,6.0,-14.75,0.09,during_roll,-0.68,-0.51
COJ17,2017,1,2,2017,2017-02-21,207855.0,-0.04,56.66,56.76,-0.1,15,5.0,-15.76,-0.05,during_roll,-0.68,-0.51
COJ17,2017,1,2,2017,2017-02-22,169471.0,-0.06,55.84,56.04,-0.2,16,4.0,-18.47,-0.02,during_roll,-0.68,-0.51
COJ17,2017,1,2,2017,2017-02-23,134533.0,-0.08,56.58,56.82,-0.24,17,3.0,-20.62,-0.02,during_roll,-0.68,-0.51
COJ17,2017,1,2,2017,2017-02-24,105695.0,-0.08,55.99,56.31,-0.32,18,2.0,-21.44,0.0,during_roll,-0.68,-0.51
COJ17,2017,1,2,2017,2017-02-27,53740.0,-0.19,55.93,56.42,-0.49,19,1.0,-49.16,-0.11,during_roll,-0.68,-0.51
COJ17,2017,1,2,2017,2017-02-28,,-0.59,55.59,56.51,-0.92,20,0.0,0.0,-0.4,during_roll,-0.68,-0.51
COJ18,2018,3,12,2017,2017-12-01,142121.0,0.02,63.73,63.46,0.27,1,61.0,,,,0.65,0.36
COJ18,2018,3,12,2017,2017-12-04,140943.0,0.0,62.45,62.24,0.21,2,60.0,-0.83,-0.02,,0.65,0.36
COJ18,2018,3,12,2017,2017-12-05,142687.0,0.01,62.86,62.64,0.22,3,59.0,1.24,0.01,,0.65,0.36
COJ18,2018,3,12,2017,2017-12-06,152263.0,-0.01,61.22,61.03,0.19,4,58.0,6.71,-0.02,,0.65,0.36
COJ18,2018,3,12,2017,2017-12-07,157600.0,0.01,62.2,61.95,0.25,5,57.0,3.51,0.02,,0.65,0.36
COJ18,2018,3,12,2017,2017-12-08,161095.0,0.01,63.4,63.03,0.37,6,56.0,2.22,0.0,,0.65,0.36
COJ18,2018,3,12,2017,2017-12-11,184344.0,0.04,64.69,64.0,0.69,7,55.0,14.43,0.03,,0.65,0.36
COJ18,2018,3,12,2017,2017-12-12,180572.0,0.0,63.34,62.73,0.61,8,54.0,-2.05,-0.04,,0.65,0.36
COJ18,2018,3,12,2017,2017-12-13,184532.0,0.01,62.44,61.81,0.63,9,53.0,2.19,0.01,,0.65,0.36
COJ18,2018,3,12,2017,2017-12-14,185483.0,0.03,63.31,62.66,0.65,10,52.0,0.52,0.02,,0.65,0.36
COJ18,2018,3,12,2017,2017-12-15,192783.0,0.05,63.23,62.65,0.58,11,51.0,3.94,0.02,,0.65,0.36
COJ18,2018,3,12,2017,2017-12-18,202736.0,0.05,63.41,62.91,0.5,12,50.0,5.16,0.0,,0.65,0.36
COJ18,2018,3,12,2017,2017-12-19,218991.0,0.04,63.8,63.4,0.4,13,49.0,8.02,-0.01,,0.65,0.36
COJ18,2018,3,12,2017,2017-12-20,225602.0,0.03,64.56,64.11,0.45,14,48.0,3.02,-0.01,,0.65,0.36
COJ18,2018,3,12,2017,2017-12-21,230250.0,0.04,64.9,64.43,0.47,15,47.0,2.06,0.01,,0.65,0.36
COJ18,2018,3,12,2017,2017-12-22,230250.0,0.06,65.25,64.73,0.52,16,46.0,0.0,0.02,,0.65,0.36
COJ18,2018,3,12,2017,2017-12-25,234834.0,0.05,67.02,66.46,0.56,17,45.0,1.99,-0.01,,0.65,0.36
COJ18,2018,3,12,2017,2017-12-26,236362.0,0.05,67.02,66.46,0.56,18,44.0,0.65,0.0,,0.65,0.36
COJ18,2018,3,12,2017,2017-12-27,236419.0,0.03,66.44,65.99,0.45,19,43.0,0.02,-0.02,,0.65,0.36
COJ18,2018,3,12,2017,2017-12-28,240298.0,0.04,66.72,66.16,0.56,20,42.0,1.64,0.01,,0.65,0.36
COJ18,2018,2,1,2018,2018-01-02,258888.0,0.06,66.57,66.13,0.44,1,41.0,,,,0.65,0.36
COJ18,2018,2,1,2018,2018-01-03,275547.0,0.06,67.84,67.29,0.55,2,40.0,6.43,0.0,,0.65,0.36
COJ18,2018,2,1,2018,2018-01-04,281953.0,0.06,68.07,67.51,0.56,3,39.0,2.32,0.0,,0.65,0.36
COJ18,2018,2,1,2018,2018-01-05,294582.0,0.05,67.62,67.1,0.52,4,38.0,4.48,-0.01,,0.65,0.36
COJ18,2018,2,1,2018,2018-01-08,309699.0,0.05,67.78,67.31,0.47,5,37.0,5.13,0.0,,0.65,0.36
COJ18,2018,2,1,2018,2018-01-09,340874.0,0.03,68.82,68.34,0.48,6,36.0,10.07,-0.02,,0.65,0.36
COJ18,2018,2,1,2018,2018-01-10,364398.0,0.02,69.2,68.73,0.47,7,35.0,6.9,-0.01,,0.65,0.36
COJ18,2018,2,1,2018,2018-01-11,394356.0,0.04,69.26,68.77,0.49,8,34.0,8.22,0.02,,0.65,0.36
COJ18,2018,2,1,2018,2018-01-12,430692.0,0.03,69.87,69.38,0.49,9,33.0,9.21,-0.01,,0.65,0.36
COJ18,2018,2,1,2018,2018-01-15,434451.0,0.04,70.26,69.83,0.43,10,32.0,0.87,0.01,,0.65,0.36
COJ18,2018,2,1,2018,2018-01-16,460611.0,0.03,69.15,68.78,0.37,11,31.0,6.02,-0.01,,0.65,0.36
COJ18,2018,2,1,2018,2018-01-17,479564.0,0.02,69.38,69.0,0.38,12,30.0,4.11,-0.01,,0.65,0.36
COJ18,2018,2,1,2018,2018-01-18,484651.0,0.02,69.31,68.92,0.39,13,29.0,1.06,0.0,,0.65,0.36
COJ18,2018,2,1,2018,2018-01-19,506693.0,0.04,68.61,68.24,0.37,14,28.0,4.55,0.02,,0.65,0.36
COJ18,2018,2,1,2018,2018-01-22,525122.0,0.05,69.03,68.63,0.4,15,27.0,3.64,0.01,,0.65,0.36
COJ18,2018,2,1,2018,2018-01-23,582344.0,0.03,69.96,69.54,0.42,16,26.0,10.9,-0.02,,0.65,0.36
COJ18,2018,2,1,2018,2018-01-24,604286.0,0.03,70.53,70.02,0.51,17,25.0,3.77,0.0,,0.65,0.36
COJ18,2018,2,1,2018,2018-01-25,609573.0,0.03,70.42,69.97,0.45,18,24.0,0.87,0.0,,0.65,0.36
COJ18,2018,2,1,2018,2018-01-26,619070.0,0.01,70.52,70.15,0.37,19,23.0,1.56,-0.02,,0.65,0.36
COJ18,2018,2,1,2018,2018-01-29,621039.0,-0.01,69.46,69.2,0.26,20,22.0,0.32,-0.02,,0.65,0.36
COJ18,2018,2,1,2018,2018-01-30,622213.0,0.0,69.02,68.52,0.5,21,21.0,0.19,0.01,,0.65,0.36
COJ18,2018,2,1,2018,2018-01-31,619563.0,-0.01,69.05,68.89,0.16,22,20.0,-0.43,-0.01,,0.65,0.36
COJ18,2018,1,2,2018,2018-02-01,619898.0,-0.03,69.65,69.35,0.3,1,19.0,,,pre_roll,0.65,0.36
COJ18,2018,1,2,2018,2018-02-02,598047.0,-0.05,68.58,68.28,0.3,2,18.0,-3.52,-0.02,during_roll,0.65,0.36
COJ18,2018,1,2,2018,2018-02-05,560630.0,-0.01,67.62,67.28,0.34,3,17.0,-6.26,0.04,during_roll,0.65,0.36
COJ18,2018,1,2,2018,2018-02-06,544513.0,0.01,66.86,66.48,0.38,4,16.0,-2.87,0.02,during_roll,0.65,0.36
COJ18,2018,1,2,2018,2018-02-07,488637.0,0.0,65.51,65.15,0.36,5,15.0,-10.26,-0.01,during_roll,0.65,0.36
COJ18,2018,1,2,2018,2018-02-08,457424.0,0.01,64.81,64.49,0.32,6,14.0,-6.39,0.01,during_roll,0.65,0.36
COJ18,2018,1,2,2018,2018-02-09,415345.0,-0.01,62.79,62.48,0.31,7,13.0,-9.2,-0.02,during_roll,0.65,0.36
COJ18,2018,1,2,2018,2018-02-12,383168.0,-0.03,62.59,62.33,0.26,8,12.0,-7.75,-0.02,during_roll,0.65,0.36
COJ18,2018,1,2,2018,2018-02-13,353897.0,-0.01,62.72,62.44,0.28,9,11.0,-7.64,0.02,during_roll,0.65,0.36
COJ18,2018,1,2,2018,2018-02-14,307693.0,0.0,64.36,64.02,0.34,10,10.0,-13.06,0.01,during_roll,0.65,0.36
COJ18,2018,1,2,2018,2018-02-15,283166.0,0.01,64.33,64.0,0.33,11,9.0,-7.97,0.01,during_roll,0.65,0.36
COJ18,2018,1,2,2018,2018-02-16,264457.0,-0.01,64.84,64.53,0.31,12,8.0,-6.61,-0.02,during_roll,0.65,0.36
COJ18,2018,1,2,2018,2018-02-19,256595.0,-0.03,65.67,65.39,0.28,13,7.0,-2.97,-0.02,during_roll,0.65,0.36
COJ18,2018,1,2,2018,2018-02-20,219385.0,-0.06,65.25,65.05,0.2,14,6.0,-14.5,-0.03,during_roll,0.65,0.36
COJ18,2018,1,2,2018,2018-02-21,201691.0,-0.0,65.42,65.15,0.27,15,5.0,-8.07,0.06,during_roll,0.65,0.36
COJ18,2018,1,2,2018,2018-02-22,178125.0,0.0,66.39,66.11,0.28,16,4.0,-11.68,0.0,during_roll,0.65,0.36
COJ18,2018,1,2,2018,2018-02-23,139887.0,-0.0,67.31,67.04,0.27,17,3.0,-21.47,-0.0,during_roll,0.65,0.36
COJ18,2018,1,2,2018,2018-02-26,102895.0,-0.04,67.5,67.29,0.21,18,2.0,-26.44,-0.04,during_roll,0.65,0.36
COJ18,2018,1,2,2018,2018-02-27,67082.0,-0.13,66.63,66.52,0.11,19,1.0,-34.81,-0.09,during_roll,0.65,0.36
COJ18,2018,1,2,2018,2018-02-28,67082.0,0.78,65.78,64.73,1.05,20,0.0,0.0,0.91,during_roll,0.65,0.36
COJ19,2019,3,12,2018,2018-12-03,115733.0,-0.04,61.69,61.82,-0.13,1,61.0,,,,-0.63,-0.39
COJ19,2019,3,12,2018,2018-12-04,117422.0,-0.03,62.08,62.22,-0.14,2,60.0,1.46,0.01,,-0.63,-0.39
COJ19,2019,3,12,2018,2018-12-05,123765.0,-0.04,61.56,61.76,-0.2,3,59.0,5.4,-0.01,,-0.63,-0.39
COJ19,2019,3,12,2018,2018-12-06,118172.0,-0.04,60.06,60.33,-0.27,4,58.0,-4.52,0.0,,-0.63,-0.39
COJ19,2019,3,12,2018,2018-12-07,124802.0,-0.04,61.67,61.85,-0.18,5,57.0,5.61,0.0,,-0.63,-0.39
COJ19,2019,3,12,2018,2018-12-10,128970.0,-0.05,59.97,60.1,-0.13,6,56.0,3.34,-0.01,,-0.63,-0.39
COJ19,2019,3,12,2018,2018-12-11,135329.0,-0.06,60.2,60.35,-0.15,7,55.0,4.93,-0.01,,-0.63,-0.39
COJ19,2019,3,12,2018,2018-12-12,135570.0,-0.04,60.15,60.27,-0.12,8,54.0,0.18,0.02,,-0.63,-0.39
COJ19,2019,3,12,2018,2018-12-13,135093.0,-0.04,61.45,61.58,-0.13,9,53.0,-0.35,0.0,,-0.63,-0.39
COJ19,2019,3,12,2018,2018-12-14,142367.0,-0.04,60.28,60.4,-0.12,10,52.0,5.38,0.0,,-0.63,-0.39
COJ19,2019,3,12,2018,2018-12-17,156029.0,-0.03,59.61,59.66,-0.05,11,51.0,9.6,0.01,,-0.63,-0.39
COJ19,2019,3,12,2018,2018-12-18,158421.0,-0.03,56.26,56.23,0.03,12,50.0,1.53,0.0,,-0.63,-0.39
COJ19,2019,3,12,2018,2018-12-19,158364.0,-0.02,57.24,57.45,-0.21,13,49.0,-0.04,0.01,,-0.63,-0.39
COJ19,2019,3,12,2018,2018-12-20,175220.0,-0.03,54.35,54.65,-0.3,14,48.0,10.64,-0.01,,-0.63,-0.39
COJ19,2019,3,12,2018,2018-12-21,177327.0,-0.03,53.82,54.1,-0.28,15,47.0,1.2,0.0,,-0.63,-0.39
COJ19,2019,3,12,2018,2018-12-24,178500.0,-0.03,50.47,50.77,-0.3,16,46.0,0.66,0.0,,-0.63,-0.39
COJ19,2019,3,12,2018,2018-12-25,179521.0,-0.04,54.47,54.76,-0.29,17,45.0,0.57,-0.01,,-0.63,-0.39
COJ19,2019,3,12,2018,2018-12-26,180542.0,-0.04,54.47,54.76,-0.29,18,44.0,0.57,0.0,,-0.63,-0.39
COJ19,2019,3,12,2018,2018-12-27,178776.0,-0.03,52.16,52.73,-0.57,19,43.0,-0.98,0.01,,-0.63,-0.39
COJ19,2019,3,12,2018,2018-12-28,184503.0,-0.05,52.2,53.21,-1.01,20,42.0,3.2,-0.02,,-0.63,-0.39
COJ19,2019,2,1,2019,2019-01-02,190280.0,-0.03,54.91,55.15,-0.24,1,41.0,,,,-0.63,-0.39
COJ19,2019,2,1,2019,2019-01-03,196043.0,-0.03,55.95,56.14,-0.19,2,40.0,3.03,0.0,,-0.63,-0.39
COJ19,2019,2,1,2019,2019-01-04,192732.0,-0.03,57.06,57.21,-0.15,3,39.0,-1.69,0.0,,-0.63,-0.39
COJ19,2019,2,1,2019,2019-01-07,202302.0,-0.02,57.33,57.55,-0.22,4,38.0,4.97,0.01,,-0.63,-0.39
COJ19,2019,2,1,2019,2019-01-08,210297.0,-0.02,58.72,58.89,-0.17,5,37.0,3.95,0.0,,-0.63,-0.39
COJ19,2019,2,1,2019,2019-01-09,220316.0,-0.03,61.44,61.6,-0.16,6,36.0,4.76,-0.01,,-0.63,-0.39
COJ19,2019,2,1,2019,2019-01-10,240529.0,-0.03,61.68,61.81,-0.13,7,35.0,9.17,0.0,,-0.63,-0.39
COJ19,2019,2,1,2019,2019-01-11,261772.0,-0.05,60.48,60.63,-0.15,8,34.0,8.83,-0.02,,-0.63,-0.39
COJ19,2019,2,1,2019,2019-01-14,280915.0,-0.07,58.99,59.18,-0.19,9,33.0,7.31,-0.02,,-0.63,-0.39
COJ19,2019,2,1,2019,2019-01-15,287969.0,-0.07,60.64,60.78,-0.14,10,32.0,2.51,0.0,,-0.63,-0.39
COJ19,2019,2,1,2019,2019-01-16,297666.0,-0.03,61.32,61.34,-0.02,11,31.0,3.37,0.04,,-0.63,-0.39
COJ19,2019,2,1,2019,2019-01-17,314456.0,-0.04,61.18,61.16,0.02,12,30.0,5.64,-0.01,,-0.63,-0.39
COJ19,2019,2,1,2019,2019-01-18,318906.0,0.0,62.7,62.59,0.11,13,29.0,1.42,0.04,,-0.63,-0.39
COJ19,2019,2,1,2019,2019-01-21,323580.0,-0.01,62.74,62.57,0.17,14,28.0,1.47,-0.01,,-0.63,-0.39
COJ19,2019,2,1,2019,2019-01-22,345028.0,-0.02,61.5,61.38,0.12,15,27.0,6.63,-0.01,,-0.63,-0.39
COJ19,2019,2,1,2019,2019-01-23,358130.0,-0.01,61.14,61.03,0.11,16,26.0,3.8,0.01,,-0.63,-0.39
COJ19,2019,2,1,2019,2019-01-24,373369.0,-0.03,61.09,61.16,-0.07,17,25.0,4.26,-0.02,,-0.63,-0.39
COJ19,2019,2,1,2019,2019-01-25,397835.0,-0.03,61.64,61.59,0.05,18,24.0,6.55,0.0,,-0.63,-0.39
COJ19,2019,2,1,2019,2019-01-28,411222.0,-0.01,59.93,59.81,0.12,19,23.0,3.36,0.02,,-0.63,-0.39
COJ19,2019,2,1,2019,2019-01-29,434547.0,-0.02,61.32,61.2,0.12,20,22.0,5.67,-0.01,,-0.63,-0.39
COJ19,2019,2,1,2019,2019-01-30,445678.0,-0.02,61.65,61.54,0.11,21,21.0,2.56,0.0,,-0.63,-0.39
COJ19,2019,2,1,2019,2019-01-31,449665.0,0.0,61.89,60.84,1.05,22,20.0,0.89,0.02,,-0.63,-0.39
COJ19,2019,1,2,2019,2019-02-01,449502.0,0.02,62.75,62.79,-0.04,1,19.0,,,pre_roll,-0.63,-0.39
COJ19,2019,1,2,2019,2019-02-04,432864.0,0.01,62.51,62.58,-0.07,2,18.0,-3.7,-0.01,during_roll,-0.63,-0.39
COJ19,2019,1,2,2019,2019-02-05,418746.0,-0.0,61.98,62.07,-0.09,3,17.0,-3.26,-0.01,during_roll,-0.63,-0.39
COJ19,2019,1,2,2019,2019-02-06,411612.0,-0.0,62.69,62.74,-0.05,4,16.0,-1.7,0.0,during_roll,-0.63,-0.39
COJ19,2019,1,2,2019,2019-02-07,400777.0,0.03,61.63,61.63,0.0,5,15.0,-2.63,0.03,during_roll,-0.63,-0.39
COJ19,2019,1,2,2019,2019-02-08,377459.0,0.06,62.1,62.03,0.07,6,14.0,-5.82,0.03,during_roll,-0.63,-0.39
COJ19,2019,1,2,2019,2019-02-11,340254.0,0.02,61.51,61.52,-0.01,7,13.0,-9.86,-0.04,during_roll,-0.63,-0.39
COJ19,2019,1,2,2019,2019-02-12,336305.0,0.01,62.42,62.4,0.02,8,12.0,-1.16,-0.01,during_roll,-0.63,-0.39
COJ19,2019,1,2,2019,2019-02-13,331419.0,-0.02,63.61,63.58,0.03,9,11.0,-1.45,-0.03,during_roll,-0.63,-0.39
COJ19,2019,1,2,2019,2019-02-14,326790.0,-0.06,64.57,64.52,0.05,10,10.0,-1.4,-0.04,during_roll,-0.63,-0.39
COJ19,2019,1,2,2019,2019-02-15,314223.0,-0.07,66.25,66.22,0.03,11,9.0,-3.85,-0.01,during_roll,-0.63,-0.39
COJ19,2019,1,2,2019,2019-02-18,297958.0,-0.08,66.5,66.5,0.0,12,8.0,-5.18,-0.01,during_roll,-0.63,-0.39
COJ19,2019,1,2,2019,2019-02-19,262530.0,-0.09,66.45,66.47,-0.02,13,7.0,-11.89,-0.01,during_roll,-0.63,-0.39
COJ19,2019,1,2,2019,2019-02-20,221659.0,-0.13,67.08,67.13,-0.05,14,6.0,-15.57,-0.04,during_roll,-0.63,-0.39
COJ19,2019,1,2,2019,2019-02-21,180153.0,-0.19,67.07,67.19,-0.12,15,5.0,-18.73,-0.06,during_roll,-0.63,-0.39
COJ19,2019,1,2,2019,2019-02-22,162400.0,-0.2,67.12,67.25,-0.13,16,4.0,-9.85,-0.01,during_roll,-0.63,-0.39
COJ19,2019,1,2,2019,2019-02-25,127974.0,-0.18,64.76,64.91,-0.15,17,3.0,-21.2,0.02,during_roll,-0.63,-0.39
COJ19,2019,1,2,2019,2019-02-26,101393.0,-0.16,65.21,65.36,-0.15,18,2.0,-20.77,0.02,during_roll,-0.63,-0.39
COJ19,2019,1,2,2019,2019-02-27,49746.0,-0.2,66.39,66.58,-0.19,19,1.0,-50.94,-0.04,during_roll,-0.63,-0.39
COJ19,2019,1,2,2019,2019-02-28,49746.0,-0.26,66.03,66.31,-0.28,20,0.0,0.0,-0.06,during_roll,-0.63,-0.39
COJ20,2020,3,12,2019,2019-12-02,133393.0,0.03,60.92,60.23,0.69,1,62.0,,,,1.3,1.36
COJ20,2020,3,12,2019,2019-12-03,136097.0,0.02,60.82,60.11,0.71,2,61.0,2.03,-0.01,,1.3,1.36
COJ20,2020,3,12,2019,2019-12-04,142508.0,0.04,63.0,62.2,0.8,3,60.0,4.71,0.02,,1.3,1.36
COJ20,2020,3,12,2019,2019-12-05,147265.0,0.07,63.39,62.48,0.91,4,59.0,3.34,0.03,,1.3,1.36
COJ20,2020,3,12,2019,2019-12-06,153329.0,0.08,64.39,63.39,1.0,5,58.0,4.12,0.01,,1.3,1.36
COJ20,2020,3,12,2019,2019-12-09,158856.0,0.08,64.25,63.28,0.97,6,57.0,3.6,0.0,,1.3,1.36
COJ20,2020,3,12,2019,2019-12-10,160041.0,0.06,64.34,63.46,0.88,7,56.0,0.75,-0.02,,1.3,1.36
COJ20,2020,3,12,2019,2019-12-11,170286.0,0.07,63.72,62.82,0.9,8,55.0,6.4,0.01,,1.3,1.36
COJ20,2020,3,12,2019,2019-12-12,181428.0,0.06,64.2,63.28,0.92,9,54.0,6.54,-0.01,,1.3,1.36
COJ20,2020,3,12,2019,2019-12-13,187659.0,0.03,65.22,64.25,0.97,10,53.0,3.43,-0.03,,1.3,1.36
COJ20,2020,3,12,2019,2019-12-16,192498.0,0.03,65.34,64.41,0.93,11,52.0,2.58,0.0,,1.3,1.36
COJ20,2020,3,12,2019,2019-12-17,200873.0,0.02,66.1,65.15,0.95,12,51.0,4.35,-0.01,,1.3,1.36
COJ20,2020,3,12,2019,2019-12-18,204213.0,0.03,66.17,65.23,0.94,13,50.0,1.66,0.01,,1.3,1.36
COJ20,2020,3,12,2019,2019-12-19,210885.0,0.02,66.54,65.59,0.95,14,49.0,3.27,-0.01,,1.3,1.36
COJ20,2020,3,12,2019,2019-12-20,212515.0,0.01,66.14,65.2,0.94,15,48.0,0.77,-0.01,,1.3,1.36
COJ20,2020,3,12,2019,2019-12-23,217451.0,0.02,66.39,65.42,0.97,16,47.0,2.32,0.01,,1.3,1.36
COJ20,2020,3,12,2019,2019-12-24,225118.0,0.01,67.2,66.16,1.04,17,46.0,3.53,-0.01,,1.3,1.36
COJ20,2020,3,12,2019,2019-12-25,225118.0,0.01,67.92,66.76,1.16,18,45.0,0.0,0.0,,1.3,1.36
COJ20,2020,3,12,2019,2019-12-26,225118.0,0.01,67.92,66.76,1.16,19,44.0,0.0,0.0,,1.3,1.36
COJ20,2020,3,12,2019,2019-12-27,220666.0,0.03,68.16,66.87,1.29,20,43.0,-1.98,0.02,,1.3,1.36
COJ20,2020,3,12,2019,2019-12-30,227072.0,0.01,68.44,66.67,1.77,21,42.0,2.9,-0.02,,1.3,1.36
COJ20,2020,2,1,2020,2020-01-02,232968.0,0.02,66.25,65.56,0.69,1,41.0,,,,1.3,1.36
COJ20,2020,2,1,2020,2020-01-03,234327.0,0.04,68.6,67.76,0.84,2,40.0,0.58,0.02,,1.3,1.36
COJ20,2020,2,1,2020,2020-01-06,247532.0,0.04,68.91,68.07,0.84,3,39.0,5.64,0.0,,1.3,1.36
COJ20,2020,2,1,2020,2020-01-07,263386.0,0.02,68.27,67.57,0.7,4,38.0,6.4,-0.02,,1.3,1.36
COJ20,2020,2,1,2020,2020-01-08,278263.0,0.01,65.44,64.79,0.65,5,37.0,5.65,-0.01,,1.3,1.36
COJ20,2020,2,1,2020,2020-01-09,297871.0,0.03,65.37,64.66,0.71,6,36.0,7.05,0.02,,1.3,1.36
COJ20,2020,2,1,2020,2020-01-10,316814.0,0.01,64.98,64.25,0.73,7,35.0,6.36,-0.02,,1.3,1.36
COJ20,2020,2,1,2020,2020-01-13,330549.0,0.01,64.2,63.48,0.72,8,34.0,4.34,0.0,,1.3,1.36
COJ20,2020,2,1,2020,2020-01-14,348575.0,0.04,64.49,63.71,0.78,9,33.0,5.45,0.03,,1.3,1.36
COJ20,2020,2,1,2020,2020-01-15,364127.0,0.05,64.0,63.21,0.79,10,32.0,4.46,0.01,,1.3,1.36
COJ20,2020,2,1,2020,2020-01-16,377395.0,0.04,64.62,63.81,0.81,11,31.0,3.64,-0.01,,1.3,1.36
COJ20,2020,2,1,2020,2020-01-17,410349.0,0.04,64.85,64.03,0.82,12,30.0,8.73,0.0,,1.3,1.36
COJ20,2020,2,1,2020,2020-01-20,423885.0,0.04,65.2,64.34,0.86,13,29.0,3.3,0.0,,1.3,1.36
COJ20,2020,2,1,2020,2020-01-21,447903.0,0.04,64.59,63.83,0.76,14,28.0,5.67,0.0,,1.3,1.36
COJ20,2020,2,1,2020,2020-01-22,459775.0,0.04,63.21,62.45,0.76,15,27.0,2.65,0.0,,1.3,1.36
COJ20,2020,2,1,2020,2020-01-23,512850.0,0.05,62.04,61.28,0.76,16,26.0,11.54,0.01,,1.3,1.36
COJ20,2020,2,1,2020,2020-01-24,545929.0,0.09,60.69,59.89,0.8,17,25.0,6.45,0.04,,1.3,1.36
COJ20,2020,2,1,2020,2020-01-27,553956.0,0.09,59.32,58.58,0.74,18,24.0,1.47,0.0,,1.3,1.36
COJ20,2020,2,1,2020,2020-01-28,548136.0,0.08,59.51,58.81,0.7,19,23.0,-1.05,-0.01,,1.3,1.36
COJ20,2020,2,1,2020,2020-01-29,547239.0,0.11,59.81,58.91,0.9,20,22.0,-0.16,0.03,,1.3,1.36
COJ20,2020,2,1,2020,2020-01-30,530434.0,0.03,58.29,57.33,0.96,21,21.0,-3.07,-0.08,,1.3,1.36
COJ20,2020,2,1,2020,2020-01-31,526680.0,0.02,58.16,56.62,1.54,22,20.0,-0.71,-0.01,,1.3,1.36
COJ20,2020,1,2,2020,2020-02-03,481495.0,-0.04,54.45,54.61,-0.16,1,19.0,,,pre_roll,1.3,1.36
COJ20,2020,1,2,2020,2020-02-04,449213.0,-0.04,53.96,54.13,-0.17,2,18.0,-6.7,0.0,during_roll,1.3,1.36
COJ20,2020,1,2,2020,2020-02-05,429817.0,-0.02,55.28,55.43,-0.15,3,17.0,-4.32,0.02,during_roll,1.3,1.36
COJ20,2020,1,2,2020,2020-02-06,409084.0,-0.01,54.93,55.26,-0.33,4,16.0,-4.82,0.01,during_roll,1.3,1.36
COJ20,2020,1,2,2020,2020-02-07,384964.0,0.03,54.47,54.8,-0.33,5,15.0,-5.9,0.04,during_roll,1.3,1.36
COJ20,2020,1,2,2020,2020-02-10,371460.0,0.08,53.27,53.57,-0.3,6,14.0,-3.51,0.05,during_roll,1.3,1.36
COJ20,2020,1,2,2020,2020-02-11,340526.0,0.09,54.01,54.21,-0.2,7,13.0,-8.33,0.01,during_roll,1.3,1.36
COJ20,2020,1,2,2020,2020-02-12,304844.0,0.08,55.79,55.91,-0.12,8,12.0,-10.48,-0.01,during_roll,1.3,1.36
COJ20,2020,1,2,2020,2020-02-13,289161.0,0.12,56.34,56.38,-0.04,9,11.0,-5.14,0.04,during_roll,1.3,1.36
COJ20,2020,1,2,2020,2020-02-14,276882.0,0.17,57.32,57.2,0.12,10,10.0,-4.25,0.05,during_roll,1.3,1.36
COJ20,2020,1,2,2020,2020-02-17,265692.0,0.19,57.67,57.49,0.18,11,9.0,-4.04,0.02,during_roll,1.3,1.36
COJ20,2020,1,2,2020,2020-02-18,246635.0,0.25,57.75,57.51,0.24,12,8.0,-7.17,0.06,during_roll,1.3,1.36
COJ20,2020,1,2,2020,2020-02-19,243288.0,0.26,59.12,58.72,0.4,13,7.0,-1.36,0.01,during_roll,1.3,1.36
COJ20,2020,1,2,2020,2020-02-20,207062.0,0.28,59.31,58.8,0.51,14,6.0,-14.89,0.02,during_roll,1.3,1.36
COJ20,2020,1,2,2020,2020-02-21,186070.0,0.34,58.5,57.94,0.56,15,5.0,-10.14,0.06,during_roll,1.3,1.36
COJ20,2020,1,2,2020,2020-02-24,173944.0,0.51,56.3,55.77,0.53,16,4.0,-6.52,0.17,during_roll,1.3,1.36
COJ20,2020,1,2,2020,2020-02-25,143792.0,0.66,54.95,54.26,0.69,17,3.0,-17.33,0.15,during_roll,1.3,1.36
COJ20,2020,1,2,2020,2020-02-26,105836.0,0.61,53.43,52.81,0.62,18,2.0,-26.4,-0.05,during_roll,1.3,1.36
COJ20,2020,1,2,2020,2020-02-27,68422.0,0.39,52.18,51.73,0.45,19,1.0,-35.35,-0.22,during_roll,1.3,1.36
COJ20,2020,1,2,2020,2020-02-28,,0.77,50.52,49.67,0.85,20,0.0,0.0,0.38,during_roll,1.3,1.36
COJ21,2021,3,12,2020,2020-12-01,171973.0,-0.02,47.42,47.4,0.02,1,60.0,,,,-0.22,-0.21
COJ21,2021,3,12,2020,2020-12-02,175332.0,-0.02,48.25,48.19,0.06,2,59.0,1.95,0.0,,-0.22,-0.21
COJ21,2021,3,12,2020,2020-12-03,186282.0,-0.02,48.71,48.6,0.11,3,58.0,6.25,0.0,,-0.22,-0.21
COJ21,2021,3,12,2020,2020-12-04,191155.0,-0.04,49.25,49.19,0.06,4,57.0,2.62,-0.02,,-0.22,-0.21
COJ21,2021,3,12,2020,2020-12-07,192207.0,-0.04,48.79,48.8,-0.01,5,56.0,0.55,0.0,,-0.22,-0.21
COJ21,2021,3,12,2020,2020-12-08,207101.0,-0.03,48.84,48.81,0.03,6,55.0,7.75,0.01,,-0.22,-0.21
COJ21,2021,3,12,2020,2020-12-09,215269.0,-0.01,48.86,48.77,0.09,7,54.0,3.94,0.02,,-0.22,-0.21
COJ21,2021,3,12,2020,2020-12-10,219043.0,0.0,50.25,50.12,0.13,8,53.0,1.75,0.01,,-0.22,-0.21
COJ21,2021,3,12,2020,2020-12-11,226817.0,-0.01,49.97,49.9,0.07,9,52.0,3.55,-0.01,,-0.22,-0.21
COJ21,2021,3,12,2020,2020-12-14,224707.0,-0.02,50.29,50.25,0.04,10,51.0,-0.93,-0.01,,-0.22,-0.21
COJ21,2021,3,12,2020,2020-12-15,226044.0,-0.02,50.76,50.71,0.05,11,50.0,0.59,0.0,,-0.22,-0.21
COJ21,2021,3,12,2020,2020-12-16,223823.0,-0.03,51.08,51.06,0.02,12,49.0,-0.98,-0.01,,-0.22,-0.21
COJ21,2021,3,12,2020,2020-12-17,211941.0,-0.04,51.5,51.56,-0.06,13,48.0,-5.31,-0.01,,-0.22,-0.21
COJ21,2021,3,12,2020,2020-12-18,221126.0,-0.04,52.26,52.26,0.0,14,47.0,4.33,0.0,,-0.22,-0.21
COJ21,2021,3,12,2020,2020-12-21,224161.0,-0.07,50.91,50.98,-0.07,15,46.0,1.37,-0.03,,-0.22,-0.21
COJ21,2021,3,12,2020,2020-12-22,231634.0,-0.06,50.08,50.16,-0.08,16,45.0,3.33,0.01,,-0.22,-0.21
COJ21,2021,3,12,2020,2020-12-23,236825.0,-0.07,51.2,51.24,-0.04,17,44.0,2.24,-0.01,,-0.22,-0.21
COJ21,2021,3,12,2020,2020-12-24,240032.0,-0.07,51.29,51.34,-0.05,18,43.0,1.35,0.0,,-0.22,-0.21
COJ21,2021,3,12,2020,2020-12-28,245578.0,-0.08,50.86,50.9,-0.04,19,42.0,2.31,-0.01,,-0.22,-0.21
COJ21,2021,3,12,2020,2020-12-29,250004.0,-0.08,51.09,51.23,-0.14,20,41.0,1.8,0.0,,-0.22,-0.21
COJ21,2021,3,12,2020,2020-12-30,261943.0,-0.08,51.34,51.63,-0.29,21,40.0,4.78,0.0,,-0.22,-0.21
COJ21,2021,2,1,2021,2021-01-04,274352.0,-0.08,51.09,51.16,-0.07,1,39.0,,,,-0.22,-0.21
COJ21,2021,2,1,2021,2021-01-05,265294.0,-0.08,53.6,53.54,0.06,2,38.0,-3.3,0.0,,-0.22,-0.21
COJ21,2021,2,1,2021,2021-01-06,272883.0,-0.07,54.3,54.18,0.12,3,37.0,2.86,0.01,,-0.22,-0.21
COJ21,2021,2,1,2021,2021-01-07,279264.0,-0.07,54.38,54.3,0.08,4,36.0,2.34,0.0,,-0.22,-0.21
COJ21,2021,2,1,2021,2021-01-08,305779.0,-0.06,55.99,55.83,0.16,5,35.0,9.49,0.01,,-0.22,-0.21
COJ21,2021,2,1,2021,2021-01-11,327770.0,-0.08,55.66,55.59,0.07,6,34.0,7.19,-0.02,,-0.22,-0.21
COJ21,2021,2,1,2021,2021-01-12,342814.0,-0.08,56.58,56.49,0.09,7,33.0,4.59,0.0,,-0.22,-0.21
COJ21,2021,2,1,2021,2021-01-13,368890.0,-0.09,56.06,56.04,0.02,8,32.0,7.61,-0.01,,-0.22,-0.21
COJ21,2021,2,1,2021,2021-01-14,401241.0,-0.1,56.42,56.39,0.03,9,31.0,8.77,-0.01,,-0.22,-0.21
COJ21,2021,2,1,2021,2021-01-15,424240.0,-0.1,55.1,55.13,-0.03,10,30.0,5.73,0.0,,-0.22,-0.21
COJ21,2021,2,1,2021,2021-01-18,429280.0,-0.09,54.75,54.75,0.0,11,29.0,1.19,0.01,,-0.22,-0.21
COJ21,2021,2,1,2021,2021-01-19,436268.0,-0.08,55.9,55.84,0.06,12,28.0,1.63,0.01,,-0.22,-0.21
COJ21,2021,2,1,2021,2021-01-20,465951.0,-0.07,56.08,55.97,0.11,13,27.0,6.8,0.01,,-0.22,-0.21
COJ21,2021,2,1,2021,2021-01-21,522348.0,-0.05,56.1,55.98,0.12,14,26.0,12.1,0.02,,-0.22,-0.21
COJ21,2021,2,1,2021,2021-01-22,538378.0,-0.04,55.41,55.25,0.16,15,25.0,3.07,0.01,,-0.22,-0.21
COJ21,2021,2,1,2021,2021-01-25,542527.0,-0.05,55.88,55.68,0.2,16,24.0,0.77,-0.01,,-0.22,-0.21
COJ21,2021,2,1,2021,2021-01-26,550048.0,-0.05,55.91,55.64,0.27,17,23.0,1.39,0.0,,-0.22,-0.21
COJ21,2021,2,1,2021,2021-01-27,552575.0,-0.04,55.81,55.53,0.28,18,22.0,0.46,0.01,,-0.22,-0.21
COJ21,2021,2,1,2021,2021-01-28,565119.0,-0.05,55.53,55.1,0.43,19,21.0,2.27,-0.01,,-0.22,-0.21
COJ21,2021,2,1,2021,2021-01-29,546537.0,-0.03,55.88,55.04,0.84,20,20.0,-3.29,0.02,,-0.22,-0.21
COJ21,2021,1,2,2021,2021-02-01,539484.0,-0.04,56.35,56.1,0.25,1,19.0,,,pre_roll,-0.22,-0.21
COJ21,2021,1,2,2021,2021-02-02,537998.0,-0.06,57.46,57.2,0.26,2,18.0,-0.28,-0.02,pre_roll,-0.22,-0.21
COJ21,2021,1,2,2021,2021-02-03,521834.0,-0.06,58.46,58.17,0.29,3,17.0,-3.0,0.0,during_roll,-0.22,-0.21
COJ21,2021,1,2,2021,2021-02-04,514071.0,-0.09,58.84,58.57,0.27,4,16.0,-1.49,-0.03,during_roll,-0.22,-0.21
COJ21,2021,1,2,2021,2021-02-05,486461.0,-0.1,59.34,59.08,0.26,5,15.0,-5.37,-0.01,during_roll,-0.22,-0.21
COJ21,2021,1,2,2021,2021-02-08,467407.0,-0.11,60.56,60.27,0.29,6,14.0,-3.92,-0.01,during_roll,-0.22,-0.21
COJ21,2021,1,2,2021,2021-02-09,456449.0,-0.07,61.09,60.71,0.38,7,13.0,-2.34,0.04,during_roll,-0.22,-0.21
COJ21,2021,1,2,2021,2021-02-10,430805.0,-0.07,61.47,61.07,0.4,8,12.0,-5.62,0.0,during_roll,-0.22,-0.21
COJ21,2021,1,2,2021,2021-02-11,426886.0,-0.05,61.14,60.71,0.43,9,11.0,-0.91,0.02,during_roll,-0.22,-0.21
COJ21,2021,1,2,2021,2021-02-12,415893.0,-0.01,62.43,61.88,0.55,10,10.0,-2.58,0.04,during_roll,-0.22,-0.21
COJ21,2021,1,2,2021,2021-02-15,399197.0,-0.02,63.3,62.72,0.58,11,9.0,-4.01,-0.01,during_roll,-0.22,-0.21
COJ21,2021,1,2,2021,2021-02-16,374090.0,0.0,63.35,62.76,0.59,12,8.0,-6.29,0.02,during_roll,-0.22,-0.21
COJ21,2021,1,2,2021,2021-02-17,346683.0,0.05,64.34,63.6,0.74,13,7.0,-7.33,0.05,during_roll,-0.22,-0.21
COJ21,2021,1,2,2021,2021-02-18,287100.0,0.08,63.93,63.15,0.78,14,6.0,-17.19,0.03,during_roll,-0.22,-0.21
COJ21,2021,1,2,2021,2021-02-19,243370.0,0.14,62.91,62.14,0.77,15,5.0,-15.23,0.06,during_roll,-0.22,-0.21
COJ21,2021,1,2,2021,2021-02-22,221779.0,0.21,65.24,64.36,0.88,16,4.0,-8.87,0.07,during_roll,-0.22,-0.21
COJ21,2021,1,2,2021,2021-02-23,169527.0,0.25,65.37,64.48,0.89,17,3.0,-23.56,0.04,during_roll,-0.22,-0.21
COJ21,2021,1,2,2021,2021-02-24,132777.0,0.21,67.04,66.18,0.86,18,2.0,-21.68,-0.04,during_roll,-0.22,-0.21
COJ21,2021,1,2,2021,2021-02-25,75039.0,0.14,66.88,66.11,0.77,19,1.0,-43.48,-0.07,during_roll,-0.22,-0.21
COJ21,2021,1,2,2021,2021-02-26,,1.02,66.13,64.42,1.71,20,0.0,0.0,0.88,during_roll,-0.22,-0.21
COJ22,2022,3,12,2021,2021-12-01,142863.0,-0.04,68.87,68.57,0.3,1,62.0,,,,0.99,1.15
COJ22,2022,3,12,2021,2021-12-02,140029.0,-0.02,69.67,69.32,0.35,2,61.0,-1.98,0.02,,0.99,1.15
COJ22,2022,3,12,2021,2021-12-03,153217.0,-0.01,69.88,69.51,0.37,3,60.0,9.42,0.01,,0.99,1.15
COJ22,2022,3,12,2021,2021-12-06,155363.0,0.01,73.08,72.69,0.39,4,59.0,1.4,0.02,,0.99,1.15
COJ22,2022,3,12,2021,2021-12-07,151595.0,-0.0,75.44,75.1,0.34,5,58.0,-2.43,-0.01,,0.99,1.15
COJ22,2022,3,12,2021,2021-12-08,159277.0,0.01,75.82,75.59,0.23,6,57.0,5.07,0.01,,0.99,1.15
COJ22,2022,3,12,2021,2021-12-09,166213.0,0.02,74.42,74.23,0.19,7,56.0,4.35,0.01,,0.99,1.15
COJ22,2022,3,12,2021,2021-12-10,168242.0,0.02,75.15,74.91,0.24,8,55.0,1.22,0.0,,0.99,1.15
COJ22,2022,3,12,2021,2021-12-13,173941.0,0.0,74.39,74.28,0.11,9,54.0,3.39,-0.02,,0.99,1.15
COJ22,2022,3,12,2021,2021-12-14,175189.0,0.0,73.7,73.63,0.07,10,53.0,0.72,0.0,,0.99,1.15
COJ22,2022,3,12,2021,2021-12-15,179160.0,-0.01,73.88,73.78,0.1,11,52.0,2.27,-0.01,,0.99,1.15
COJ22,2022,3,12,2021,2021-12-16,181759.0,-0.0,75.02,74.92,0.1,12,51.0,1.45,0.01,,0.99,1.15
COJ22,2022,3,12,2021,2021-12-17,184398.0,-0.02,73.52,73.52,0.0,13,50.0,1.45,-0.02,,0.99,1.15
COJ22,2022,3,12,2021,2021-12-20,186757.0,-0.04,71.52,71.57,-0.05,14,49.0,1.28,-0.02,,0.99,1.15
COJ22,2022,3,12,2021,2021-12-21,191644.0,-0.05,73.98,73.96,0.02,15,48.0,2.62,-0.01,,0.99,1.15
COJ22,2022,3,12,2021,2021-12-22,200196.0,-0.05,75.29,75.28,0.01,16,47.0,4.46,0.0,,0.99,1.15
COJ22,2022,3,12,2021,2021-12-23,217686.0,-0.05,76.85,76.64,0.21,17,46.0,8.74,0.0,,0.99,1.15
COJ22,2022,3,12,2021,2021-12-24,218973.0,-0.04,76.14,75.79,0.35,18,45.0,0.59,0.01,,0.99,1.15
COJ22,2022,3,12,2021,2021-12-27,223949.0,-0.04,78.6,78.22,0.38,19,44.0,2.27,0.0,,0.99,1.15
COJ22,2022,3,12,2021,2021-12-28,227416.0,-0.05,78.94,78.67,0.27,20,43.0,1.55,-0.01,,0.99,1.15
COJ22,2022,3,12,2021,2021-12-29,237198.0,-0.06,79.23,79.21,0.02,21,42.0,4.3,-0.01,,0.99,1.15
COJ22,2022,3,12,2021,2021-12-30,241476.0,-0.06,79.32,79.53,-0.21,22,41.0,1.8,0.0,,0.99,1.15
COJ22,2022,2,1,2022,2022-01-03,252148.0,-0.05,78.98,78.57,0.41,1,40.0,,,,0.99,1.15
COJ22,2022,2,1,2022,2022-01-04,262535.0,-0.04,80.0,79.55,0.45,2,39.0,4.12,0.01,,0.99,1.15
COJ22,2022,2,1,2022,2022-01-05,273319.0,0.02,80.8,80.19,0.61,3,38.0,4.11,0.06,,0.99,1.15
COJ22,2022,2,1,2022,2022-01-06,277008.0,0.06,81.99,81.29,0.7,4,37.0,1.35,0.04,,0.99,1.15
COJ22,2022,2,1,2022,2022-01-07,295701.0,0.06,81.75,81.06,0.69,5,36.0,6.75,0.0,,0.99,1.15
COJ22,2022,2,1,2022,2022-01-10,310171.0,-0.0,80.87,80.3,0.57,6,35.0,4.89,-0.06,,0.99,1.15
COJ22,2022,2,1,2022,2022-01-11,320545.0,-0.02,83.72,83.08,0.64,7,34.0,3.34,-0.02,,0.99,1.15
COJ22,2022,2,1,2022,2022-01-12,344491.0,-0.01,84.67,83.98,0.69,8,33.0,7.47,0.01,,0.99,1.15
COJ22,2022,2,1,2022,2022-01-13,370309.0,0.0,84.47,83.77,0.7,9,32.0,7.49,0.01,,0.99,1.15
COJ22,2022,2,1,2022,2022-01-14,395717.0,-0.03,86.06,85.35,0.71,10,31.0,6.86,-0.03,,0.99,1.15
COJ22,2022,2,1,2022,2022-01-17,400687.0,-0.01,86.48,85.77,0.71,11,30.0,1.26,0.02,,0.99,1.15
COJ22,2022,2,1,2022,2022-01-18,401222.0,-0.02,87.51,86.78,0.73,12,29.0,0.13,-0.01,,0.99,1.15
COJ22,2022,2,1,2022,2022-01-19,413730.0,0.01,88.44,87.59,0.85,13,28.0,3.12,0.03,,0.99,1.15
COJ22,2022,2,1,2022,2022-01-20,423624.0,-0.01,88.38,87.61,0.77,14,27.0,2.39,-0.02,,0.99,1.15
COJ22,2022,2,1,2022,2022-01-21,441081.0,0.0,87.89,87.08,0.81,15,26.0,4.12,0.01,,0.99,1.15
COJ22,2022,2,1,2022,2022-01-24,445721.0,0.02,86.27,85.43,0.84,16,25.0,1.05,0.02,,0.99,1.15
COJ22,2022,2,1,2022,2022-01-25,451797.0,0.04,88.2,87.18,1.02,17,24.0,1.36,0.02,,0.99,1.15
COJ22,2022,2,1,2022,2022-01-26,478227.0,0.1,89.96,88.74,1.22,18,23.0,5.85,0.06,,0.99,1.15
COJ22,2022,2,1,2022,2022-01-27,485086.0,0.11,89.34,88.17,1.17,19,22.0,1.43,0.01,,0.99,1.15
COJ22,2022,2,1,2022,2022-01-28,507455.0,0.21,90.03,88.52,1.51,20,21.0,4.61,0.1,,0.99,1.15
COJ22,2022,2,1,2022,2022-01-31,501345.0,0.2,91.21,89.26,1.95,21,20.0,-1.2,-0.01,,0.99,1.15
COJ22,2022,1,2,2022,2022-02-01,482096.0,0.17,89.16,87.77,1.39,1,19.0,,,pre_roll,0.99,1.15
COJ22,2022,1,2,2022,2022-02-02,474215.0,0.14,89.47,88.12,1.35,2,18.0,-1.63,-0.03,during_roll,0.99,1.15
COJ22,2022,1,2,2022,2022-02-03,468513.0,0.15,91.11,89.69,1.42,3,17.0,-1.2,0.01,during_roll,0.99,1.15
COJ22,2022,1,2,2022,2022-02-04,457487.0,0.19,93.27,91.65,1.62,4,16.0,-2.35,0.04,during_roll,0.99,1.15
COJ22,2022,1,2,2022,2022-02-07,427059.0,0.12,92.69,91.23,1.46,5,15.0,-6.65,-0.07,during_roll,0.99,1.15
COJ22,2022,1,2,2022,2022-02-08,404008.0,0.15,90.78,89.38,1.4,6,14.0,-5.4,0.03,during_roll,0.99,1.15
COJ22,2022,1,2,2022,2022-02-09,380475.0,0.16,91.55,90.18,1.37,7,13.0,-5.82,0.01,during_roll,0.99,1.15
COJ22,2022,1,2,2022,2022-02-10,366798.0,0.17,91.41,90.03,1.38,8,12.0,-3.59,0.01,during_roll,0.99,1.15
COJ22,2022,1,2,2022,2022-02-11,362403.0,0.25,94.44,92.62,1.82,9,11.0,-1.2,0.08,during_roll,0.99,1.15
COJ22,2022,1,2,2022,2022-02-14,334871.0,0.25,96.48,94.41,2.07,10,10.0,-7.6,0.0,during_roll,0.99,1.15
COJ22,2022,1,2,2022,2022-02-15,315772.0,0.37,93.28,91.1,2.18,11,9.0,-5.7,0.12,during_roll,0.99,1.15
COJ22,2022,1,2,2022,2022-02-16,286115.0,0.44,94.81,92.49,2.32,12,8.0,-9.39,0.07,during_roll,0.99,1.15
COJ22,2022,1,2,2022,2022-02-17,269713.0,0.43,92.97,90.81,2.16,13,7.0,-5.73,-0.01,during_roll,0.99,1.15
COJ22,2022,1,2,2022,2022-02-18,252453.0,0.45,93.54,91.39,2.15,14,6.0,-6.4,0.02,during_roll,0.99,1.15
COJ22,2022,1,2,2022,2022-02-21,237072.0,0.58,95.39,92.99,2.4,15,5.0,-6.09,0.13,during_roll,0.99,1.15
COJ22,2022,1,2,2022,2022-02-22,199955.0,0.89,96.84,93.85,2.99,16,4.0,-15.66,0.31,during_roll,0.99,1.15
COJ22,2022,1,2,2022,2022-02-23,146383.0,0.92,96.84,94.05,2.79,17,3.0,-26.79,0.03,during_roll,0.99,1.15
COJ22,2022,1,2,2022,2022-02-24,105781.0,1.13,99.08,95.42,3.66,18,2.0,-27.74,0.21,during_roll,0.99,1.15
COJ22,2022,1,2,2022,2022-02-25,66725.0,1.46,97.93,94.12,3.81,19,1.0,-36.92,0.33,during_roll,0.99,1.15
COJ22,2022,1,2,2022,2022-02-28,59875.0,0.15,100.99,97.97,3.02,20,0.0,-10.27,-1.31,during_roll,0.99,1.15
COJ23,2023,3,12,2022,2022-12-01,139781.0,-0.14,86.88,86.81,0.07,1,60.0,,,,-1.52,-0.29
COJ23,2023,3,12,2022,2022-12-02,140917.0,-0.13,85.57,85.55,0.02,2,59.0,0.81,0.01,,-1.52,-0.29
COJ23,2023,3,12,2022,2022-12-05,140086.0,-0.11,82.68,82.66,0.02,3,58.0,-0.59,0.02,,-1.52,-0.29
COJ23,2023,3,12,2022,2022-12-06,133762.0,-0.15,79.35,79.67,-0.32,4,57.0,-4.51,-0.04,,-1.52,-0.29
COJ23,2023,3,12,2022,2022-12-07,128698.0,-0.19,77.17,77.59,-0.42,5,56.0,-3.79,-0.04,,-1.52,-0.29
COJ23,2023,3,12,2022,2022-12-08,132896.0,-0.19,76.15,76.59,-0.44,6,55.0,3.26,0.0,,-1.52,-0.29
COJ23,2023,3,12,2022,2022-12-09,142731.0,-0.19,76.1,76.6,-0.5,7,54.0,7.4,0.0,,-1.52,-0.29
COJ23,2023,3,12,2022,2022-12-12,149858.0,-0.15,77.99,78.34,-0.35,8,53.0,4.99,0.04,,-1.52,-0.29
COJ23,2023,3,12,2022,2022-12-13,167741.0,-0.1,80.68,80.86,-0.18,9,52.0,11.93,0.05,,-1.52,-0.29
COJ23,2023,3,12,2022,2022-12-14,178789.0,-0.06,82.7,82.75,-0.05,10,51.0,6.59,0.04,,-1.52,-0.29
COJ23,2023,3,12,2022,2022-12-15,189327.0,-0.03,81.21,81.32,-0.11,11,50.0,5.89,0.03,,-1.52,-0.29
COJ23,2023,3,12,2022,2022-12-16,199065.0,-0.04,79.04,79.49,-0.45,12,49.0,5.14,-0.01,,-1.52,-0.29
COJ23,2023,3,12,2022,2022-12-19,206050.0,-0.04,79.8,80.14,-0.34,13,48.0,3.51,0.0,,-1.52,-0.29
COJ23,2023,3,12,2022,2022-12-20,213975.0,-0.09,79.99,80.53,-0.54,14,47.0,3.85,-0.05,,-1.52,-0.29
COJ23,2023,3,12,2022,2022-12-21,217441.0,-0.11,82.2,82.58,-0.38,15,46.0,1.62,-0.02,,-1.52,-0.29
COJ23,2023,3,12,2022,2022-12-22,231620.0,-0.08,80.98,81.67,-0.69,16,45.0,6.52,0.03,,-1.52,-0.29
COJ23,2023,3,12,2022,2022-12-23,242889.0,-0.13,83.92,84.5,-0.58,17,44.0,4.87,-0.05,,-1.52,-0.29
COJ23,2023,3,12,2022,2022-12-27,246604.0,-0.16,84.33,84.68,-0.35,18,43.0,1.53,-0.03,,-1.52,-0.29
COJ23,2023,3,12,2022,2022-12-28,242140.0,-0.13,83.26,83.99,-0.73,19,42.0,-1.81,0.03,,-1.52,-0.29
COJ23,2023,3,12,2022,2022-12-29,250459.0,-0.13,82.26,83.46,-1.2,20,41.0,3.44,0.0,,-1.52,-0.29
COJ23,2023,2,1,2023,2023-01-03,254923.0,-0.15,82.1,82.12,-0.02,1,40.0,,,,-1.52,-0.29
COJ23,2023,2,1,2023,2023-01-04,260183.0,-0.13,77.84,78.01,-0.17,2,39.0,2.06,0.02,,-1.52,-0.29
COJ23,2023,2,1,2023,2023-01-05,263307.0,-0.12,78.69,78.82,-0.13,3,38.0,1.2,0.01,,-1.52,-0.29
COJ23,2023,2,1,2023,2023-01-06,273598.0,-0.11,78.57,78.75,-0.18,4,37.0,3.91,0.01,,-1.52,-0.29
COJ23,2023,2,1,2023,2023-01-09,287761.0,-0.11,79.65,79.89,-0.24,5,36.0,5.18,0.0,,-1.52,-0.29
COJ23,2023,2,1,2023,2023-01-10,300455.0,-0.14,80.1,80.28,-0.18,6,35.0,4.41,-0.03,,-1.52,-0.29
COJ23,2023,2,1,2023,2023-01-11,316376.0,-0.13,82.67,82.86,-0.19,7,34.0,5.3,0.01,,-1.52,-0.29
COJ23,2023,2,1,2023,2023-01-12,336822.0,-0.13,84.03,84.19,-0.16,8,33.0,6.46,0.0,,-1.52,-0.29
COJ23,2023,2,1,2023,2023-01-13,352728.0,-0.15,85.28,85.55,-0.27,9,32.0,4.72,-0.02,,-1.52,-0.29
COJ23,2023,2,1,2023,2023-01-16,357230.0,-0.16,84.46,84.66,-0.2,10,31.0,1.28,-0.01,,-1.52,-0.29
COJ23,2023,2,1,2023,2023-01-17,371493.0,-0.18,85.92,86.09,-0.17,11,30.0,3.99,-0.02,,-1.52,-0.29
COJ23,2023,2,1,2023,2023-01-18,378143.0,-0.24,84.98,85.25,-0.27,12,29.0,1.79,-0.06,,-1.52,-0.29
COJ23,2023,2,1,2023,2023-01-19,388390.0,-0.2,86.16,86.31,-0.15,13,28.0,2.71,0.04,,-1.52,-0.29
COJ23,2023,2,1,2023,2023-01-20,395753.0,-0.22,87.63,87.68,-0.05,14,27.0,1.9,-0.02,,-1.52,-0.29
COJ23,2023,2,1,2023,2023-01-23,404586.0,-0.19,88.19,88.16,0.03,15,26.0,2.23,0.03,,-1.52,-0.29
COJ23,2023,2,1,2023,2023-01-24,407794.0,-0.2,86.13,86.25,-0.12,16,25.0,0.79,-0.01,,-1.52,-0.29
COJ23,2023,2,1,2023,2023-01-25,421453.0,-0.19,86.12,86.19,-0.07,17,24.0,3.35,0.01,,-1.52,-0.29
COJ23,2023,2,1,2023,2023-01-26,430624.0,-0.19,87.47,87.28,0.19,18,23.0,2.18,0.0,,-1.52,-0.29
COJ23,2023,2,1,2023,2023-01-27,463840.0,-0.12,86.66,86.4,0.26,19,22.0,7.71,0.07,,-1.52,-0.29
COJ23,2023,2,1,2023,2023-01-30,468152.0,-0.1,84.9,84.5,0.4,20,21.0,0.93,0.02,,-1.52,-0.29
COJ23,2023,2,1,2023,2023-01-31,479413.0,-0.13,84.49,85.46,-0.97,21,20.0,2.41,-0.03,,-1.52,-0.29
COJ23,2023,1,2,2023,2023-02-01,487095.0,-0.16,82.84,82.58,0.26,1,19.0,,,pre_roll,-1.52,-0.29
COJ23,2023,1,2,2023,2023-02-02,478407.0,-0.19,82.17,82.03,0.14,2,18.0,-1.78,-0.03,during_roll,-1.52,-0.29
COJ23,2023,1,2,2023,2023-02-03,460107.0,-0.15,79.94,79.71,0.23,3,17.0,-3.83,0.04,during_roll,-1.52,-0.29
COJ23,2023,1,2,2023,2023-02-06,447551.0,-0.14,80.99,80.71,0.28,4,16.0,-2.73,0.01,during_roll,-1.52,-0.29
COJ23,2023,1,2,2023,2023-02-07,430872.0,-0.16,83.69,83.37,0.32,5,15.0,-3.73,-0.02,during_roll,-1.52,-0.29
COJ23,2023,1,2,2023,2023-02-08,421498.0,-0.15,85.09,84.7,0.39,6,14.0,-2.18,0.01,during_roll,-1.52,-0.29
COJ23,2023,1,2,2023,2023-02-09,405487.0,-0.1,84.5,84.06,0.44,7,13.0,-3.8,0.05,during_roll,-1.52,-0.29
COJ23,2023,1,2,2023,2023-02-10,389746.0,-0.24,86.39,85.99,0.4,8,12.0,-3.88,-0.14,during_roll,-1.52,-0.29
COJ23,2023,1,2,2023,2023-02-13,373163.0,-0.22,86.61,86.23,0.38,9,11.0,-4.25,0.02,during_roll,-1.52,-0.29
COJ23,2023,1,2,2023,2023-02-14,363414.0,-0.25,85.58,85.3,0.28,10,10.0,-2.61,-0.03,during_roll,-1.52,-0.29
COJ23,2023,1,2,2023,2023-02-15,353737.0,-0.22,85.38,85.05,0.33,11,9.0,-2.66,0.03,during_roll,-1.52,-0.29
COJ23,2023,1,2,2023,2023-02-16,333637.0,-0.21,85.14,84.8,0.34,12,8.0,-5.68,0.01,during_roll,-1.52,-0.29
COJ23,2023,1,2,2023,2023-02-17,308511.0,-0.17,83.0,82.67,0.33,13,7.0,-7.53,0.04,during_roll,-1.52,-0.29
COJ23,2023,1,2,2023,2023-02-20,286793.0,-0.21,84.07,83.78,0.29,14,6.0,-7.04,-0.04,during_roll,-1.52,-0.29
COJ23,2023,1,2,2023,2023-02-21,249276.0,-0.2,83.05,82.77,0.28,15,5.0,-13.08,0.01,during_roll,-1.52,-0.29
COJ23,2023,1,2,2023,2023-02-22,207592.0,-0.22,80.6,80.45,0.15,16,4.0,-16.72,-0.02,during_roll,-1.52,-0.29
COJ23,2023,1,2,2023,2023-02-23,178307.0,-0.21,82.21,81.95,0.26,17,3.0,-14.11,0.01,during_roll,-1.52,-0.29
COJ23,2023,1,2,2023,2023-02-24,140372.0,-0.19,83.16,82.82,0.34,18,2.0,-21.28,0.02,during_roll,-1.52,-0.29
COJ23,2023,1,2,2023,2023-02-27,104295.0,-0.12,82.45,82.04,0.41,19,1.0,-25.7,0.07,during_roll,-1.52,-0.29
COJ23,2023,1,2,2023,2023-02-28,99088.0,-0.18,83.89,83.45,0.44,20,0.0,-4.99,-0.06,during_roll,-1.52,-0.29
COJ24,2024,3,12,2023,2023-12-01,152251.0,-0.02,78.88,78.77,0.11,1,61.0,,,,1.69,1.77
COJ24,2024,3,12,2023,2023-12-04,159082.0,-0.02,78.03,78.07,-0.04,2,60.0,4.49,0.0,,1.69,1.77
COJ24,2024,3,12,2023,2023-12-05,152933.0,0.01,77.2,77.17,0.03,3,59.0,-3.87,0.03,,1.69,1.77
COJ24,2024,3,12,2023,2023-12-06,173970.0,0.0,74.3,74.45,-0.15,4,58.0,13.76,-0.01,,1.69,1.77
COJ24,2024,3,12,2023,2023-12-07,168203.0,-0.05,74.05,74.24,-0.19,5,57.0,-3.31,-0.05,,1.69,1.77
COJ24,2024,3,12,2023,2023-12-08,170496.0,-0.04,75.84,76.0,-0.16,6,56.0,1.36,0.01,,1.69,1.77
COJ24,2024,3,12,2023,2023-12-11,180496.0,-0.05,76.03,76.25,-0.22,7,55.0,5.87,-0.01,,1.69,1.77
COJ24,2024,3,12,2023,2023-12-12,194669.0,-0.06,73.24,73.52,-0.28,8,54.0,7.85,-0.01,,1.69,1.77
COJ24,2024,3,12,2023,2023-12-13,204667.0,-0.07,74.26,74.51,-0.25,9,53.0,5.14,-0.01,,1.69,1.77
COJ24,2024,3,12,2023,2023-12-14,207852.0,-0.07,76.61,76.85,-0.24,10,52.0,1.56,0.0,,1.69,1.77
COJ24,2024,3,12,2023,2023-12-15,216572.0,-0.07,76.55,76.76,-0.21,11,51.0,4.2,0.0,,1.69,1.77
COJ24,2024,3,12,2023,2023-12-18,229621.0,-0.08,77.95,78.11,-0.16,12,50.0,6.03,-0.01,,1.69,1.77
COJ24,2024,3,12,2023,2023-12-19,229627.0,-0.08,79.23,79.37,-0.14,13,49.0,0.0,0.0,,1.69,1.77
COJ24,2024,3,12,2023,2023-12-20,232954.0,-0.03,79.7,79.66,0.04,14,48.0,1.45,0.05,,1.69,1.77
COJ24,2024,3,12,2023,2023-12-21,240821.0,-0.01,79.39,79.16,0.23,15,47.0,3.38,0.02,,1.69,1.77
COJ24,2024,3,12,2023,2023-12-22,247348.0,-0.01,79.07,78.8,0.27,16,46.0,2.71,0.0,,1.69,1.77
COJ24,2024,3,12,2023,2023-12-26,248959.0,-0.03,81.07,80.85,0.22,17,45.0,0.65,-0.02,,1.69,1.77
COJ24,2024,3,12,2023,2023-12-27,260315.0,-0.02,79.65,79.54,0.11,18,44.0,4.56,0.01,,1.69,1.77
COJ24,2024,3,12,2023,2023-12-28,260747.0,-0.02,78.39,77.15,1.24,19,43.0,0.17,0.0,,1.69,1.77
COJ24,2024,2,1,2024,2024-01-02,265607.0,-0.05,75.89,75.86,0.03,1,42.0,,,,1.69,1.77
COJ24,2024,2,1,2024,2024-01-03,280876.0,-0.03,78.25,78.14,0.11,2,41.0,5.75,0.02,,1.69,1.77
COJ24,2024,2,1,2024,2024-01-04,309521.0,-0.01,77.59,77.41,0.18,3,40.0,10.2,0.02,,1.69,1.77
COJ24,2024,2,1,2024,2024-01-05,326064.0,-0.02,78.76,78.54,0.22,4,39.0,5.34,-0.01,,1.69,1.77
COJ24,2024,2,1,2024,2024-01-08,341678.0,0.01,76.12,75.91,0.21,5,38.0,4.79,0.03,,1.69,1.77
COJ24,2024,2,1,2024,2024-01-09,349435.0,0.01,77.59,77.26,0.33,6,37.0,2.27,0.0,,1.69,1.77
COJ24,2024,2,1,2024,2024-01-10,362475.0,0.01,76.8,76.45,0.35,7,36.0,3.73,0.0,,1.69,1.77
COJ24,2024,2,1,2024,2024-01-11,390143.0,0.0,77.41,77.11,0.3,8,35.0,7.63,-0.01,,1.69,1.77
COJ24,2024,2,1,2024,2024-01-12,403577.0,-0.01,78.29,77.97,0.32,9,34.0,3.44,-0.01,,1.69,1.77
COJ24,2024,2,1,2024,2024-01-15,411812.0,-0.01,78.15,77.81,0.34,10,33.0,2.04,0.0,,1.69,1.77
COJ24,2024,2,1,2024,2024-01-16,421291.0,0.01,78.29,77.87,0.42,11,32.0,2.3,0.02,,1.69,1.77
COJ24,2024,2,1,2024,2024-01-17,434428.0,-0.0,77.88,77.49,0.39,12,31.0,3.12,-0.01,,1.69,1.77
COJ24,2024,2,1,2024,2024-01-18,457430.0,0.01,79.1,78.65,0.45,13,30.0,5.29,0.01,,1.69,1.77
COJ24,2024,2,1,2024,2024-01-19,484518.0,0.03,78.56,78.08,0.48,14,29.0,5.92,0.02,,1.69,1.77
COJ24,2024,2,1,2024,2024-01-22,497092.0,0.02,80.06,79.6,0.46,15,28.0,2.6,-0.01,,1.69,1.77
COJ24,2024,2,1,2024,2024-01-23,502920.0,0.03,79.55,79.11,0.44,16,27.0,1.17,0.01,,1.69,1.77
COJ24,2024,2,1,2024,2024-01-24,519764.0,0.0,80.04,79.63,0.41,17,26.0,3.35,-0.03,,1.69,1.77
COJ24,2024,2,1,2024,2024-01-25,536803.0,-0.01,82.43,81.96,0.47,18,25.0,3.28,-0.01,,1.69,1.77
COJ24,2024,2,1,2024,2024-01-26,564532.0,0.04,83.55,82.95,0.6,19,24.0,5.17,0.05,,1.69,1.77
COJ24,2024,2,1,2024,2024-01-29,568570.0,0.01,82.4,81.83,0.57,20,23.0,0.72,-0.03,,1.69,1.77
COJ24,2024,2,1,2024,2024-01-30,588116.0,-0.01,82.87,82.5,0.37,21,22.0,3.44,-0.02,,1.69,1.77
COJ24,2024,2,1,2024,2024-01-31,596573.0,-0.04,81.71,80.55,1.16,22,21.0,1.44,-0.03,,1.69,1.77
COJ24,2024,1,2,2024,2024-02-01,590281.0,-0.01,78.7,78.41,0.29,1,20.0,,,pre_roll,1.69,1.77
COJ24,2024,1,2,2024,2024-02-02,556755.0,-0.01,77.33,77.07,0.26,2,19.0,-5.68,0.0,during_roll,1.69,1.77
COJ24,2024,1,2,2024,2024-02-05,540620.0,0.01,77.99,77.73,0.26,3,18.0,-2.9,0.02,during_roll,1.69,1.77
COJ24,2024,1,2,2024,2024-02-06,534207.0,0.0,78.59,78.27,0.32,4,17.0,-1.19,-0.01,during_roll,1.69,1.77
COJ24,2024,1,2,2024,2024-02-07,516535.0,-0.02,79.21,78.89,0.32,5,16.0,-3.31,-0.02,during_roll,1.69,1.77
COJ24,2024,1,2,2024,2024-02-08,520213.0,0.04,81.63,81.08,0.55,6,15.0,0.71,0.06,during_roll,1.69,1.77
COJ24,2024,1,2,2024,2024-02-09,486916.0,0.08,82.19,81.61,0.58,7,14.0,-6.4,0.04,during_roll,1.69,1.77
COJ24,2024,1,2,2024,2024-02-12,457637.0,0.02,82.0,81.51,0.49,8,13.0,-6.01,-0.06,during_roll,1.69,1.77
COJ24,2024,1,2,2024,2024-02-13,428936.0,0.11,82.77,82.07,0.7,9,12.0,-6.27,0.09,during_roll,1.69,1.77
COJ24,2024,1,2,2024,2024-02-14,400221.0,0.1,81.6,80.99,0.61,10,11.0,-6.69,-0.01,during_roll,1.69,1.77
COJ24,2024,1,2,2024,2024-02-15,378154.0,0.1,82.86,82.16,0.7,11,10.0,-5.51,0.0,during_roll,1.69,1.77
COJ24,2024,1,2,2024,2024-02-16,336645.0,0.1,83.47,82.74,0.73,12,9.0,-10.98,0.0,during_roll,1.69,1.77
COJ24,2024,1,2,2024,2024-02-19,318294.0,0.19,83.56,82.73,0.83,13,8.0,-5.45,0.09,during_roll,1.69,1.77
COJ24,2024,1,2,2024,2024-02-20,279047.0,0.21,82.34,81.5,0.84,14,7.0,-12.33,0.02,during_roll,1.69,1.77
COJ24,2024,1,2,2024,2024-02-21,247091.0,0.22,83.03,82.11,0.92,15,6.0,-11.45,0.01,during_roll,1.69,1.77
COJ24,2024,1,2,2024,2024-02-22,219962.0,0.26,83.67,82.7,0.97,16,5.0,-10.98,0.04,during_roll,1.69,1.77
COJ24,2024,1,2,2024,2024-02-23,188172.0,0.27,81.62,80.8,0.82,17,4.0,-14.45,0.01,during_roll,1.69,1.77
COJ24,2024,1,2,2024,2024-02-26,136721.0,0.29,82.53,81.67,0.86,18,3.0,-27.34,0.02,during_roll,1.69,1.77
COJ24,2024,1,2,2024,2024-02-27,107699.0,0.35,83.65,82.66,0.99,19,2.0,-21.23,0.06,during_roll,1.69,1.77
COJ24,2024,1,2,2024,2024-02-28,68214.0,0.85,83.68,82.15,1.53,20,1.0,-36.66,0.5,during_roll,1.69,1.77
COJ24,2024,1,2,2024,2024-02-29,62026.0,0.98,83.62,81.91,1.71,21,0.0,-9.07,0.13,during_roll,1.69,1.77
COJ25,2025,3,12,2024,2024-12-02,124141.0,0.02,71.83,71.54,0.29,1,61.0,,,,0.76,0.63
COJ25,2025,3,12,2024,2024-12-03,129551.0,0.04,73.62,73.2,0.42,2,60.0,4.36,0.02,,0.76,0.63
COJ25,2025,3,12,2024,2024-12-04,134641.0,0.02,72.31,71.93,0.38,3,59.0,3.93,-0.02,,0.76,0.63
COJ25,2025,3,12,2024,2024-12-05,147140.0,0.05,72.09,71.68,0.41,4,58.0,9.28,0.03,,0.76,0.63
COJ25,2025,3,12,2024,2024-12-06,150427.0,0.03,71.12,70.8,0.32,5,57.0,2.23,-0.02,,0.76,0.63
COJ25,2025,3,12,2024,2024-12-09,152154.0,0.03,72.14,71.84,0.3,6,56.0,1.15,0.0,,0.76,0.63
COJ25,2025,3,12,2024,2024-12-10,153909.0,0.02,72.19,71.9,0.29,7,55.0,1.15,-0.01,,0.76,0.63
COJ25,2025,3,12,2024,2024-12-11,159457.0,0.04,73.52,73.14,0.38,8,54.0,3.6,0.02,,0.76,0.63
COJ25,2025,3,12,2024,2024-12-12,175041.0,0.02,73.41,73.08,0.33,9,53.0,9.77,-0.02,,0.76,0.63
COJ25,2025,3,12,2024,2024-12-13,183818.0,0.04,74.49,74.09,0.4,10,52.0,5.01,0.02,,0.76,0.63
COJ25,2025,3,12,2024,2024-12-16,183800.0,0.04,73.91,73.52,0.39,11,51.0,-0.01,0.0,,0.76,0.63
COJ25,2025,3,12,2024,2024-12-17,193462.0,0.03,73.19,72.85,0.34,12,50.0,5.26,-0.01,,0.76,0.63
COJ25,2025,3,12,2024,2024-12-18,200900.0,0.02,73.39,73.0,0.39,13,49.0,3.84,-0.01,,0.76,0.63
COJ25,2025,3,12,2024,2024-12-19,204459.0,0.02,72.88,72.45,0.43,14,48.0,1.77,0.0,,0.76,0.63
COJ25,2025,3,12,2024,2024-12-20,207003.0,0.04,72.94,72.56,0.38,15,47.0,1.24,0.02,,0.76,0.63
COJ25,2025,3,12,2024,2024-12-23,222974.0,0.03,72.63,72.32,0.31,16,46.0,7.72,-0.01,,0.76,0.63
COJ25,2025,3,12,2024,2024-12-24,231194.0,0.04,73.58,73.17,0.41,17,45.0,3.69,0.01,,0.76,0.63
COJ25,2025,3,12,2024,2024-12-26,238090.0,0.05,73.26,72.85,0.41,18,44.0,2.98,0.01,,0.76,0.63
COJ25,2025,3,12,2024,2024-12-27,261867.0,0.06,74.17,73.79,0.38,19,43.0,9.99,0.01,,0.76,0.63
COJ25,2025,3,12,2024,2024-12-30,274975.0,0.04,74.39,73.99,0.4,20,42.0,5.01,-0.02,,0.76,0.63
COJ25,2025,2,1,2025,2025-01-02,289530.0,0.06,75.93,75.44,0.49,1,41.0,,,,0.76,0.63
COJ25,2025,2,1,2025,2025-01-03,305177.0,0.06,76.51,75.93,0.58,2,40.0,5.4,0.0,,0.76,0.63
COJ25,2025,2,1,2025,2025-01-06,317695.0,0.09,76.3,75.71,0.59,3,39.0,4.1,0.03,,0.76,0.63
COJ25,2025,2,1,2025,2025-01-07,336726.0,0.11,77.05,76.4,0.65,4,38.0,5.99,0.02,,0.76,0.63
COJ25,2025,2,1,2025,2025-01-08,356423.0,0.08,76.16,75.58,0.58,5,37.0,5.85,-0.03,,0.76,0.63
COJ25,2025,2,1,2025,2025-01-09,366949.0,0.09,76.92,76.25,0.67,6,36.0,2.95,0.01,,0.76,0.63
COJ25,2025,2,1,2025,2025-01-10,375750.0,0.1,79.76,78.85,0.91,7,35.0,2.4,0.01,,0.76,0.63
COJ25,2025,2,1,2025,2025-01-13,370725.0,0.2,81.01,79.65,1.36,8,34.0,-1.34,0.1,,0.76,0.63
COJ25,2025,2,1,2025,2025-01-14,392698.0,0.15,79.92,78.88,1.04,9,33.0,5.93,-0.05,,0.76,0.63
COJ25,2025,2,1,2025,2025-01-15,418352.0,0.2,82.03,80.66,1.37,10,32.0,6.53,0.05,,0.76,0.63
COJ25,2025,2,1,2025,2025-01-16,420733.0,0.21,81.29,79.91,1.38,11,31.0,0.57,0.01,,0.76,0.63
COJ25,2025,2,1,2025,2025-01-17,437271.0,0.16,80.79,79.57,1.22,12,30.0,3.93,-0.05,,0.76,0.63
COJ25,2025,2,1,2025,2025-01-20,453557.0,0.1,80.15,79.1,1.05,13,29.0,3.72,-0.06,,0.76,0.63
COJ25,2025,2,1,2025,2025-01-21,489679.0,0.05,79.29,78.4,0.89,14,28.0,7.96,-0.05,,0.76,0.63
COJ25,2025,2,1,2025,2025-01-22,497311.0,0.08,79.0,78.15,0.85,15,27.0,1.56,0.03,,0.76,0.63
COJ25,2025,2,1,2025,2025-01-23,535721.0,0.03,78.29,77.56,0.73,16,26.0,7.72,-0.05,,0.76,0.63
COJ25,2025,2,1,2025,2025-01-24,572289.0,0.1,78.5,77.55,0.95,17,25.0,6.83,0.07,,0.76,0.63
COJ25,2025,2,1,2025,2025-01-27,580573.0,0.1,77.08,76.18,0.9,18,24.0,1.45,0.0,,0.76,0.63
COJ25,2025,2,1,2025,2025-01-28,590038.0,0.12,77.49,76.49,1.0,19,23.0,1.63,0.02,,0.76,0.63
COJ25,2025,2,1,2025,2025-01-29,574700.0,0.11,76.58,75.61,0.97,20,22.0,-2.6,-0.01,,0.76,0.63
COJ25,2025,2,1,2025,2025-01-30,587346.0,0.09,76.87,75.89,0.98,21,21.0,2.2,-0.02,,0.76,0.63
COJ25,2025,2,1,2025,2025-01-31,582699.0,0.07,76.76,75.67,1.09,22,20.0,-0.79,-0.02,,0.76,0.63
COJ25,2025,1,2,2025,2025-02-03,558825.0,0.09,75.96,75.14,0.82,1,19.0,,,pre_roll,0.76,0.63
COJ25,2025,1,2,2025,2025-02-04,539999.0,0.0,76.2,75.56,0.64,2,18.0,-3.37,-0.09,during_roll,0.76,0.63
COJ25,2025,1,2,2025,2025-02-05,521099.0,-0.03,74.61,74.09,0.52,3,17.0,-3.5,-0.03,during_roll,0.76,0.63
COJ25,2025,1,2,2025,2025-02-06,499705.0,0.0,74.29,73.84,0.45,4,16.0,-4.11,0.03,during_roll,0.76,0.63
COJ25,2025,1,2,2025,2025-02-07,487065.0,-0.03,74.66,74.26,0.4,5,15.0,-2.53,-0.03,during_roll,0.76,0.63
COJ25,2025,1,2,2025,2025-02-10,464531.0,-0.03,75.87,75.43,0.44,6,14.0,-4.63,0.0,during_roll,0.76,0.63
COJ25,2025,1,2,2025,2025-02-11,454933.0,-0.09,77.0,76.62,0.38,7,13.0,-2.07,-0.06,during_roll,0.76,0.63
COJ25,2025,1,2,2025,2025-02-12,420015.0,-0.07,75.18,74.87,0.31,8,12.0,-7.68,0.02,during_roll,0.76,0.63
COJ25,2025,1,2,2025,2025-02-13,378463.0,-0.05,75.02,74.66,0.36,9,11.0,-9.89,0.02,during_roll,0.76,0.63
COJ25,2025,1,2,2025,2025-02-14,357864.0,-0.09,74.74,74.46,0.28,10,10.0,-5.44,-0.04,during_roll,0.76,0.63
COJ25,2025,1,2,2025,2025-02-17,351796.0,-0.09,75.22,74.93,0.29,11,9.0,-1.7,0.0,during_roll,0.76,0.63
COJ25,2025,1,2,2025,2025-02-18,328928.0,-0.03,75.84,75.43,0.41,12,8.0,-6.5,0.06,during_roll,0.76,0.63
COJ25,2025,1,2,2025,2025-02-19,309587.0,-0.06,76.04,75.67,0.37,13,7.0,-5.88,-0.03,during_roll,0.76,0.63
COJ25,2025,1,2,2025,2025-02-20,275540.0,-0.01,76.48,76.05,0.43,14,6.0,-11.0,0.05,during_roll,0.76,0.63
COJ25,2025,1,2,2025,2025-02-21,251506.0,0.01,74.43,74.05,0.38,15,5.0,-8.72,0.02,during_roll,0.76,0.63
COJ25,2025,1,2,2025,2025-02-24,227323.0,0.05,74.78,74.31,0.47,16,4.0,-9.62,0.04,during_roll,0.76,0.63
COJ25,2025,1,2,2025,2025-02-25,167217.0,0.11,73.02,72.5,0.52,17,3.0,-26.44,0.06,during_roll,0.76,0.63
COJ25,2025,1,2,2025,2025-02-26,122946.0,0.0,72.53,72.07,0.46,18,2.0,-26.48,-0.11,during_roll,0.76,0.63
COJ25,2025,1,2,2025,2025-02-27,83896.0,-0.04,74.04,73.57,0.47,19,1.0,-31.76,-0.04,during_roll,0.76,0.63
COJ25,2025,1,2,2025,2025-02-28,,-0.16,73.18,72.81,0.37,20,0.0,0.0,-0.12,during_roll,0.76,0.63
COJ26,2026,3,12,2025,2025-12-01,189571.0,0.08,63.17,62.78,0.39,1,61.0,,,,0.41,0.32
COJ26,2026,3,12,2025,2025-12-02,195002.0,0.08,62.45,62.05,0.4,2,60.0,2.86,0.0,,0.41,0.32
COJ26,2026,3,12,2025,2025-12-03,194976.0,0.06,62.67,62.28,0.39,3,59.0,-0.01,-0.02,,0.41,0.32
COJ26,2026,3,12,2025,2025-12-04,198110.0,0.07,63.26,62.86,0.4,4,58.0,1.61,0.01,,0.41,0.32
COJ26,2026,3,12,2025,2025-12-05,199129.0,0.06,63.75,63.39,0.36,5,57.0,0.51,-0.01,,0.41,0.32
COJ26,2026,3,12,2025,2025-12-08,204489.0,0.06,62.49,62.15,0.34,6,56.0,2.69,0.0,,0.41,0.32
COJ26,2026,3,12,2025,2025-12-09,208975.0,0.07,61.94,61.65,0.29,7,55.0,2.19,0.01,,0.41,0.32
COJ26,2026,3,12,2025,2025-12-10,213614.0,0.08,62.21,61.87,0.34,8,54.0,2.22,0.01,,0.41,0.32
COJ26,2026,3,12,2025,2025-12-11,220120.0,0.07,61.28,61.06,0.22,9,53.0,3.05,-0.01,,0.41,0.32
COJ26,2026,3,12,2025,2025-12-12,223297.0,0.08,61.12,60.84,0.28,10,52.0,1.44,0.01,,0.41,0.32
COJ26,2026,3,12,2025,2025-12-15,229419.0,0.07,60.56,60.3,0.26,11,51.0,2.74,-0.01,,0.41,0.32
COJ26,2026,3,12,2025,2025-12-16,239242.0,0.07,58.92,58.67,0.25,12,50.0,4.28,0.0,,0.41,0.32
COJ26,2026,3,12,2025,2025-12-17,247665.0,0.06,59.68,59.4,0.28,13,49.0,3.52,-0.01,,0.41,0.32
COJ26,2026,3,12,2025,2025-12-18,257341.0,0.05,59.82,59.5,0.32,14,48.0,3.91,-0.01,,0.41,0.32
COJ26,2026,3,12,2025,2025-12-19,273124.0,0.07,60.47,60.05,0.42,15,47.0,6.13,0.02,,0.41,0.32
COJ26,2026,3,12,2025,2025-12-22,288839.0,0.07,62.07,61.58,0.49,16,46.0,5.75,0.0,,0.41,0.32
COJ26,2026,3,12,2025,2025-12-23,302900.0,0.08,62.38,61.87,0.51,17,45.0,4.87,0.01,,0.41,0.32
COJ26,2026,3,12,2025,2025-12-24,307278.0,0.08,62.24,61.8,0.44,18,44.0,1.45,0.0,,0.41,0.32
COJ26,2026,3,12,2025,2025-12-26,310230.0,0.1,60.64,60.24,0.4,19,43.0,0.96,0.02,,0.41,0.32
COJ26,2026,3,12,2025,2025-12-29,332282.0,0.11,61.94,61.49,0.45,20,42.0,7.11,0.01,,0.41,0.32
COJ26,2026,3,12,2025,2025-12-30,344181.0,0.1,61.92,61.33,0.59,21,41.0,3.58,-0.01,,0.41,0.32
COJ26,2026,2,1,2026,2026-01-02,355789.0,0.11,60.75,60.43,0.32,1,40.0,,,,0.41,0.32
COJ26,2026,2,1,2026,2026-01-05,381539.0,0.1,61.76,61.37,0.39,2,39.0,7.24,-0.01,,0.41,0.32
COJ26,2026,2,1,2026,2026-01-06,405653.0,0.11,60.7,60.31,0.39,3,38.0,6.32,0.01,,0.41,0.32
COJ26,2026,2,1,2026,2026-01-07,417777.0,0.12,59.96,59.58,0.38,4,37.0,2.99,0.01,,0.41,0.32
COJ26,2026,2,1,2026,2026-01-08,427111.0,0.13,61.99,61.49,0.5,5,36.0,2.23,0.01,,0.41,0.32
COJ26,2026,2,1,2026,2026-01-09,437169.0,0.14,63.34,62.79,0.55,6,35.0,2.35,0.01,,0.41,0.32
COJ26,2026,2,1,2026,2026-01-12,452840.0,0.16,63.87,63.22,0.65,7,34.0,3.58,0.02,,0.41,0.32
COJ26,2026,2,1,2026,2026-01-13,473187.0,0.16,65.47,64.75,0.72,8,33.0,4.49,0.0,,0.41,0.32
COJ26,2026,2,1,2026,2026-01-14,481781.0,0.14,66.52,65.83,0.69,9,32.0,1.82,-0.02,,0.41,0.32
COJ26,2026,2,1,2026,2026-01-15,519013.0,0.15,63.76,63.08,0.68,10,31.0,7.73,0.01,,0.41,0.32
COJ26,2026,2,1,2026,2026-01-16,527520.0,0.16,64.13,63.46,0.67,11,30.0,1.64,0.01,,0.41,0.32
COJ26,2026,2,1,2026,2026-01-19,544272.0,0.14,63.94,63.22,0.72,12,29.0,3.18,-0.02,,0.41,0.32
COJ26,2026,2,1,2026,2026-01-20,556805.0,0.15,64.92,64.19,0.73,13,28.0,2.3,0.01,,0.41,0.32
COJ26,2026,2,1,2026,2026-01-21,583609.0,0.15,65.24,64.53,0.71,14,27.0,4.81,0.0,,0.41,0.32
COJ26,2026,2,1,2026,2026-01-22,599605.0,0.16,64.06,63.34,0.72,15,26.0,2.74,0.01,,0.41,0.32
COJ26,2026,2,1,2026,2026-01-23,617285.0,0.19,65.88,65.07,0.81,16,25.0,2.95,0.03,,0.41,0.32
COJ26,2026,2,1,2026,2026-01-26,649570.0,0.19,65.59,64.77,0.82,17,24.0,5.23,0.0,,0.41,0.32
COJ26,2026,2,1,2026,2026-01-27,673322.0,0.22,67.57,66.59,0.98,18,23.0,3.66,0.03,,0.41,0.32
COJ26,2026,2,1,2026,2026-01-28,656525.0,0.17,68.4,67.37,1.03,19,22.0,-2.49,-0.05,,0.41,0.32
COJ26,2026,2,1,2026,2026-01-29,668622.0,0.13,70.71,69.59,1.12,20,21.0,1.84,-0.04,,0.41,0.32
COJ26,2026,2,1,2026,2026-01-30,636559.0,0.14,70.69,69.32,1.37,21,20.0,-4.8,0.01,,0.41,0.32
COJ26,2026,1,2,2026,2026-02-02,610320.0,0.15,66.3,65.57,0.73,1,19.0,,,pre_roll,0.41,0.32
COJ26,2026,1,2,2026,2026-02-03,599213.0,0.13,67.33,66.68,0.65,2,18.0,-1.82,-0.02,during_roll,0.41,0.32
COJ26,2026,1,2,2026,2026-02-04,607799.0,0.11,69.46,68.75,0.71,3,17.0,1.43,-0.02,post_roll,0.41,0.32
COJ26,2026,1,2,2026,2026-02-05,592439.0,0.08,67.55,66.98,0.57,4,16.0,-2.53,-0.03,pre_roll,0.41,0.32
COJ26,2026,1,2,2026,2026-02-06,562707.0,0.11,68.05,67.47,0.58,5,15.0,-5.02,0.03,during_roll,0.41,0.32
COJ26,2026,1,2,2026,2026-02-09,553511.0,0.13,69.04,68.42,0.62,6,14.0,-1.63,0.02,during_roll,0.41,0.32
COJ26,2026,1,2,2026,2026-02-10,540674.0,0.19,68.8,68.11,0.69,7,13.0,-2.32,0.06,during_roll,0.41,0.32
COJ26,2026,1,2,2026,2026-02-11,511042.0,0.15,69.4,68.75,0.65,8,12.0,-5.48,-0.04,during_roll,0.41,0.32
COJ26,2026,1,2,2026,2026-02-12,486755.0,0.16,67.52,66.91,0.61,9,11.0,-4.75,0.01,during_roll,0.41,0.32
COJ26,2026,1,2,2026,2026-02-13,456376.0,0.17,67.75,67.09,0.66,10,10.0,-6.24,0.01,during_roll,0.41,0.32
COJ26,2026,1,2,2026,2026-02-16,444010.0,0.16,68.65,67.97,0.68,11,9.0,-2.71,-0.01,during_roll,0.41,0.32
COJ26,2026,1,2,2026,2026-02-17,401717.0,0.1,67.42,66.87,0.55,12,8.0,-9.53,-0.06,during_roll,0.41,0.32
COJ26,2026,1,2,2026,2026-02-18,388638.0,0.02,70.35,69.77,0.58,13,7.0,-3.26,-0.08,during_roll,0.41,0.32
COJ26,2026,1,2,2026,2026-02-19,337562.0,-0.2,71.66,71.27,0.39,14,6.0,-13.14,-0.22,during_roll,0.41,0.32
COJ26,2026,1,2,2026,2026-02-20,299025.0,-0.18,71.76,71.3,0.46,15,5.0,-11.42,0.02,during_roll,0.41,0.32
COJ26,2026,1,2,2026,2026-02-23,252566.0,-0.19,71.49,71.11,0.38,16,4.0,-15.54,-0.01,during_roll,0.41,0.32
COJ26,2026,1,2,2026,2026-02-24,172826.0,-0.23,70.77,70.58,0.19,17,3.0,-31.57,-0.04,during_roll,0.41,0.32
COJ26,2026,1,2,2026,2026-02-25,132334.0,-0.28,70.85,70.69,0.16,18,2.0,-23.43,-0.05,during_roll,0.41,0.32
COJ26,2026,1,2,2026,2026-02-26,82307.0,-0.51,70.75,70.84,-0.09,19,1.0,-37.8,-0.23,during_roll,0.41,0.32
COJ26,2026,1,2,2026,2026-02-27,73062.0,-0.97,72.48,72.87,-0.39,20,0.0,-11.23,-0.46,during_roll,0.41,0.32
COK16,2016,3,1,2016,2016-01-04,124204.0,-0.05,,38.47,,1,51.0,,,,,
COK16,2016,3,1,2016,2016-01-05,124503.0,-0.06,,37.77,,2,50.0,0.24,-0.01,,,
COK16,2016,3,1,2016,2016-01-06,127340.0,-0.08,,35.56,,3,49.0,2.28,-0.02,,,
COK16,2016,3,1,2016,2016-01-07,129992.0,-0.09,,35.01,,4,48.0,2.08,-0.01,,,
COK16,2016,3,1,2016,2016-01-08,139005.0,-0.08,,34.87,,5,47.0,6.93,0.01,,,
COK16,2016,3,1,2016,2016-01-11,152459.0,-0.07,,32.81,,6,46.0,9.68,0.01,,,
COK16,2016,3,1,2016,2016-01-12,166276.0,-0.07,,31.82,,7,45.0,9.06,0.0,,,
COK16,2016,3,1,2016,2016-01-13,185939.0,-0.08,,31.14,,8,44.0,11.83,-0.01,,,
COK16,2016,3,1,2016,2016-01-14,200433.0,-0.07,,31.72,,9,43.0,7.8,0.01,,,
COK16,2016,2,2,2016,2016-02-01,272730.0,-0.07,34.24,35.03,-0.79,1,42.0,,,,,
COK16,2016,2,2,2016,2016-02-02,273019.0,-0.04,32.72,33.47,-0.75,2,41.0,0.11,0.03,,,
COK16,2016,2,2,2016,2016-02-03,275354.0,-0.04,35.04,35.75,-0.71,3,40.0,0.86,0.0,,,
COK16,2016,2,2,2016,2016-02-04,289328.0,-0.02,34.46,35.15,-0.69,4,39.0,5.07,0.02,,,
COK16,2016,2,2,2016,2016-02-05,306710.0,-0.02,34.06,34.76,-0.7,5,38.0,6.01,0.0,,,
COK16,2016,2,2,2016,2016-02-08,328994.0,-0.05,32.88,33.6,-0.72,6,37.0,7.27,-0.03,,,
COK16,2016,2,2,2016,2016-02-09,339139.0,-0.03,30.32,30.98,-0.66,7,36.0,3.08,0.02,,,
COK16,2016,2,2,2016,2016-02-10,362857.0,-0.02,30.84,31.5,-0.66,8,35.0,6.99,0.01,,,
COK16,2016,2,2,2016,2016-02-11,385477.0,-0.05,30.06,30.78,-0.72,9,34.0,6.23,-0.03,,,
COK16,2016,2,2,2016,2016-02-12,397572.0,-0.03,33.36,33.99,-0.63,10,33.0,3.14,0.02,,,
COK16,2016,2,2,2016,2016-02-15,396072.0,-0.03,33.39,34.01,-0.62,11,32.0,-0.38,0.0,,,
COK16,2016,2,2,2016,2016-02-16,409175.0,-0.04,32.18,32.84,-0.66,12,31.0,3.31,-0.01,,,
COK16,2016,2,2,2016,2016-02-17,442067.0,-0.03,34.5,35.13,-0.63,13,30.0,8.04,0.01,,,
COK16,2016,2,2,2016,2016-02-18,448603.0,-0.02,34.28,34.88,-0.6,14,29.0,1.48,0.01,,,
COK16,2016,2,2,2016,2016-02-19,475914.0,-0.04,33.01,33.62,-0.61,15,28.0,6.09,-0.02,,,
COK16,2016,2,2,2016,2016-02-22,483563.0,-0.03,34.69,35.29,-0.6,16,27.0,1.61,0.01,,,
COK16,2016,2,2,2016,2016-02-23,494404.0,-0.06,33.27,33.97,-0.7,17,26.0,2.24,-0.03,,,
COK16,2016,2,2,2016,2016-02-24,512310.0,-0.03,34.41,35.07,-0.66,18,25.0,3.62,0.03,,,
COK16,2016,2,2,2016,2016-02-25,526460.0,-0.02,35.29,35.7,-0.41,19,24.0,2.76,0.01,,,
COK16,2016,2,2,2016,2016-02-26,531412.0,-0.03,35.1,35.44,-0.34,20,23.0,0.94,-0.01,,,
COK16,2016,1,3,2016,2016-03-01,535308.0,-0.08,36.81,37.47,-0.66,1,22.0,,,pre_roll,,
COK16,2016,1,3,2016,2016-03-02,517664.0,-0.05,36.93,37.55,-0.62,2,21.0,-3.3,0.03,during_roll,,
COK16,2016,1,3,2016,2016-03-03,519371.0,-0.09,37.07,37.7,-0.63,3,20.0,0.33,-0.04,during_roll,,
COK16,2016,1,3,2016,2016-03-04,507026.0,-0.08,38.72,39.36,-0.64,4,19.0,-2.38,0.01,during_roll,,
COK16,2016,1,3,2016,2016-03-07,477783.0,-0.06,40.84,41.48,-0.64,5,18.0,-5.77,0.02,during_roll,,
COK16,2016,1,3,2016,2016-03-08,439275.0,-0.05,39.65,40.24,-0.59,6,17.0,-8.06,0.01,during_roll,,
COK16,2016,1,3,2016,2016-03-09,416954.0,-0.1,41.07,41.65,-0.58,7,16.0,-5.08,-0.05,during_roll,,
COK16,2016,1,3,2016,2016-03-10,384912.0,-0.14,40.05,40.68,-0.63,8,15.0,-7.68,-0.04,during_roll,,
COK16,2016,1,3,2016,2016-03-11,329751.0,-0.15,40.39,41.09,-0.7,9,14.0,-14.33,-0.01,during_roll,,
COK16,2016,1,3,2016,2016-03-14,306592.0,-0.12,39.53,40.16,-0.63,10,13.0,-7.02,0.03,during_roll,,
COK16,2016,1,3,2016,2016-03-15,294272.0,-0.16,38.74,39.39,-0.65,11,12.0,-4.02,-0.04,during_roll,,
COK16,2016,1,3,2016,2016-03-16,288813.0,-0.23,40.33,40.98,-0.65,12,11.0,-1.86,-0.07,during_roll,,
COK16,2016,1,3,2016,2016-03-17,281931.0,-0.26,41.54,42.18,-0.64,13,10.0,-2.38,-0.03,during_roll,,
COK16,2016,1,3,2016,2016-03-18,253731.0,-0.26,41.2,41.86,-0.66,14,9.0,-10.0,0.0,during_roll,,
COK16,2016,1,3,2016,2016-03-21,212630.0,-0.3,41.54,42.23,-0.69,15,8.0,-16.2,-0.04,during_roll,,
COK16,2016,1,3,2016,2016-03-22,177979.0,-0.31,41.79,42.51,-0.72,16,7.0,-16.3,-0.01,during_roll,,
COK16,2016,1,3,2016,2016-03-23,156014.0,-0.22,40.47,41.09,-0.62,17,6.0,-12.34,0.09,during_roll,,
COK16,2016,1,3,2016,2016-03-24,126461.0,-0.18,40.44,41.03,-0.59,18,5.0,-18.94,0.04,during_roll,,
COK16,2016,1,3,2016,2016-03-25,123956.0,-0.19,40.27,40.87,-0.6,19,4.0,-1.98,-0.01,during_roll,,
COK16,2016,1,3,2016,2016-03-28,116444.0,-0.19,40.27,40.87,-0.6,20,3.0,-6.06,0.0,during_roll,,
COK16,2016,1,3,2016,2016-03-29,93223.0,-0.28,39.14,39.85,-0.71,21,2.0,-19.94,-0.09,during_roll,,
COK16,2016,1,3,2016,2016-03-30,62638.0,-0.32,39.26,40.05,-0.79,22,1.0,-32.81,-0.04,during_roll,,
COK16,2016,1,3,2016,2016-03-31,62638.0,-0.29,39.6,40.33,-0.73,23,0.0,0.0,0.03,during_roll,,
COK17,2017,3,1,2017,2017-01-02,147001.0,-0.14,56.82,57.49,-0.67,1,64.0,,,,-0.06,0.07
COK17,2017,3,1,2017,2017-01-03,151142.0,-0.15,55.47,56.14,-0.67,2,63.0,2.82,-0.01,,-0.06,0.07
COK17,2017,3,1,2017,2017-01-04,155947.0,-0.15,56.46,57.09,-0.63,3,62.0,3.18,0.0,,-0.06,0.07
COK17,2017,3,1,2017,2017-01-05,158056.0,-0.14,56.89,57.48,-0.59,4,61.0,1.35,0.01,,-0.06,0.07
COK17,2017,3,1,2017,2017-01-06,162104.0,-0.13,57.1,57.68,-0.58,5,60.0,2.56,0.01,,-0.06,0.07
COK17,2017,3,1,2017,2017-01-09,168641.0,-0.14,54.94,55.56,-0.62,6,59.0,4.03,-0.01,,-0.06,0.07
COK17,2017,3,1,2017,2017-01-10,183612.0,-0.13,53.64,54.26,-0.62,7,58.0,8.88,0.01,,-0.06,0.07
COK17,2017,3,1,2017,2017-01-11,195757.0,-0.15,55.1,55.6,-0.5,8,57.0,6.61,-0.02,,-0.06,0.07
COK17,2017,3,1,2017,2017-01-12,205551.0,-0.16,56.01,56.49,-0.48,9,56.0,5.0,-0.01,,-0.06,0.07
COK17,2017,3,1,2017,2017-01-13,215987.0,-0.14,55.45,55.91,-0.46,10,55.0,5.08,0.02,,-0.06,0.07
COK17,2017,3,1,2017,2017-01-16,216429.0,-0.13,55.86,56.28,-0.42,11,54.0,0.2,0.01,,-0.06,0.07
COK17,2017,3,1,2017,2017-01-17,221667.0,-0.15,55.47,55.94,-0.47,12,53.0,2.42,-0.02,,-0.06,0.07
COK17,2017,3,1,2017,2017-01-18,234048.0,-0.14,53.92,54.41,-0.49,13,52.0,5.59,0.01,,-0.06,0.07
COK17,2017,3,1,2017,2017-01-19,249043.0,-0.14,54.16,54.69,-0.53,14,51.0,6.41,0.0,,-0.06,0.07
COK17,2017,3,1,2017,2017-01-20,254033.0,-0.13,55.49,55.98,-0.49,15,50.0,2.0,0.01,,-0.06,0.07
COK17,2017,3,1,2017,2017-01-23,260419.0,-0.13,55.23,55.63,-0.4,16,49.0,2.51,0.0,,-0.06,0.07
COK17,2017,3,1,2017,2017-01-24,267193.0,-0.13,55.44,55.85,-0.41,17,48.0,2.6,0.0,,-0.06,0.07
COK17,2017,3,1,2017,2017-01-25,300570.0,-0.12,55.08,55.42,-0.34,18,47.0,12.49,0.01,,-0.06,0.07
COK17,2017,3,1,2017,2017-01-26,321484.0,-0.12,56.24,56.49,-0.25,19,46.0,6.96,0.0,,-0.06,0.07
COK17,2017,3,1,2017,2017-01-27,325660.0,-0.12,55.52,55.7,-0.18,20,45.0,1.3,0.0,,-0.06,0.07
COK17,2017,3,1,2017,2017-01-30,329265.0,-0.1,55.23,55.32,-0.09,21,44.0,1.11,0.02,,-0.06,0.07
COK17,2017,3,1,2017,2017-01-31,341711.0,-0.09,55.7,55.58,0.12,22,43.0,3.78,0.01,,-0.06,0.07
COK17,2017,2,2,2017,2017-02-01,352107.0,-0.09,56.8,57.12,-0.32,1,42.0,,,,-0.06,0.07
COK17,2017,2,2,2017,2017-02-02,349101.0,-0.09,56.56,56.85,-0.29,2,41.0,-0.85,0.0,,-0.06,0.07
COK17,2017,2,2,2017,2017-02-03,362207.0,-0.11,56.81,57.15,-0.34,3,40.0,3.75,-0.02,,-0.06,0.07
COK17,2017,2,2,2017,2017-02-06,368702.0,-0.1,55.72,56.1,-0.38,4,39.0,1.79,0.01,,-0.06,0.07
COK17,2017,2,2,2017,2017-02-07,389031.0,-0.07,55.05,55.33,-0.28,5,38.0,5.51,0.03,,-0.06,0.07
COK17,2017,2,2,2017,2017-02-08,376151.0,-0.07,55.12,55.47,-0.35,6,37.0,-3.31,0.0,,-0.06,0.07
COK17,2017,2,2,2017,2017-02-09,373483.0,-0.09,55.63,56.0,-0.37,7,36.0,-0.71,-0.02,,-0.06,0.07
COK17,2017,2,2,2017,2017-02-10,400046.0,-0.11,56.7,57.06,-0.36,8,35.0,7.11,-0.02,,-0.06,0.07
COK17,2017,2,2,2017,2017-02-13,413862.0,-0.1,55.59,55.96,-0.37,9,34.0,3.45,0.01,,-0.06,0.07
COK17,2017,2,2,2017,2017-02-14,422089.0,-0.09,55.97,56.29,-0.32,10,33.0,1.99,0.01,,-0.06,0.07
COK17,2017,2,2,2017,2017-02-15,454721.0,-0.09,55.75,56.1,-0.35,11,32.0,7.73,0.0,,-0.06,0.07
COK17,2017,2,2,2017,2017-02-16,468585.0,-0.08,55.65,56.0,-0.35,12,31.0,3.05,0.01,,-0.06,0.07
COK17,2017,2,2,2017,2017-02-17,472423.0,-0.06,55.81,56.11,-0.3,13,30.0,0.82,0.02,,-0.06,0.07
COK17,2017,2,2,2017,2017-02-20,492296.0,-0.04,56.18,56.35,-0.17,14,29.0,4.21,0.02,,-0.06,0.07
COK17,2017,2,2,2017,2017-02-21,512265.0,-0.02,56.66,56.76,-0.1,15,28.0,4.06,0.02,,-0.06,0.07
COK17,2017,2,2,2017,2017-02-22,508603.0,-0.04,55.84,56.04,-0.2,16,27.0,-0.71,-0.02,,-0.06,0.07
COK17,2017,2,2,2017,2017-02-23,543082.0,-0.07,56.58,56.82,-0.24,17,26.0,6.78,-0.03,,-0.06,0.07
COK17,2017,2,2,2017,2017-02-24,553942.0,-0.1,55.99,56.31,-0.32,18,25.0,2.0,-0.03,,-0.06,0.07
COK17,2017,2,2,2017,2017-02-27,570357.0,-0.15,55.93,56.42,-0.49,19,24.0,2.96,-0.05,,-0.06,0.07
COK17,2017,2,2,2017,2017-02-28,570906.0,-0.16,55.59,56.51,-0.92,20,23.0,0.1,-0.01,,-0.06,0.07
COK17,2017,1,3,2017,2017-03-01,562464.0,-0.13,56.36,56.66,-0.3,1,22.0,,,pre_roll,-0.06,0.07
COK17,2017,1,3,2017,2017-03-02,541374.0,-0.1,55.08,55.37,-0.29,2,21.0,-3.75,0.03,during_roll,-0.06,0.07
COK17,2017,1,3,2017,2017-03-03,521037.0,-0.06,55.9,56.16,-0.26,3,20.0,-3.76,0.04,during_roll,-0.06,0.07
COK17,2017,1,3,2017,2017-03-06,521062.0,-0.06,56.01,56.26,-0.25,4,19.0,0.0,0.0,during_roll,-0.06,0.07
COK17,2017,1,3,2017,2017-03-07,507579.0,-0.04,55.92,56.13,-0.21,5,18.0,-2.59,0.02,during_roll,-0.06,0.07
COK17,2017,1,3,2017,2017-03-08,509918.0,-0.06,53.11,53.37,-0.26,6,17.0,0.46,-0.02,during_roll,-0.06,0.07
COK17,2017,1,3,2017,2017-03-09,477775.0,-0.05,52.19,52.46,-0.27,7,16.0,-6.3,0.01,during_roll,-0.06,0.07
COK17,2017,1,3,2017,2017-03-10,477077.0,-0.06,51.37,51.63,-0.26,8,15.0,-0.15,-0.01,during_roll,-0.06,0.07
COK17,2017,1,3,2017,2017-03-13,465175.0,-0.04,51.35,51.59,-0.24,9,14.0,-2.49,0.02,during_roll,-0.06,0.07
COK17,2017,1,3,2017,2017-03-14,433915.0,0.01,50.92,51.11,-0.19,10,13.0,-6.72,0.05,during_roll,-0.06,0.07
COK17,2017,1,3,2017,2017-03-15,417948.0,0.01,51.81,51.97,-0.16,11,12.0,-3.68,0.0,during_roll,-0.06,0.07
COK17,2017,1,3,2017,2017-03-16,396597.0,0.01,51.74,51.9,-0.16,12,11.0,-5.11,0.0,during_roll,-0.06,0.07
COK17,2017,1,3,2017,2017-03-17,371985.0,0.01,51.76,51.95,-0.19,13,10.0,-6.21,0.0,during_roll,-0.06,0.07
COK17,2017,1,3,2017,2017-03-20,350330.0,0.02,51.62,51.79,-0.17,14,9.0,-5.82,0.01,during_roll,-0.06,0.07
COK17,2017,1,3,2017,2017-03-21,335637.0,0.02,50.96,51.19,-0.23,15,8.0,-4.19,0.0,during_roll,-0.06,0.07
COK17,2017,1,3,2017,2017-03-22,310363.0,0.02,50.64,50.87,-0.23,16,7.0,-7.53,0.0,during_roll,-0.06,0.07
COK17,2017,1,3,2017,2017-03-23,272049.0,0.1,50.56,50.66,-0.1,17,6.0,-12.34,0.08,during_roll,-0.06,0.07
COK17,2017,1,3,2017,2017-03-24,237885.0,0.12,50.8,50.92,-0.12,18,5.0,-12.56,0.02,during_roll,-0.06,0.07
COK17,2017,1,3,2017,2017-03-27,219156.0,0.12,50.75,50.9,-0.15,19,4.0,-7.87,0.0,during_roll,-0.06,0.07
COK17,2017,1,3,2017,2017-03-28,179397.0,0.15,51.33,51.42,-0.09,20,3.0,-18.14,0.03,during_roll,-0.06,0.07
COK17,2017,1,3,2017,2017-03-29,150134.0,0.12,52.42,52.54,-0.12,21,2.0,-16.31,-0.03,during_roll,-0.06,0.07
COK17,2017,1,3,2017,2017-03-30,93142.0,0.09,52.96,53.13,-0.17,22,1.0,-37.96,-0.03,during_roll,-0.06,0.07
COK17,2017,1,3,2017,2017-03-31,72150.0,-0.44,52.83,53.53,-0.7,23,0.0,-22.54,-0.53,during_roll,-0.06,0.07
COK18,2018,3,1,2018,2018-01-02,142823.0,0.01,66.57,66.13,0.44,1,62.0,,,,0.17,0.11
COK18,2018,3,1,2018,2018-01-03,143650.0,0.0,67.84,67.29,0.55,2,61.0,0.58,-0.01,,0.17,0.11
COK18,2018,3,1,2018,2018-01-04,145202.0,0.0,68.07,67.51,0.56,3,60.0,1.08,0.0,,0.17,0.11
COK18,2018,3,1,2018,2018-01-05,151339.0,0.01,67.62,67.1,0.52,4,59.0,4.23,0.01,,0.17,0.11
COK18,2018,3,1,2018,2018-01-08,154544.0,0.02,67.78,67.31,0.47,5,58.0,2.12,0.01,,0.17,0.11
COK18,2018,3,1,2018,2018-01-09,156595.0,0.01,68.82,68.34,0.48,6,57.0,1.33,-0.01,,0.17,0.11
COK18,2018,3,1,2018,2018-01-10,163495.0,0.01,69.2,68.73,0.47,7,56.0,4.41,0.0,,0.17,0.11
COK18,2018,3,1,2018,2018-01-11,168484.0,-0.01,69.26,68.77,0.49,8,55.0,3.05,-0.02,,0.17,0.11
COK18,2018,3,1,2018,2018-01-12,179791.0,-0.02,69.87,69.38,0.49,9,54.0,6.71,-0.01,,0.17,0.11
COK18,2018,3,1,2018,2018-01-15,184497.0,-0.05,70.26,69.83,0.43,10,53.0,2.62,-0.03,,0.17,0.11
COK18,2018,3,1,2018,2018-01-16,194126.0,-0.02,69.15,68.78,0.37,11,52.0,5.22,0.03,,0.17,0.11
COK18,2018,3,1,2018,2018-01-17,195017.0,0.0,69.38,69.0,0.38,12,51.0,0.46,0.02,,0.17,0.11
COK18,2018,3,1,2018,2018-01-18,199881.0,0.0,69.31,68.92,0.39,13,50.0,2.49,0.0,,0.17,0.11
COK18,2018,3,1,2018,2018-01-19,202435.0,0.0,68.61,68.24,0.37,14,49.0,1.28,0.0,,0.17,0.11
COK18,2018,3,1,2018,2018-01-22,207661.0,0.0,69.03,68.63,0.4,15,48.0,2.58,0.0,,0.17,0.11
COK18,2018,3,1,2018,2018-01-23,223481.0,0.0,69.96,69.54,0.42,16,47.0,7.62,0.0,,0.17,0.11
COK18,2018,3,1,2018,2018-01-24,233084.0,0.0,70.53,70.02,0.51,17,46.0,4.3,0.0,,0.17,0.11
COK18,2018,3,1,2018,2018-01-25,247363.0,-0.02,70.42,69.97,0.45,18,45.0,6.13,-0.02,,0.17,0.11
COK18,2018,3,1,2018,2018-01-26,250693.0,-0.03,70.52,70.15,0.37,19,44.0,1.35,-0.01,,0.17,0.11
COK18,2018,3,1,2018,2018-01-29,258229.0,-0.05,69.46,69.2,0.26,20,43.0,3.01,-0.02,,0.17,0.11
COK18,2018,3,1,2018,2018-01-30,269239.0,-0.05,69.02,68.52,0.5,21,42.0,4.26,0.0,,0.17,0.11
COK18,2018,3,1,2018,2018-01-31,273201.0,-0.04,69.05,68.89,0.16,22,41.0,1.47,0.01,,0.17,0.11
COK18,2018,2,2,2018,2018-02-01,274776.0,-0.05,69.65,69.35,0.3,1,40.0,,,,0.17,0.11
COK18,2018,2,2,2018,2018-02-02,280691.0,-0.04,68.58,68.28,0.3,2,39.0,2.15,0.01,,0.17,0.11
COK18,2018,2,2,2018,2018-02-05,290115.0,-0.02,67.62,67.28,0.34,3,38.0,3.36,0.02,,0.17,0.11
COK18,2018,2,2,2018,2018-02-06,293020.0,0.01,66.86,66.48,0.38,4,37.0,1.0,0.03,,0.17,0.11
COK18,2018,2,2,2018,2018-02-07,321446.0,0.02,65.51,65.15,0.36,5,36.0,9.7,0.01,,0.17,0.11
COK18,2018,2,2,2018,2018-02-08,340949.0,-0.0,64.81,64.49,0.32,6,35.0,6.07,-0.02,,0.17,0.11
COK18,2018,2,2,2018,2018-02-09,349731.0,0.01,62.79,62.48,0.31,7,34.0,2.58,0.01,,0.17,0.11
COK18,2018,2,2,2018,2018-02-12,374016.0,-0.01,62.59,62.33,0.26,8,33.0,6.94,-0.02,,0.17,0.11
COK18,2018,2,2,2018,2018-02-13,414473.0,0.0,62.72,62.44,0.28,9,32.0,10.82,0.01,,0.17,0.11
COK18,2018,2,2,2018,2018-02-14,436428.0,0.0,64.36,64.02,0.34,10,31.0,5.3,0.0,,0.17,0.11
COK18,2018,2,2,2018,2018-02-15,433481.0,-0.02,64.33,64.0,0.33,11,30.0,-0.68,-0.02,,0.17,0.11
COK18,2018,2,2,2018,2018-02-16,443887.0,-0.01,64.84,64.53,0.31,12,29.0,2.4,0.01,,0.17,0.11
COK18,2018,2,2,2018,2018-02-19,448045.0,-0.02,65.67,65.39,0.28,13,28.0,0.94,-0.01,,0.17,0.11
COK18,2018,2,2,2018,2018-02-20,497995.0,-0.03,65.25,65.05,0.2,14,27.0,11.15,-0.01,,0.17,0.11
COK18,2018,2,2,2018,2018-02-21,514514.0,-0.02,65.42,65.15,0.27,15,26.0,3.32,0.01,,0.17,0.11
COK18,2018,2,2,2018,2018-02-22,534017.0,-0.04,66.39,66.11,0.28,16,25.0,3.79,-0.02,,0.17,0.11
COK18,2018,2,2,2018,2018-02-23,540141.0,-0.06,67.31,67.04,0.27,17,24.0,1.15,-0.02,,0.17,0.11
COK18,2018,2,2,2018,2018-02-26,542874.0,-0.06,67.5,67.29,0.21,18,23.0,0.51,0.0,,0.17,0.11
COK18,2018,2,2,2018,2018-02-27,549678.0,-0.06,66.63,66.52,0.11,19,22.0,1.25,0.0,,0.17,0.11
COK18,2018,2,2,2018,2018-02-28,541386.0,-0.06,65.78,64.73,1.05,20,21.0,-1.51,0.0,,0.17,0.11
COK18,2018,1,3,2018,2018-03-01,529687.0,-0.06,63.83,63.59,0.24,1,20.0,,,pre_roll,0.17,0.11
COK18,2018,1,3,2018,2018-03-02,508221.0,-0.05,64.37,64.11,0.26,2,19.0,-4.05,0.01,during_roll,0.17,0.11
COK18,2018,1,3,2018,2018-03-05,509505.0,-0.05,65.54,65.3,0.24,3,18.0,0.25,0.0,during_roll,0.17,0.11
COK18,2018,1,3,2018,2018-03-06,498677.0,-0.06,65.79,65.55,0.24,4,17.0,-2.13,-0.01,during_roll,0.17,0.11
COK18,2018,1,3,2018,2018-03-07,480678.0,-0.08,64.34,64.15,0.19,5,16.0,-3.61,-0.02,during_roll,0.17,0.11
COK18,2018,1,3,2018,2018-03-08,433554.0,-0.1,63.61,63.44,0.17,6,15.0,-9.8,-0.02,during_roll,0.17,0.11
COK18,2018,1,3,2018,2018-03-09,402202.0,-0.1,65.49,65.27,0.22,7,14.0,-7.23,0.0,during_roll,0.17,0.11
COK18,2018,1,3,2018,2018-03-12,380827.0,-0.11,64.95,64.79,0.16,8,13.0,-5.31,-0.01,during_roll,0.17,0.11
COK18,2018,1,3,2018,2018-03-13,346387.0,-0.11,64.64,64.52,0.12,9,12.0,-9.04,0.0,during_roll,0.17,0.11
COK18,2018,1,3,2018,2018-03-14,346873.0,-0.13,64.89,64.76,0.13,10,11.0,0.14,-0.02,during_roll,0.17,0.11
COK18,2018,1,3,2018,2018-03-15,328408.0,-0.1,65.12,64.95,0.17,11,10.0,-5.32,0.03,during_roll,0.17,0.11
COK18,2018,1,3,2018,2018-03-16,309956.0,-0.14,66.21,66.05,0.16,12,9.0,-5.62,-0.04,during_roll,0.17,0.11
COK18,2018,1,3,2018,2018-03-19,288955.0,-0.11,66.05,65.82,0.23,13,8.0,-6.78,0.03,during_roll,0.17,0.11
COK18,2018,1,3,2018,2018-03-20,281904.0,-0.08,67.42,67.13,0.29,14,7.0,-2.44,0.03,during_roll,0.17,0.11
COK18,2018,1,3,2018,2018-03-21,233396.0,-0.03,69.47,69.07,0.4,15,6.0,-17.21,0.05,during_roll,0.17,0.11
COK18,2018,1,3,2018,2018-03-22,199526.0,0.1,68.91,68.38,0.53,16,5.0,-14.51,0.13,during_roll,0.17,0.11
COK18,2018,1,3,2018,2018-03-23,176855.0,0.18,70.45,69.81,0.64,17,4.0,-11.36,0.08,during_roll,0.17,0.11
COK18,2018,1,3,2018,2018-03-26,139161.0,0.15,70.12,69.52,0.6,18,3.0,-21.31,-0.03,during_roll,0.17,0.11
COK18,2018,1,3,2018,2018-03-27,115692.0,0.21,70.11,69.46,0.65,19,2.0,-16.86,0.06,during_roll,0.17,0.11
COK18,2018,1,3,2018,2018-03-28,59443.0,0.33,69.53,68.76,0.77,20,1.0,-48.62,0.12,during_roll,0.17,0.11
COK18,2018,1,3,2018,2018-03-29,59443.0,0.44,70.27,69.34,0.93,21,0.0,0.0,0.11,during_roll,0.17,0.11
COK19,2019,3,1,2019,2019-01-02,126112.0,-0.07,54.91,55.15,-0.24,1,62.0,,,,-0.76,-0.45
COK19,2019,3,1,2019,2019-01-03,132450.0,-0.06,55.95,56.14,-0.19,2,61.0,5.03,0.01,,-0.76,-0.45
COK19,2019,3,1,2019,2019-01-04,134363.0,-0.05,57.06,57.21,-0.15,3,60.0,1.44,0.01,,-0.76,-0.45
COK19,2019,3,1,2019,2019-01-07,135648.0,-0.08,57.33,57.55,-0.22,4,59.0,0.96,-0.03,,-0.76,-0.45
COK19,2019,3,1,2019,2019-01-08,143863.0,-0.09,58.72,58.89,-0.17,5,58.0,6.06,-0.01,,-0.76,-0.45
COK19,2019,3,1,2019,2019-01-09,148480.0,-0.09,61.44,61.6,-0.16,6,57.0,3.21,0.0,,-0.76,-0.45
COK19,2019,3,1,2019,2019-01-10,155625.0,-0.09,61.68,61.81,-0.13,7,56.0,4.81,0.0,,-0.76,-0.45
COK19,2019,3,1,2019,2019-01-11,166865.0,-0.1,60.48,60.63,-0.15,8,55.0,7.22,-0.01,,-0.76,-0.45
COK19,2019,3,1,2019,2019-01-14,174203.0,-0.1,58.99,59.18,-0.19,9,54.0,4.4,0.0,,-0.76,-0.45
COK19,2019,3,1,2019,2019-01-15,172652.0,-0.09,60.64,60.78,-0.14,10,53.0,-0.89,0.01,,-0.76,-0.45
COK19,2019,3,1,2019,2019-01-16,184096.0,-0.09,61.32,61.34,-0.02,11,52.0,6.63,0.0,,-0.76,-0.45
COK19,2019,3,1,2019,2019-01-17,198077.0,-0.09,61.18,61.16,0.02,12,51.0,7.59,0.0,,-0.76,-0.45
COK19,2019,3,1,2019,2019-01-18,202245.0,-0.1,62.7,62.59,0.11,13,50.0,2.1,-0.01,,-0.76,-0.45
COK19,2019,3,1,2019,2019-01-21,210209.0,-0.08,62.74,62.57,0.17,14,49.0,3.94,0.02,,-0.76,-0.45
COK19,2019,3,1,2019,2019-01-22,213001.0,-0.09,61.5,61.38,0.12,15,48.0,1.33,-0.01,,-0.76,-0.45
COK19,2019,3,1,2019,2019-01-23,219571.0,-0.1,61.14,61.03,0.11,16,47.0,3.08,-0.01,,-0.76,-0.45
COK19,2019,3,1,2019,2019-01-24,224663.0,-0.1,61.09,61.16,-0.07,17,46.0,2.32,0.0,,-0.76,-0.45
COK19,2019,3,1,2019,2019-01-25,234955.0,-0.11,61.64,61.59,0.05,18,45.0,4.58,-0.01,,-0.76,-0.45
COK19,2019,3,1,2019,2019-01-28,234682.0,-0.1,59.93,59.81,0.12,19,44.0,-0.12,0.01,,-0.76,-0.45
COK19,2019,3,1,2019,2019-01-29,237364.0,-0.1,61.32,61.2,0.12,20,43.0,1.14,0.0,,-0.76,-0.45
COK19,2019,3,1,2019,2019-01-30,241908.0,-0.11,61.65,61.54,0.11,21,42.0,1.91,-0.01,,-0.76,-0.45
COK19,2019,3,1,2019,2019-01-31,250805.0,-0.12,61.89,60.84,1.05,22,41.0,3.68,-0.01,,-0.76,-0.45
COK19,2019,2,2,2019,2019-02-01,256751.0,-0.11,62.75,62.79,-0.04,1,40.0,,,,-0.76,-0.45
COK19,2019,2,2,2019,2019-02-04,272703.0,-0.12,62.51,62.58,-0.07,2,39.0,6.21,-0.01,,-0.76,-0.45
COK19,2019,2,2,2019,2019-02-05,274803.0,-0.12,61.98,62.07,-0.09,3,38.0,0.77,0.0,,-0.76,-0.45
COK19,2019,2,2,2019,2019-02-06,278413.0,-0.1,62.69,62.74,-0.05,4,37.0,1.31,0.02,,-0.76,-0.45
COK19,2019,2,2,2019,2019-02-07,277218.0,-0.09,61.63,61.63,0.0,5,36.0,-0.43,0.01,,-0.76,-0.45
COK19,2019,2,2,2019,2019-02-08,289868.0,-0.08,62.1,62.03,0.07,6,35.0,4.56,0.01,,-0.76,-0.45
COK19,2019,2,2,2019,2019-02-11,299245.0,-0.11,61.51,61.52,-0.01,7,34.0,3.23,-0.03,,-0.76,-0.45
COK19,2019,2,2,2019,2019-02-12,302669.0,-0.09,62.42,62.4,0.02,8,33.0,1.14,0.02,,-0.76,-0.45
COK19,2019,2,2,2019,2019-02-13,319558.0,-0.09,63.61,63.58,0.03,9,32.0,5.58,0.0,,-0.76,-0.45
COK19,2019,2,2,2019,2019-02-14,322068.0,-0.06,64.57,64.52,0.05,10,31.0,0.79,0.03,,-0.76,-0.45
COK19,2019,2,2,2019,2019-02-15,343661.0,-0.06,66.25,66.22,0.03,11,30.0,6.7,0.0,,-0.76,-0.45
COK19,2019,2,2,2019,2019-02-18,359316.0,-0.06,66.5,66.5,0.0,12,29.0,4.56,0.0,,-0.76,-0.45
COK19,2019,2,2,2019,2019-02-19,364501.0,-0.08,66.45,66.47,-0.02,13,28.0,1.44,-0.02,,-0.76,-0.45
COK19,2019,2,2,2019,2019-02-20,404810.0,-0.09,67.08,67.13,-0.05,14,27.0,11.06,-0.01,,-0.76,-0.45
COK19,2019,2,2,2019,2019-02-21,435117.0,-0.1,67.07,67.19,-0.12,15,26.0,7.49,-0.01,,-0.76,-0.45
COK19,2019,2,2,2019,2019-02-22,444213.0,-0.1,67.12,67.25,-0.13,16,25.0,2.09,0.0,,-0.76,-0.45
COK19,2019,2,2,2019,2019-02-25,440237.0,-0.1,64.76,64.91,-0.15,17,24.0,-0.9,0.0,,-0.76,-0.45
COK19,2019,2,2,2019,2019-02-26,442998.0,-0.1,65.21,65.36,-0.15,18,23.0,0.63,0.0,,-0.76,-0.45
COK19,2019,2,2,2019,2019-02-27,453847.0,-0.11,66.39,66.58,-0.19,19,22.0,2.45,-0.01,,-0.76,-0.45
COK19,2019,2,2,2019,2019-02-28,441259.0,-0.12,66.03,66.31,-0.28,20,21.0,-2.77,-0.01,,-0.76,-0.45
COK19,2019,1,3,2019,2019-03-01,419414.0,-0.12,65.07,65.11,-0.04,1,20.0,,,pre_roll,-0.76,-0.45
COK19,2019,1,3,2019,2019-03-04,411010.0,-0.12,65.67,65.74,-0.07,2,19.0,-2.0,0.0,during_roll,-0.76,-0.45
COK19,2019,1,3,2019,2019-03-05,422991.0,-0.12,65.86,65.92,-0.06,3,18.0,2.92,0.0,post_roll,-0.76,-0.45
COK19,2019,1,3,2019,2019-03-06,411141.0,-0.08,65.99,65.97,0.02,4,17.0,-2.8,0.04,pre_roll,-0.76,-0.45
COK19,2019,1,3,2019,2019-03-07,412640.0,-0.06,66.3,66.26,0.04,5,16.0,0.36,0.02,pre_roll,-0.76,-0.45
COK19,2019,1,3,2019,2019-03-08,412629.0,-0.02,65.74,65.66,0.08,6,15.0,-0.0,0.04,pre_roll,-0.76,-0.45
COK19,2019,1,3,2019,2019-03-11,404643.0,-0.04,66.58,66.48,0.1,7,14.0,-1.94,-0.02,pre_roll,-0.76,-0.45
COK19,2019,1,3,2019,2019-03-12,401039.0,-0.06,66.67,66.58,0.09,8,13.0,-0.89,-0.02,pre_roll,-0.76,-0.45
COK19,2019,1,3,2019,2019-03-13,384711.0,-0.06,67.55,67.46,0.09,9,12.0,-4.07,0.0,during_roll,-0.76,-0.45
COK19,2019,1,3,2019,2019-03-14,376157.0,-0.07,67.23,67.13,0.1,10,11.0,-2.22,-0.01,during_roll,-0.76,-0.45
COK19,2019,1,3,2019,2019-03-15,360029.0,-0.06,67.16,67.04,0.12,11,10.0,-4.29,0.01,during_roll,-0.76,-0.45
COK19,2019,1,3,2019,2019-03-18,351164.0,-0.05,67.54,67.36,0.18,12,9.0,-2.46,0.01,during_roll,-0.76,-0.45
COK19,2019,1,3,2019,2019-03-19,328548.0,-0.04,67.61,67.42,0.19,13,8.0,-6.44,0.01,during_roll,-0.76,-0.45
COK19,2019,1,3,2019,2019-03-20,318608.0,-0.04,68.5,68.27,0.23,14,7.0,-3.03,0.0,during_roll,-0.76,-0.45
COK19,2019,1,3,2019,2019-03-21,257580.0,-0.05,67.86,67.67,0.19,15,6.0,-19.15,-0.01,during_roll,-0.76,-0.45
COK19,2019,1,3,2019,2019-03-22,235140.0,0.02,67.03,66.75,0.28,16,5.0,-8.71,0.07,during_roll,-0.76,-0.45
COK19,2019,1,3,2019,2019-03-25,217707.0,0.13,67.21,66.81,0.4,17,4.0,-7.41,0.11,during_roll,-0.76,-0.45
COK19,2019,1,3,2019,2019-03-26,171594.0,0.21,67.97,67.43,0.54,18,3.0,-21.18,0.08,during_roll,-0.76,-0.45
COK19,2019,1,3,2019,2019-03-27,122566.0,0.22,67.83,67.24,0.59,19,2.0,-28.57,0.01,during_roll,-0.76,-0.45
COK19,2019,1,3,2019,2019-03-28,73269.0,0.36,67.82,67.1,0.72,20,1.0,-40.22,0.14,during_roll,-0.76,-0.45
COK19,2019,1,3,2019,2019-03-29,73269.0,0.44,68.39,67.58,0.81,21,0.0,0.0,0.08,during_roll,-0.76,-0.45
COK20,2020,3,1,2020,2020-01-02,154281.0,-0.02,66.25,65.56,0.69,1,63.0,,,,1.09,0.53
COK20,2020,3,1,2020,2020-01-03,149619.0,-0.05,68.6,67.76,0.84,2,62.0,-3.02,-0.03,,1.09,0.53
COK20,2020,3,1,2020,2020-01-06,153186.0,-0.04,68.91,68.07,0.84,3,61.0,2.38,0.01,,1.09,0.53
COK20,2020,3,1,2020,2020-01-07,158620.0,-0.03,68.27,67.57,0.7,4,60.0,3.55,0.01,,1.09,0.53
COK20,2020,3,1,2020,2020-01-08,152667.0,-0.03,65.44,64.79,0.65,5,59.0,-3.75,0.0,,1.09,0.53
COK20,2020,3,1,2020,2020-01-09,159502.0,-0.03,65.37,64.66,0.71,6,58.0,4.48,0.0,,1.09,0.53
COK20,2020,3,1,2020,2020-01-10,160416.0,-0.02,64.98,64.25,0.73,7,57.0,0.57,0.01,,1.09,0.53
COK20,2020,3,1,2020,2020-01-13,169713.0,-0.02,64.2,63.48,0.72,8,56.0,5.8,0.0,,1.09,0.53
COK20,2020,3,1,2020,2020-01-14,179501.0,-0.03,64.49,63.71,0.78,9,55.0,5.77,-0.01,,1.09,0.53
COK20,2020,3,1,2020,2020-01-15,182921.0,-0.03,64.0,63.21,0.79,10,54.0,1.91,0.0,,1.09,0.53
COK20,2020,3,1,2020,2020-01-16,184071.0,-0.03,64.62,63.81,0.81,11,53.0,0.63,0.0,,1.09,0.53
COK20,2020,3,1,2020,2020-01-17,192258.0,-0.01,64.85,64.03,0.82,12,52.0,4.45,0.02,,1.09,0.53
COK20,2020,3,1,2020,2020-01-20,188157.0,0.0,65.2,64.34,0.86,13,51.0,-2.13,0.01,,1.09,0.53
COK20,2020,3,1,2020,2020-01-21,192736.0,-0.01,64.59,63.83,0.76,14,50.0,2.43,-0.01,,1.09,0.53
COK20,2020,3,1,2020,2020-01-22,194910.0,-0.01,63.21,62.45,0.76,15,49.0,1.13,0.0,,1.09,0.53
COK20,2020,3,1,2020,2020-01-23,204615.0,-0.02,62.04,61.28,0.76,16,48.0,4.98,-0.01,,1.09,0.53
COK20,2020,3,1,2020,2020-01-24,201363.0,-0.01,60.69,59.89,0.8,17,47.0,-1.59,0.01,,1.09,0.53
COK20,2020,3,1,2020,2020-01-27,196176.0,-0.03,59.32,58.58,0.74,18,46.0,-2.58,-0.02,,1.09,0.53
COK20,2020,3,1,2020,2020-01-28,196513.0,-0.04,59.51,58.81,0.7,19,45.0,0.17,-0.01,,1.09,0.53
COK20,2020,3,1,2020,2020-01-29,201743.0,-0.03,59.81,58.91,0.9,20,44.0,2.66,0.01,,1.09,0.53
COK20,2020,3,1,2020,2020-01-30,224550.0,-0.07,58.29,57.33,0.96,21,43.0,11.3,-0.04,,1.09,0.53
COK20,2020,3,1,2020,2020-01-31,235214.0,-0.08,58.16,56.62,1.54,22,42.0,4.75,-0.01,,1.09,0.53
COK20,2020,2,2,2020,2020-02-03,243112.0,-0.18,54.45,54.61,-0.16,1,41.0,,,,1.09,0.53
COK20,2020,2,2,2020,2020-02-04,250913.0,-0.17,53.96,54.13,-0.17,2,40.0,3.21,0.01,,1.09,0.53
COK20,2020,2,2,2020,2020-02-05,263649.0,-0.19,55.28,55.43,-0.15,3,39.0,5.08,-0.02,,1.09,0.53
COK20,2020,2,2,2020,2020-02-06,266844.0,-0.26,54.93,55.26,-0.33,4,38.0,1.21,-0.07,,1.09,0.53
COK20,2020,2,2,2020,2020-02-07,272390.0,-0.26,54.47,54.8,-0.33,5,37.0,2.08,0.0,,1.09,0.53
COK20,2020,2,2,2020,2020-02-10,310386.0,-0.21,53.27,53.57,-0.3,6,36.0,13.95,0.05,,1.09,0.53
COK20,2020,2,2,2020,2020-02-11,332731.0,-0.17,54.01,54.21,-0.2,7,35.0,7.2,0.04,,1.09,0.53
COK20,2020,2,2,2020,2020-02-12,355665.0,-0.17,55.79,55.91,-0.12,8,34.0,6.89,0.0,,1.09,0.53
COK20,2020,2,2,2020,2020-02-13,387473.0,-0.15,56.34,56.38,-0.04,9,33.0,8.94,0.02,,1.09,0.53
COK20,2020,2,2,2020,2020-02-14,398901.0,-0.11,57.32,57.2,0.12,10,32.0,2.95,0.04,,1.09,0.53
COK20,2020,2,2,2020,2020-02-17,400246.0,-0.11,57.67,57.49,0.18,11,31.0,0.34,0.0,,1.09,0.53
COK20,2020,2,2,2020,2020-02-18,426799.0,-0.12,57.75,57.51,0.24,12,30.0,6.63,-0.01,,1.09,0.53
COK20,2020,2,2,2020,2020-02-19,440141.0,-0.09,59.12,58.72,0.4,13,29.0,3.13,0.03,,1.09,0.53
COK20,2020,2,2,2020,2020-02-20,473355.0,-0.07,59.31,58.8,0.51,14,28.0,7.55,0.02,,1.09,0.53
COK20,2020,2,2,2020,2020-02-21,478092.0,-0.05,58.5,57.94,0.56,15,27.0,1.0,0.02,,1.09,0.53
COK20,2020,2,2,2020,2020-02-24,476215.0,-0.06,56.3,55.77,0.53,16,26.0,-0.39,-0.01,,1.09,0.53
COK20,2020,2,2,2020,2020-02-25,480559.0,-0.04,54.95,54.26,0.69,17,25.0,0.91,0.02,,1.09,0.53
COK20,2020,2,2,2020,2020-02-26,492743.0,0.01,53.43,52.81,0.62,18,24.0,2.54,0.05,,1.09,0.53
COK20,2020,2,2,2020,2020-02-27,504899.0,0.08,52.18,51.73,0.45,19,23.0,2.47,0.07,,1.09,0.53
COK20,2020,2,2,2020,2020-02-28,510295.0,0.07,50.52,49.67,0.85,20,22.0,1.07,-0.01,,1.09,0.53
COK20,2020,1,3,2020,2020-03-02,494581.0,0.05,51.9,51.75,0.15,1,21.0,,,pre_roll,1.09,0.53
COK20,2020,1,3,2020,2020-03-03,474469.0,-0.01,51.86,51.77,0.09,2,20.0,-4.07,-0.06,during_roll,1.09,0.53
COK20,2020,1,3,2020,2020-03-04,457747.0,-0.08,51.13,51.25,-0.12,3,19.0,-3.52,-0.07,during_roll,1.09,0.53
COK20,2020,1,3,2020,2020-03-05,461330.0,-0.07,49.99,50.17,-0.18,4,18.0,0.78,0.01,during_roll,1.09,0.53
COK20,2020,1,3,2020,2020-03-06,455065.0,0.03,45.27,45.52,-0.25,5,17.0,-1.36,0.1,during_roll,1.09,0.53
COK20,2020,1,3,2020,2020-03-09,455065.0,-0.06,34.36,35.1,-0.74,6,16.0,0.0,-0.09,post_roll,1.09,0.53
COK20,2020,1,3,2020,2020-03-10,374646.0,-0.14,37.22,38.09,-0.87,7,15.0,-17.67,-0.08,during_roll,1.09,0.53
COK20,2020,1,3,2020,2020-03-11,335241.0,-0.44,35.79,37.23,-1.44,8,14.0,-10.52,-0.3,during_roll,1.09,0.53
COK20,2020,1,3,2020,2020-03-12,307942.0,-0.51,33.22,35.2,-1.98,9,13.0,-8.14,-0.07,during_roll,1.09,0.53
COK20,2020,1,3,2020,2020-03-13,290120.0,-0.26,33.85,35.44,-1.59,10,12.0,-5.79,0.25,during_roll,1.09,0.53
COK20,2020,1,3,2020,2020-03-16,280356.0,-0.17,30.05,31.69,-1.64,11,11.0,-3.37,0.09,during_roll,1.09,0.53
COK20,2020,1,3,2020,2020-03-17,263225.0,-0.16,28.73,30.41,-1.68,12,10.0,-6.11,0.01,during_roll,1.09,0.53
COK20,2020,1,3,2020,2020-03-18,242476.0,-0.19,24.88,26.69,-1.81,13,9.0,-7.88,-0.03,during_roll,1.09,0.53
COK20,2020,1,3,2020,2020-03-19,225293.0,-0.32,28.47,30.3,-1.83,14,8.0,-7.09,-0.13,during_roll,1.09,0.53
COK20,2020,1,3,2020,2020-03-20,214457.0,-0.39,26.98,29.0,-2.02,15,7.0,-4.81,-0.07,during_roll,1.09,0.53
COK20,2020,1,3,2020,2020-03-23,189125.0,-0.34,27.03,29.29,-2.26,16,6.0,-11.81,0.05,during_roll,1.09,0.53
COK20,2020,1,3,2020,2020-03-24,162218.0,-0.39,27.15,29.74,-2.59,17,5.0,-14.23,-0.05,during_roll,1.09,0.53
COK20,2020,1,3,2020,2020-03-25,149118.0,-0.03,27.39,29.99,-2.6,18,4.0,-8.08,0.36,during_roll,1.09,0.53
COK20,2020,1,3,2020,2020-03-26,104072.0,0.33,26.34,28.65,-2.31,19,3.0,-30.21,0.36,during_roll,1.09,0.53
COK20,2020,1,3,2020,2020-03-27,88225.0,-0.06,24.93,27.95,-3.02,20,2.0,-15.23,-0.39,during_roll,1.09,0.53
COK20,2020,1,3,2020,2020-03-30,47614.0,-0.3,22.76,26.42,-3.66,21,1.0,-46.03,-0.24,during_roll,1.09,0.53
COK20,2020,1,3,2020,2020-03-31,45099.0,-0.3,22.74,26.35,-3.61,22,0.0,-5.28,0.0,during_roll,1.09,0.53
COK21,2021,3,1,2021,2021-01-04,167463.0,-0.06,51.09,51.16,-0.07,1,62.0,,,,-0.24,-0.19
COK21,2021,3,1,2021,2021-01-05,172387.0,-0.05,53.6,53.54,0.06,2,61.0,2.94,0.01,,-0.24,-0.19
COK21,2021,3,1,2021,2021-01-06,168272.0,-0.05,54.3,54.18,0.12,3,60.0,-2.39,0.0,,-0.24,-0.19
COK21,2021,3,1,2021,2021-01-07,178775.0,-0.06,54.38,54.3,0.08,4,59.0,6.24,-0.01,,-0.24,-0.19
COK21,2021,3,1,2021,2021-01-08,191890.0,-0.05,55.99,55.83,0.16,5,58.0,7.34,0.01,,-0.24,-0.19
COK21,2021,3,1,2021,2021-01-11,197601.0,-0.04,55.66,55.59,0.07,6,57.0,2.98,0.01,,-0.24,-0.19
COK21,2021,3,1,2021,2021-01-12,204006.0,-0.05,56.58,56.49,0.09,7,56.0,3.24,-0.01,,-0.24,-0.19
COK21,2021,3,1,2021,2021-01-13,222678.0,-0.08,56.06,56.04,0.02,8,55.0,9.15,-0.03,,-0.24,-0.19
COK21,2021,3,1,2021,2021-01-14,237111.0,-0.09,56.42,56.39,0.03,9,54.0,6.48,-0.01,,-0.24,-0.19
COK21,2021,3,1,2021,2021-01-15,234182.0,-0.1,55.1,55.13,-0.03,10,53.0,-1.24,-0.01,,-0.24,-0.19
COK21,2021,3,1,2021,2021-01-18,235337.0,-0.1,54.75,54.75,0.0,11,52.0,0.49,0.0,,-0.24,-0.19
COK21,2021,3,1,2021,2021-01-19,236195.0,-0.09,55.9,55.84,0.06,12,51.0,0.36,0.01,,-0.24,-0.19
COK21,2021,3,1,2021,2021-01-20,245493.0,-0.06,56.08,55.97,0.11,13,50.0,3.94,0.03,,-0.24,-0.19
COK21,2021,3,1,2021,2021-01-21,253407.0,-0.07,56.1,55.98,0.12,14,49.0,3.22,-0.01,,-0.24,-0.19
COK21,2021,3,1,2021,2021-01-22,252469.0,-0.07,55.41,55.25,0.16,15,48.0,-0.37,0.0,,-0.24,-0.19
COK21,2021,3,1,2021,2021-01-25,258862.0,-0.08,55.88,55.68,0.2,16,47.0,2.53,-0.01,,-0.24,-0.19
COK21,2021,3,1,2021,2021-01-26,261147.0,-0.06,55.91,55.64,0.27,17,46.0,0.88,0.02,,-0.24,-0.19
COK21,2021,3,1,2021,2021-01-27,273601.0,-0.08,55.81,55.53,0.28,18,45.0,4.77,-0.02,,-0.24,-0.19
COK21,2021,3,1,2021,2021-01-28,286016.0,-0.07,55.53,55.1,0.43,19,44.0,4.54,0.01,,-0.24,-0.19
COK21,2021,3,1,2021,2021-01-29,290737.0,-0.08,55.88,55.04,0.84,20,43.0,1.65,-0.01,,-0.24,-0.19
COK21,2021,2,2,2021,2021-02-01,304828.0,-0.06,56.35,56.1,0.25,1,42.0,,,,-0.24,-0.19
COK21,2021,2,2,2021,2021-02-02,321574.0,-0.06,57.46,57.2,0.26,2,41.0,5.49,0.0,,-0.24,-0.19
COK21,2021,2,2,2021,2021-02-03,334224.0,-0.06,58.46,58.17,0.29,3,40.0,3.93,0.0,,-0.24,-0.19
COK21,2021,2,2,2021,2021-02-04,349071.0,-0.07,58.84,58.57,0.27,4,39.0,4.44,-0.01,,-0.24,-0.19
COK21,2021,2,2,2021,2021-02-05,371624.0,-0.08,59.34,59.08,0.26,5,38.0,6.46,-0.01,,-0.24,-0.19
COK21,2021,2,2,2021,2021-02-08,397898.0,-0.05,60.56,60.27,0.29,6,37.0,7.07,0.03,,-0.24,-0.19
COK21,2021,2,2,2021,2021-02-09,428159.0,-0.03,61.09,60.71,0.38,7,36.0,7.61,0.02,,-0.24,-0.19
COK21,2021,2,2,2021,2021-02-10,452104.0,-0.03,61.47,61.07,0.4,8,35.0,5.59,0.0,,-0.24,-0.19
COK21,2021,2,2,2021,2021-02-11,489346.0,-0.02,61.14,60.71,0.43,9,34.0,8.24,0.01,,-0.24,-0.19
COK21,2021,2,2,2021,2021-02-12,493077.0,-0.01,62.43,61.88,0.55,10,33.0,0.76,0.01,,-0.24,-0.19
COK21,2021,2,2,2021,2021-02-15,501428.0,-0.02,63.3,62.72,0.58,11,32.0,1.69,-0.01,,-0.24,-0.19
COK21,2021,2,2,2021,2021-02-16,528004.0,-0.02,63.35,62.76,0.59,12,31.0,5.3,0.0,,-0.24,-0.19
COK21,2021,2,2,2021,2021-02-17,545691.0,0.0,64.34,63.6,0.74,13,30.0,3.35,0.02,,-0.24,-0.19
COK21,2021,2,2,2021,2021-02-18,599721.0,0.02,63.93,63.15,0.78,14,29.0,9.9,0.02,,-0.24,-0.19
COK21,2021,2,2,2021,2021-02-19,626470.0,0.01,62.91,62.14,0.77,15,28.0,4.46,-0.01,,-0.24,-0.19
COK21,2021,2,2,2021,2021-02-22,639859.0,0.01,65.24,64.36,0.88,16,27.0,2.14,0.0,,-0.24,-0.19
COK21,2021,2,2,2021,2021-02-23,637154.0,-0.01,65.37,64.48,0.89,17,26.0,-0.42,-0.02,,-0.24,-0.19
COK21,2021,2,2,2021,2021-02-24,656056.0,-0.01,67.04,66.18,0.86,18,25.0,2.97,0.0,,-0.24,-0.19
COK21,2021,2,2,2021,2021-02-25,673423.0,-0.03,66.88,66.11,0.77,19,24.0,2.65,-0.02,,-0.24,-0.19
COK21,2021,2,2,2021,2021-02-26,693406.0,0.0,66.13,64.42,1.71,20,23.0,2.97,0.03,,-0.24,-0.19
COK21,2021,1,3,2021,2021-03-01,663221.0,-0.02,63.69,63.02,0.67,1,22.0,,,pre_roll,-0.24,-0.19
COK21,2021,1,3,2021,2021-03-02,627917.0,-0.08,62.7,62.18,0.52,2,21.0,-5.32,-0.06,during_roll,-0.24,-0.19
COK21,2021,1,3,2021,2021-03-03,609519.0,-0.12,64.07,63.57,0.5,3,20.0,-2.93,-0.04,during_roll,-0.24,-0.19
COK21,2021,1,3,2021,2021-03-04,583449.0,-0.19,66.74,66.2,0.54,4,19.0,-4.28,-0.07,during_roll,-0.24,-0.19
COK21,2021,1,3,2021,2021-03-05,569041.0,-0.17,69.36,68.68,0.68,5,18.0,-2.47,0.02,during_roll,-0.24,-0.19
COK21,2021,1,3,2021,2021-03-08,550474.0,-0.23,68.24,67.7,0.54,6,17.0,-3.26,-0.06,during_roll,-0.24,-0.19
COK21,2021,1,3,2021,2021-03-09,517217.0,-0.23,67.52,67.05,0.47,7,16.0,-6.04,0.0,during_roll,-0.24,-0.19
COK21,2021,1,3,2021,2021-03-10,475808.0,-0.21,67.9,67.38,0.52,8,15.0,-8.01,0.02,during_roll,-0.24,-0.19
COK21,2021,1,3,2021,2021-03-11,466775.0,-0.18,69.63,69.0,0.63,9,14.0,-1.9,0.03,during_roll,-0.24,-0.19
COK21,2021,1,3,2021,2021-03-12,428150.0,-0.22,69.22,68.68,0.54,10,13.0,-8.27,-0.04,during_roll,-0.24,-0.19
COK21,2021,1,3,2021,2021-03-15,409207.0,-0.2,68.88,68.33,0.55,11,12.0,-4.42,0.02,during_roll,-0.24,-0.19
COK21,2021,1,3,2021,2021-03-16,402603.0,-0.17,68.39,67.87,0.52,12,11.0,-1.61,0.03,during_roll,-0.24,-0.19
COK21,2021,1,3,2021,2021-03-17,385091.0,-0.16,68.0,67.57,0.43,13,10.0,-4.35,0.01,during_roll,-0.24,-0.19
COK21,2021,1,3,2021,2021-03-18,323686.0,-0.17,63.28,63.03,0.25,14,9.0,-15.95,-0.01,during_roll,-0.24,-0.19
COK21,2021,1,3,2021,2021-03-19,254042.0,-0.27,64.53,64.35,0.18,15,8.0,-21.52,-0.1,during_roll,-0.24,-0.19
COK21,2021,1,3,2021,2021-03-22,238393.0,-0.32,64.62,64.52,0.1,16,7.0,-6.16,-0.05,during_roll,-0.24,-0.19
COK21,2021,1,3,2021,2021-03-23,186889.0,-0.37,60.79,60.86,-0.07,17,6.0,-21.6,-0.05,during_roll,-0.24,-0.19
COK21,2021,1,3,2021,2021-03-24,186889.0,-0.27,64.41,64.25,0.16,18,5.0,0.0,0.1,during_roll,-0.24,-0.19
COK21,2021,1,3,2021,2021-03-25,152433.0,-0.25,61.95,61.8,0.15,19,4.0,-18.44,0.02,during_roll,-0.24,-0.19
COK21,2021,1,3,2021,2021-03-26,122276.0,-0.34,64.57,64.43,0.14,20,3.0,-19.78,-0.09,during_roll,-0.24,-0.19
COK21,2021,1,3,2021,2021-03-29,103614.0,-0.49,64.98,64.92,0.06,21,2.0,-15.26,-0.15,during_roll,-0.24,-0.19
COK21,2021,1,3,2021,2021-03-30,56778.0,-0.59,64.14,64.17,-0.03,22,1.0,-45.2,-0.1,during_roll,-0.24,-0.19
COK21,2021,1,3,2021,2021-03-31,54726.0,0.37,63.54,62.74,0.8,23,0.0,-3.61,0.96,during_roll,-0.24,-0.19
COK22,2022,3,1,2022,2022-01-03,145760.0,-0.03,78.98,78.57,0.41,1,63.0,,,,-0.66,-0.26
COK22,2022,3,1,2022,2022-01-04,147200.0,-0.02,80.0,79.55,0.45,2,62.0,0.99,0.01,,-0.66,-0.26
COK22,2022,3,1,2022,2022-01-05,150673.0,-0.02,80.8,80.19,0.61,3,61.0,2.36,0.0,,-0.66,-0.26
COK22,2022,3,1,2022,2022-01-06,163552.0,-0.03,81.99,81.29,0.7,4,60.0,8.55,-0.01,,-0.66,-0.26
COK22,2022,3,1,2022,2022-01-07,171696.0,-0.03,81.75,81.06,0.69,5,59.0,4.98,0.0,,-0.66,-0.26
COK22,2022,3,1,2022,2022-01-10,170864.0,-0.03,80.87,80.3,0.57,6,58.0,-0.48,0.0,,-0.66,-0.26
COK22,2022,3,1,2022,2022-01-11,178097.0,-0.03,83.72,83.08,0.64,7,57.0,4.23,0.0,,-0.66,-0.26
COK22,2022,3,1,2022,2022-01-12,190174.0,-0.0,84.67,83.98,0.69,8,56.0,6.78,0.03,,-0.66,-0.26
COK22,2022,3,1,2022,2022-01-13,197054.0,-0.0,84.47,83.77,0.7,9,55.0,3.62,0.0,,-0.66,-0.26
COK22,2022,3,1,2022,2022-01-14,198440.0,0.01,86.06,85.35,0.71,10,54.0,0.7,0.01,,-0.66,-0.26
COK22,2022,3,1,2022,2022-01-17,200307.0,0.01,86.48,85.77,0.71,11,53.0,0.94,0.0,,-0.66,-0.26
COK22,2022,3,1,2022,2022-01-18,206445.0,0.03,87.51,86.78,0.73,12,52.0,3.06,0.02,,-0.66,-0.26
COK22,2022,3,1,2022,2022-01-19,210787.0,0.03,88.44,87.59,0.85,13,51.0,2.1,0.0,,-0.66,-0.26
COK22,2022,3,1,2022,2022-01-20,211661.0,0.04,88.38,87.61,0.77,14,50.0,0.41,0.01,,-0.66,-0.26
COK22,2022,3,1,2022,2022-01-21,223171.0,0.04,87.89,87.08,0.81,15,49.0,5.44,0.0,,-0.66,-0.26
COK22,2022,3,1,2022,2022-01-24,235419.0,0.04,86.27,85.43,0.84,16,48.0,5.49,0.0,,-0.66,-0.26
COK22,2022,3,1,2022,2022-01-25,240673.0,0.04,88.2,87.18,1.02,17,47.0,2.23,0.0,,-0.66,-0.26
COK22,2022,3,1,2022,2022-01-26,250012.0,0.06,89.96,88.74,1.22,18,46.0,3.88,0.02,,-0.66,-0.26
COK22,2022,3,1,2022,2022-01-27,255295.0,0.07,89.34,88.17,1.17,19,45.0,2.11,0.01,,-0.66,-0.26
COK22,2022,3,1,2022,2022-01-28,262705.0,0.11,90.03,88.52,1.51,20,44.0,2.9,0.04,,-0.66,-0.26
COK22,2022,3,1,2022,2022-01-31,263927.0,0.14,91.21,89.26,1.95,21,43.0,0.47,0.03,,-0.66,-0.26
COK22,2022,2,2,2022,2022-02-01,264890.0,0.15,89.16,87.77,1.39,1,42.0,,,,-0.66,-0.26
COK22,2022,2,2,2022,2022-02-02,270151.0,0.17,89.47,88.12,1.35,2,41.0,1.99,0.02,,-0.66,-0.26
COK22,2022,2,2,2022,2022-02-03,283984.0,0.2,91.11,89.69,1.42,3,40.0,5.12,0.03,,-0.66,-0.26
COK22,2022,2,2,2022,2022-02-04,297182.0,0.23,93.27,91.65,1.62,4,39.0,4.65,0.03,,-0.66,-0.26
COK22,2022,2,2,2022,2022-02-07,309996.0,0.2,92.69,91.23,1.46,5,38.0,4.31,-0.03,,-0.66,-0.26
COK22,2022,2,2,2022,2022-02-08,324067.0,0.18,90.78,89.38,1.4,6,37.0,4.54,-0.02,,-0.66,-0.26
COK22,2022,2,2,2022,2022-02-09,345987.0,0.18,91.55,90.18,1.37,7,36.0,6.76,0.0,,-0.66,-0.26
COK22,2022,2,2,2022,2022-02-10,383388.0,0.18,91.41,90.03,1.38,8,35.0,10.81,0.0,,-0.66,-0.26
COK22,2022,2,2,2022,2022-02-11,412671.0,0.33,94.44,92.62,1.82,9,34.0,7.64,0.15,,-0.66,-0.26
COK22,2022,2,2,2022,2022-02-14,412463.0,0.38,96.48,94.41,2.07,10,33.0,-0.05,0.05,,-0.66,-0.26
COK22,2022,2,2,2022,2022-02-15,424211.0,0.41,93.28,91.1,2.18,11,32.0,2.85,0.03,,-0.66,-0.26
COK22,2022,2,2,2022,2022-02-16,440824.0,0.34,94.81,92.49,2.32,12,31.0,3.92,-0.07,,-0.66,-0.26
COK22,2022,2,2,2022,2022-02-17,468746.0,0.34,92.97,90.81,2.16,13,30.0,6.33,0.0,,-0.66,-0.26
COK22,2022,2,2,2022,2022-02-18,477963.0,0.36,93.54,91.39,2.15,14,29.0,1.97,0.02,,-0.66,-0.26
COK22,2022,2,2,2022,2022-02-21,478095.0,0.39,95.39,92.99,2.4,15,28.0,0.03,0.03,,-0.66,-0.26
COK22,2022,2,2,2022,2022-02-22,474179.0,0.57,96.84,93.85,2.99,16,27.0,-0.82,0.18,,-0.66,-0.26
COK22,2022,2,2,2022,2022-02-23,475352.0,0.5,96.84,94.05,2.79,17,26.0,0.25,-0.07,,-0.66,-0.26
COK22,2022,2,2,2022,2022-02-24,471233.0,0.79,99.08,95.42,3.66,18,25.0,-0.87,0.29,,-0.66,-0.26
COK22,2022,2,2,2022,2022-02-25,473353.0,0.66,97.93,94.12,3.81,19,24.0,0.45,-0.13,,-0.66,-0.26
COK22,2022,2,2,2022,2022-02-28,470658.0,0.67,100.99,97.97,3.02,20,23.0,-0.57,0.01,,-0.66,-0.26
COK22,2022,1,3,2022,2022-03-01,462740.0,0.68,104.97,101.13,3.84,1,22.0,,,pre_roll,-0.66,-0.26
COK22,2022,1,3,2022,2022-03-02,436016.0,0.51,112.93,108.29,4.64,2,21.0,-5.78,-0.17,during_roll,-0.66,-0.26
COK22,2022,1,3,2022,2022-03-03,408473.0,0.38,110.46,106.54,3.92,3,20.0,-6.32,-0.13,during_roll,-0.66,-0.26
COK22,2022,1,3,2022,2022-03-04,395912.0,0.3,118.11,114.34,3.77,4,19.0,-3.08,-0.08,during_roll,-0.66,-0.26
COK22,2022,1,3,2022,2022-03-07,371643.0,0.57,123.21,118.87,4.34,5,18.0,-6.13,0.27,during_roll,-0.66,-0.26
COK22,2022,1,3,2022,2022-03-08,346114.0,0.36,127.98,123.48,4.5,6,17.0,-6.87,-0.21,during_roll,-0.66,-0.26
COK22,2022,1,3,2022,2022-03-09,319668.0,0.59,111.14,107.03,4.11,7,16.0,-7.64,0.23,during_roll,-0.66,-0.26
COK22,2022,1,3,2022,2022-03-10,291068.0,0.83,109.33,105.43,3.9,8,15.0,-8.95,0.24,during_roll,-0.66,-0.26
COK22,2022,1,3,2022,2022-03-11,258950.0,0.63,112.67,109.1,3.57,9,14.0,-11.03,-0.2,during_roll,-0.66,-0.26
COK22,2022,1,3,2022,2022-03-14,248236.0,0.68,106.9,103.4,3.5,10,13.0,-4.14,0.05,during_roll,-0.66,-0.26
COK22,2022,1,3,2022,2022-03-15,236360.0,0.39,99.91,97.58,2.33,11,12.0,-4.78,-0.29,during_roll,-0.66,-0.26
COK22,2022,1,3,2022,2022-03-16,222194.0,0.4,98.02,95.64,2.38,12,11.0,-5.99,0.01,during_roll,-0.66,-0.26
COK22,2022,1,3,2022,2022-03-17,216650.0,0.47,106.64,103.56,3.08,13,10.0,-2.5,0.07,during_roll,-0.66,-0.26
COK22,2022,1,3,2022,2022-03-18,208594.0,0.33,107.93,105.07,2.86,14,9.0,-3.72,-0.14,during_roll,-0.66,-0.26
COK22,2022,1,3,2022,2022-03-21,197616.0,0.42,115.62,111.92,3.7,15,8.0,-5.26,0.09,during_roll,-0.66,-0.26
COK22,2022,1,3,2022,2022-03-22,187166.0,0.35,115.48,111.83,3.65,16,7.0,-5.29,-0.07,during_roll,-0.66,-0.26
COK22,2022,1,3,2022,2022-03-23,174767.0,-0.04,121.6,117.75,3.85,17,6.0,-6.62,-0.39,during_roll,-0.66,-0.26
COK22,2022,1,3,2022,2022-03-24,162668.0,-0.06,119.03,115.3,3.73,18,5.0,-6.92,-0.02,during_roll,-0.66,-0.26
COK22,2022,1,3,2022,2022-03-25,150041.0,-0.51,120.65,117.37,3.28,19,4.0,-7.76,-0.45,during_roll,-0.66,-0.26
COK22,2022,1,3,2022,2022-03-28,118000.0,-0.34,112.48,109.49,2.99,20,3.0,-21.35,0.17,during_roll,-0.66,-0.26
COK22,2022,1,3,2022,2022-03-29,93596.0,-0.45,110.23,107.71,2.52,21,2.0,-20.68,-0.11,during_roll,-0.66,-0.26
COK22,2022,1,3,2022,2022-03-30,57746.0,-0.79,113.45,111.44,2.01,22,1.0,-38.3,-0.34,during_roll,-0.66,-0.26
COK22,2022,1,3,2022,2022-03-31,53949.0,1.22,107.91,104.71,3.2,23,0.0,-6.58,2.01,during_roll,-0.66,-0.26
COK23,2023,3,1,2023,2023-01-03,162342.0,-0.08,82.1,82.12,-0.02,1,63.0,,,,-1.35,-0.56
COK23,2023,3,1,2023,2023-01-04,167200.0,-0.08,77.84,78.01,-0.17,2,62.0,2.99,0.0,,-1.35,-0.56
COK23,2023,3,1,2023,2023-01-05,178368.0,-0.09,78.69,78.82,-0.13,3,61.0,6.68,-0.01,,-1.35,-0.56
COK23,2023,3,1,2023,2023-01-06,189248.0,-0.08,78.57,78.75,-0.18,4,60.0,6.1,0.01,,-1.35,-0.56
COK23,2023,3,1,2023,2023-01-09,202149.0,-0.08,79.65,79.89,-0.24,5,59.0,6.82,0.0,,-1.35,-0.56
COK23,2023,3,1,2023,2023-01-10,205649.0,-0.08,80.1,80.28,-0.18,6,58.0,1.73,0.0,,-1.35,-0.56
COK23,2023,3,1,2023,2023-01-11,209026.0,-0.07,82.67,82.86,-0.19,7,57.0,1.64,0.01,,-1.35,-0.56
COK23,2023,3,1,2023,2023-01-12,224266.0,-0.03,84.03,84.19,-0.16,8,56.0,7.29,0.04,,-1.35,-0.56
COK23,2023,3,1,2023,2023-01-13,236105.0,-0.05,85.28,85.55,-0.27,9,55.0,5.28,-0.02,,-1.35,-0.56
COK23,2023,3,1,2023,2023-01-16,242023.0,-0.04,84.46,84.66,-0.2,10,54.0,2.51,0.01,,-1.35,-0.56
COK23,2023,3,1,2023,2023-01-17,262013.0,-0.06,85.92,86.09,-0.17,11,53.0,8.26,-0.02,,-1.35,-0.56
COK23,2023,3,1,2023,2023-01-18,273697.0,-0.09,84.98,85.25,-0.27,12,52.0,4.46,-0.03,,-1.35,-0.56
COK23,2023,3,1,2023,2023-01-19,279336.0,-0.1,86.16,86.31,-0.15,13,51.0,2.06,-0.01,,-1.35,-0.56
COK23,2023,3,1,2023,2023-01-20,285343.0,-0.08,87.63,87.68,-0.05,14,50.0,2.15,0.02,,-1.35,-0.56
COK23,2023,3,1,2023,2023-01-23,291906.0,-0.07,88.19,88.16,0.03,15,49.0,2.3,0.01,,-1.35,-0.56
COK23,2023,3,1,2023,2023-01-24,297024.0,-0.07,86.13,86.25,-0.12,16,48.0,1.75,0.0,,-1.35,-0.56
COK23,2023,3,1,2023,2023-01-25,301101.0,-0.06,86.12,86.19,-0.07,17,47.0,1.37,0.01,,-1.35,-0.56
COK23,2023,3,1,2023,2023-01-26,313463.0,-0.07,87.47,87.28,0.19,18,46.0,4.11,-0.01,,-1.35,-0.56
COK23,2023,3,1,2023,2023-01-27,319890.0,-0.04,86.66,86.4,0.26,19,45.0,2.05,0.03,,-1.35,-0.56
COK23,2023,3,1,2023,2023-01-30,322063.0,-0.02,84.9,84.5,0.4,20,44.0,0.68,0.02,,-1.35,-0.56
COK23,2023,3,1,2023,2023-01-31,328726.0,-0.02,84.49,85.46,-0.97,21,43.0,2.07,0.0,,-1.35,-0.56
COK23,2023,2,2,2023,2023-02-01,324826.0,0.01,82.84,82.58,0.26,1,42.0,,,,-1.35,-0.56
COK23,2023,2,2,2023,2023-02-02,318509.0,-0.01,82.17,82.03,0.14,2,41.0,-1.94,-0.02,,-1.35,-0.56
COK23,2023,2,2,2023,2023-02-03,322521.0,0.02,79.94,79.71,0.23,3,40.0,1.26,0.03,,-1.35,-0.56
COK23,2023,2,2,2023,2023-02-06,335054.0,0.04,80.99,80.71,0.28,4,39.0,3.89,0.02,,-1.35,-0.56
COK23,2023,2,2,2023,2023-02-07,344696.0,0.03,83.69,83.37,0.32,5,38.0,2.88,-0.01,,-1.35,-0.56
COK23,2023,2,2,2023,2023-02-08,355440.0,0.05,85.09,84.7,0.39,6,37.0,3.12,0.02,,-1.35,-0.56
COK23,2023,2,2,2023,2023-02-09,366521.0,0.05,84.5,84.06,0.44,7,36.0,3.12,0.0,,-1.35,-0.56
COK23,2023,2,2,2023,2023-02-10,378721.0,0.11,86.39,85.99,0.4,8,35.0,3.33,0.06,,-1.35,-0.56
COK23,2023,2,2,2023,2023-02-13,384161.0,0.1,86.61,86.23,0.38,9,34.0,1.44,-0.01,,-1.35,-0.56
COK23,2023,2,2,2023,2023-02-14,389959.0,0.09,85.58,85.3,0.28,10,33.0,1.51,-0.01,,-1.35,-0.56
COK23,2023,2,2,2023,2023-02-15,397661.0,0.09,85.38,85.05,0.33,11,32.0,1.98,0.0,,-1.35,-0.56
COK23,2023,2,2,2023,2023-02-16,408137.0,0.11,85.14,84.8,0.34,12,31.0,2.63,0.02,,-1.35,-0.56
COK23,2023,2,2,2023,2023-02-17,411238.0,0.1,83.0,82.67,0.33,13,30.0,0.76,-0.01,,-1.35,-0.56
COK23,2023,2,2,2023,2023-02-20,414885.0,0.1,84.07,83.78,0.29,14,29.0,0.89,0.0,,-1.35,-0.56
COK23,2023,2,2,2023,2023-02-21,429453.0,0.09,83.05,82.77,0.28,15,28.0,3.51,-0.01,,-1.35,-0.56
COK23,2023,2,2,2023,2023-02-22,448947.0,0.07,80.6,80.45,0.15,16,27.0,4.54,-0.02,,-1.35,-0.56
COK23,2023,2,2,2023,2023-02-23,461992.0,0.1,82.21,81.95,0.26,17,26.0,2.91,0.03,,-1.35,-0.56
COK23,2023,2,2,2023,2023-02-24,475977.0,0.11,83.16,82.82,0.34,18,25.0,3.03,0.01,,-1.35,-0.56
COK23,2023,2,2,2023,2023-02-27,473307.0,0.1,82.45,82.04,0.41,19,24.0,-0.56,-0.01,,-1.35,-0.56
COK23,2023,2,2,2023,2023-02-28,490526.0,0.12,83.89,83.45,0.44,20,23.0,3.64,0.02,,-1.35,-0.56
COK23,2023,1,3,2023,2023-03-01,491516.0,0.1,84.31,83.69,0.62,1,22.0,,,pre_roll,-1.35,-0.56
COK23,2023,1,3,2023,2023-03-02,484129.0,0.14,84.75,84.09,0.66,2,21.0,-1.5,0.04,during_roll,-1.35,-0.56
COK23,2023,1,3,2023,2023-03-03,472464.0,0.09,85.83,85.26,0.57,3,20.0,-2.41,-0.05,during_roll,-1.35,-0.56
COK23,2023,1,3,2023,2023-03-06,467381.0,0.1,86.18,85.62,0.56,4,19.0,-1.08,0.01,during_roll,-1.35,-0.56
COK23,2023,1,3,2023,2023-03-07,455442.0,0.12,83.29,82.8,0.49,5,18.0,-2.55,0.02,during_roll,-1.35,-0.56
COK23,2023,1,3,2023,2023-03-08,428724.0,0.1,82.66,82.19,0.47,6,17.0,-5.87,-0.02,during_roll,-1.35,-0.56
COK23,2023,1,3,2023,2023-03-09,407376.0,0.12,81.59,81.09,0.5,7,16.0,-4.98,0.02,during_roll,-1.35,-0.56
COK23,2023,1,3,2023,2023-03-10,389518.0,0.22,82.78,82.16,0.62,8,15.0,-4.38,0.1,during_roll,-1.35,-0.56
COK23,2023,1,3,2023,2023-03-13,351346.0,0.18,80.77,80.23,0.54,9,14.0,-9.8,-0.04,during_roll,-1.35,-0.56
COK23,2023,1,3,2023,2023-03-14,332159.0,0.17,77.45,77.0,0.45,10,13.0,-5.46,-0.01,during_roll,-1.35,-0.56
COK23,2023,1,3,2023,2023-03-15,309852.0,0.18,73.69,73.28,0.41,11,12.0,-6.72,0.01,during_roll,-1.35,-0.56
COK23,2023,1,3,2023,2023-03-16,308194.0,0.19,74.7,74.29,0.41,12,11.0,-0.54,0.01,during_roll,-1.35,-0.56
COK23,2023,1,3,2023,2023-03-17,293179.0,0.11,72.97,72.77,0.2,13,10.0,-4.87,-0.08,during_roll,-1.35,-0.56
COK23,2023,1,3,2023,2023-03-20,269837.0,0.19,73.79,73.54,0.25,14,9.0,-7.96,0.08,during_roll,-1.35,-0.56
COK23,2023,1,3,2023,2023-03-21,252014.0,0.17,75.32,75.03,0.29,15,8.0,-6.61,-0.02,during_roll,-1.35,-0.56
COK23,2023,1,3,2023,2023-03-22,233884.0,0.18,76.69,76.38,0.31,16,7.0,-7.19,0.01,during_roll,-1.35,-0.56
COK23,2023,1,3,2023,2023-03-23,207713.0,0.31,75.91,75.5,0.41,17,6.0,-11.19,0.13,during_roll,-1.35,-0.56
COK23,2023,1,3,2023,2023-03-24,186614.0,0.33,74.99,74.59,0.4,18,5.0,-10.16,0.02,during_roll,-1.35,-0.56
COK23,2023,1,3,2023,2023-03-27,170163.0,0.28,78.12,77.76,0.36,19,4.0,-8.82,-0.05,during_roll,-1.35,-0.56
COK23,2023,1,3,2023,2023-03-28,134827.0,0.35,78.65,78.14,0.51,20,3.0,-20.77,0.07,during_roll,-1.35,-0.56
COK23,2023,1,3,2023,2023-03-29,110731.0,0.54,78.28,77.59,0.69,21,2.0,-17.87,0.19,during_roll,-1.35,-0.56
COK23,2023,1,3,2023,2023-03-30,66371.0,0.53,79.27,78.6,0.67,22,1.0,-40.06,-0.01,during_roll,-1.35,-0.56
COK23,2023,1,3,2023,2023-03-31,,-0.28,79.77,79.89,-0.12,23,0.0,0.0,-0.81,during_roll,-1.35,-0.56
COK24,2024,3,1,2024,2024-01-02,158570.0,-0.08,75.89,75.86,0.03,1,62.0,,,,1.13,1.15
COK24,2024,3,1,2024,2024-01-03,157769.0,-0.08,78.25,78.14,0.11,2,61.0,-0.51,0.0,,1.13,1.15
COK24,2024,3,1,2024,2024-01-04,160981.0,-0.08,77.59,77.41,0.18,3,60.0,2.04,0.0,,1.13,1.15
COK24,2024,3,1,2024,2024-01-05,162882.0,-0.07,78.76,78.54,0.22,4,59.0,1.18,0.01,,1.13,1.15
COK24,2024,3,1,2024,2024-01-08,176620.0,-0.08,76.12,75.91,0.21,5,58.0,8.43,-0.01,,1.13,1.15
COK24,2024,3,1,2024,2024-01-09,179778.0,-0.05,77.59,77.26,0.33,6,57.0,1.79,0.03,,1.13,1.15
COK24,2024,3,1,2024,2024-01-10,190208.0,-0.04,76.8,76.45,0.35,7,56.0,5.8,0.01,,1.13,1.15
COK24,2024,3,1,2024,2024-01-11,204865.0,-0.05,77.41,77.11,0.3,8,55.0,7.71,-0.01,,1.13,1.15
COK24,2024,3,1,2024,2024-01-12,218138.0,-0.04,78.29,77.97,0.32,9,54.0,6.48,0.01,,1.13,1.15
COK24,2024,3,1,2024,2024-01-15,226600.0,-0.03,78.15,77.81,0.34,10,53.0,3.88,0.01,,1.13,1.15
COK24,2024,3,1,2024,2024-01-16,234249.0,-0.03,78.29,77.87,0.42,11,52.0,3.38,0.0,,1.13,1.15
COK24,2024,3,1,2024,2024-01-17,241015.0,-0.03,77.88,77.49,0.39,12,51.0,2.89,0.0,,1.13,1.15
COK24,2024,3,1,2024,2024-01-18,248988.0,-0.05,79.1,78.65,0.45,13,50.0,3.31,-0.02,,1.13,1.15
COK24,2024,3,1,2024,2024-01-19,250144.0,-0.03,78.56,78.08,0.48,14,49.0,0.46,0.02,,1.13,1.15
COK24,2024,3,1,2024,2024-01-22,252413.0,-0.04,80.06,79.6,0.46,15,48.0,0.91,-0.01,,1.13,1.15
COK24,2024,3,1,2024,2024-01-23,258304.0,-0.04,79.55,79.11,0.44,16,47.0,2.33,0.0,,1.13,1.15
COK24,2024,3,1,2024,2024-01-24,257491.0,-0.05,80.04,79.63,0.41,17,46.0,-0.31,-0.01,,1.13,1.15
COK24,2024,3,1,2024,2024-01-25,273108.0,-0.06,82.43,81.96,0.47,18,45.0,6.07,-0.01,,1.13,1.15
COK24,2024,3,1,2024,2024-01-26,284905.0,-0.03,83.55,82.95,0.6,19,44.0,4.32,0.03,,1.13,1.15
COK24,2024,3,1,2024,2024-01-29,296001.0,-0.03,82.4,81.83,0.57,20,43.0,3.89,0.0,,1.13,1.15
COK24,2024,3,1,2024,2024-01-30,305684.0,-0.01,82.87,82.5,0.37,21,42.0,3.27,0.02,,1.13,1.15
COK24,2024,3,1,2024,2024-01-31,318351.0,-0.05,81.71,80.55,1.16,22,41.0,4.14,-0.04,,1.13,1.15
COK24,2024,2,2,2024,2024-02-01,340649.0,-0.03,78.7,78.41,0.29,1,40.0,,,,1.13,1.15
COK24,2024,2,2,2024,2024-02-02,334245.0,-0.03,77.33,77.07,0.26,2,39.0,-1.88,0.0,,1.13,1.15
COK24,2024,2,2,2024,2024-02-05,348702.0,-0.03,77.99,77.73,0.26,3,38.0,4.33,0.0,,1.13,1.15
COK24,2024,2,2,2024,2024-02-06,356435.0,-0.02,78.59,78.27,0.32,4,37.0,2.22,0.01,,1.13,1.15
COK24,2024,2,2,2024,2024-02-07,372016.0,-0.01,79.21,78.89,0.32,5,36.0,4.37,0.01,,1.13,1.15
COK24,2024,2,2,2024,2024-02-08,399799.0,0.03,81.63,81.08,0.55,6,35.0,7.47,0.04,,1.13,1.15
COK24,2024,2,2,2024,2024-02-09,428854.0,0.05,82.19,81.61,0.58,7,34.0,7.27,0.02,,1.13,1.15
COK24,2024,2,2,2024,2024-02-12,449758.0,0.03,82.0,81.51,0.49,8,33.0,4.87,-0.02,,1.13,1.15
COK24,2024,2,2,2024,2024-02-13,464669.0,0.07,82.77,82.07,0.7,9,32.0,3.32,0.04,,1.13,1.15
COK24,2024,2,2,2024,2024-02-14,470119.0,0.04,81.6,80.99,0.61,10,31.0,1.17,-0.03,,1.13,1.15
COK24,2024,2,2,2024,2024-02-15,486301.0,0.05,82.86,82.16,0.7,11,30.0,3.44,0.01,,1.13,1.15
COK24,2024,2,2,2024,2024-02-16,490398.0,0.03,83.47,82.74,0.73,12,29.0,0.84,-0.02,,1.13,1.15
COK24,2024,2,2,2024,2024-02-19,506457.0,0.06,83.56,82.73,0.83,13,28.0,3.27,0.03,,1.13,1.15
COK24,2024,2,2,2024,2024-02-20,526324.0,0.07,82.34,81.5,0.84,14,27.0,3.92,0.01,,1.13,1.15
COK24,2024,2,2,2024,2024-02-21,547149.0,0.09,83.03,82.11,0.92,15,26.0,3.96,0.02,,1.13,1.15
COK24,2024,2,2,2024,2024-02-22,569259.0,0.07,83.67,82.7,0.97,16,25.0,4.04,-0.02,,1.13,1.15
COK24,2024,2,2,2024,2024-02-23,562345.0,0.01,81.62,80.8,0.82,17,24.0,-1.21,-0.06,,1.13,1.15
COK24,2024,2,2,2024,2024-02-26,566960.0,0.01,82.53,81.67,0.86,18,23.0,0.82,0.0,,1.13,1.15
COK24,2024,2,2,2024,2024-02-27,581677.0,0.02,83.65,82.66,0.99,19,22.0,2.6,0.01,,1.13,1.15
COK24,2024,2,2,2024,2024-02-28,570411.0,0.06,83.68,82.15,1.53,20,21.0,-1.94,0.04,,1.13,1.15
COK24,2024,2,2,2024,2024-02-29,577948.0,0.08,83.62,81.91,1.71,21,20.0,1.32,0.02,,1.13,1.15
COK24,2024,1,3,2024,2024-03-01,593033.0,0.1,83.55,82.69,0.86,1,19.0,,,pre_roll,1.13,1.15
COK24,2024,1,3,2024,2024-03-04,564495.0,0.05,82.8,82.08,0.72,2,18.0,-4.81,-0.05,during_roll,1.13,1.15
COK24,2024,1,3,2024,2024-03-05,551331.0,0.07,82.04,81.33,0.71,3,17.0,-2.33,0.02,during_roll,1.13,1.15
COK24,2024,1,3,2024,2024-03-06,541646.0,0.09,82.96,82.18,0.78,4,16.0,-1.76,0.02,during_roll,1.13,1.15
COK24,2024,1,3,2024,2024-03-07,505293.0,0.03,82.96,82.28,0.68,5,15.0,-6.71,-0.06,during_roll,1.13,1.15
COK24,2024,1,3,2024,2024-03-08,481810.0,-0.02,82.08,81.51,0.57,6,14.0,-4.65,-0.05,during_roll,1.13,1.15
COK24,2024,1,3,2024,2024-03-11,465992.0,-0.03,82.21,81.72,0.49,7,13.0,-3.28,-0.01,during_roll,1.13,1.15
COK24,2024,1,3,2024,2024-03-12,452565.0,-0.05,81.92,81.46,0.46,8,12.0,-2.88,-0.02,during_roll,1.13,1.15
COK24,2024,1,3,2024,2024-03-13,457463.0,-0.04,84.03,83.44,0.59,9,11.0,1.08,0.01,during_roll,1.13,1.15
COK24,2024,1,3,2024,2024-03-14,448609.0,-0.03,85.42,84.74,0.68,10,10.0,-1.94,0.01,during_roll,1.13,1.15
COK24,2024,1,3,2024,2024-03-15,416646.0,-0.05,85.34,84.75,0.59,11,9.0,-7.12,-0.02,during_roll,1.13,1.15
COK24,2024,1,3,2024,2024-03-18,378902.0,-0.07,86.89,86.19,0.7,12,8.0,-9.06,-0.02,during_roll,1.13,1.15
COK24,2024,1,3,2024,2024-03-19,328392.0,-0.03,87.38,86.62,0.76,13,7.0,-13.33,0.04,during_roll,1.13,1.15
COK24,2024,1,3,2024,2024-03-20,292331.0,-0.09,85.95,85.38,0.57,14,6.0,-10.98,-0.06,during_roll,1.13,1.15
COK24,2024,1,3,2024,2024-03-21,237540.0,-0.1,85.78,85.24,0.54,15,5.0,-18.74,-0.01,during_roll,1.13,1.15
COK24,2024,1,3,2024,2024-03-22,206541.0,-0.08,85.43,84.83,0.6,16,4.0,-13.05,0.02,during_roll,1.13,1.15
COK24,2024,1,3,2024,2024-03-25,169162.0,-0.05,86.75,86.08,0.67,17,3.0,-18.1,0.03,during_roll,1.13,1.15
COK24,2024,1,3,2024,2024-03-26,137464.0,-0.1,86.25,85.63,0.62,18,2.0,-18.74,-0.05,during_roll,1.13,1.15
COK24,2024,1,3,2024,2024-03-27,91101.0,-0.02,86.09,85.41,0.68,19,1.0,-33.73,0.08,during_roll,1.13,1.15
COK24,2024,1,3,2024,2024-03-28,,-0.37,87.48,87.0,0.48,20,0.0,0.0,-0.35,during_roll,1.13,1.15
COK25,2025,3,1,2025,2025-01-02,161833.0,0.0,75.93,75.44,0.49,1,62.0,,,,-0.02,0.08
COK25,2025,3,1,2025,2025-01-03,179483.0,0.02,76.51,75.93,0.58,2,61.0,10.91,0.02,,-0.02,0.08
COK25,2025,3,1,2025,2025-01-06,192968.0,0.03,76.3,75.71,0.59,3,60.0,7.51,0.01,,-0.02,0.08
COK25,2025,3,1,2025,2025-01-07,199323.0,0.03,77.05,76.4,0.65,4,59.0,3.29,0.0,,-0.02,0.08
COK25,2025,3,1,2025,2025-01-08,197409.0,0.03,76.16,75.58,0.58,5,58.0,-0.96,0.0,,-0.02,0.08
COK25,2025,3,1,2025,2025-01-09,209583.0,0.04,76.92,76.25,0.67,6,57.0,6.17,0.01,,-0.02,0.08
COK25,2025,3,1,2025,2025-01-10,217452.0,0.07,79.76,78.85,0.91,7,56.0,3.75,0.03,,-0.02,0.08
COK25,2025,3,1,2025,2025-01-13,234780.0,0.14,81.01,79.65,1.36,8,55.0,7.97,0.07,,-0.02,0.08
COK25,2025,3,1,2025,2025-01-14,251626.0,0.13,79.92,78.88,1.04,9,54.0,7.18,-0.01,,-0.02,0.08
COK25,2025,3,1,2025,2025-01-15,252766.0,0.17,82.03,80.66,1.37,10,53.0,0.45,0.04,,-0.02,0.08
COK25,2025,3,1,2025,2025-01-16,258647.0,0.18,81.29,79.91,1.38,11,52.0,2.33,0.01,,-0.02,0.08
COK25,2025,3,1,2025,2025-01-17,263775.0,0.19,80.79,79.57,1.22,12,51.0,1.98,0.01,,-0.02,0.08
COK25,2025,3,1,2025,2025-01-20,258417.0,0.15,80.15,79.1,1.05,13,50.0,-2.03,-0.04,,-0.02,0.08
COK25,2025,3,1,2025,2025-01-21,271226.0,0.12,79.29,78.4,0.89,14,49.0,4.96,-0.03,,-0.02,0.08
COK25,2025,3,1,2025,2025-01-22,272640.0,0.1,79.0,78.15,0.85,15,48.0,0.52,-0.02,,-0.02,0.08
COK25,2025,3,1,2025,2025-01-23,278782.0,0.08,78.29,77.56,0.73,16,47.0,2.25,-0.02,,-0.02,0.08
COK25,2025,3,1,2025,2025-01-24,297517.0,0.09,78.5,77.55,0.95,17,46.0,6.72,0.01,,-0.02,0.08
COK25,2025,3,1,2025,2025-01-27,309598.0,0.11,77.08,76.18,0.9,18,45.0,4.06,0.02,,-0.02,0.08
COK25,2025,3,1,2025,2025-01-28,318518.0,0.13,77.49,76.49,1.0,19,44.0,2.88,0.02,,-0.02,0.08
COK25,2025,3,1,2025,2025-01-29,313782.0,0.14,76.58,75.61,0.97,20,43.0,-1.49,0.01,,-0.02,0.08
COK25,2025,3,1,2025,2025-01-30,331637.0,0.11,76.87,75.89,0.98,21,42.0,5.69,-0.03,,-0.02,0.08
COK25,2025,3,1,2025,2025-01-31,344944.0,0.11,76.76,75.67,1.09,22,41.0,4.01,0.0,,-0.02,0.08
COK25,2025,2,2,2025,2025-02-03,344079.0,0.11,75.96,75.14,0.82,1,40.0,,,,-0.02,0.08
COK25,2025,2,2,2025,2025-02-04,358458.0,0.05,76.2,75.56,0.64,2,39.0,4.18,-0.06,,-0.02,0.08
COK25,2025,2,2,2025,2025-02-05,363939.0,0.03,74.61,74.09,0.52,3,38.0,1.53,-0.02,,-0.02,0.08
COK25,2025,2,2,2025,2025-02-06,362934.0,0.01,74.29,73.84,0.45,4,37.0,-0.28,-0.02,,-0.02,0.08
COK25,2025,2,2,2025,2025-02-07,375130.0,0.01,74.66,74.26,0.4,5,36.0,3.36,0.0,,-0.02,0.08
COK25,2025,2,2,2025,2025-02-10,403651.0,0.0,75.87,75.43,0.44,6,35.0,7.6,-0.01,,-0.02,0.08
COK25,2025,2,2,2025,2025-02-11,432695.0,-0.01,77.0,76.62,0.38,7,34.0,7.2,-0.01,,-0.02,0.08
COK25,2025,2,2,2025,2025-02-12,457783.0,-0.03,75.18,74.87,0.31,8,33.0,5.8,-0.02,,-0.02,0.08
COK25,2025,2,2,2025,2025-02-13,478638.0,-0.01,75.02,74.66,0.36,9,32.0,4.56,0.02,,-0.02,0.08
COK25,2025,2,2,2025,2025-02-14,497666.0,-0.02,74.74,74.46,0.28,10,31.0,3.98,-0.01,,-0.02,0.08
COK25,2025,2,2,2025,2025-02-17,511615.0,-0.02,75.22,74.93,0.29,11,30.0,2.8,0.0,,-0.02,0.08
COK25,2025,2,2,2025,2025-02-18,519365.0,0.01,75.84,75.43,0.41,12,29.0,1.51,0.03,,-0.02,0.08
COK25,2025,2,2,2025,2025-02-19,544792.0,-0.01,76.04,75.67,0.37,13,28.0,4.9,-0.02,,-0.02,0.08
COK25,2025,2,2,2025,2025-02-20,573845.0,0.02,76.48,76.05,0.43,14,27.0,5.33,0.03,,-0.02,0.08
COK25,2025,2,2,2025,2025-02-21,596819.0,-0.01,74.43,74.05,0.38,15,26.0,4.0,-0.03,,-0.02,0.08
COK25,2025,2,2,2025,2025-02-24,577626.0,0.02,74.78,74.31,0.47,16,25.0,-3.22,0.03,,-0.02,0.08
COK25,2025,2,2,2025,2025-02-25,579272.0,0.03,73.02,72.5,0.52,17,24.0,0.28,0.01,,-0.02,0.08
COK25,2025,2,2,2025,2025-02-26,581341.0,0.04,72.53,72.07,0.46,18,23.0,0.36,0.01,,-0.02,0.08
COK25,2025,2,2,2025,2025-02-27,584782.0,0.02,74.04,73.57,0.47,19,22.0,0.59,-0.02,,-0.02,0.08
COK25,2025,2,2,2025,2025-02-28,592475.0,0.04,73.18,72.81,0.37,20,21.0,1.32,0.02,,-0.02,0.08
COK25,2025,1,3,2025,2025-03-03,571568.0,0.06,71.62,71.16,0.46,1,20.0,,,pre_roll,-0.02,0.08
COK25,2025,1,3,2025,2025-03-04,556333.0,0.08,71.04,70.56,0.48,2,19.0,-2.67,0.02,during_roll,-0.02,0.08
COK25,2025,1,3,2025,2025-03-05,523304.0,0.06,69.3,68.9,0.4,3,18.0,-5.94,-0.02,during_roll,-0.02,0.08
COK25,2025,1,3,2025,2025-03-06,510875.0,0.08,69.46,68.98,0.48,4,17.0,-2.38,0.02,during_roll,-0.02,0.08
COK25,2025,1,3,2025,2025-03-07,490890.0,0.05,70.36,69.88,0.48,5,16.0,-3.91,-0.03,during_roll,-0.02,0.08
COK25,2025,1,3,2025,2025-03-10,476209.0,0.03,69.28,68.79,0.49,6,15.0,-2.99,-0.02,during_roll,-0.02,0.08
COK25,2025,1,3,2025,2025-03-11,451671.0,0.03,69.56,69.05,0.51,7,14.0,-5.15,0.0,during_roll,-0.02,0.08
COK25,2025,1,3,2025,2025-03-12,435267.0,0.01,70.95,70.45,0.5,8,13.0,-3.63,-0.02,during_roll,-0.02,0.08
COK25,2025,1,3,2025,2025-03-13,415026.0,0.02,69.88,69.4,0.48,9,12.0,-4.65,0.01,during_roll,-0.02,0.08
COK25,2025,1,3,2025,2025-03-14,390993.0,0.01,70.58,70.06,0.52,10,11.0,-5.79,-0.01,during_roll,-0.02,0.08
COK25,2025,1,3,2025,2025-03-17,376572.0,-0.01,71.07,70.6,0.47,11,10.0,-3.69,-0.02,during_roll,-0.02,0.08
COK25,2025,1,3,2025,2025-03-18,360732.0,0.02,70.56,70.12,0.44,12,9.0,-4.21,0.03,during_roll,-0.02,0.08
COK25,2025,1,3,2025,2025-03-19,339895.0,0.01,70.78,70.32,0.46,13,8.0,-5.78,-0.01,during_roll,-0.02,0.08
COK25,2025,1,3,2025,2025-03-20,294384.0,0.02,72.0,71.47,0.53,14,7.0,-13.39,0.01,during_roll,-0.02,0.08
COK25,2025,1,3,2025,2025-03-21,254813.0,0.02,72.16,71.61,0.55,15,6.0,-13.44,0.0,during_roll,-0.02,0.08
COK25,2025,1,3,2025,2025-03-24,221994.0,0.06,73.0,72.37,0.63,16,5.0,-12.88,0.04,during_roll,-0.02,0.08
COK25,2025,1,3,2025,2025-03-25,190034.0,0.06,73.02,72.39,0.63,17,4.0,-14.4,0.0,during_roll,-0.02,0.08
COK25,2025,1,3,2025,2025-03-26,151651.0,0.11,73.79,73.06,0.73,18,3.0,-20.2,0.05,during_roll,-0.02,0.08
COK25,2025,1,3,2025,2025-03-27,111197.0,0.03,74.03,73.34,0.69,19,2.0,-26.68,-0.08,during_roll,-0.02,0.08
COK25,2025,1,3,2025,2025-03-28,74556.0,0.13,73.63,72.76,0.87,20,1.0,-32.95,0.1,during_roll,-0.02,0.08
COK25,2025,1,3,2025,2025-03-31,,-0.83,74.74,74.77,-0.03,21,0.0,0.0,-0.96,during_roll,-0.02,0.08
COK26,2026,3,1,2026,2026-01-02,235746.0,0.04,60.75,60.43,0.32,1,62.0,,,,0.29,0.18
COK26,2026,3,1,2026,2026-01-05,247884.0,0.04,61.76,61.37,0.39,2,61.0,5.15,0.0,,0.29,0.18
COK26,2026,3,1,2026,2026-01-06,254742.0,0.05,60.7,60.31,0.39,3,60.0,2.77,0.01,,0.29,0.18
COK26,2026,3,1,2026,2026-01-07,259784.0,0.03,59.96,59.58,0.38,4,59.0,1.98,-0.02,,0.29,0.18
COK26,2026,3,1,2026,2026-01-08,272407.0,0.07,61.99,61.49,0.5,5,58.0,4.86,0.04,,0.29,0.18
COK26,2026,3,1,2026,2026-01-09,275752.0,0.06,63.34,62.79,0.55,6,57.0,1.23,-0.01,,0.29,0.18
COK26,2026,3,1,2026,2026-01-12,287300.0,0.07,63.87,63.22,0.65,7,56.0,4.19,0.01,,0.29,0.18
COK26,2026,3,1,2026,2026-01-13,318923.0,0.08,65.47,64.75,0.72,8,55.0,11.01,0.01,,0.29,0.18
COK26,2026,3,1,2026,2026-01-14,329852.0,0.06,66.52,65.83,0.69,9,54.0,3.43,-0.02,,0.29,0.18
COK26,2026,3,1,2026,2026-01-15,335589.0,0.06,63.76,63.08,0.68,10,53.0,1.74,0.0,,0.29,0.18
COK26,2026,3,1,2026,2026-01-16,349819.0,0.05,64.13,63.46,0.67,11,52.0,4.24,-0.01,,0.29,0.18
COK26,2026,3,1,2026,2026-01-19,346473.0,0.07,63.94,63.22,0.72,12,51.0,-0.96,0.02,,0.29,0.18
COK26,2026,3,1,2026,2026-01-20,372810.0,0.07,64.92,64.19,0.73,13,50.0,7.6,0.0,,0.29,0.18
COK26,2026,3,1,2026,2026-01-21,370592.0,0.06,65.24,64.53,0.71,14,49.0,-0.59,-0.01,,0.29,0.18
COK26,2026,3,1,2026,2026-01-22,386861.0,0.06,64.06,63.34,0.72,15,48.0,4.39,0.0,,0.29,0.18
COK26,2026,3,1,2026,2026-01-23,398897.0,0.08,65.88,65.07,0.81,16,47.0,3.11,0.02,,0.29,0.18
COK26,2026,3,1,2026,2026-01-26,415577.0,0.08,65.59,64.77,0.82,17,46.0,4.18,0.0,,0.29,0.18
COK26,2026,3,1,2026,2026-01-27,423064.0,0.1,67.57,66.59,0.98,18,45.0,1.8,0.02,,0.29,0.18
COK26,2026,3,1,2026,2026-01-28,426596.0,0.09,68.4,67.37,1.03,19,44.0,0.83,-0.01,,0.29,0.18
COK26,2026,3,1,2026,2026-01-29,410599.0,0.08,70.71,69.59,1.12,20,43.0,-3.75,-0.01,,0.29,0.18
COK26,2026,3,1,2026,2026-01-30,417255.0,0.11,70.69,69.32,1.37,21,42.0,1.62,0.03,,0.29,0.18
COK26,2026,2,2,2026,2026-02-02,422363.0,0.14,66.3,65.57,0.73,1,41.0,,,,0.29,0.18
COK26,2026,2,2,2026,2026-02-03,423771.0,0.1,67.33,66.68,0.65,2,40.0,0.33,-0.04,,0.29,0.18
COK26,2026,2,2,2026,2026-02-04,438719.0,0.1,69.46,68.75,0.71,3,39.0,3.53,0.0,,0.29,0.18
COK26,2026,2,2,2026,2026-02-05,437900.0,0.08,67.55,66.98,0.57,4,38.0,-0.19,-0.02,,0.29,0.18
COK26,2026,2,2,2026,2026-02-06,443210.0,0.07,68.05,67.47,0.58,5,37.0,1.21,-0.01,,0.29,0.18
COK26,2026,2,2,2026,2026-02-09,467100.0,0.08,69.04,68.42,0.62,6,36.0,5.39,0.01,,0.29,0.18
COK26,2026,2,2,2026,2026-02-10,492239.0,0.1,68.8,68.11,0.69,7,35.0,5.38,0.02,,0.29,0.18
COK26,2026,2,2,2026,2026-02-11,522025.0,0.09,69.4,68.75,0.65,8,34.0,6.05,-0.01,,0.29,0.18
COK26,2026,2,2,2026,2026-02-12,538684.0,0.07,67.52,66.91,0.61,9,33.0,3.19,-0.02,,0.29,0.18
COK26,2026,2,2,2026,2026-02-13,552989.0,0.09,67.75,67.09,0.66,10,32.0,2.66,0.02,,0.29,0.18
COK26,2026,2,2,2026,2026-02-16,552582.0,0.08,68.65,67.97,0.68,11,31.0,-0.07,-0.01,,0.29,0.18
COK26,2026,2,2,2026,2026-02-17,583807.0,0.05,67.42,66.87,0.55,12,30.0,5.65,-0.03,,0.29,0.18
COK26,2026,2,2,2026,2026-02-18,612586.0,0.04,70.35,69.77,0.58,13,29.0,4.93,-0.01,,0.29,0.18
COK26,2026,2,2,2026,2026-02-19,653544.0,-0.05,71.66,71.27,0.39,14,28.0,6.69,-0.09,,0.29,0.18
COK26,2026,2,2,2026,2026-02-20,662123.0,-0.01,71.76,71.3,0.46,15,27.0,1.31,0.04,,0.29,0.18
COK26,2026,2,2,2026,2026-02-23,693191.0,-0.03,71.49,71.11,0.38,16,26.0,4.69,-0.02,,0.29,0.18
COK26,2026,2,2,2026,2026-02-24,736265.0,-0.08,70.77,70.58,0.19,17,25.0,6.21,-0.05,,0.29,0.18
COK26,2026,2,2,2026,2026-02-25,749942.0,-0.05,70.85,70.69,0.16,18,24.0,1.86,0.03,,0.29,0.18
COK26,2026,2,2,2026,2026-02-26,763913.0,-0.14,70.75,70.84,-0.09,19,23.0,1.86,-0.09,,0.29,0.18
COK26,2026,2,2,2026,2026-02-27,770274.0,-0.1,72.48,72.87,-0.39,20,22.0,0.83,0.04,,0.29,0.18
COK26,2026,1,3,2026,2026-03-02,704126.0,0.23,77.74,76.16,1.58,1,21.0,,,pre_roll,0.29,0.18
COK26,2026,1,3,2026,2026-03-03,640722.0,0.92,81.4,78.38,3.02,2,20.0,-9.0,0.69,during_roll,0.29,0.18
COK26,2026,1,3,2026,2026-03-04,604254.0,1.31,81.4,78.01,3.39,3,19.0,-5.69,0.39,during_roll,0.29,0.18
COK26,2026,1,3,2026,2026-03-05,571360.0,1.25,85.41,81.04,4.37,4,18.0,-5.44,-0.06,during_roll,0.29,0.18
COK26,2026,1,3,2026,2026-03-06,527747.0,1.17,92.69,87.2,5.49,5,17.0,-7.63,-0.08,during_roll,0.29,0.18
COK26,2026,1,3,2026,2026-03-09,495089.0,0.47,98.96,93.72,5.24,6,16.0,-6.19,-0.7,during_roll,0.29,0.18
COK26,2026,1,3,2026,2026-03-10,455237.0,-0.14,87.8,85.27,2.53,7,15.0,-8.05,-0.61,during_roll,0.29,0.18
COK26,2026,1,3,2026,2026-03-11,451231.0,-0.01,91.98,89.35,2.63,8,14.0,-0.88,0.13,during_roll,0.29,0.18
COK26,2026,1,3,2026,2026-03-12,436868.0,0.08,100.46,96.63,3.83,9,13.0,-3.18,0.09,during_roll,0.29,0.18
COK26,2026,1,3,2026,2026-03-13,433828.0,-0.01,103.14,98.91,4.23,10,12.0,-0.7,-0.09,during_roll,0.29,0.18
COK26,2026,1,3,2026,2026-03-16,431869.0,-0.11,100.21,96.04,4.17,11,11.0,-0.45,-0.1,during_roll,0.29,0.18
COK26,2026,1,3,2026,2026-03-17,416619.0,-0.34,103.42,99.39,4.03,12,10.0,-3.53,-0.23,during_roll,0.29,0.18
COK26,2026,1,3,2026,2026-03-18,400958.0,-0.3,107.38,102.92,4.46,13,9.0,-3.76,0.04,during_roll,0.29,0.18
COK26,2026,1,3,2026,2026-03-19,383232.0,-0.45,108.65,103.78,4.87,14,8.0,-4.42,-0.15,during_roll,0.29,0.18
COK26,2026,1,3,2026,2026-03-20,375838.0,-0.3,112.19,106.41,5.78,15,7.0,-1.93,0.15,during_roll,0.29,0.18
COK26,2026,1,3,2026,2026-03-23,345595.0,-0.22,99.94,95.92,4.02,16,6.0,-8.05,0.08,during_roll,0.29,0.18
COK26,2026,1,3,2026,2026-03-24,310190.0,-0.37,104.49,100.23,4.26,17,5.0,-10.24,-0.15,during_roll,0.29,0.18
COK26,2026,1,3,2026,2026-03-25,283899.0,0.63,102.22,97.26,4.96,18,4.0,-8.48,1.0,during_roll,0.29,0.18
COK26,2026,1,3,2026,2026-03-26,170051.0,0.91,108.01,101.89,6.12,19,3.0,-40.1,0.28,during_roll,0.29,0.18
COK26,2026,1,3,2026,2026-03-27,147357.0,0.66,112.57,105.32,7.25,20,2.0,-13.35,-0.25,during_roll,0.29,0.18
COK26,2026,1,3,2026,2026-03-30,116426.0,-1.71,112.78,107.39,5.39,21,1.0,-20.99,-2.37,during_roll,0.29,0.18
COK26,2026,1,3,2026,2026-03-31,114519.0,6.58,118.35,103.97,14.38,22,0.0,-1.64,8.29,during_roll,0.29,0.18
COM16,2016,3,2,2016,2016-02-01,236580.0,-0.01,34.24,35.03,-0.79,1,63.0,,,,-1.24,-0.4
COM16,2016,3,2,2016,2016-02-02,249858.0,0.02,32.72,33.47,-0.75,2,62.0,5.61,0.03,,-1.24,-0.4
COM16,2016,3,2,2016,2016-02-03,247323.0,0.03,35.04,35.75,-0.71,3,61.0,-1.01,0.01,,-1.24,-0.4
COM16,2016,3,2,2016,2016-02-04,250375.0,0.04,34.46,35.15,-0.69,4,60.0,1.23,0.01,,-1.24,-0.4
COM16,2016,3,2,2016,2016-02-05,249902.0,0.05,34.06,34.76,-0.7,5,59.0,-0.19,0.01,,-1.24,-0.4
COM16,2016,3,2,2016,2016-02-08,255253.0,0.05,32.88,33.6,-0.72,6,58.0,2.14,0.0,,-1.24,-0.4
COM16,2016,3,2,2016,2016-02-09,256059.0,0.04,30.32,30.98,-0.66,7,57.0,0.32,-0.01,,-1.24,-0.4
COM16,2016,3,2,2016,2016-02-10,255766.0,0.04,30.84,31.5,-0.66,8,56.0,-0.11,0.0,,-1.24,-0.4
COM16,2016,3,2,2016,2016-02-11,262319.0,0.04,30.06,30.78,-0.72,9,55.0,2.56,0.0,,-1.24,-0.4
COM16,2016,3,2,2016,2016-02-12,262127.0,0.04,33.36,33.99,-0.63,10,54.0,-0.07,0.0,,-1.24,-0.4
COM16,2016,3,2,2016,2016-02-15,262842.0,0.04,33.39,34.01,-0.62,11,53.0,0.27,0.0,,-1.24,-0.4
COM16,2016,3,2,2016,2016-02-16,273600.0,0.03,32.18,32.84,-0.66,12,52.0,4.09,-0.01,,-1.24,-0.4
COM16,2016,3,2,2016,2016-02-17,277397.0,0.03,34.5,35.13,-0.63,13,51.0,1.39,0.0,,-1.24,-0.4
COM16,2016,3,2,2016,2016-02-18,277609.0,0.03,34.28,34.88,-0.6,14,50.0,0.08,0.0,,-1.24,-0.4
COM16,2016,3,2,2016,2016-02-19,283328.0,0.03,33.01,33.62,-0.61,15,49.0,2.06,0.0,,-1.24,-0.4
COM16,2016,3,2,2016,2016-02-22,278087.0,0.04,34.69,35.29,-0.6,16,48.0,-1.85,0.01,,-1.24,-0.4
COM16,2016,3,2,2016,2016-02-23,288861.0,0.03,33.27,33.97,-0.7,17,47.0,3.87,-0.01,,-1.24,-0.4
COM16,2016,3,2,2016,2016-02-24,296071.0,0.02,34.41,35.07,-0.66,18,46.0,2.5,-0.01,,-1.24,-0.4
COM16,2016,3,2,2016,2016-02-25,288105.0,0.02,35.29,35.7,-0.41,19,45.0,-2.69,0.0,,-1.24,-0.4
COM16,2016,3,2,2016,2016-02-26,296407.0,0.04,35.1,35.44,-0.34,20,44.0,2.88,0.02,,-1.24,-0.4
COM16,2016,2,3,2016,2016-03-01,304380.0,0.03,36.81,37.47,-0.66,1,43.0,,,,-1.24,-0.4
COM16,2016,2,3,2016,2016-03-02,301350.0,0.03,36.93,37.55,-0.62,2,42.0,-1.0,0.0,,-1.24,-0.4
COM16,2016,2,3,2016,2016-03-03,318231.0,0.06,37.07,37.7,-0.63,3,41.0,5.6,0.03,,-1.24,-0.4
COM16,2016,2,3,2016,2016-03-04,310482.0,0.06,38.72,39.36,-0.64,4,40.0,-2.44,0.0,,-1.24,-0.4
COM16,2016,2,3,2016,2016-03-07,326420.0,0.04,40.84,41.48,-0.64,5,39.0,5.13,-0.02,,-1.24,-0.4
COM16,2016,2,3,2016,2016-03-08,335095.0,0.05,39.65,40.24,-0.59,6,38.0,2.66,0.01,,-1.24,-0.4
COM16,2016,2,3,2016,2016-03-09,358237.0,0.05,41.07,41.65,-0.58,7,37.0,6.91,0.0,,-1.24,-0.4
COM16,2016,2,3,2016,2016-03-10,360345.0,0.06,40.05,40.68,-0.63,8,36.0,0.59,0.01,,-1.24,-0.4
COM16,2016,2,3,2016,2016-03-11,361168.0,0.02,40.39,41.09,-0.7,9,35.0,0.23,-0.04,,-1.24,-0.4
COM16,2016,2,3,2016,2016-03-14,359171.0,0.03,39.53,40.16,-0.63,10,34.0,-0.55,0.01,,-1.24,-0.4
COM16,2016,2,3,2016,2016-03-15,359373.0,0.02,38.74,39.39,-0.65,11,33.0,0.06,-0.01,,-1.24,-0.4
COM16,2016,2,3,2016,2016-03-16,371055.0,0.03,40.33,40.98,-0.65,12,32.0,3.25,0.01,,-1.24,-0.4
COM16,2016,2,3,2016,2016-03-17,387905.0,0.02,41.54,42.18,-0.64,13,31.0,4.54,-0.01,,-1.24,-0.4
COM16,2016,2,3,2016,2016-03-18,395641.0,-0.01,41.2,41.86,-0.66,14,30.0,1.99,-0.03,,-1.24,-0.4
COM16,2016,2,3,2016,2016-03-21,415034.0,0.01,41.54,42.23,-0.69,15,29.0,4.9,0.02,,-1.24,-0.4
COM16,2016,2,3,2016,2016-03-22,451123.0,0.01,41.79,42.51,-0.72,16,28.0,8.7,0.0,,-1.24,-0.4
COM16,2016,2,3,2016,2016-03-23,466669.0,0.01,40.47,41.09,-0.62,17,27.0,3.45,0.0,,-1.24,-0.4
COM16,2016,2,3,2016,2016-03-24,472295.0,0.0,40.44,41.03,-0.59,18,26.0,1.21,-0.01,,-1.24,-0.4
COM16,2016,2,3,2016,2016-03-25,472589.0,-0.0,40.27,40.87,-0.6,19,25.0,0.06,-0.0,,-1.24,-0.4
COM16,2016,2,3,2016,2016-03-28,472589.0,-0.0,40.27,40.87,-0.6,20,24.0,0.0,0.0,,-1.24,-0.4
COM16,2016,2,3,2016,2016-03-29,475961.0,0.01,39.14,39.85,-0.71,21,23.0,0.71,0.01,,-1.24,-0.4
COM16,2016,2,3,2016,2016-03-30,486301.0,-0.01,39.26,40.05,-0.79,22,22.0,2.17,-0.02,,-1.24,-0.4
COM16,2016,2,3,2016,2016-03-31,496173.0,0.01,39.6,40.33,-0.73,23,21.0,2.03,0.02,,-1.24,-0.4
COM16,2016,1,4,2016,2016-04-01,499288.0,0.02,38.67,39.09,-0.42,1,20.0,,,pre_roll,-1.24,-0.4
COM16,2016,1,4,2016,2016-04-04,491652.0,0.12,37.69,37.98,-0.29,2,19.0,-1.53,0.1,during_roll,-1.24,-0.4
COM16,2016,1,4,2016,2016-04-05,482081.0,0.19,37.87,38.03,-0.16,3,18.0,-1.95,0.07,during_roll,-1.24,-0.4
COM16,2016,1,4,2016,2016-04-06,481494.0,0.18,39.84,40.0,-0.16,4,17.0,-0.12,-0.01,during_roll,-1.24,-0.4
COM16,2016,1,4,2016,2016-04-07,467582.0,0.23,39.43,39.49,-0.06,5,16.0,-2.89,0.05,during_roll,-1.24,-0.4
COM16,2016,1,4,2016,2016-04-08,453932.0,0.21,41.94,42.02,-0.08,6,15.0,-2.92,-0.02,during_roll,-1.24,-0.4
COM16,2016,1,4,2016,2016-04-11,440268.0,0.2,42.83,42.95,-0.12,7,14.0,-3.01,-0.01,during_roll,-1.24,-0.4
COM16,2016,1,4,2016,2016-04-12,436582.0,0.24,44.69,44.73,-0.04,8,13.0,-0.84,0.04,during_roll,-1.24,-0.4
COM16,2016,1,4,2016,2016-04-13,406179.0,0.33,44.18,44.21,-0.03,9,12.0,-6.96,0.09,during_roll,-1.24,-0.4
COM16,2016,1,4,2016,2016-04-14,386230.0,0.39,43.84,43.8,0.04,10,11.0,-4.91,0.06,during_roll,-1.24,-0.4
COM16,2016,1,4,2016,2016-04-15,372914.0,0.35,43.1,43.06,0.04,11,10.0,-3.45,-0.04,during_roll,-1.24,-0.4
COM16,2016,1,4,2016,2016-04-18,353005.0,0.42,42.91,42.77,0.14,12,9.0,-5.34,0.07,during_roll,-1.24,-0.4
COM16,2016,1,4,2016,2016-04-19,314189.0,0.55,44.03,43.85,0.18,13,8.0,-11.0,0.13,during_roll,-1.24,-0.4
COM16,2016,1,4,2016,2016-04-20,295687.0,0.55,45.8,45.63,0.17,14,7.0,-5.89,0.0,during_roll,-1.24,-0.4
COM16,2016,1,4,2016,2016-04-21,258422.0,0.54,44.53,44.39,0.14,15,6.0,-12.6,-0.01,during_roll,-1.24,-0.4
COM16,2016,1,4,2016,2016-04-22,211277.0,0.43,45.11,45.07,0.04,16,5.0,-18.24,-0.11,during_roll,-1.24,-0.4
COM16,2016,1,4,2016,2016-04-25,188859.0,0.57,44.48,44.32,0.16,17,4.0,-10.61,0.14,during_roll,-1.24,-0.4
COM16,2016,1,4,2016,2016-04-26,145792.0,0.54,45.74,45.58,0.16,18,3.0,-22.8,-0.03,during_roll,-1.24,-0.4
COM16,2016,1,4,2016,2016-04-27,114898.0,0.6,47.18,46.93,0.25,19,2.0,-21.19,0.06,during_roll,-1.24,-0.4
COM16,2016,1,4,2016,2016-04-28,68652.0,0.71,48.14,47.77,0.37,20,1.0,-40.25,0.11,during_roll,-1.24,-0.4
COM16,2016,1,4,2016,2016-04-29,,1.13,48.13,47.37,0.76,21,0.0,0.0,0.42,during_roll,-1.24,-0.4
COM17,2017,3,2,2017,2017-02-01,317775.0,-0.09,56.8,57.12,-0.32,1,62.0,,,,0.45,0.17
COM17,2017,3,2,2017,2017-02-02,319387.0,-0.08,56.56,56.85,-0.29,2,61.0,0.51,0.01,,0.45,0.17
COM17,2017,3,2,2017,2017-02-03,329397.0,-0.09,56.81,57.15,-0.34,3,60.0,3.13,-0.01,,0.45,0.17
COM17,2017,3,2,2017,2017-02-06,337457.0,-0.11,55.72,56.1,-0.38,4,59.0,2.45,-0.02,,0.45,0.17
COM17,2017,3,2,2017,2017-02-07,336975.0,-0.08,55.05,55.33,-0.28,5,58.0,-0.14,0.03,,0.45,0.17
COM17,2017,3,2,2017,2017-02-08,337213.0,-0.1,55.12,55.47,-0.35,6,57.0,0.07,-0.02,,0.45,0.17
COM17,2017,3,2,2017,2017-02-09,335776.0,-0.09,55.63,56.0,-0.37,7,56.0,-0.43,0.01,,0.45,0.17
COM17,2017,3,2,2017,2017-02-10,328875.0,-0.08,56.7,57.06,-0.36,8,55.0,-2.06,0.01,,0.45,0.17
COM17,2017,3,2,2017,2017-02-13,335003.0,-0.07,55.59,55.96,-0.37,9,54.0,1.86,0.01,,0.45,0.17
COM17,2017,3,2,2017,2017-02-14,334552.0,-0.06,55.97,56.29,-0.32,10,53.0,-0.13,0.01,,0.45,0.17
COM17,2017,3,2,2017,2017-02-15,338142.0,-0.05,55.75,56.1,-0.35,11,52.0,1.07,0.01,,0.45,0.17
COM17,2017,3,2,2017,2017-02-16,346942.0,-0.05,55.65,56.0,-0.35,12,51.0,2.6,0.0,,0.45,0.17
COM17,2017,3,2,2017,2017-02-17,345934.0,-0.05,55.81,56.11,-0.3,13,50.0,-0.29,0.0,,0.45,0.17
COM17,2017,3,2,2017,2017-02-20,347116.0,-0.05,56.18,56.35,-0.17,14,49.0,0.34,0.0,,0.45,0.17
COM17,2017,3,2,2017,2017-02-21,345519.0,-0.01,56.66,56.76,-0.1,15,48.0,-0.46,0.04,,0.45,0.17
COM17,2017,3,2,2017,2017-02-22,357340.0,-0.03,55.84,56.04,-0.2,16,47.0,3.42,-0.02,,0.45,0.17
COM17,2017,3,2,2017,2017-02-23,360049.0,-0.03,56.58,56.82,-0.24,17,46.0,0.76,0.0,,0.45,0.17
COM17,2017,3,2,2017,2017-02-24,363638.0,-0.06,55.99,56.31,-0.32,18,45.0,1.0,-0.03,,0.45,0.17
COM17,2017,3,2,2017,2017-02-27,378059.0,-0.08,55.93,56.42,-0.49,19,44.0,3.97,-0.02,,0.45,0.17
COM17,2017,3,2,2017,2017-02-28,383133.0,-0.08,55.59,56.51,-0.92,20,43.0,1.34,0.0,,0.45,0.17
COM17,2017,2,3,2017,2017-03-01,379786.0,-0.07,56.36,56.66,-0.3,1,42.0,,,,0.45,0.17
COM17,2017,2,3,2017,2017-03-02,373946.0,-0.04,55.08,55.37,-0.29,2,41.0,-1.54,0.03,,0.45,0.17
COM17,2017,2,3,2017,2017-03-03,375775.0,-0.07,55.9,56.16,-0.26,3,40.0,0.49,-0.03,,0.45,0.17
COM17,2017,2,3,2017,2017-03-06,377833.0,-0.04,56.01,56.26,-0.25,4,39.0,0.55,0.03,,0.45,0.17
COM17,2017,2,3,2017,2017-03-07,385760.0,-0.03,55.92,56.13,-0.21,5,38.0,2.1,0.01,,0.45,0.17
COM17,2017,2,3,2017,2017-03-08,384838.0,-0.03,53.11,53.37,-0.26,6,37.0,-0.24,0.0,,0.45,0.17
COM17,2017,2,3,2017,2017-03-09,380006.0,-0.05,52.19,52.46,-0.27,7,36.0,-1.26,-0.02,,0.45,0.17
COM17,2017,2,3,2017,2017-03-10,384901.0,-0.05,51.37,51.63,-0.26,8,35.0,1.29,0.0,,0.45,0.17
COM17,2017,2,3,2017,2017-03-13,394829.0,-0.03,51.35,51.59,-0.24,9,34.0,2.58,0.02,,0.45,0.17
COM17,2017,2,3,2017,2017-03-14,406331.0,-0.04,50.92,51.11,-0.19,10,33.0,2.91,-0.01,,0.45,0.17
COM17,2017,2,3,2017,2017-03-15,437509.0,-0.04,51.81,51.97,-0.16,11,32.0,7.67,0.0,,0.45,0.17
COM17,2017,2,3,2017,2017-03-16,452606.0,-0.03,51.74,51.9,-0.16,12,31.0,3.45,0.01,,0.45,0.17
COM17,2017,2,3,2017,2017-03-17,473577.0,-0.05,51.76,51.95,-0.19,13,30.0,4.63,-0.02,,0.45,0.17
COM17,2017,2,3,2017,2017-03-20,475713.0,-0.02,51.62,51.79,-0.17,14,29.0,0.45,0.03,,0.45,0.17
COM17,2017,2,3,2017,2017-03-21,493571.0,-0.04,50.96,51.19,-0.23,15,28.0,3.75,-0.02,,0.45,0.17
COM17,2017,2,3,2017,2017-03-22,507859.0,-0.04,50.64,50.87,-0.23,16,27.0,2.89,0.0,,0.45,0.17
COM17,2017,2,3,2017,2017-03-23,527148.0,0.0,50.56,50.66,-0.1,17,26.0,3.8,0.04,,0.45,0.17
COM17,2017,2,3,2017,2017-03-24,534499.0,-0.03,50.8,50.92,-0.12,18,25.0,1.39,-0.03,,0.45,0.17
COM17,2017,2,3,2017,2017-03-27,545144.0,-0.04,50.75,50.9,-0.15,19,24.0,1.99,-0.01,,0.45,0.17
COM17,2017,2,3,2017,2017-03-28,565017.0,-0.04,51.33,51.42,-0.09,20,23.0,3.65,0.0,,0.45,0.17
COM17,2017,2,3,2017,2017-03-29,578423.0,-0.07,52.42,52.54,-0.12,21,22.0,2.37,-0.03,,0.45,0.17
COM17,2017,2,3,2017,2017-03-30,579993.0,-0.07,52.96,53.13,-0.17,22,21.0,0.27,0.0,,0.45,0.17
COM17,2017,2,3,2017,2017-03-31,583781.0,-0.07,52.83,53.53,-0.7,23,20.0,0.65,0.0,,0.45,0.17
COM17,2017,1,4,2017,2017-04-03,570208.0,-0.06,53.12,53.41,-0.29,1,19.0,,,pre_roll,0.45,0.17
COM17,2017,1,4,2017,2017-04-04,577763.0,-0.06,54.17,54.44,-0.27,2,18.0,1.32,0.0,pre_roll,0.45,0.17
COM17,2017,1,4,2017,2017-04-05,570776.0,-0.07,54.36,54.63,-0.27,3,17.0,-1.21,-0.01,pre_roll,0.45,0.17
COM17,2017,1,4,2017,2017-04-06,561359.0,-0.1,54.89,55.17,-0.28,4,16.0,-1.65,-0.03,pre_roll,0.45,0.17
COM17,2017,1,4,2017,2017-04-07,551460.0,-0.1,55.24,55.53,-0.29,5,15.0,-1.76,0.0,during_roll,0.45,0.17
COM17,2017,1,4,2017,2017-04-10,531779.0,-0.12,55.98,56.32,-0.34,6,14.0,-3.57,-0.02,during_roll,0.45,0.17
COM17,2017,1,4,2017,2017-04-11,506916.0,-0.13,56.23,56.6,-0.37,7,13.0,-4.68,-0.01,during_roll,0.45,0.17
COM17,2017,1,4,2017,2017-04-12,472571.0,-0.14,55.86,56.3,-0.44,8,12.0,-6.78,-0.01,during_roll,0.45,0.17
COM17,2017,1,4,2017,2017-04-13,426421.0,-0.16,55.89,56.37,-0.48,9,11.0,-9.77,-0.02,during_roll,0.45,0.17
COM17,2017,1,4,2017,2017-04-14,403521.0,-0.17,55.36,55.88,-0.52,10,10.0,-5.37,-0.01,during_roll,0.45,0.17
COM17,2017,1,4,2017,2017-04-17,403521.0,-0.17,55.36,55.88,-0.52,11,9.0,0.0,0.0,during_roll,0.45,0.17
COM17,2017,1,4,2017,2017-04-18,350038.0,-0.19,54.89,55.44,-0.55,12,8.0,-13.25,-0.02,during_roll,0.45,0.17
COM17,2017,1,4,2017,2017-04-19,321739.0,-0.16,52.93,53.43,-0.5,13,7.0,-8.08,0.03,during_roll,0.45,0.17
COM17,2017,1,4,2017,2017-04-20,279161.0,-0.14,52.99,53.46,-0.47,14,6.0,-13.23,0.02,during_roll,0.45,0.17
COM17,2017,1,4,2017,2017-04-21,234927.0,-0.12,51.96,52.44,-0.48,15,5.0,-15.85,0.02,during_roll,0.45,0.17
COM17,2017,1,4,2017,2017-04-24,197830.0,-0.19,51.6,52.13,-0.53,16,4.0,-15.79,-0.07,during_roll,0.45,0.17
COM17,2017,1,4,2017,2017-04-25,138498.0,-0.18,52.1,52.57,-0.47,17,3.0,-29.99,0.01,during_roll,0.45,0.17
COM17,2017,1,4,2017,2017-04-26,97884.0,-0.26,51.82,52.41,-0.59,18,2.0,-29.32,-0.08,during_roll,0.45,0.17
COM17,2017,1,4,2017,2017-04-27,45762.0,-0.07,51.44,51.82,-0.38,19,1.0,-53.25,0.19,during_roll,0.45,0.17
COM17,2017,1,4,2017,2017-04-28,37166.0,0.0,51.73,52.05,-0.32,20,0.0,-18.78,0.07,during_roll,0.45,0.17
COM18,2018,3,2,2018,2018-02-01,295988.0,-0.01,69.65,69.35,0.3,1,61.0,,,,-0.16,-0.35
COM18,2018,3,2,2018,2018-02-02,292354.0,0.0,68.58,68.28,0.3,2,60.0,-1.23,0.01,,-0.16,-0.35
COM18,2018,3,2,2018,2018-02-05,288055.0,0.01,67.62,67.28,0.34,3,59.0,-1.47,0.01,,-0.16,-0.35
COM18,2018,3,2,2018,2018-02-06,286010.0,-0.01,66.86,66.48,0.38,4,58.0,-0.71,-0.02,,-0.16,-0.35
COM18,2018,3,2,2018,2018-02-07,285154.0,-0.02,65.51,65.15,0.36,5,57.0,-0.3,-0.01,,-0.16,-0.35
COM18,2018,3,2,2018,2018-02-08,286798.0,-0.03,64.81,64.49,0.32,6,56.0,0.58,-0.01,,-0.16,-0.35
COM18,2018,3,2,2018,2018-02-09,284682.0,-0.02,62.79,62.48,0.31,7,55.0,-0.74,0.01,,-0.16,-0.35
COM18,2018,3,2,2018,2018-02-12,292325.0,-0.01,62.59,62.33,0.26,8,54.0,2.68,0.01,,-0.16,-0.35
COM18,2018,3,2,2018,2018-02-13,313603.0,-0.01,62.72,62.44,0.28,9,53.0,7.28,0.0,,-0.16,-0.35
COM18,2018,3,2,2018,2018-02-14,323570.0,-0.01,64.36,64.02,0.34,10,52.0,3.18,0.0,,-0.16,-0.35
COM18,2018,3,2,2018,2018-02-15,322416.0,-0.02,64.33,64.0,0.33,11,51.0,-0.36,-0.01,,-0.16,-0.35
COM18,2018,3,2,2018,2018-02-16,315662.0,-0.01,64.84,64.53,0.31,12,50.0,-2.09,0.01,,-0.16,-0.35
COM18,2018,3,2,2018,2018-02-19,313147.0,-0.01,65.67,65.39,0.28,13,49.0,-0.8,0.0,,-0.16,-0.35
COM18,2018,3,2,2018,2018-02-20,318424.0,-0.01,65.25,65.05,0.2,14,48.0,1.69,0.0,,-0.16,-0.35
COM18,2018,3,2,2018,2018-02-21,325138.0,-0.03,65.42,65.15,0.27,15,47.0,2.11,-0.02,,-0.16,-0.35
COM18,2018,3,2,2018,2018-02-22,335549.0,-0.03,66.39,66.11,0.28,16,46.0,3.2,0.0,,-0.16,-0.35
COM18,2018,3,2,2018,2018-02-23,339565.0,-0.04,67.31,67.04,0.27,17,45.0,1.2,-0.01,,-0.16,-0.35
COM18,2018,3,2,2018,2018-02-26,346309.0,-0.04,67.5,67.29,0.21,18,44.0,1.99,0.0,,-0.16,-0.35
COM18,2018,3,2,2018,2018-02-27,346407.0,-0.04,66.63,66.52,0.11,19,43.0,0.03,0.0,,-0.16,-0.35
COM18,2018,3,2,2018,2018-02-28,357030.0,-0.02,65.78,64.73,1.05,20,42.0,3.07,0.02,,-0.16,-0.35
COM18,2018,2,3,2018,2018-03-01,353347.0,-0.02,63.83,63.59,0.24,1,41.0,,,,-0.16,-0.35
COM18,2018,2,3,2018,2018-03-02,357323.0,-0.01,64.37,64.11,0.26,2,40.0,1.13,0.01,,-0.16,-0.35
COM18,2018,2,3,2018,2018-03-05,365125.0,-0.02,65.54,65.3,0.24,3,39.0,2.18,-0.01,,-0.16,-0.35
COM18,2018,2,3,2018,2018-03-06,356460.0,-0.02,65.79,65.55,0.24,4,38.0,-2.37,0.0,,-0.16,-0.35
COM18,2018,2,3,2018,2018-03-07,389818.0,-0.02,64.34,64.15,0.19,5,37.0,9.36,0.0,,-0.16,-0.35
COM18,2018,2,3,2018,2018-03-08,408963.0,-0.0,63.61,63.44,0.17,6,36.0,4.91,0.02,,-0.16,-0.35
COM18,2018,2,3,2018,2018-03-09,410480.0,-0.0,65.49,65.27,0.22,7,35.0,0.37,0.0,,-0.16,-0.35
COM18,2018,2,3,2018,2018-03-12,415914.0,0.0,64.95,64.79,0.16,8,34.0,1.32,0.0,,-0.16,-0.35
COM18,2018,2,3,2018,2018-03-13,437178.0,-0.04,64.64,64.52,0.12,9,33.0,5.11,-0.04,,-0.16,-0.35
COM18,2018,2,3,2018,2018-03-14,454659.0,-0.02,64.89,64.76,0.13,10,32.0,4.0,0.02,,-0.16,-0.35
COM18,2018,2,3,2018,2018-03-15,454097.0,-0.03,65.12,64.95,0.17,11,31.0,-0.12,-0.01,,-0.16,-0.35
COM18,2018,2,3,2018,2018-03-16,470207.0,-0.04,66.21,66.05,0.16,12,30.0,3.55,-0.01,,-0.16,-0.35
COM18,2018,2,3,2018,2018-03-19,494656.0,-0.02,66.05,65.82,0.23,13,29.0,5.2,0.02,,-0.16,-0.35
COM18,2018,2,3,2018,2018-03-20,522448.0,-0.02,67.42,67.13,0.29,14,28.0,5.62,0.0,,-0.16,-0.35
COM18,2018,2,3,2018,2018-03-21,565656.0,0.02,69.47,69.07,0.4,15,27.0,8.27,0.04,,-0.16,-0.35
COM18,2018,2,3,2018,2018-03-22,569546.0,0.03,68.91,68.38,0.53,16,26.0,0.69,0.01,,-0.16,-0.35
COM18,2018,2,3,2018,2018-03-23,586326.0,0.01,70.45,69.81,0.64,17,25.0,2.95,-0.02,,-0.16,-0.35
COM18,2018,2,3,2018,2018-03-26,595653.0,-0.02,70.12,69.52,0.6,18,24.0,1.59,-0.03,,-0.16,-0.35
COM18,2018,2,3,2018,2018-03-27,610439.0,-0.02,70.11,69.46,0.65,19,23.0,2.48,0.0,,-0.16,-0.35
COM18,2018,2,3,2018,2018-03-28,621315.0,-0.01,69.53,68.76,0.77,20,22.0,1.78,0.01,,-0.16,-0.35
COM18,2018,2,3,2018,2018-03-29,620465.0,0.0,70.27,69.34,0.93,21,21.0,-0.14,0.01,,-0.16,-0.35
COM18,2018,1,4,2018,2018-04-02,614545.0,-0.02,67.64,67.18,0.46,1,20.0,,,pre_roll,-0.16,-0.35
COM18,2018,1,4,2018,2018-04-03,611532.0,-0.01,68.12,67.67,0.45,2,19.0,-0.49,0.01,pre_roll,-0.16,-0.35
COM18,2018,1,4,2018,2018-04-04,615391.0,0.0,68.02,67.55,0.47,3,18.0,0.63,0.01,pre_roll,-0.16,-0.35
COM18,2018,1,4,2018,2018-04-05,606587.0,-0.02,68.33,67.9,0.43,4,17.0,-1.43,-0.02,pre_roll,-0.16,-0.35
COM18,2018,1,4,2018,2018-04-06,593835.0,-0.01,67.11,66.68,0.43,5,16.0,-2.1,0.01,pre_roll,-0.16,-0.35
COM18,2018,1,4,2018,2018-04-09,565866.0,-0.01,68.65,68.18,0.47,6,15.0,-4.71,0.0,during_roll,-0.16,-0.35
COM18,2018,1,4,2018,2018-04-10,538820.0,0.07,71.04,70.42,0.62,7,14.0,-4.78,0.08,during_roll,-0.16,-0.35
COM18,2018,1,4,2018,2018-04-11,485704.0,0.07,72.06,71.46,0.6,8,13.0,-9.86,0.0,during_roll,-0.16,-0.35
COM18,2018,1,4,2018,2018-04-12,472984.0,0.07,72.02,71.4,0.62,9,12.0,-2.62,0.0,during_roll,-0.16,-0.35
COM18,2018,1,4,2018,2018-04-13,455326.0,0.1,72.58,71.93,0.65,10,11.0,-3.73,0.03,during_roll,-0.16,-0.35
COM18,2018,1,4,2018,2018-04-16,434424.0,0.09,71.42,70.81,0.61,11,10.0,-4.59,-0.01,during_roll,-0.16,-0.35
COM18,2018,1,4,2018,2018-04-17,405956.0,0.08,71.58,70.97,0.61,12,9.0,-6.55,-0.01,during_roll,-0.16,-0.35
COM18,2018,1,4,2018,2018-04-18,389326.0,0.08,73.48,72.84,0.64,13,8.0,-4.1,0.0,during_roll,-0.16,-0.35
COM18,2018,1,4,2018,2018-04-19,354436.0,0.1,73.78,73.11,0.67,14,7.0,-8.96,0.02,during_roll,-0.16,-0.35
COM18,2018,1,4,2018,2018-04-20,302204.0,0.14,74.06,73.35,0.71,15,6.0,-14.74,0.04,during_roll,-0.16,-0.35
COM18,2018,1,4,2018,2018-04-23,275429.0,0.14,74.71,74.01,0.7,16,5.0,-8.86,0.0,during_roll,-0.16,-0.35
COM18,2018,1,4,2018,2018-04-24,246325.0,0.25,73.86,73.07,0.79,17,4.0,-10.57,0.11,during_roll,-0.16,-0.35
COM18,2018,1,4,2018,2018-04-25,180206.0,0.26,74.0,73.23,0.77,18,3.0,-26.84,0.01,during_roll,-0.16,-0.35
COM18,2018,1,4,2018,2018-04-26,154504.0,0.32,74.74,73.88,0.86,19,2.0,-14.26,0.06,during_roll,-0.16,-0.35
COM18,2018,1,4,2018,2018-04-27,76777.0,0.31,74.64,73.79,0.85,20,1.0,-50.31,-0.01,during_roll,-0.16,-0.35
COM18,2018,1,4,2018,2018-04-30,76777.0,-0.04,75.17,74.69,0.48,21,0.0,0.0,-0.35,during_roll,-0.16,-0.35
COM19,2019,3,2,2019,2019-02-01,298999.0,0.01,62.75,62.79,-0.04,1,62.0,,,,1.14,0.94
COM19,2019,3,2,2019,2019-02-04,308540.0,0.0,62.51,62.58,-0.07,2,61.0,3.19,-0.01,,1.14,0.94
COM19,2019,3,2,2019,2019-02-05,312272.0,0.02,61.98,62.07,-0.09,3,60.0,1.21,0.02,,1.14,0.94
COM19,2019,3,2,2019,2019-02-06,306008.0,0.02,62.69,62.74,-0.05,4,59.0,-2.01,0.0,,1.14,0.94
COM19,2019,3,2,2019,2019-02-07,312954.0,0.02,61.63,61.63,0.0,5,58.0,2.27,0.0,,1.14,0.94
COM19,2019,3,2,2019,2019-02-08,317116.0,0.02,62.1,62.03,0.07,6,57.0,1.33,0.0,,1.14,0.94
COM19,2019,3,2,2019,2019-02-11,319215.0,0.03,61.51,61.52,-0.01,7,56.0,0.66,0.01,,1.14,0.94
COM19,2019,3,2,2019,2019-02-12,325736.0,0.02,62.42,62.4,0.02,8,55.0,2.04,-0.01,,1.14,0.94
COM19,2019,3,2,2019,2019-02-13,325153.0,0.05,63.61,63.58,0.03,9,54.0,-0.18,0.03,,1.14,0.94
COM19,2019,3,2,2019,2019-02-14,317140.0,0.05,64.57,64.52,0.05,10,53.0,-2.46,0.0,,1.14,0.94
COM19,2019,3,2,2019,2019-02-15,313406.0,0.05,66.25,66.22,0.03,11,52.0,-1.18,0.0,,1.14,0.94
COM19,2019,3,2,2019,2019-02-18,309984.0,0.04,66.5,66.5,0.0,12,51.0,-1.09,-0.01,,1.14,0.94
COM19,2019,3,2,2019,2019-02-19,303748.0,0.05,66.45,66.47,-0.02,13,50.0,-2.01,0.01,,1.14,0.94
COM19,2019,3,2,2019,2019-02-20,307728.0,0.06,67.08,67.13,-0.05,14,49.0,1.31,0.01,,1.14,0.94
COM19,2019,3,2,2019,2019-02-21,305709.0,0.05,67.07,67.19,-0.12,15,48.0,-0.66,-0.01,,1.14,0.94
COM19,2019,3,2,2019,2019-02-22,301256.0,0.05,67.12,67.25,-0.13,16,47.0,-1.46,0.0,,1.14,0.94
COM19,2019,3,2,2019,2019-02-25,302429.0,0.05,64.76,64.91,-0.15,17,46.0,0.39,0.0,,1.14,0.94
COM19,2019,3,2,2019,2019-02-26,302610.0,0.06,65.21,65.36,-0.15,18,45.0,0.06,0.01,,1.14,0.94
COM19,2019,3,2,2019,2019-02-27,304173.0,0.05,66.39,66.58,-0.19,19,44.0,0.52,-0.01,,1.14,0.94
COM19,2019,3,2,2019,2019-02-28,317778.0,0.05,66.03,66.31,-0.28,20,43.0,4.47,0.0,,1.14,0.94
COM19,2019,2,3,2019,2019-03-01,318391.0,0.05,65.07,65.11,-0.04,1,42.0,,,,1.14,0.94
COM19,2019,2,3,2019,2019-03-04,333378.0,0.03,65.67,65.74,-0.07,2,41.0,4.71,-0.02,,1.14,0.94
COM19,2019,2,3,2019,2019-03-05,356180.0,0.02,65.86,65.92,-0.06,3,40.0,6.84,-0.01,,1.14,0.94
COM19,2019,2,3,2019,2019-03-06,370013.0,0.03,65.99,65.97,0.02,4,39.0,3.88,0.01,,1.14,0.94
COM19,2019,2,3,2019,2019-03-07,389415.0,0.01,66.3,66.26,0.04,5,38.0,5.24,-0.02,,1.14,0.94
COM19,2019,2,3,2019,2019-03-08,401190.0,0.02,65.74,65.66,0.08,6,37.0,3.02,0.01,,1.14,0.94
COM19,2019,2,3,2019,2019-03-11,412869.0,0.02,66.58,66.48,0.1,7,36.0,2.91,0.0,,1.14,0.94
COM19,2019,2,3,2019,2019-03-12,425672.0,0.03,66.67,66.58,0.09,8,35.0,3.1,0.01,,1.14,0.94
COM19,2019,2,3,2019,2019-03-13,435279.0,0.02,67.55,67.46,0.09,9,34.0,2.26,-0.01,,1.14,0.94
COM19,2019,2,3,2019,2019-03-14,449656.0,0.04,67.23,67.13,0.1,10,33.0,3.3,0.02,,1.14,0.94
COM19,2019,2,3,2019,2019-03-15,464502.0,0.02,67.16,67.04,0.12,11,32.0,3.3,-0.02,,1.14,0.94
COM19,2019,2,3,2019,2019-03-18,462261.0,0.06,67.54,67.36,0.18,12,31.0,-0.48,0.04,,1.14,0.94
COM19,2019,2,3,2019,2019-03-19,481622.0,0.06,67.61,67.42,0.19,13,30.0,4.19,0.0,,1.14,0.94
COM19,2019,2,3,2019,2019-03-20,490889.0,0.06,68.5,68.27,0.23,14,29.0,1.92,0.0,,1.14,0.94
COM19,2019,2,3,2019,2019-03-21,532816.0,0.03,67.86,67.67,0.19,15,28.0,8.54,-0.03,,1.14,0.94
COM19,2019,2,3,2019,2019-03-22,536831.0,0.05,67.03,66.75,0.28,16,27.0,0.75,0.02,,1.14,0.94
COM19,2019,2,3,2019,2019-03-25,542142.0,0.05,67.21,66.81,0.4,17,26.0,0.99,0.0,,1.14,0.94
COM19,2019,2,3,2019,2019-03-26,547582.0,0.08,67.97,67.43,0.54,18,25.0,1.0,0.03,,1.14,0.94
COM19,2019,2,3,2019,2019-03-27,545529.0,0.12,67.83,67.24,0.59,19,24.0,-0.37,0.04,,1.14,0.94
COM19,2019,2,3,2019,2019-03-28,550209.0,0.09,67.82,67.1,0.72,20,23.0,0.86,-0.03,,1.14,0.94
COM19,2019,2,3,2019,2019-03-29,550825.0,0.1,68.39,67.58,0.81,21,22.0,0.11,0.01,,1.14,0.94
COM19,2019,1,4,2019,2019-04-01,542963.0,0.1,69.01,68.59,0.42,1,21.0,,,pre_roll,1.14,0.94
COM19,2019,1,4,2019,2019-04-02,524645.0,0.11,69.37,68.93,0.44,2,20.0,-3.37,0.01,during_roll,1.14,0.94
COM19,2019,1,4,2019,2019-04-03,513571.0,0.08,69.31,68.91,0.4,3,19.0,-2.11,-0.03,during_roll,1.14,0.94
COM19,2019,1,4,2019,2019-04-04,507404.0,0.05,69.4,69.02,0.38,4,18.0,-1.2,-0.03,during_roll,1.14,0.94
COM19,2019,1,4,2019,2019-04-05,490939.0,0.05,70.34,69.93,0.41,5,17.0,-3.24,0.0,during_roll,1.14,0.94
COM19,2019,1,4,2019,2019-04-08,469905.0,0.09,71.1,70.61,0.49,6,16.0,-4.28,0.04,during_roll,1.14,0.94
COM19,2019,1,4,2019,2019-04-09,445121.0,0.07,70.61,70.16,0.45,7,15.0,-5.27,-0.02,during_roll,1.14,0.94
COM19,2019,1,4,2019,2019-04-10,429612.0,0.05,71.73,71.3,0.43,8,14.0,-3.48,-0.02,during_roll,1.14,0.94
COM19,2019,1,4,2019,2019-04-11,403761.0,0.06,70.83,70.4,0.43,9,13.0,-6.02,0.01,during_roll,1.14,0.94
COM19,2019,1,4,2019,2019-04-12,397564.0,0.08,71.55,71.06,0.49,10,12.0,-1.53,0.02,during_roll,1.14,0.94
COM19,2019,1,4,2019,2019-04-15,377547.0,0.06,71.18,70.74,0.44,11,11.0,-5.03,-0.02,during_roll,1.14,0.94
COM19,2019,1,4,2019,2019-04-16,372240.0,0.07,71.72,71.21,0.51,12,10.0,-1.41,0.01,during_roll,1.14,0.94
COM19,2019,1,4,2019,2019-04-17,349762.0,0.08,71.62,71.09,0.53,13,9.0,-6.04,0.01,during_roll,1.14,0.94
COM19,2019,1,4,2019,2019-04-18,307045.0,0.07,71.97,71.43,0.54,14,8.0,-12.21,-0.01,during_roll,1.14,0.94
COM19,2019,1,4,2019,2019-04-19,288149.0,0.07,74.04,73.39,0.65,15,7.0,-6.15,0.0,during_roll,1.14,0.94
COM19,2019,1,4,2019,2019-04-22,288149.0,0.07,74.04,73.39,0.65,16,6.0,0.0,0.0,during_roll,1.14,0.94
COM19,2019,1,4,2019,2019-04-23,245937.0,0.06,74.51,73.89,0.62,17,5.0,-14.65,-0.01,during_roll,1.14,0.94
COM19,2019,1,4,2019,2019-04-24,233242.0,0.15,74.57,73.84,0.73,18,4.0,-5.16,0.09,during_roll,1.14,0.94
COM19,2019,1,4,2019,2019-04-25,167848.0,0.08,74.35,73.63,0.72,19,3.0,-28.04,-0.07,during_roll,1.14,0.94
COM19,2019,1,4,2019,2019-04-26,142400.0,-0.11,72.15,71.63,0.52,20,2.0,-15.16,-0.19,during_roll,1.14,0.94
COM19,2019,1,4,2019,2019-04-29,85921.0,-0.12,72.04,71.54,0.5,21,1.0,-39.66,-0.01,during_roll,1.14,0.94
COM19,2019,1,4,2019,2019-04-30,85921.0,0.13,72.8,72.06,0.74,22,0.0,0.0,0.25,during_roll,1.14,0.94
COM20,2020,3,2,2020,2020-02-03,279844.0,0.01,54.45,54.61,-0.16,1,62.0,,,,1.34,0.71
COM20,2020,3,2,2020,2020-02-04,283427.0,0.04,53.96,54.13,-0.17,2,61.0,1.28,0.03,,1.34,0.71
COM20,2020,3,2,2020,2020-02-05,291599.0,0.02,55.28,55.43,-0.15,3,60.0,2.88,-0.02,,1.34,0.71
COM20,2020,3,2,2020,2020-02-06,287603.0,-0.01,54.93,55.26,-0.33,4,59.0,-1.37,-0.03,,1.34,0.71
COM20,2020,3,2,2020,2020-02-07,285857.0,0.01,54.47,54.8,-0.33,5,58.0,-0.61,0.02,,1.34,0.71
COM20,2020,3,2,2020,2020-02-10,292302.0,0.05,53.27,53.57,-0.3,6,57.0,2.25,0.04,,1.34,0.71
COM20,2020,3,2,2020,2020-02-11,284383.0,0.06,54.01,54.21,-0.2,7,56.0,-2.71,0.01,,1.34,0.71
COM20,2020,3,2,2020,2020-02-12,280205.0,0.07,55.79,55.91,-0.12,8,55.0,-1.47,0.01,,1.34,0.71
COM20,2020,3,2,2020,2020-02-13,301802.0,0.07,56.34,56.38,-0.04,9,54.0,7.71,0.0,,1.34,0.71
COM20,2020,3,2,2020,2020-02-14,304355.0,0.06,57.32,57.2,0.12,10,53.0,0.85,-0.01,,1.34,0.71
COM20,2020,3,2,2020,2020-02-17,311890.0,0.07,57.67,57.49,0.18,11,52.0,2.48,0.01,,1.34,0.71
COM20,2020,3,2,2020,2020-02-18,327460.0,0.07,57.75,57.51,0.24,12,51.0,4.99,0.0,,1.34,0.71
COM20,2020,3,2,2020,2020-02-19,331719.0,0.12,59.12,58.72,0.4,13,50.0,1.3,0.05,,1.34,0.71
COM20,2020,3,2,2020,2020-02-20,341255.0,0.13,59.31,58.8,0.51,14,49.0,2.87,0.01,,1.34,0.71
COM20,2020,3,2,2020,2020-02-21,340182.0,0.15,58.5,57.94,0.56,15,48.0,-0.31,0.02,,1.34,0.71
COM20,2020,3,2,2020,2020-02-24,345901.0,0.12,56.3,55.77,0.53,16,47.0,1.68,-0.03,,1.34,0.71
COM20,2020,3,2,2020,2020-02-25,347615.0,0.1,54.95,54.26,0.69,17,46.0,0.5,-0.02,,1.34,0.71
COM20,2020,3,2,2020,2020-02-26,344307.0,0.1,53.43,52.81,0.62,18,45.0,-0.95,0.0,,1.34,0.71
COM20,2020,3,2,2020,2020-02-27,340728.0,0.11,52.18,51.73,0.45,19,44.0,-1.04,0.01,,1.34,0.71
COM20,2020,3,2,2020,2020-02-28,343186.0,0.13,50.52,49.67,0.85,20,43.0,0.72,0.02,,1.34,0.71
COM20,2020,2,3,2020,2020-03-02,341893.0,0.11,51.9,51.75,0.15,1,42.0,,,,1.34,0.71
COM20,2020,2,3,2020,2020-03-03,331509.0,0.11,51.86,51.77,0.09,2,41.0,-3.04,0.0,,1.34,0.71
COM20,2020,2,3,2020,2020-03-04,335757.0,0.05,51.13,51.25,-0.12,3,40.0,1.28,-0.06,,1.34,0.71
COM20,2020,2,3,2020,2020-03-05,345134.0,0.04,49.99,50.17,-0.18,4,39.0,2.79,-0.01,,1.34,0.71
COM20,2020,2,3,2020,2020-03-06,352694.0,0.06,45.27,45.52,-0.25,5,38.0,2.19,0.02,,1.34,0.71
COM20,2020,2,3,2020,2020-03-09,352694.0,-0.02,34.36,35.1,-0.74,6,37.0,0.0,-0.08,,1.34,0.71
COM20,2020,2,3,2020,2020-03-10,380446.0,-0.07,37.22,38.09,-0.87,7,36.0,7.87,-0.05,,1.34,0.71
COM20,2020,2,3,2020,2020-03-11,411019.0,-0.17,35.79,37.23,-1.44,8,35.0,8.04,-0.1,,1.34,0.71
COM20,2020,2,3,2020,2020-03-12,417457.0,-0.3,33.22,35.2,-1.98,9,34.0,1.57,-0.13,,1.34,0.71
COM20,2020,2,3,2020,2020-03-13,438177.0,-0.25,33.85,35.44,-1.59,10,33.0,4.96,0.05,,1.34,0.71
COM20,2020,2,3,2020,2020-03-16,444997.0,-0.23,30.05,31.69,-1.64,11,32.0,1.56,0.02,,1.34,0.71
COM20,2020,2,3,2020,2020-03-17,449948.0,-0.2,28.73,30.41,-1.68,12,31.0,1.11,0.03,,1.34,0.71
COM20,2020,2,3,2020,2020-03-18,467132.0,-0.23,24.88,26.69,-1.81,13,30.0,3.82,-0.03,,1.34,0.71
COM20,2020,2,3,2020,2020-03-19,480816.0,-0.22,28.47,30.3,-1.83,14,29.0,2.93,0.01,,1.34,0.71
COM20,2020,2,3,2020,2020-03-20,493183.0,-0.28,26.98,29.0,-2.02,15,28.0,2.57,-0.06,,1.34,0.71
COM20,2020,2,3,2020,2020-03-23,504553.0,-0.38,27.03,29.29,-2.26,16,27.0,2.31,-0.1,,1.34,0.71
COM20,2020,2,3,2020,2020-03-24,522774.0,-0.51,27.15,29.74,-2.59,17,26.0,3.61,-0.13,,1.34,0.71
COM20,2020,2,3,2020,2020-03-25,514426.0,-0.64,27.39,29.99,-2.6,18,25.0,-1.6,-0.13,,1.34,0.71
COM20,2020,2,3,2020,2020-03-26,512221.0,-0.56,26.34,28.65,-2.31,19,24.0,-0.43,0.08,,1.34,0.71
COM20,2020,2,3,2020,2020-03-27,521427.0,-0.58,24.93,27.95,-3.02,20,23.0,1.8,-0.02,,1.34,0.71
COM20,2020,2,3,2020,2020-03-30,515210.0,-0.73,22.76,26.42,-3.66,21,22.0,-1.19,-0.15,,1.34,0.71
COM20,2020,2,3,2020,2020-03-31,538032.0,-0.73,22.74,26.35,-3.61,22,21.0,4.43,0.0,,1.34,0.71
COM20,2020,1,4,2020,2020-04-01,537045.0,-0.78,24.74,28.04,-3.3,1,20.0,,,pre_roll,1.34,0.71
COM20,2020,1,4,2020,2020-04-02,537959.0,-0.6,29.94,32.1,-2.16,2,19.0,0.17,0.18,pre_roll,1.34,0.71
COM20,2020,1,4,2020,2020-04-03,505708.0,-0.46,34.11,35.48,-1.37,3,18.0,-6.0,0.14,during_roll,1.34,0.71
COM20,2020,1,4,2020,2020-04-06,485269.0,-0.62,33.05,34.89,-1.84,4,17.0,-4.04,-0.16,during_roll,1.34,0.71
COM20,2020,1,4,2020,2020-04-07,462886.0,-1.07,31.87,34.49,-2.62,5,16.0,-4.61,-0.45,during_roll,1.34,0.71
COM20,2020,1,4,2020,2020-04-08,440360.0,-1.08,32.84,35.12,-2.28,6,15.0,-4.87,-0.01,during_roll,1.34,0.71
COM20,2020,1,4,2020,2020-04-09,439662.0,-1.22,31.48,34.18,-2.7,7,14.0,-0.16,-0.14,during_roll,1.34,0.71
COM20,2020,1,4,2020,2020-04-13,424592.0,-1.38,31.74,34.91,-3.17,8,13.0,-3.43,-0.16,during_roll,1.34,0.71
COM20,2020,1,4,2020,2020-04-14,408592.0,-1.78,29.6,33.57,-3.97,9,12.0,-3.77,-0.4,during_roll,1.34,0.71
COM20,2020,1,4,2020,2020-04-15,403715.0,-1.66,27.69,31.44,-3.75,10,11.0,-1.19,0.12,during_roll,1.34,0.71
COM20,2020,1,4,2020,2020-04-16,377626.0,-1.74,27.82,31.55,-3.73,11,10.0,-6.46,-0.08,during_roll,1.34,0.71
COM20,2020,1,4,2020,2020-04-17,350890.0,-1.61,28.08,31.58,-3.5,12,9.0,-7.08,0.13,during_roll,1.34,0.71
COM20,2020,1,4,2020,2020-04-20,326749.0,-1.34,25.57,29.21,-3.64,13,8.0,-6.88,0.27,during_roll,1.34,0.71
COM20,2020,1,4,2020,2020-04-21,275799.0,-1.25,19.33,23.12,-3.79,14,7.0,-15.59,0.09,during_roll,1.34,0.71
COM20,2020,1,4,2020,2020-04-22,253347.0,-1.07,20.37,24.06,-3.69,15,6.0,-8.14,0.18,during_roll,1.34,0.71
COM20,2020,1,4,2020,2020-04-23,234787.0,-1.05,21.33,24.79,-3.46,16,5.0,-7.33,0.02,during_roll,1.34,0.71
COM20,2020,1,4,2020,2020-04-24,226925.0,-1.07,21.44,24.81,-3.37,17,4.0,-3.35,-0.02,during_roll,1.34,0.71
COM20,2020,1,4,2020,2020-04-27,142359.0,-0.53,19.99,23.07,-3.08,18,3.0,-37.27,0.54,during_roll,1.34,0.71
COM20,2020,1,4,2020,2020-04-28,125044.0,0.14,20.46,22.74,-2.28,19,2.0,-12.16,0.67,during_roll,1.34,0.71
COM20,2020,1,4,2020,2020-04-29,86009.0,0.44,22.54,24.23,-1.69,20,1.0,-31.22,0.3,during_roll,1.34,0.71
COM20,2020,1,4,2020,2020-04-30,74363.0,0.62,25.27,26.48,-1.21,21,0.0,-13.54,0.18,during_roll,1.34,0.71
COM21,2021,3,2,2021,2021-02-01,308414.0,0.02,56.35,56.1,0.25,1,63.0,,,,0.61,0.38
COM21,2021,3,2,2021,2021-02-02,305664.0,0.02,57.46,57.2,0.26,2,62.0,-0.89,0.0,,0.61,0.38
COM21,2021,3,2,2021,2021-02-03,310786.0,0.02,58.46,58.17,0.29,3,61.0,1.68,0.0,,0.61,0.38
COM21,2021,3,2,2021,2021-02-04,319787.0,0.03,58.84,58.57,0.27,4,60.0,2.9,0.01,,0.61,0.38
COM21,2021,3,2,2021,2021-02-05,315666.0,0.03,59.34,59.08,0.26,5,59.0,-1.29,0.0,,0.61,0.38
COM21,2021,3,2,2021,2021-02-08,324063.0,0.03,60.56,60.27,0.29,6,58.0,2.66,0.0,,0.61,0.38
COM21,2021,3,2,2021,2021-02-09,319296.0,0.04,61.09,60.71,0.38,7,57.0,-1.47,0.01,,0.61,0.38
COM21,2021,3,2,2021,2021-02-10,316349.0,0.04,61.47,61.07,0.4,8,56.0,-0.92,0.0,,0.61,0.38
COM21,2021,3,2,2021,2021-02-11,322434.0,0.06,61.14,60.71,0.43,9,55.0,1.92,0.02,,0.61,0.38
COM21,2021,3,2,2021,2021-02-12,319545.0,0.07,62.43,61.88,0.55,10,54.0,-0.9,0.01,,0.61,0.38
COM21,2021,3,2,2021,2021-02-15,319206.0,0.09,63.3,62.72,0.58,11,53.0,-0.11,0.02,,0.61,0.38
COM21,2021,3,2,2021,2021-02-16,332501.0,0.07,63.35,62.76,0.59,12,52.0,4.17,-0.02,,0.61,0.38
COM21,2021,3,2,2021,2021-02-17,334000.0,0.09,64.34,63.6,0.74,13,51.0,0.45,0.02,,0.61,0.38
COM21,2021,3,2,2021,2021-02-18,333328.0,0.12,63.93,63.15,0.78,14,50.0,-0.2,0.03,,0.61,0.38
COM21,2021,3,2,2021,2021-02-19,336524.0,0.1,62.91,62.14,0.77,15,49.0,0.96,-0.02,,0.61,0.38
COM21,2021,3,2,2021,2021-02-22,341905.0,0.08,65.24,64.36,0.88,16,48.0,1.6,-0.02,,0.61,0.38
COM21,2021,3,2,2021,2021-02-23,340899.0,0.1,65.37,64.48,0.89,17,47.0,-0.29,0.02,,0.61,0.38
COM21,2021,3,2,2021,2021-02-24,346762.0,0.08,67.04,66.18,0.86,18,46.0,1.72,-0.02,,0.61,0.38
COM21,2021,3,2,2021,2021-02-25,355444.0,0.07,66.88,66.11,0.77,19,45.0,2.5,-0.01,,0.61,0.38
COM21,2021,3,2,2021,2021-02-26,359402.0,0.1,66.13,64.42,1.71,20,44.0,1.11,0.03,,0.61,0.38
COM21,2021,2,3,2021,2021-03-01,369698.0,0.12,63.69,63.02,0.67,1,43.0,,,,0.61,0.38
COM21,2021,2,3,2021,2021-03-02,374336.0,0.1,62.7,62.18,0.52,2,42.0,1.25,-0.02,,0.61,0.38
COM21,2021,2,3,2021,2021-03-03,384860.0,0.1,64.07,63.57,0.5,3,41.0,2.81,0.0,,0.61,0.38
COM21,2021,2,3,2021,2021-03-04,394739.0,0.1,66.74,66.2,0.54,4,40.0,2.57,0.0,,0.61,0.38
COM21,2021,2,3,2021,2021-03-05,408678.0,0.1,69.36,68.68,0.68,5,39.0,3.53,0.0,,0.61,0.38
COM21,2021,2,3,2021,2021-03-08,422463.0,0.11,68.24,67.7,0.54,6,38.0,3.37,0.01,,0.61,0.38
COM21,2021,2,3,2021,2021-03-09,432671.0,0.09,67.52,67.05,0.47,7,37.0,2.42,-0.02,,0.61,0.38
COM21,2021,2,3,2021,2021-03-10,442422.0,0.09,67.9,67.38,0.52,8,36.0,2.25,0.0,,0.61,0.38
COM21,2021,2,3,2021,2021-03-11,470831.0,0.11,69.63,69.0,0.63,9,35.0,6.42,0.02,,0.61,0.38
COM21,2021,2,3,2021,2021-03-12,481042.0,0.09,69.22,68.68,0.54,10,34.0,2.17,-0.02,,0.61,0.38
COM21,2021,2,3,2021,2021-03-15,486291.0,0.09,68.88,68.33,0.55,11,33.0,1.09,0.0,,0.61,0.38
COM21,2021,2,3,2021,2021-03-16,502030.0,0.08,68.39,67.87,0.52,12,32.0,3.24,-0.01,,0.61,0.38
COM21,2021,2,3,2021,2021-03-17,501229.0,0.08,68.0,67.57,0.43,13,31.0,-0.16,0.0,,0.61,0.38
COM21,2021,2,3,2021,2021-03-18,495623.0,0.06,63.28,63.03,0.25,14,30.0,-1.12,-0.02,,0.61,0.38
COM21,2021,2,3,2021,2021-03-19,496012.0,0.05,64.53,64.35,0.18,15,29.0,0.08,-0.01,,0.61,0.38
COM21,2021,2,3,2021,2021-03-22,505732.0,0.04,64.62,64.52,0.1,16,28.0,1.96,-0.01,,0.61,0.38
COM21,2021,2,3,2021,2021-03-23,534111.0,0.05,60.79,60.86,-0.07,17,27.0,5.61,0.01,,0.61,0.38
COM21,2021,2,3,2021,2021-03-24,534111.0,0.07,64.41,64.25,0.16,18,26.0,0.0,0.02,,0.61,0.38
COM21,2021,2,3,2021,2021-03-25,537835.0,0.07,61.95,61.8,0.15,19,25.0,0.7,0.0,,0.61,0.38
COM21,2021,2,3,2021,2021-03-26,562564.0,0.08,64.57,64.43,0.14,20,24.0,4.6,0.01,,0.61,0.38
COM21,2021,2,3,2021,2021-03-29,567468.0,0.1,64.98,64.92,0.06,21,23.0,0.87,0.02,,0.61,0.38
COM21,2021,2,3,2021,2021-03-30,577025.0,0.1,64.14,64.17,-0.03,22,22.0,1.68,0.0,,0.61,0.38
COM21,2021,2,3,2021,2021-03-31,587238.0,0.04,63.54,62.74,0.8,23,21.0,1.77,-0.06,,0.61,0.38
COM21,2021,1,4,2021,2021-04-01,553818.0,0.06,64.86,64.46,0.4,1,20.0,,,pre_roll,0.61,0.38
COM21,2021,1,4,2021,2021-04-05,542134.0,0.07,62.15,61.83,0.32,2,19.0,-2.11,0.01,during_roll,0.61,0.38
COM21,2021,1,4,2021,2021-04-06,529718.0,0.06,62.74,62.43,0.31,3,18.0,-2.29,-0.01,during_roll,0.61,0.38
COM21,2021,1,4,2021,2021-04-07,515507.0,0.05,63.16,62.81,0.35,4,17.0,-2.68,-0.01,during_roll,0.61,0.38
COM21,2021,1,4,2021,2021-04-08,513894.0,0.11,63.2,62.71,0.49,5,16.0,-0.31,0.06,during_roll,0.61,0.38
COM21,2021,1,4,2021,2021-04-09,490452.0,0.06,62.95,62.53,0.42,6,15.0,-4.56,-0.05,during_roll,0.61,0.38
COM21,2021,1,4,2021,2021-04-12,475944.0,0.06,63.28,62.86,0.42,7,14.0,-2.96,0.0,during_roll,0.61,0.38
COM21,2021,1,4,2021,2021-04-13,476195.0,0.04,63.67,63.28,0.39,8,13.0,0.05,-0.02,during_roll,0.61,0.38
COM21,2021,1,4,2021,2021-04-14,469412.0,0.02,66.58,66.15,0.43,9,12.0,-1.42,-0.02,during_roll,0.61,0.38
COM21,2021,1,4,2021,2021-04-15,450764.0,0.03,66.94,66.45,0.49,10,11.0,-3.97,0.01,during_roll,0.61,0.38
COM21,2021,1,4,2021,2021-04-16,412500.0,-0.0,66.77,66.29,0.48,11,10.0,-8.49,-0.03,during_roll,0.61,0.38
COM21,2021,1,4,2021,2021-04-19,403544.0,0.06,67.05,66.46,0.59,12,9.0,-2.17,0.06,during_roll,0.61,0.38
COM21,2021,1,4,2021,2021-04-20,368782.0,0.1,66.57,65.92,0.65,13,8.0,-8.61,0.04,during_roll,0.61,0.38
COM21,2021,1,4,2021,2021-04-21,344807.0,0.13,65.32,64.68,0.64,14,7.0,-6.5,0.03,during_roll,0.61,0.38
COM21,2021,1,4,2021,2021-04-22,307857.0,0.14,65.4,64.75,0.65,15,6.0,-10.72,0.01,during_roll,0.61,0.38
COM21,2021,1,4,2021,2021-04-23,273305.0,0.2,66.11,65.42,0.69,16,5.0,-11.22,0.06,during_roll,0.61,0.38
COM21,2021,1,4,2021,2021-04-26,227313.0,0.2,65.65,65.03,0.62,17,4.0,-16.83,0.0,during_roll,0.61,0.38
COM21,2021,1,4,2021,2021-04-27,171598.0,0.15,66.42,65.87,0.55,18,3.0,-24.51,-0.05,during_roll,0.61,0.38
COM21,2021,1,4,2021,2021-04-28,129868.0,0.09,67.27,66.78,0.49,19,2.0,-24.32,-0.06,during_roll,0.61,0.38
COM21,2021,1,4,2021,2021-04-29,90275.0,0.04,68.56,68.05,0.51,20,1.0,-30.49,-0.05,during_roll,0.61,0.38
COM21,2021,1,4,2021,2021-04-30,84640.0,0.01,67.25,66.76,0.49,21,0.0,-6.24,-0.03,during_roll,0.61,0.38
COM22,2022,3,2,2022,2022-02-01,252483.0,0.19,89.16,87.77,1.39,1,62.0,,,,0.54,0.38
COM22,2022,3,2,2022,2022-02-02,262534.0,0.17,89.47,88.12,1.35,2,61.0,3.98,-0.02,,0.54,0.38
COM22,2022,3,2,2022,2022-02-03,269374.0,0.15,91.11,89.69,1.42,3,60.0,2.61,-0.02,,0.54,0.38
COM22,2022,3,2,2022,2022-02-04,265221.0,0.18,93.27,91.65,1.62,4,59.0,-1.54,0.03,,0.54,0.38
COM22,2022,3,2,2022,2022-02-07,271757.0,0.21,92.69,91.23,1.46,5,58.0,2.46,0.03,,0.54,0.38
COM22,2022,3,2,2022,2022-02-08,274843.0,0.18,90.78,89.38,1.4,6,57.0,1.14,-0.03,,0.54,0.38
COM22,2022,3,2,2022,2022-02-09,270390.0,0.17,91.55,90.18,1.37,7,56.0,-1.62,-0.01,,0.54,0.38
COM22,2022,3,2,2022,2022-02-10,268969.0,0.18,91.41,90.03,1.38,8,55.0,-0.53,0.01,,0.54,0.38
COM22,2022,3,2,2022,2022-02-11,283406.0,0.23,94.44,92.62,1.82,9,54.0,5.37,0.05,,0.54,0.38
COM22,2022,3,2,2022,2022-02-14,294271.0,0.3,96.48,94.41,2.07,10,53.0,3.83,0.07,,0.54,0.38
COM22,2022,3,2,2022,2022-02-15,300144.0,0.34,93.28,91.1,2.18,11,52.0,2.0,0.04,,0.54,0.38
COM22,2022,3,2,2022,2022-02-16,302229.0,0.34,94.81,92.49,2.32,12,51.0,0.69,0.0,,0.54,0.38
COM22,2022,3,2,2022,2022-02-17,306785.0,0.32,92.97,90.81,2.16,13,50.0,1.51,-0.02,,0.54,0.38
COM22,2022,3,2,2022,2022-02-18,315438.0,0.3,93.54,91.39,2.15,14,49.0,2.82,-0.02,,0.54,0.38
COM22,2022,3,2,2022,2022-02-21,322232.0,0.34,95.39,92.99,2.4,15,48.0,2.15,0.04,,0.54,0.38
COM22,2022,3,2,2022,2022-02-22,320023.0,0.38,96.84,93.85,2.99,16,47.0,-0.69,0.04,,0.54,0.38
COM22,2022,3,2,2022,2022-02-23,325443.0,0.31,96.84,94.05,2.79,17,46.0,1.69,-0.07,,0.54,0.38
COM22,2022,3,2,2022,2022-02-24,329219.0,0.39,99.08,95.42,3.66,18,45.0,1.16,0.08,,0.54,0.38
COM22,2022,3,2,2022,2022-02-25,327867.0,0.36,97.93,94.12,3.81,19,44.0,-0.41,-0.03,,0.54,0.38
COM22,2022,3,2,2022,2022-02-28,333764.0,0.45,100.99,97.97,3.02,20,43.0,1.8,0.09,,0.54,0.38
COM22,2022,2,3,2022,2022-03-01,342247.0,0.4,104.97,101.13,3.84,1,42.0,,,,0.54,0.38
COM22,2022,2,3,2022,2022-03-02,331839.0,0.69,112.93,108.29,4.64,2,41.0,-3.04,0.29,,0.54,0.38
COM22,2022,2,3,2022,2022-03-03,342251.0,0.56,110.46,106.54,3.92,3,40.0,3.14,-0.13,,0.54,0.38
COM22,2022,2,3,2022,2022-03-04,342075.0,0.51,118.11,114.34,3.77,4,39.0,-0.05,-0.05,,0.54,0.38
COM22,2022,2,3,2022,2022-03-07,348139.0,0.37,123.21,118.87,4.34,5,38.0,1.77,-0.14,,0.54,0.38
COM22,2022,2,3,2022,2022-03-08,354140.0,0.26,127.98,123.48,4.5,6,37.0,1.72,-0.11,,0.54,0.38
COM22,2022,2,3,2022,2022-03-09,361874.0,0.33,111.14,107.03,4.11,7,36.0,2.18,0.07,,0.54,0.38
COM22,2022,2,3,2022,2022-03-10,374064.0,0.4,109.33,105.43,3.9,8,35.0,3.37,0.07,,0.54,0.38
COM22,2022,2,3,2022,2022-03-11,393683.0,0.37,112.67,109.1,3.57,9,34.0,5.24,-0.03,,0.54,0.38
COM22,2022,2,3,2022,2022-03-14,390086.0,0.45,106.9,103.4,3.5,10,33.0,-0.91,0.08,,0.54,0.38
COM22,2022,2,3,2022,2022-03-15,387682.0,0.3,99.91,97.58,2.33,11,32.0,-0.62,-0.15,,0.54,0.38
COM22,2022,2,3,2022,2022-03-16,391788.0,0.3,98.02,95.64,2.38,12,31.0,1.06,0.0,,0.54,0.38
COM22,2022,2,3,2022,2022-03-17,399745.0,0.49,106.64,103.56,3.08,13,30.0,2.03,0.19,,0.54,0.38
COM22,2022,2,3,2022,2022-03-18,411906.0,0.42,107.93,105.07,2.86,14,29.0,3.04,-0.07,,0.54,0.38
COM22,2022,2,3,2022,2022-03-21,425925.0,0.54,115.62,111.92,3.7,15,28.0,3.4,0.12,,0.54,0.38
COM22,2022,2,3,2022,2022-03-22,418789.0,0.55,115.48,111.83,3.65,16,27.0,-1.68,0.01,,0.54,0.38
COM22,2022,2,3,2022,2022-03-23,415374.0,0.52,121.6,117.75,3.85,17,26.0,-0.82,-0.03,,0.54,0.38
COM22,2022,2,3,2022,2022-03-24,414947.0,0.49,119.03,115.3,3.73,18,25.0,-0.1,-0.03,,0.54,0.38
COM22,2022,2,3,2022,2022-03-25,417022.0,0.4,120.65,117.37,3.28,19,24.0,0.5,-0.09,,0.54,0.38
COM22,2022,2,3,2022,2022-03-28,414715.0,0.4,112.48,109.49,2.99,20,23.0,-0.55,0.0,,0.54,0.38
COM22,2022,2,3,2022,2022-03-29,413100.0,0.37,110.23,107.71,2.52,21,22.0,-0.39,-0.03,,0.54,0.38
COM22,2022,2,3,2022,2022-03-30,433849.0,0.23,113.45,111.44,2.01,22,21.0,5.02,-0.14,,0.54,0.38
COM22,2022,2,3,2022,2022-03-31,426512.0,0.23,107.91,104.71,3.2,23,20.0,-1.69,0.0,,0.54,0.38
COM22,2022,1,4,2022,2022-04-01,409905.0,0.19,104.39,102.82,1.57,1,19.0,,,pre_roll,0.54,0.38
COM22,2022,1,4,2022,2022-04-04,403018.0,0.09,107.53,106.0,1.53,2,18.0,-1.68,-0.1,during_roll,0.54,0.38
COM22,2022,1,4,2022,2022-04-05,392446.0,0.04,106.64,105.2,1.44,3,17.0,-2.62,-0.05,during_roll,0.54,0.38
COM22,2022,1,4,2022,2022-04-06,379570.0,-0.12,101.07,100.25,0.82,4,16.0,-3.28,-0.16,during_roll,0.54,0.38
COM22,2022,1,4,2022,2022-04-07,357599.0,-0.16,100.58,100.05,0.53,5,15.0,-5.79,-0.04,during_roll,0.54,0.38
COM22,2022,1,4,2022,2022-04-08,329147.0,-0.19,102.78,102.17,0.61,6,14.0,-7.96,-0.03,during_roll,0.54,0.38
COM22,2022,1,4,2022,2022-04-11,301860.0,-0.19,98.48,98.27,0.21,7,13.0,-8.29,0.0,during_roll,0.54,0.38
COM22,2022,1,4,2022,2022-04-12,279813.0,-0.25,104.64,104.22,0.42,8,12.0,-7.3,-0.06,during_roll,0.54,0.38
COM22,2022,1,4,2022,2022-04-13,256357.0,-0.39,108.78,108.08,0.7,9,11.0,-8.38,-0.14,during_roll,0.54,0.38
COM22,2022,1,4,2022,2022-04-14,243322.0,-0.43,111.7,110.8,0.9,10,10.0,-5.08,-0.04,during_roll,0.54,0.38
COM22,2022,1,4,2022,2022-04-18,237604.0,-0.41,113.16,111.94,1.22,11,9.0,-2.35,0.02,during_roll,0.54,0.38
COM22,2022,1,4,2022,2022-04-19,222490.0,-0.78,107.25,106.63,0.62,12,8.0,-6.36,-0.37,during_roll,0.54,0.38
COM22,2022,1,4,2022,2022-04-20,198484.0,-0.65,106.8,106.33,0.47,13,7.0,-10.79,0.13,during_roll,0.54,0.38
COM22,2022,1,4,2022,2022-04-21,178922.0,-0.82,108.33,107.96,0.37,14,6.0,-9.86,-0.17,during_roll,0.54,0.38
COM22,2022,1,4,2022,2022-04-22,169132.0,-0.78,106.65,106.15,0.5,15,5.0,-5.47,0.04,during_roll,0.54,0.38
COM22,2022,1,4,2022,2022-04-25,153561.0,-0.8,102.32,102.16,0.16,16,4.0,-9.21,-0.02,during_roll,0.54,0.38
COM22,2022,1,4,2022,2022-04-26,93033.0,-0.71,104.99,104.61,0.38,17,3.0,-39.42,0.09,during_roll,0.54,0.38
COM22,2022,1,4,2022,2022-04-27,79832.0,-0.73,105.32,104.95,0.37,18,2.0,-14.19,-0.02,during_roll,0.54,0.38
COM22,2022,1,4,2022,2022-04-28,54374.0,-1.21,107.59,107.26,0.33,19,1.0,-31.89,-0.48,during_roll,0.54,0.38
COM22,2022,1,4,2022,2022-04-29,52440.0,0.51,109.34,107.14,2.2,20,0.0,-3.56,1.72,during_roll,0.54,0.38
COM23,2023,3,2,2023,2023-02-01,324811.0,-0.02,82.84,82.58,0.26,1,61.0,,,,-1.26,-1.3
COM23,2023,3,2,2023,2023-02-02,323780.0,-0.06,82.17,82.03,0.14,2,60.0,-0.32,-0.04,,-1.26,-1.3
COM23,2023,3,2,2023,2023-02-03,327810.0,-0.03,79.94,79.71,0.23,3,59.0,1.24,0.03,,-1.26,-1.3
COM23,2023,3,2,2023,2023-02-06,335648.0,0.0,80.99,80.71,0.28,4,58.0,2.39,0.03,,-1.26,-1.3
COM23,2023,3,2,2023,2023-02-07,335769.0,-0.02,83.69,83.37,0.32,5,57.0,0.04,-0.02,,-1.26,-1.3
COM23,2023,3,2,2023,2023-02-08,340286.0,-0.01,85.09,84.7,0.39,6,56.0,1.35,0.01,,-1.26,-1.3
COM23,2023,3,2,2023,2023-02-09,351380.0,-0.01,84.5,84.06,0.44,7,55.0,3.26,0.0,,-1.26,-1.3
COM23,2023,3,2,2023,2023-02-10,363418.0,-0.01,86.39,85.99,0.4,8,54.0,3.43,0.0,,-1.26,-1.3
COM23,2023,3,2,2023,2023-02-13,366452.0,-0.02,86.61,86.23,0.38,9,53.0,0.83,-0.01,,-1.26,-1.3
COM23,2023,3,2,2023,2023-02-14,368218.0,-0.04,85.58,85.3,0.28,10,52.0,0.48,-0.02,,-1.26,-1.3
COM23,2023,3,2,2023,2023-02-15,374464.0,-0.01,85.38,85.05,0.33,11,51.0,1.7,0.03,,-1.26,-1.3
COM23,2023,3,2,2023,2023-02-16,389315.0,-0.02,85.14,84.8,0.34,12,50.0,3.97,-0.01,,-1.26,-1.3
COM23,2023,3,2,2023,2023-02-17,388243.0,-0.01,83.0,82.67,0.33,13,49.0,-0.28,0.01,,-1.26,-1.3
COM23,2023,3,2,2023,2023-02-20,385652.0,-0.02,84.07,83.78,0.29,14,48.0,-0.67,-0.01,,-1.26,-1.3
COM23,2023,3,2,2023,2023-02-21,378208.0,-0.01,83.05,82.77,0.28,15,47.0,-1.93,0.01,,-1.26,-1.3
COM23,2023,3,2,2023,2023-02-22,379620.0,-0.04,80.6,80.45,0.15,16,46.0,0.37,-0.03,,-1.26,-1.3
COM23,2023,3,2,2023,2023-02-23,382681.0,-0.02,82.21,81.95,0.26,17,45.0,0.81,0.02,,-1.26,-1.3
COM23,2023,3,2,2023,2023-02-24,398940.0,-0.01,83.16,82.82,0.34,18,44.0,4.25,0.01,,-1.26,-1.3
COM23,2023,3,2,2023,2023-02-27,407899.0,0.0,82.45,82.04,0.41,19,43.0,2.25,0.01,,-1.26,-1.3
COM23,2023,3,2,2023,2023-02-28,412961.0,0.01,83.89,83.45,0.44,20,42.0,1.24,0.01,,-1.26,-1.3
COM23,2023,2,3,2023,2023-03-01,423410.0,0.02,84.31,83.69,0.62,1,41.0,,,,-1.26,-1.3
COM23,2023,2,3,2023,2023-03-02,436721.0,0.02,84.75,84.09,0.66,2,40.0,3.14,0.0,,-1.26,-1.3
COM23,2023,2,3,2023,2023-03-03,443183.0,-0.01,85.83,85.26,0.57,3,39.0,1.48,-0.03,,-1.26,-1.3
COM23,2023,2,3,2023,2023-03-06,448239.0,-0.01,86.18,85.62,0.56,4,38.0,1.14,0.0,,-1.26,-1.3
COM23,2023,2,3,2023,2023-03-07,467459.0,-0.03,83.29,82.8,0.49,5,37.0,4.29,-0.02,,-1.26,-1.3
COM23,2023,2,3,2023,2023-03-08,482453.0,-0.03,82.66,82.19,0.47,6,36.0,3.21,0.0,,-1.26,-1.3
COM23,2023,2,3,2023,2023-03-09,495317.0,-0.02,81.59,81.09,0.5,7,35.0,2.67,0.01,,-1.26,-1.3
COM23,2023,2,3,2023,2023-03-10,514424.0,-0.02,82.78,82.16,0.62,8,34.0,3.86,0.0,,-1.26,-1.3
COM23,2023,2,3,2023,2023-03-13,504786.0,-0.01,80.77,80.23,0.54,9,33.0,-1.87,0.01,,-1.26,-1.3
COM23,2023,2,3,2023,2023-03-14,511143.0,-0.04,77.45,77.0,0.45,10,32.0,1.26,-0.03,,-1.26,-1.3
COM23,2023,2,3,2023,2023-03-15,493766.0,-0.01,73.69,73.28,0.41,11,31.0,-3.4,0.03,,-1.26,-1.3
COM23,2023,2,3,2023,2023-03-16,506214.0,-0.03,74.7,74.29,0.41,12,30.0,2.52,-0.02,,-1.26,-1.3
COM23,2023,2,3,2023,2023-03-17,522262.0,-0.09,72.97,72.77,0.2,13,29.0,3.17,-0.06,,-1.26,-1.3
COM23,2023,2,3,2023,2023-03-20,529517.0,-0.09,73.79,73.54,0.25,14,28.0,1.39,0.0,,-1.26,-1.3
COM23,2023,2,3,2023,2023-03-21,534004.0,-0.08,75.32,75.03,0.29,15,27.0,0.85,0.01,,-1.26,-1.3
COM23,2023,2,3,2023,2023-03-22,548382.0,-0.1,76.69,76.38,0.31,16,26.0,2.69,-0.02,,-1.26,-1.3
COM23,2023,2,3,2023,2023-03-23,554215.0,-0.1,75.91,75.5,0.41,17,25.0,1.06,0.0,,-1.26,-1.3
COM23,2023,2,3,2023,2023-03-24,556250.0,-0.1,74.99,74.59,0.4,18,24.0,0.37,0.0,,-1.26,-1.3
COM23,2023,2,3,2023,2023-03-27,557598.0,-0.11,78.12,77.76,0.36,19,23.0,0.24,-0.01,,-1.26,-1.3
COM23,2023,2,3,2023,2023-03-28,558707.0,-0.08,78.65,78.14,0.51,20,22.0,0.2,0.03,,-1.26,-1.3
COM23,2023,2,3,2023,2023-03-29,546853.0,-0.08,78.28,77.59,0.69,21,21.0,-2.12,0.0,,-1.26,-1.3
COM23,2023,2,3,2023,2023-03-30,543782.0,-0.11,79.27,78.6,0.67,22,20.0,-0.56,-0.03,,-1.26,-1.3
COM23,2023,2,3,2023,2023-03-31,531613.0,-0.12,79.77,79.89,-0.12,23,19.0,-2.24,-0.01,,-1.26,-1.3
COM23,2023,1,4,2023,2023-04-03,509376.0,-0.2,84.93,84.55,0.38,1,18.0,,,pre_roll,-1.26,-1.3
COM23,2023,1,4,2023,2023-04-04,496641.0,-0.19,84.94,84.55,0.39,2,17.0,-2.5,0.01,during_roll,-1.26,-1.3
COM23,2023,1,4,2023,2023-04-05,497025.0,-0.21,84.99,84.62,0.37,3,16.0,0.08,-0.02,during_roll,-1.26,-1.3
COM23,2023,1,4,2023,2023-04-06,476677.0,-0.18,85.12,84.67,0.45,4,15.0,-4.09,0.03,during_roll,-1.26,-1.3
COM23,2023,1,4,2023,2023-04-10,465689.0,-0.19,84.18,83.79,0.39,5,14.0,-2.31,-0.01,during_roll,-1.26,-1.3
COM23,2023,1,4,2023,2023-04-11,453775.0,-0.19,85.61,85.17,0.44,6,13.0,-2.56,0.0,during_roll,-1.26,-1.3
COM23,2023,1,4,2023,2023-04-12,451516.0,-0.13,87.33,86.75,0.58,7,12.0,-0.5,0.06,during_roll,-1.26,-1.3
COM23,2023,1,4,2023,2023-04-13,437610.0,-0.18,86.09,85.68,0.41,8,11.0,-3.08,-0.05,during_roll,-1.26,-1.3
COM23,2023,1,4,2023,2023-04-14,412140.0,-0.15,86.31,85.87,0.44,9,10.0,-5.82,0.03,during_roll,-1.26,-1.3
COM23,2023,1,4,2023,2023-04-17,400722.0,-0.21,84.76,84.45,0.31,10,9.0,-2.77,-0.06,during_roll,-1.26,-1.3
COM23,2023,1,4,2023,2023-04-18,367014.0,-0.17,84.77,84.45,0.32,11,8.0,-8.41,0.04,during_roll,-1.26,-1.3
COM23,2023,1,4,2023,2023-04-19,335082.0,-0.11,83.12,82.79,0.33,12,7.0,-8.7,0.06,during_roll,-1.26,-1.3
COM23,2023,1,4,2023,2023-04-20,301898.0,-0.12,81.1,80.81,0.29,13,6.0,-9.9,-0.01,during_roll,-1.26,-1.3
COM23,2023,1,4,2023,2023-04-21,279320.0,-0.16,81.66,81.46,0.2,14,5.0,-7.48,-0.04,during_roll,-1.26,-1.3
COM23,2023,1,4,2023,2023-04-24,241576.0,-0.18,82.73,82.54,0.19,15,4.0,-13.51,-0.02,during_roll,-1.26,-1.3
COM23,2023,1,4,2023,2023-04-25,191724.0,-0.2,80.77,80.6,0.17,16,3.0,-20.64,-0.02,during_roll,-1.26,-1.3
COM23,2023,1,4,2023,2023-04-26,149119.0,-0.26,77.69,77.72,-0.03,17,2.0,-22.22,-0.06,during_roll,-1.26,-1.3
COM23,2023,1,4,2023,2023-04-27,111824.0,-0.18,78.37,78.22,0.15,18,1.0,-25.01,0.08,during_roll,-1.26,-1.3
COM23,2023,1,4,2023,2023-04-28,,-1.2,79.54,80.33,-0.79,19,0.0,0.0,-1.02,during_roll,-1.26,-1.3
COM24,2024,3,2,2024,2024-02-01,232627.0,-0.02,78.7,78.41,0.29,1,62.0,,,,0.88,0.88
COM24,2024,3,2,2024,2024-02-02,225832.0,-0.01,77.33,77.07,0.26,2,61.0,-2.92,0.01,,0.88,0.88
COM24,2024,3,2,2024,2024-02-05,236602.0,-0.02,77.99,77.73,0.26,3,60.0,4.77,-0.01,,0.88,0.88
COM24,2024,3,2,2024,2024-02-06,240604.0,-0.01,78.59,78.27,0.32,4,59.0,1.69,0.01,,0.88,0.88
COM24,2024,3,2,2024,2024-02-07,240966.0,-0.02,79.21,78.89,0.32,5,58.0,0.15,-0.01,,0.88,0.88
COM24,2024,3,2,2024,2024-02-08,250594.0,0.01,81.63,81.08,0.55,6,57.0,4.0,0.03,,0.88,0.88
COM24,2024,3,2,2024,2024-02-09,252669.0,0.01,82.19,81.61,0.58,7,56.0,0.83,0.0,,0.88,0.88
COM24,2024,3,2,2024,2024-02-12,253399.0,0.01,82.0,81.51,0.49,8,55.0,0.29,0.0,,0.88,0.88
COM24,2024,3,2,2024,2024-02-13,257136.0,0.02,82.77,82.07,0.7,9,54.0,1.47,0.01,,0.88,0.88
COM24,2024,3,2,2024,2024-02-14,258991.0,0.02,81.6,80.99,0.61,10,53.0,0.72,0.0,,0.88,0.88
COM24,2024,3,2,2024,2024-02-15,265100.0,0.02,82.86,82.16,0.7,11,52.0,2.36,0.0,,0.88,0.88
COM24,2024,3,2,2024,2024-02-16,275270.0,0.03,83.47,82.74,0.73,12,51.0,3.84,0.01,,0.88,0.88
COM24,2024,3,2,2024,2024-02-19,282050.0,0.03,83.56,82.73,0.83,13,50.0,2.46,0.0,,0.88,0.88
COM24,2024,3,2,2024,2024-02-20,287371.0,0.02,82.34,81.5,0.84,14,49.0,1.89,-0.01,,0.88,0.88
COM24,2024,3,2,2024,2024-02-21,285414.0,0.03,83.03,82.11,0.92,15,48.0,-0.68,0.01,,0.88,0.88
COM24,2024,3,2,2024,2024-02-22,292802.0,0.02,83.67,82.7,0.97,16,47.0,2.59,-0.01,,0.88,0.88
COM24,2024,3,2,2024,2024-02-23,287773.0,-0.01,81.62,80.8,0.82,17,46.0,-1.72,-0.03,,0.88,0.88
COM24,2024,3,2,2024,2024-02-26,302446.0,-0.01,82.53,81.67,0.86,18,45.0,5.1,0.0,,0.88,0.88
COM24,2024,3,2,2024,2024-02-27,317254.0,-0.01,83.65,82.66,0.99,19,44.0,4.9,0.0,,0.88,0.88
COM24,2024,3,2,2024,2024-02-28,319654.0,-0.01,83.68,82.15,1.53,20,43.0,0.76,0.0,,0.88,0.88
COM24,2024,3,2,2024,2024-02-29,329138.0,0.0,83.62,81.91,1.71,21,42.0,2.97,0.01,,0.88,0.88
COM24,2024,2,3,2024,2024-03-01,344209.0,0.01,83.55,82.69,0.86,1,41.0,,,,0.88,0.88
COM24,2024,2,3,2024,2024-03-04,349649.0,0.01,82.8,82.08,0.72,2,40.0,1.58,0.0,,0.88,0.88
COM24,2024,2,3,2024,2024-03-05,346966.0,0.02,82.04,81.33,0.71,3,39.0,-0.77,0.01,,0.88,0.88
COM24,2024,2,3,2024,2024-03-06,343599.0,0.01,82.96,82.18,0.78,4,38.0,-0.97,-0.01,,0.88,0.88
COM24,2024,2,3,2024,2024-03-07,356893.0,0.0,82.96,82.28,0.68,5,37.0,3.87,-0.01,,0.88,0.88
COM24,2024,2,3,2024,2024-03-08,373736.0,-0.02,82.08,81.51,0.57,6,36.0,4.72,-0.02,,0.88,0.88
COM24,2024,2,3,2024,2024-03-11,394430.0,-0.05,82.21,81.72,0.49,7,35.0,5.54,-0.03,,0.88,0.88
COM24,2024,2,3,2024,2024-03-12,406918.0,-0.05,81.92,81.46,0.46,8,34.0,3.17,0.0,,0.88,0.88
COM24,2024,2,3,2024,2024-03-13,452269.0,-0.02,84.03,83.44,0.59,9,33.0,11.14,0.03,,0.88,0.88
COM24,2024,2,3,2024,2024-03-14,461722.0,0.01,85.42,84.74,0.68,10,32.0,2.09,0.03,,0.88,0.88
COM24,2024,2,3,2024,2024-03-15,477899.0,-0.01,85.34,84.75,0.59,11,31.0,3.5,-0.02,,0.88,0.88
COM24,2024,2,3,2024,2024-03-18,488722.0,0.03,86.89,86.19,0.7,12,30.0,2.26,0.04,,0.88,0.88
COM24,2024,2,3,2024,2024-03-19,488203.0,0.02,87.38,86.62,0.76,13,29.0,-0.11,-0.01,,0.88,0.88
COM24,2024,2,3,2024,2024-03-20,529472.0,-0.03,85.95,85.38,0.57,14,28.0,8.45,-0.05,,0.88,0.88
COM24,2024,2,3,2024,2024-03-21,549192.0,-0.03,85.78,85.24,0.54,15,27.0,3.72,0.0,,0.88,0.88
COM24,2024,2,3,2024,2024-03-22,555528.0,-0.01,85.43,84.83,0.6,16,26.0,1.15,0.02,,0.88,0.88
COM24,2024,2,3,2024,2024-03-25,583946.0,-0.02,86.75,86.08,0.67,17,25.0,5.12,-0.01,,0.88,0.88
COM24,2024,2,3,2024,2024-03-26,605142.0,0.0,86.25,85.63,0.62,18,24.0,3.63,0.02,,0.88,0.88
COM24,2024,2,3,2024,2024-03-27,610314.0,0.01,86.09,85.41,0.68,19,23.0,0.85,0.01,,0.88,0.88
COM24,2024,2,3,2024,2024-03-28,634804.0,0.05,87.48,87.0,0.48,20,22.0,4.01,0.04,,0.88,0.88
COM24,2024,1,4,2024,2024-04-01,619616.0,0.08,87.42,86.49,0.93,1,21.0,,,pre_roll,0.88,0.88
COM24,2024,1,4,2024,2024-04-02,596214.0,0.06,88.92,87.89,1.03,2,20.0,-3.78,-0.02,during_roll,0.88,0.88
COM24,2024,1,4,2024,2024-04-03,582389.0,0.04,89.35,88.42,0.93,3,19.0,-2.32,-0.02,during_roll,0.88,0.88
COM24,2024,1,4,2024,2024-04-04,577998.0,0.04,90.65,89.66,0.99,4,18.0,-0.75,0.0,during_roll,0.88,0.88
COM24,2024,1,4,2024,2024-04-05,582038.0,0.03,91.17,90.13,1.04,5,17.0,0.7,-0.01,during_roll,0.88,0.88
COM24,2024,1,4,2024,2024-04-08,559240.0,0.05,90.38,89.38,1.0,6,16.0,-3.92,0.02,during_roll,0.88,0.88
COM24,2024,1,4,2024,2024-04-09,555476.0,0.02,89.42,88.53,0.89,7,15.0,-0.67,-0.03,during_roll,0.88,0.88
COM24,2024,1,4,2024,2024-04-10,549106.0,0.03,90.48,89.49,0.99,8,14.0,-1.15,0.01,during_roll,0.88,0.88
COM24,2024,1,4,2024,2024-04-11,557234.0,0.02,89.74,88.83,0.91,9,13.0,1.48,-0.01,post_roll,0.88,0.88
COM24,2024,1,4,2024,2024-04-12,535181.0,0.04,90.45,89.53,0.92,10,12.0,-3.96,0.02,pre_roll,0.88,0.88
COM24,2024,1,4,2024,2024-04-15,513520.0,0.01,90.1,89.25,0.85,11,11.0,-4.05,-0.03,during_roll,0.88,0.88
COM24,2024,1,4,2024,2024-04-16,494328.0,-0.01,90.02,89.23,0.79,12,10.0,-3.74,-0.02,during_roll,0.88,0.88
COM24,2024,1,4,2024,2024-04-17,478114.0,-0.01,87.29,86.6,0.69,13,9.0,-3.28,0.0,during_roll,0.88,0.88
COM24,2024,1,4,2024,2024-04-18,445253.0,0.01,87.11,86.4,0.71,14,8.0,-6.87,0.02,during_roll,0.88,0.88
COM24,2024,1,4,2024,2024-04-19,405789.0,0.02,87.29,86.51,0.78,15,7.0,-8.86,0.01,during_roll,0.88,0.88
COM24,2024,1,4,2024,2024-04-22,339535.0,0.15,87.0,86.07,0.93,16,6.0,-16.33,0.13,during_roll,0.88,0.88
COM24,2024,1,4,2024,2024-04-23,279976.0,0.19,88.42,87.39,1.03,17,5.0,-17.54,0.04,during_roll,0.88,0.88
COM24,2024,1,4,2024,2024-04-24,259436.0,0.23,88.02,87.04,0.98,18,4.0,-7.34,0.04,during_roll,0.88,0.88
COM24,2024,1,4,2024,2024-04-25,190475.0,0.39,89.01,87.77,1.24,19,3.0,-26.58,0.16,during_roll,0.88,0.88
COM24,2024,1,4,2024,2024-04-26,157558.0,0.45,89.5,88.21,1.29,20,2.0,-17.28,0.06,during_roll,0.88,0.88
COM24,2024,1,4,2024,2024-04-29,91727.0,0.42,88.4,87.2,1.2,21,1.0,-41.78,-0.03,during_roll,0.88,0.88
COM24,2024,1,4,2024,2024-04-30,86242.0,0.81,87.86,86.33,1.53,22,0.0,-5.98,0.39,during_roll,0.88,0.88
COM25,2025,3,2,2025,2025-02-03,247426.0,0.09,75.96,75.14,0.82,1,61.0,,,,0.34,0.13
COM25,2025,3,2,2025,2025-02-04,255889.0,0.06,76.2,75.56,0.64,2,60.0,3.42,-0.03,,0.34,0.13
COM25,2025,3,2,2025,2025-02-05,261741.0,0.04,74.61,74.09,0.52,3,59.0,2.29,-0.02,,0.34,0.13
COM25,2025,3,2,2025,2025-02-06,254773.0,0.01,74.29,73.84,0.45,4,58.0,-2.66,-0.03,,0.34,0.13
COM25,2025,3,2,2025,2025-02-07,257213.0,0.0,74.66,74.26,0.4,5,57.0,0.96,-0.01,,0.34,0.13
COM25,2025,3,2,2025,2025-02-10,267771.0,0.0,75.87,75.43,0.44,6,56.0,4.1,0.0,,0.34,0.13
COM25,2025,3,2,2025,2025-02-11,275005.0,-0.01,77.0,76.62,0.38,7,55.0,2.7,-0.01,,0.34,0.13
COM25,2025,3,2,2025,2025-02-12,268140.0,-0.02,75.18,74.87,0.31,8,54.0,-2.5,-0.01,,0.34,0.13
COM25,2025,3,2,2025,2025-02-13,275932.0,0.0,75.02,74.66,0.36,9,53.0,2.91,0.02,,0.34,0.13
COM25,2025,3,2,2025,2025-02-14,298768.0,0.0,74.74,74.46,0.28,10,52.0,8.28,0.0,,0.34,0.13
COM25,2025,3,2,2025,2025-02-17,296180.0,-0.01,75.22,74.93,0.29,11,51.0,-0.87,-0.01,,0.34,0.13
COM25,2025,3,2,2025,2025-02-18,305928.0,-0.02,75.84,75.43,0.41,12,50.0,3.29,-0.01,,0.34,0.13
COM25,2025,3,2,2025,2025-02-19,315630.0,-0.01,76.04,75.67,0.37,13,49.0,3.17,0.01,,0.34,0.13
COM25,2025,3,2,2025,2025-02-20,320084.0,-0.02,76.48,76.05,0.43,14,48.0,1.41,-0.01,,0.34,0.13
COM25,2025,3,2,2025,2025-02-21,333373.0,-0.01,74.43,74.05,0.38,15,47.0,4.15,0.01,,0.34,0.13
COM25,2025,3,2,2025,2025-02-24,335673.0,-0.02,74.78,74.31,0.47,16,46.0,0.69,-0.01,,0.34,0.13
COM25,2025,3,2,2025,2025-02-25,351734.0,-0.01,73.02,72.5,0.52,17,45.0,4.78,0.01,,0.34,0.13
COM25,2025,3,2,2025,2025-02-26,347856.0,0.01,72.53,72.07,0.46,18,44.0,-1.1,0.02,,0.34,0.13
COM25,2025,3,2,2025,2025-02-27,350147.0,0.01,74.04,73.57,0.47,19,43.0,0.66,0.0,,0.34,0.13
COM25,2025,3,2,2025,2025-02-28,381272.0,-0.0,73.18,72.81,0.37,20,42.0,8.89,-0.01,,0.34,0.13
COM25,2025,2,3,2025,2025-03-03,396227.0,-0.0,71.62,71.16,0.46,1,41.0,,,,0.34,0.13
COM25,2025,2,3,2025,2025-03-04,400362.0,0.02,71.04,70.56,0.48,2,40.0,1.04,0.02,,0.34,0.13
COM25,2025,2,3,2025,2025-03-05,413236.0,0.0,69.3,68.9,0.4,3,39.0,3.22,-0.02,,0.34,0.13
COM25,2025,2,3,2025,2025-03-06,428903.0,0.02,69.46,68.98,0.48,4,38.0,3.79,0.02,,0.34,0.13
COM25,2025,2,3,2025,2025-03-07,432986.0,0.03,70.36,69.88,0.48,5,37.0,0.95,0.01,,0.34,0.13
COM25,2025,2,3,2025,2025-03-10,428772.0,0.04,69.28,68.79,0.49,6,36.0,-0.97,0.01,,0.34,0.13
COM25,2025,2,3,2025,2025-03-11,435359.0,0.04,69.56,69.05,0.51,7,35.0,1.54,0.0,,0.34,0.13
COM25,2025,2,3,2025,2025-03-12,444941.0,0.05,70.95,70.45,0.5,8,34.0,2.2,0.01,,0.34,0.13
COM25,2025,2,3,2025,2025-03-13,457526.0,0.04,69.88,69.4,0.48,9,33.0,2.83,-0.01,,0.34,0.13
COM25,2025,2,3,2025,2025-03-14,460751.0,0.06,70.58,70.06,0.52,10,32.0,0.7,0.02,,0.34,0.13
COM25,2025,2,3,2025,2025-03-17,467321.0,0.03,71.07,70.6,0.47,11,31.0,1.43,-0.03,,0.34,0.13
COM25,2025,2,3,2025,2025-03-18,502816.0,-0.01,70.56,70.12,0.44,12,30.0,7.6,-0.04,,0.34,0.13
COM25,2025,2,3,2025,2025-03-19,510497.0,0.01,70.78,70.32,0.46,13,29.0,1.53,0.02,,0.34,0.13
COM25,2025,2,3,2025,2025-03-20,528776.0,0.02,72.0,71.47,0.53,14,28.0,3.58,0.01,,0.34,0.13
COM25,2025,2,3,2025,2025-03-21,564165.0,0.02,72.16,71.61,0.55,15,27.0,6.69,0.0,,0.34,0.13
COM25,2025,2,3,2025,2025-03-24,589077.0,0.04,73.0,72.37,0.63,16,26.0,4.42,0.02,,0.34,0.13
COM25,2025,2,3,2025,2025-03-25,617710.0,0.04,73.02,72.39,0.63,17,25.0,4.86,0.0,,0.34,0.13
COM25,2025,2,3,2025,2025-03-26,650361.0,0.04,73.79,73.06,0.73,18,24.0,5.29,0.0,,0.34,0.13
COM25,2025,2,3,2025,2025-03-27,652269.0,0.07,74.03,73.34,0.69,19,23.0,0.29,0.03,,0.34,0.13
COM25,2025,2,3,2025,2025-03-28,669458.0,0.1,73.63,72.76,0.87,20,22.0,2.64,0.03,,0.34,0.13
COM25,2025,2,3,2025,2025-03-31,672617.0,0.08,74.74,74.77,-0.03,21,21.0,0.47,-0.02,,0.34,0.13
COM25,2025,1,4,2025,2025-04-01,645556.0,0.07,74.49,73.75,0.74,1,20.0,,,pre_roll,0.34,0.13
COM25,2025,1,4,2025,2025-04-02,641118.0,0.08,74.95,74.14,0.81,2,19.0,-0.69,0.01,pre_roll,0.34,0.13
COM25,2025,1,4,2025,2025-04-03,596532.0,0.1,70.14,69.42,0.72,3,18.0,-6.95,0.02,during_roll,0.34,0.13
COM25,2025,1,4,2025,2025-04-04,541802.0,0.15,65.58,64.95,0.63,4,17.0,-9.17,0.05,during_roll,0.34,0.13
COM25,2025,1,4,2025,2025-04-07,497797.0,0.1,64.21,63.82,0.39,5,16.0,-8.12,-0.05,during_roll,0.34,0.13
COM25,2025,1,4,2025,2025-04-08,460036.0,0.1,62.82,62.34,0.48,6,15.0,-7.59,0.0,during_roll,0.34,0.13
COM25,2025,1,4,2025,2025-04-09,436658.0,0.11,65.48,64.88,0.6,7,14.0,-5.08,0.01,during_roll,0.34,0.13
COM25,2025,1,4,2025,2025-04-10,415195.0,0.13,63.33,62.78,0.55,8,13.0,-4.92,0.02,during_roll,0.34,0.13
COM25,2025,1,4,2025,2025-04-11,397929.0,0.16,64.76,64.01,0.75,9,12.0,-4.16,0.03,during_roll,0.34,0.13
COM25,2025,1,4,2025,2025-04-14,371905.0,0.14,64.88,64.22,0.66,10,11.0,-6.54,-0.02,during_roll,0.34,0.13
COM25,2025,1,4,2025,2025-04-15,366580.0,0.22,64.67,63.88,0.79,11,10.0,-1.43,0.08,during_roll,0.34,0.13
COM25,2025,1,4,2025,2025-04-16,354692.0,0.25,65.85,64.96,0.89,12,9.0,-3.24,0.03,during_roll,0.34,0.13
COM25,2025,1,4,2025,2025-04-17,335700.0,0.29,67.96,67.0,0.96,13,8.0,-5.35,0.04,during_roll,0.34,0.13
COM25,2025,1,4,2025,2025-04-21,322281.0,0.29,66.26,65.3,0.96,14,7.0,-4.0,0.0,during_roll,0.34,0.13
COM25,2025,1,4,2025,2025-04-22,301369.0,0.27,67.44,66.48,0.96,15,6.0,-6.49,-0.02,during_roll,0.34,0.13
COM25,2025,1,4,2025,2025-04-23,278867.0,0.33,66.12,65.18,0.94,16,5.0,-7.47,0.06,during_roll,0.34,0.13
COM25,2025,1,4,2025,2025-04-24,246624.0,0.35,66.55,65.65,0.9,17,4.0,-11.56,0.02,during_roll,0.34,0.13
COM25,2025,1,4,2025,2025-04-25,182710.0,0.51,66.87,65.8,1.07,18,3.0,-25.92,0.16,during_roll,0.34,0.13
COM25,2025,1,4,2025,2025-04-28,143966.0,0.59,65.86,64.79,1.07,19,2.0,-21.21,0.08,during_roll,0.34,0.13
COM25,2025,1,4,2025,2025-04-29,96925.0,0.6,64.25,63.28,0.97,20,1.0,-32.68,0.01,during_roll,0.34,0.13
COM25,2025,1,4,2025,2025-04-30,,1.67,63.12,61.06,2.06,21,0.0,0.0,1.07,during_roll,0.34,0.13
COM26,2026,3,2,2026,2026-02-02,347774.0,0.06,66.3,65.57,0.73,1,62.0,,,,0.66,0.25
COM26,2026,3,2,2026,2026-02-03,351408.0,0.05,67.33,66.68,0.65,2,61.0,1.04,-0.01,,0.66,0.25
COM26,2026,3,2,2026,2026-02-04,360235.0,0.07,69.46,68.75,0.71,3,60.0,2.51,0.02,,0.66,0.25
COM26,2026,3,2,2026,2026-02-05,357765.0,0.05,67.55,66.98,0.57,4,59.0,-0.69,-0.02,,0.66,0.25
COM26,2026,3,2,2026,2026-02-06,358654.0,0.06,68.05,67.47,0.58,5,58.0,0.25,0.01,,0.66,0.25
COM26,2026,3,2,2026,2026-02-09,351722.0,0.06,69.04,68.42,0.62,6,57.0,-1.93,0.0,,0.66,0.25
COM26,2026,3,2,2026,2026-02-10,347310.0,0.07,68.8,68.11,0.69,7,56.0,-1.25,0.01,,0.66,0.25
COM26,2026,3,2,2026,2026-02-11,371303.0,0.05,69.4,68.75,0.65,8,55.0,6.91,-0.02,,0.66,0.25
COM26,2026,3,2,2026,2026-02-12,379580.0,0.05,67.52,66.91,0.61,9,54.0,2.23,0.0,,0.66,0.25
COM26,2026,3,2,2026,2026-02-13,391118.0,0.02,67.75,67.09,0.66,10,53.0,3.04,-0.03,,0.66,0.25
COM26,2026,3,2,2026,2026-02-16,394360.0,0.04,68.65,67.97,0.68,11,52.0,0.83,0.02,,0.66,0.25
COM26,2026,3,2,2026,2026-02-17,397888.0,0.02,67.42,66.87,0.55,12,51.0,0.89,-0.02,,0.66,0.25
COM26,2026,3,2,2026,2026-02-18,408123.0,0.02,70.35,69.77,0.58,13,50.0,2.57,0.0,,0.66,0.25
COM26,2026,3,2,2026,2026-02-19,414032.0,0.01,71.66,71.27,0.39,14,49.0,1.45,-0.01,,0.66,0.25
COM26,2026,3,2,2026,2026-02-20,425163.0,0.03,71.76,71.3,0.46,15,48.0,2.69,0.02,,0.66,0.25
COM26,2026,3,2,2026,2026-02-23,433742.0,0.02,71.49,71.11,0.38,16,47.0,2.02,-0.01,,0.66,0.25
COM26,2026,3,2,2026,2026-02-24,441310.0,-0.02,70.77,70.58,0.19,17,46.0,1.74,-0.04,,0.66,0.25
COM26,2026,3,2,2026,2026-02-25,460420.0,-0.02,70.85,70.69,0.16,18,45.0,4.33,0.0,,0.66,0.25
COM26,2026,3,2,2026,2026-02-26,469124.0,-0.04,70.75,70.84,-0.09,19,44.0,1.89,-0.02,,0.66,0.25
COM26,2026,3,2,2026,2026-02-27,503643.0,-0.05,72.48,72.87,-0.39,20,43.0,7.36,-0.01,,0.66,0.25
COM26,2026,2,3,2026,2026-03-02,489581.0,0.12,77.74,76.16,1.58,1,42.0,,,,0.66,0.25
COM26,2026,2,3,2026,2026-03-03,508454.0,0.49,81.4,78.38,3.02,2,41.0,3.85,0.37,,0.66,0.25
COM26,2026,2,3,2026,2026-03-04,540032.0,0.54,81.4,78.01,3.39,3,40.0,6.21,0.05,,0.66,0.25
COM26,2026,2,3,2026,2026-03-05,545865.0,1.16,85.41,81.04,4.37,4,39.0,1.08,0.62,,0.66,0.25
COM26,2026,2,3,2026,2026-03-06,539400.0,1.3,92.69,87.2,5.49,5,38.0,-1.18,0.14,,0.66,0.25
COM26,2026,2,3,2026,2026-03-09,558171.0,1.05,98.96,93.72,5.24,6,37.0,3.48,-0.25,,0.66,0.25
COM26,2026,2,3,2026,2026-03-10,554271.0,0.36,87.8,85.27,2.53,7,36.0,-0.7,-0.69,,0.66,0.25
COM26,2026,2,3,2026,2026-03-11,571644.0,0.25,91.98,89.35,2.63,8,35.0,3.13,-0.11,,0.66,0.25
COM26,2026,2,3,2026,2026-03-12,572309.0,0.42,100.46,96.63,3.83,9,34.0,0.12,0.17,,0.66,0.25
COM26,2026,2,3,2026,2026-03-13,578313.0,0.6,103.14,98.91,4.23,10,33.0,1.05,0.18,,0.66,0.25
COM26,2026,2,3,2026,2026-03-16,576419.0,0.74,100.21,96.04,4.17,11,32.0,-0.33,0.14,,0.66,0.25
COM26,2026,2,3,2026,2026-03-17,589139.0,0.56,103.42,99.39,4.03,12,31.0,2.21,-0.18,,0.66,0.25
COM26,2026,2,3,2026,2026-03-18,613159.0,0.61,107.38,102.92,4.46,13,30.0,4.08,0.05,,0.66,0.25
COM26,2026,2,3,2026,2026-03-19,608418.0,0.91,108.65,103.78,4.87,14,29.0,-0.77,0.3,,0.66,0.25
COM26,2026,2,3,2026,2026-03-20,638802.0,1.12,112.19,106.41,5.78,15,28.0,4.99,0.21,,0.66,0.25
COM26,2026,2,3,2026,2026-03-23,634790.0,0.52,99.94,95.92,4.02,16,27.0,-0.63,-0.6,,0.66,0.25
COM26,2026,2,3,2026,2026-03-24,649711.0,0.59,104.49,100.23,4.26,17,26.0,2.35,0.07,,0.66,0.25
COM26,2026,2,3,2026,2026-03-25,663278.0,0.79,102.22,97.26,4.96,18,25.0,2.09,0.2,,0.66,0.25
COM26,2026,2,3,2026,2026-03-26,648269.0,1.22,108.01,101.89,6.12,19,24.0,-2.26,0.43,,0.66,0.25
COM26,2026,2,3,2026,2026-03-27,668877.0,1.68,112.57,105.32,7.25,20,23.0,3.18,0.46,,0.66,0.25
COM26,2026,2,3,2026,2026-03-30,686863.0,1.58,112.78,107.39,5.39,21,22.0,2.69,-0.1,,0.66,0.25
COM26,2026,2,3,2026,2026-03-31,658911.0,1.8,118.35,103.97,14.38,22,21.0,-4.07,0.22,,0.66,0.25
COM26,2026,1,4,2026,2026-04-01,645581.0,1.98,101.16,93.5,7.66,1,20.0,,,pre_roll,0.66,0.25
COM26,2026,1,4,2026,2026-04-02,629347.0,1.58,109.03,99.44,9.59,2,19.0,-2.51,-0.4,during_roll,0.66,0.25
COM26,2026,1,4,2026,2026-04-06,622369.0,1.77,109.77,100.12,9.65,3,18.0,-1.11,0.19,during_roll,0.66,0.25
COM26,2026,1,4,2026,2026-04-07,602490.0,1.92,109.27,100.06,9.21,4,17.0,-3.19,0.15,during_roll,0.66,0.25
COM26,2026,1,4,2026,2026-04-08,551835.0,0.75,94.75,90.26,4.49,5,16.0,-8.41,-1.17,during_roll,0.66,0.25
COM26,2026,1,4,2026,2026-04-09,528356.0,1.53,95.92,90.47,5.45,6,15.0,-4.25,0.78,during_roll,0.66,0.25
COM26,2026,1,4,2026,2026-04-10,514427.0,1.46,95.2,90.28,4.92,7,14.0,-2.64,-0.07,during_roll,0.66,0.25
COM26,2026,1,4,2026,2026-04-13,505499.0,2.2,99.36,93.47,5.89,8,13.0,-1.74,0.74,during_roll,0.66,0.25
COM26,2026,1,4,2026,2026-04-14,491811.0,1.27,94.79,90.42,4.37,9,12.0,-2.71,-0.93,during_roll,0.66,0.25
COM26,2026,1,4,2026,2026-04-15,484530.0,1.33,94.93,90.81,4.12,10,11.0,-1.48,0.06,during_roll,0.66,0.25
COM26,2026,1,4,2026,2026-04-16,471927.0,2.08,99.39,93.57,5.82,11,10.0,-2.6,0.75,during_roll,0.66,0.25
COM26,2026,1,4,2026,2026-04-17,426098.0,1.22,90.38,86.51,3.87,12,9.0,-9.71,-0.86,during_roll,0.66,0.25
COM26,2026,1,4,2026,2026-04-20,401326.0,1.82,95.48,90.43,5.05,13,8.0,-5.81,0.6,during_roll,0.66,0.25
COM26,2026,1,4,2026,2026-04-21,374946.0,1.46,98.48,93.24,5.24,14,7.0,-6.57,-0.36,during_roll,0.66,0.25
COM26,2026,1,4,2026,2026-04-22,354425.0,1.38,101.91,96.18,5.73,15,6.0,-5.47,-0.08,during_roll,0.66,0.25
COM26,2026,1,4,2026,2026-04-23,325916.0,0.94,105.07,99.35,5.72,16,5.0,-8.04,-0.44,during_roll,0.66,0.25
COM26,2026,1,4,2026,2026-04-24,310162.0,1.35,105.33,99.13,6.2,17,4.0,-4.83,0.41,during_roll,0.66,0.25
COM26,2026,1,4,2026,2026-04-27,214102.0,1.61,108.23,101.69,6.54,18,3.0,-30.97,0.26,during_roll,0.66,0.25
COM26,2026,1,4,2026,2026-04-28,189829.0,1.29,111.26,104.4,6.86,19,2.0,-11.34,-0.32,during_roll,0.66,0.25
COM26,2026,1,4,2026,2026-04-29,142390.0,0.63,118.03,110.44,7.59,20,1.0,-24.99,-0.66,during_roll,0.66,0.25
COM26,2026,1,4,2026,2026-04-30,133445.0,-3.4,114.01,110.4,3.61,21,0.0,-6.28,-4.03,during_roll,0.66,0.25
CON16,2016,3,3,2016,2016-03-01,159390.0,0.01,36.81,37.47,-0.66,1,65.0,,,,0.27,0.04
CON16,2016,3,3,2016,2016-03-02,159973.0,-0.01,36.93,37.55,-0.62,2,64.0,0.37,-0.02,,0.27,0.04
CON16,2016,3,3,2016,2016-03-03,168589.0,-0.02,37.07,37.7,-0.63,3,63.0,5.39,-0.01,,0.27,0.04
CON16,2016,3,3,2016,2016-03-04,172038.0,-0.03,38.72,39.36,-0.64,4,62.0,2.05,-0.01,,0.27,0.04
CON16,2016,3,3,2016,2016-03-07,182396.0,-0.05,40.84,41.48,-0.64,5,61.0,6.02,-0.02,,0.27,0.04
CON16,2016,3,3,2016,2016-03-08,192107.0,-0.03,39.65,40.24,-0.59,6,60.0,5.32,0.02,,0.27,0.04
CON16,2016,3,3,2016,2016-03-09,197734.0,-0.03,41.07,41.65,-0.58,7,59.0,2.93,0.0,,0.27,0.04
CON16,2016,3,3,2016,2016-03-10,211496.0,-0.02,40.05,40.68,-0.63,8,58.0,6.96,0.01,,0.27,0.04
CON16,2016,3,3,2016,2016-03-11,234362.0,-0.04,40.39,41.09,-0.7,9,57.0,10.81,-0.02,,0.27,0.04
CON16,2016,3,3,2016,2016-03-14,247819.0,0.0,39.53,40.16,-0.63,10,56.0,5.74,0.04,,0.27,0.04
CON16,2016,3,3,2016,2016-03-15,254914.0,0.04,38.74,39.39,-0.65,11,55.0,2.86,0.04,,0.27,0.04
CON16,2016,3,3,2016,2016-03-16,260507.0,0.07,40.33,40.98,-0.65,12,54.0,2.19,0.03,,0.27,0.04
CON16,2016,3,3,2016,2016-03-17,264576.0,0.06,41.54,42.18,-0.64,13,53.0,1.56,-0.01,,0.27,0.04
CON16,2016,3,3,2016,2016-03-18,267243.0,0.05,41.2,41.86,-0.66,14,52.0,1.01,-0.01,,0.27,0.04
CON16,2016,3,3,2016,2016-03-21,271546.0,0.06,41.54,42.23,-0.69,15,51.0,1.61,0.01,,0.27,0.04
CON16,2016,3,3,2016,2016-03-22,282877.0,0.07,41.79,42.51,-0.72,16,50.0,4.17,0.01,,0.27,0.04
CON16,2016,3,3,2016,2016-03-23,288040.0,0.07,40.47,41.09,-0.62,17,49.0,1.83,0.0,,0.27,0.04
CON16,2016,3,3,2016,2016-03-24,294886.0,0.07,40.44,41.03,-0.59,18,48.0,2.38,0.0,,0.27,0.04
CON16,2016,3,3,2016,2016-03-25,295519.0,0.08,40.27,40.87,-0.6,19,47.0,0.21,0.01,,0.27,0.04
CON16,2016,3,3,2016,2016-03-28,297418.0,0.08,40.27,40.87,-0.6,20,46.0,0.64,0.0,,0.27,0.04
CON16,2016,3,3,2016,2016-03-29,304201.0,0.07,39.14,39.85,-0.71,21,45.0,2.28,-0.01,,0.27,0.04
CON16,2016,3,3,2016,2016-03-30,323565.0,0.06,39.26,40.05,-0.79,22,44.0,6.37,-0.01,,0.27,0.04
CON16,2016,3,3,2016,2016-03-31,331120.0,0.07,39.6,40.33,-0.73,23,43.0,2.33,0.01,,0.27,0.04
CON16,2016,2,4,2016,2016-04-01,334339.0,0.05,38.67,39.09,-0.42,1,42.0,,,,0.27,0.04
CON16,2016,2,4,2016,2016-04-04,326939.0,0.04,37.69,37.98,-0.29,2,41.0,-2.21,-0.01,,0.27,0.04
CON16,2016,2,4,2016,2016-04-05,317740.0,0.06,37.87,38.03,-0.16,3,40.0,-2.81,0.02,,0.27,0.04
CON16,2016,2,4,2016,2016-04-06,327423.0,0.04,39.84,40.0,-0.16,4,39.0,3.05,-0.02,,0.27,0.04
CON16,2016,2,4,2016,2016-04-07,355958.0,0.02,39.43,39.49,-0.06,5,38.0,8.72,-0.02,,0.27,0.04
CON16,2016,2,4,2016,2016-04-08,380056.0,-0.01,41.94,42.02,-0.08,6,37.0,6.77,-0.03,,0.27,0.04
CON16,2016,2,4,2016,2016-04-11,402845.0,-0.03,42.83,42.95,-0.12,7,36.0,6.0,-0.02,,0.27,0.04
CON16,2016,2,4,2016,2016-04-12,418944.0,-0.07,44.69,44.73,-0.04,8,35.0,4.0,-0.04,,0.27,0.04
CON16,2016,2,4,2016,2016-04-13,425123.0,-0.1,44.18,44.21,-0.03,9,34.0,1.47,-0.03,,0.27,0.04
CON16,2016,2,4,2016,2016-04-14,437724.0,-0.09,43.84,43.8,0.04,10,33.0,2.96,0.01,,0.27,0.04
CON16,2016,2,4,2016,2016-04-15,440236.0,-0.08,43.1,43.06,0.04,11,32.0,0.57,0.01,,0.27,0.04
CON16,2016,2,4,2016,2016-04-18,435138.0,-0.08,42.91,42.77,0.14,12,31.0,-1.16,0.0,,0.27,0.04
CON16,2016,2,4,2016,2016-04-19,464925.0,-0.04,44.03,43.85,0.18,13,30.0,6.85,0.04,,0.27,0.04
CON16,2016,2,4,2016,2016-04-20,488351.0,-0.02,45.8,45.63,0.17,14,29.0,5.04,0.02,,0.27,0.04
CON16,2016,2,4,2016,2016-04-21,510725.0,0.03,44.53,44.39,0.14,15,28.0,4.58,0.05,,0.27,0.04
CON16,2016,2,4,2016,2016-04-22,557376.0,0.01,45.11,45.07,0.04,16,27.0,9.13,-0.02,,0.27,0.04
CON16,2016,2,4,2016,2016-04-25,568810.0,0.01,44.48,44.32,0.16,17,26.0,2.05,0.0,,0.27,0.04
CON16,2016,2,4,2016,2016-04-26,586940.0,0.02,45.74,45.58,0.16,18,25.0,3.19,0.01,,0.27,0.04
CON16,2016,2,4,2016,2016-04-27,587935.0,0.02,47.18,46.93,0.25,19,24.0,0.17,0.0,,0.27,0.04
CON16,2016,2,4,2016,2016-04-28,588422.0,-0.01,48.14,47.77,0.37,20,23.0,0.08,-0.03,,0.27,0.04
CON16,2016,2,4,2016,2016-04-29,587191.0,-0.02,48.13,47.37,0.76,21,22.0,-0.21,-0.01,,0.27,0.04
CON16,2016,1,5,2016,2016-05-02,568786.0,-0.0,45.83,46.24,-0.41,1,21.0,,,pre_roll,0.27,0.04
CON16,2016,1,5,2016,2016-05-03,551115.0,0.02,44.97,45.37,-0.4,2,20.0,-3.11,0.02,during_roll,0.27,0.04
CON16,2016,1,5,2016,2016-05-04,526356.0,0.01,44.62,45.06,-0.44,3,19.0,-4.49,-0.01,during_roll,0.27,0.04
CON16,2016,1,5,2016,2016-05-05,513866.0,-0.0,45.01,45.45,-0.44,4,18.0,-2.37,-0.01,during_roll,0.27,0.04
CON16,2016,1,5,2016,2016-05-06,478804.0,0.0,45.37,45.86,-0.49,5,17.0,-6.82,0.0,during_roll,0.27,0.04
CON16,2016,1,5,2016,2016-05-09,433409.0,-0.03,43.63,44.19,-0.56,6,16.0,-9.48,-0.03,during_roll,0.27,0.04
CON16,2016,1,5,2016,2016-05-10,387297.0,0.01,45.52,46.01,-0.49,7,15.0,-10.64,0.04,during_roll,0.27,0.04
CON16,2016,1,5,2016,2016-05-11,370882.0,0.0,47.6,48.03,-0.43,8,14.0,-4.24,-0.01,during_roll,0.27,0.04
CON16,2016,1,5,2016,2016-05-12,364875.0,0.03,48.08,48.42,-0.34,9,13.0,-1.62,0.03,during_roll,0.27,0.04
CON16,2016,1,5,2016,2016-05-13,361468.0,0.03,47.83,48.14,-0.31,10,12.0,-0.93,0.0,during_roll,0.27,0.04
CON16,2016,1,5,2016,2016-05-16,331109.0,-0.1,48.97,49.43,-0.46,11,11.0,-8.4,-0.13,during_roll,0.27,0.04
CON16,2016,1,5,2016,2016-05-17,309407.0,-0.07,49.28,49.74,-0.46,12,10.0,-6.55,0.03,during_roll,0.27,0.04
CON16,2016,1,5,2016,2016-05-18,282715.0,-0.08,48.93,49.45,-0.52,13,9.0,-8.63,-0.01,during_roll,0.27,0.04
CON16,2016,1,5,2016,2016-05-19,267426.0,-0.1,48.81,49.34,-0.53,14,8.0,-5.41,-0.02,during_roll,0.27,0.04
CON16,2016,1,5,2016,2016-05-20,241438.0,-0.14,48.72,49.27,-0.55,15,7.0,-9.72,-0.04,during_roll,0.27,0.04
CON16,2016,1,5,2016,2016-05-23,199014.0,-0.13,48.35,48.93,-0.58,16,6.0,-17.57,0.01,during_roll,0.27,0.04
CON16,2016,1,5,2016,2016-05-24,173326.0,-0.12,48.61,49.18,-0.57,17,5.0,-12.91,0.01,during_roll,0.27,0.04
CON16,2016,1,5,2016,2016-05-25,139052.0,-0.11,49.74,50.23,-0.49,18,4.0,-19.77,0.01,during_roll,0.27,0.04
CON16,2016,1,5,2016,2016-05-26,98041.0,-0.22,49.59,50.17,-0.58,19,3.0,-29.49,-0.11,during_roll,0.27,0.04
CON16,2016,1,5,2016,2016-05-27,62425.0,-0.24,49.32,49.95,-0.63,20,2.0,-36.33,-0.02,during_roll,0.27,0.04
CON16,2016,1,5,2016,2016-05-30,47987.0,-0.22,49.76,50.36,-0.6,21,1.0,-23.13,0.02,during_roll,0.27,0.04
CON16,2016,1,5,2016,2016-05-31,,0.2,49.69,49.89,-0.2,22,0.0,0.0,0.42,during_roll,0.27,0.04
CON17,2017,3,3,2017,2017-03-01,180645.0,-0.09,56.36,56.66,-0.3,1,65.0,,,,-0.59,-0.4
CON17,2017,3,3,2017,2017-03-02,179047.0,-0.08,55.08,55.37,-0.29,2,64.0,-0.88,0.01,,-0.59,-0.4
CON17,2017,3,3,2017,2017-03-03,190120.0,-0.08,55.9,56.16,-0.26,3,63.0,6.18,0.0,,-0.59,-0.4
CON17,2017,3,3,2017,2017-03-06,190142.0,-0.08,56.01,56.26,-0.25,4,62.0,0.01,0.0,,-0.59,-0.4
CON17,2017,3,3,2017,2017-03-07,206954.0,-0.07,55.92,56.13,-0.21,5,61.0,8.84,0.01,,-0.59,-0.4
CON17,2017,3,3,2017,2017-03-08,218795.0,-0.06,53.11,53.37,-0.26,6,60.0,5.72,0.01,,-0.59,-0.4
CON17,2017,3,3,2017,2017-03-09,230048.0,-0.06,52.19,52.46,-0.27,7,59.0,5.14,0.0,,-0.59,-0.4
CON17,2017,3,3,2017,2017-03-10,239602.0,-0.05,51.37,51.63,-0.26,8,58.0,4.15,0.01,,-0.59,-0.4
CON17,2017,3,3,2017,2017-03-13,252146.0,-0.05,51.35,51.59,-0.24,9,57.0,5.24,0.0,,-0.59,-0.4
CON17,2017,3,3,2017,2017-03-14,264045.0,-0.03,50.92,51.11,-0.19,10,56.0,4.72,0.02,,-0.59,-0.4
CON17,2017,3,3,2017,2017-03-15,271230.0,-0.03,51.81,51.97,-0.16,11,55.0,2.72,0.0,,-0.59,-0.4
CON17,2017,3,3,2017,2017-03-16,271687.0,-0.05,51.74,51.9,-0.16,12,54.0,0.17,-0.02,,-0.59,-0.4
CON17,2017,3,3,2017,2017-03-17,278641.0,-0.05,51.76,51.95,-0.19,13,53.0,2.56,0.0,,-0.59,-0.4
CON17,2017,3,3,2017,2017-03-20,285288.0,-0.06,51.62,51.79,-0.17,14,52.0,2.39,-0.01,,-0.59,-0.4
CON17,2017,3,3,2017,2017-03-21,290320.0,-0.06,50.96,51.19,-0.23,15,51.0,1.76,0.0,,-0.59,-0.4
CON17,2017,3,3,2017,2017-03-22,285375.0,-0.04,50.64,50.87,-0.23,16,50.0,-1.7,0.02,,-0.59,-0.4
CON17,2017,3,3,2017,2017-03-23,300405.0,-0.05,50.56,50.66,-0.1,17,49.0,5.27,-0.01,,-0.59,-0.4
CON17,2017,3,3,2017,2017-03-24,306188.0,-0.06,50.8,50.92,-0.12,18,48.0,1.93,-0.01,,-0.59,-0.4
CON17,2017,3,3,2017,2017-03-27,308016.0,-0.07,50.75,50.9,-0.15,19,47.0,0.6,-0.01,,-0.59,-0.4
CON17,2017,3,3,2017,2017-03-28,315951.0,-0.06,51.33,51.42,-0.09,20,46.0,2.58,0.01,,-0.59,-0.4
CON17,2017,3,3,2017,2017-03-29,325966.0,-0.06,52.42,52.54,-0.12,21,45.0,3.17,0.0,,-0.59,-0.4
CON17,2017,3,3,2017,2017-03-30,334311.0,-0.07,52.96,53.13,-0.17,22,44.0,2.56,-0.01,,-0.59,-0.4
CON17,2017,3,3,2017,2017-03-31,322906.0,-0.08,52.83,53.53,-0.7,23,43.0,-3.41,-0.01,,-0.59,-0.4
CON17,2017,2,4,2017,2017-04-03,323471.0,-0.09,53.12,53.41,-0.29,1,42.0,,,,-0.59,-0.4
CON17,2017,2,4,2017,2017-04-04,325603.0,-0.1,54.17,54.44,-0.27,2,41.0,0.66,-0.01,,-0.59,-0.4
CON17,2017,2,4,2017,2017-04-05,325538.0,-0.09,54.36,54.63,-0.27,3,40.0,-0.02,0.01,,-0.59,-0.4
CON17,2017,2,4,2017,2017-04-06,329036.0,-0.08,54.89,55.17,-0.28,4,39.0,1.07,0.01,,-0.59,-0.4
CON17,2017,2,4,2017,2017-04-07,342925.0,-0.09,55.24,55.53,-0.29,5,38.0,4.22,-0.01,,-0.59,-0.4
CON17,2017,2,4,2017,2017-04-10,364870.0,-0.09,55.98,56.32,-0.34,6,37.0,6.4,0.0,,-0.59,-0.4
CON17,2017,2,4,2017,2017-04-11,383800.0,-0.11,56.23,56.6,-0.37,7,36.0,5.19,-0.02,,-0.59,-0.4
CON17,2017,2,4,2017,2017-04-12,406170.0,-0.12,55.86,56.3,-0.44,8,35.0,5.83,-0.01,,-0.59,-0.4
CON17,2017,2,4,2017,2017-04-13,452417.0,-0.13,55.89,56.37,-0.48,9,34.0,11.39,-0.01,,-0.59,-0.4
CON17,2017,2,4,2017,2017-04-14,454144.0,-0.14,55.36,55.88,-0.52,10,33.0,0.38,-0.01,,-0.59,-0.4
CON17,2017,2,4,2017,2017-04-17,459325.0,-0.14,55.36,55.88,-0.52,11,32.0,1.14,0.0,,-0.59,-0.4
CON17,2017,2,4,2017,2017-04-18,487753.0,-0.14,54.89,55.44,-0.55,12,31.0,6.19,0.0,,-0.59,-0.4
CON17,2017,2,4,2017,2017-04-19,487431.0,-0.1,52.93,53.43,-0.5,13,30.0,-0.07,0.04,,-0.59,-0.4
CON17,2017,2,4,2017,2017-04-20,504302.0,-0.09,52.99,53.46,-0.47,14,29.0,3.46,0.01,,-0.59,-0.4
CON17,2017,2,4,2017,2017-04-21,523871.0,-0.09,51.96,52.44,-0.48,15,28.0,3.88,0.0,,-0.59,-0.4
CON17,2017,2,4,2017,2017-04-24,534597.0,-0.09,51.6,52.13,-0.53,16,27.0,2.05,0.0,,-0.59,-0.4
CON17,2017,2,4,2017,2017-04-25,561941.0,-0.08,52.1,52.57,-0.47,17,26.0,5.11,0.01,,-0.59,-0.4
CON17,2017,2,4,2017,2017-04-26,549634.0,-0.1,51.82,52.41,-0.59,18,25.0,-2.19,-0.02,,-0.59,-0.4
CON17,2017,2,4,2017,2017-04-27,567257.0,-0.09,51.44,51.82,-0.38,19,24.0,3.21,0.01,,-0.59,-0.4
CON17,2017,2,4,2017,2017-04-28,572426.0,-0.09,51.73,52.05,-0.32,20,23.0,0.91,0.0,,-0.59,-0.4
CON17,2017,1,5,2017,2017-05-01,569644.0,-0.11,51.52,51.86,-0.34,1,22.0,,,pre_roll,-0.59,-0.4
CON17,2017,1,5,2017,2017-05-02,582193.0,-0.09,50.46,50.76,-0.3,2,21.0,2.2,0.02,pre_roll,-0.59,-0.4
CON17,2017,1,5,2017,2017-05-03,565150.0,-0.09,50.79,51.07,-0.28,3,20.0,-2.93,0.0,pre_roll,-0.59,-0.4
CON17,2017,1,5,2017,2017-05-04,564595.0,-0.09,48.38,48.72,-0.34,4,19.0,-0.1,0.0,pre_roll,-0.59,-0.4
CON17,2017,1,5,2017,2017-05-05,566370.0,-0.12,49.1,49.48,-0.38,5,18.0,0.31,-0.03,pre_roll,-0.59,-0.4
CON17,2017,1,5,2017,2017-05-08,539551.0,-0.14,49.34,49.75,-0.41,6,17.0,-4.74,-0.02,during_roll,-0.59,-0.4
CON17,2017,1,5,2017,2017-05-09,505820.0,-0.11,48.73,49.11,-0.38,7,16.0,-6.25,0.03,during_roll,-0.59,-0.4
CON17,2017,1,5,2017,2017-05-10,494318.0,-0.1,50.22,50.54,-0.32,8,15.0,-2.27,0.01,during_roll,-0.59,-0.4
CON17,2017,1,5,2017,2017-05-11,476452.0,-0.1,50.77,51.05,-0.28,9,14.0,-3.61,0.0,during_roll,-0.59,-0.4
CON17,2017,1,5,2017,2017-05-12,452016.0,-0.06,50.84,51.05,-0.21,10,13.0,-5.13,0.04,during_roll,-0.59,-0.4
CON17,2017,1,5,2017,2017-05-15,433264.0,-0.06,51.82,52.01,-0.19,11,12.0,-4.15,0.0,during_roll,-0.59,-0.4
CON17,2017,1,5,2017,2017-05-16,391465.0,-0.08,51.65,51.91,-0.26,12,11.0,-9.65,-0.02,during_roll,-0.59,-0.4
CON17,2017,1,5,2017,2017-05-17,366238.0,-0.06,52.21,52.44,-0.23,13,10.0,-6.44,0.02,during_roll,-0.59,-0.4
CON17,2017,1,5,2017,2017-05-18,326551.0,-0.01,52.51,52.67,-0.16,14,9.0,-10.84,0.05,during_roll,-0.59,-0.4
CON17,2017,1,5,2017,2017-05-19,280657.0,-0.01,53.61,53.76,-0.15,15,8.0,-14.05,0.0,during_roll,-0.59,-0.4
CON17,2017,1,5,2017,2017-05-22,249024.0,-0.05,53.87,54.11,-0.24,16,7.0,-11.27,-0.04,during_roll,-0.59,-0.4
CON17,2017,1,5,2017,2017-05-23,210755.0,-0.06,54.15,54.41,-0.26,17,6.0,-15.37,-0.01,during_roll,-0.59,-0.4
CON17,2017,1,5,2017,2017-05-24,184978.0,-0.07,53.96,54.24,-0.28,18,5.0,-12.23,-0.01,during_roll,-0.59,-0.4
CON17,2017,1,5,2017,2017-05-25,149709.0,-0.08,51.46,51.77,-0.31,19,4.0,-19.07,-0.01,during_roll,-0.59,-0.4
CON17,2017,1,5,2017,2017-05-26,113290.0,-0.12,52.15,52.51,-0.36,20,3.0,-24.33,-0.04,during_roll,-0.59,-0.4
CON17,2017,1,5,2017,2017-05-29,102790.0,-0.1,52.29,52.64,-0.35,21,2.0,-9.27,0.02,during_roll,-0.59,-0.4
CON17,2017,1,5,2017,2017-05-30,43685.0,-0.13,51.84,52.24,-0.4,22,1.0,-57.5,-0.03,during_roll,-0.59,-0.4
CON17,2017,1,5,2017,2017-05-31,25761.0,-0.12,50.31,50.76,-0.45,23,0.0,-41.03,0.01,during_roll,-0.59,-0.4
CON18,2018,3,3,2018,2018-03-01,148678.0,0.0,63.83,63.59,0.24,1,64.0,,,,0.78,0.91
CON18,2018,3,3,2018,2018-03-02,148664.0,-0.01,64.37,64.11,0.26,2,63.0,-0.01,-0.01,,0.78,0.91
CON18,2018,3,3,2018,2018-03-05,147168.0,-0.01,65.54,65.3,0.24,3,62.0,-1.01,0.0,,0.78,0.91
CON18,2018,3,3,2018,2018-03-06,145338.0,-0.01,65.79,65.55,0.24,4,61.0,-1.24,0.0,,0.78,0.91
CON18,2018,3,3,2018,2018-03-07,159739.0,-0.03,64.34,64.15,0.19,5,60.0,9.91,-0.02,,0.78,0.91
CON18,2018,3,3,2018,2018-03-08,176621.0,-0.02,63.61,63.44,0.17,6,59.0,10.57,0.01,,0.78,0.91
CON18,2018,3,3,2018,2018-03-09,188245.0,0.0,65.49,65.27,0.22,7,58.0,6.58,0.02,,0.78,0.91
CON18,2018,3,3,2018,2018-03-12,200929.0,-0.03,64.95,64.79,0.16,8,57.0,6.74,-0.03,,0.78,0.91
CON18,2018,3,3,2018,2018-03-13,209210.0,-0.01,64.64,64.52,0.12,9,56.0,4.12,0.02,,0.78,0.91
CON18,2018,3,3,2018,2018-03-14,210011.0,-0.01,64.89,64.76,0.13,10,55.0,0.38,0.0,,0.78,0.91
CON18,2018,3,3,2018,2018-03-15,216383.0,-0.01,65.12,64.95,0.17,11,54.0,3.03,0.0,,0.78,0.91
CON18,2018,3,3,2018,2018-03-16,232691.0,-0.01,66.21,66.05,0.16,12,53.0,7.54,0.0,,0.78,0.91
CON18,2018,3,3,2018,2018-03-19,237847.0,0.0,66.05,65.82,0.23,13,52.0,2.22,0.01,,0.78,0.91
CON18,2018,3,3,2018,2018-03-20,246816.0,-0.01,67.42,67.13,0.29,14,51.0,3.77,-0.01,,0.78,0.91
CON18,2018,3,3,2018,2018-03-21,249191.0,-0.0,69.47,69.07,0.4,15,50.0,0.96,0.01,,0.78,0.91
CON18,2018,3,3,2018,2018-03-22,249675.0,0.02,68.91,68.38,0.53,16,49.0,0.19,0.02,,0.78,0.91
CON18,2018,3,3,2018,2018-03-23,260419.0,0.01,70.45,69.81,0.64,17,48.0,4.3,-0.01,,0.78,0.91
CON18,2018,3,3,2018,2018-03-26,265454.0,0.01,70.12,69.52,0.6,18,47.0,1.93,0.0,,0.78,0.91
CON18,2018,3,3,2018,2018-03-27,279684.0,0.03,70.11,69.46,0.65,19,46.0,5.36,0.02,,0.78,0.91
CON18,2018,3,3,2018,2018-03-28,278856.0,0.03,69.53,68.76,0.77,20,45.0,-0.3,0.0,,0.78,0.91
CON18,2018,3,3,2018,2018-03-29,280585.0,0.04,70.27,69.34,0.93,21,44.0,0.62,0.01,,0.78,0.91
CON18,2018,2,4,2018,2018-04-02,281846.0,0.01,67.64,67.18,0.46,1,43.0,,,,0.78,0.91
CON18,2018,2,4,2018,2018-04-03,291962.0,0.02,68.12,67.67,0.45,2,42.0,3.59,0.01,,0.78,0.91
CON18,2018,2,4,2018,2018-04-04,310037.0,0.04,68.02,67.55,0.47,3,41.0,6.19,0.02,,0.78,0.91
CON18,2018,2,4,2018,2018-04-05,327305.0,0.03,68.33,67.9,0.43,4,40.0,5.57,-0.01,,0.78,0.91
CON18,2018,2,4,2018,2018-04-06,344855.0,0.02,67.11,66.68,0.43,5,39.0,5.36,-0.01,,0.78,0.91
CON18,2018,2,4,2018,2018-04-09,362043.0,0.01,68.65,68.18,0.47,6,38.0,4.98,-0.01,,0.78,0.91
CON18,2018,2,4,2018,2018-04-10,389002.0,0.02,71.04,70.42,0.62,7,37.0,7.45,0.01,,0.78,0.91
CON18,2018,2,4,2018,2018-04-11,411472.0,0.02,72.06,71.46,0.6,8,36.0,5.78,0.0,,0.78,0.91
CON18,2018,2,4,2018,2018-04-12,439042.0,0.0,72.02,71.4,0.62,9,35.0,6.7,-0.02,,0.78,0.91
CON18,2018,2,4,2018,2018-04-13,444147.0,-0.01,72.58,71.93,0.65,10,34.0,1.16,-0.01,,0.78,0.91
CON18,2018,2,4,2018,2018-04-16,452208.0,0.01,71.42,70.81,0.61,11,33.0,1.81,0.02,,0.78,0.91
CON18,2018,2,4,2018,2018-04-17,465286.0,0.03,71.58,70.97,0.61,12,32.0,2.89,0.02,,0.78,0.91
CON18,2018,2,4,2018,2018-04-18,480558.0,-0.01,73.48,72.84,0.64,13,31.0,3.28,-0.04,,0.78,0.91
CON18,2018,2,4,2018,2018-04-19,510229.0,0.04,73.78,73.11,0.67,14,30.0,6.17,0.05,,0.78,0.91
CON18,2018,2,4,2018,2018-04-20,546350.0,0.02,74.06,73.35,0.71,15,29.0,7.08,-0.02,,0.78,0.91
CON18,2018,2,4,2018,2018-04-23,583671.0,0.01,74.71,74.01,0.7,16,28.0,6.83,-0.01,,0.78,0.91
CON18,2018,2,4,2018,2018-04-24,595534.0,0.02,73.86,73.07,0.79,17,27.0,2.03,0.01,,0.78,0.91
CON18,2018,2,4,2018,2018-04-25,600823.0,0.01,74.0,73.23,0.77,18,26.0,0.89,-0.01,,0.78,0.91
CON18,2018,2,4,2018,2018-04-26,610254.0,-0.01,74.74,73.88,0.86,19,25.0,1.57,-0.02,,0.78,0.91
CON18,2018,2,4,2018,2018-04-27,626621.0,-0.01,74.64,73.79,0.85,20,24.0,2.68,0.0,,0.78,0.91
CON18,2018,2,4,2018,2018-04-30,648042.0,-0.05,75.17,74.69,0.48,21,23.0,3.42,-0.04,,0.78,0.91
CON18,2018,1,5,2018,2018-05-01,616068.0,-0.06,73.13,72.7,0.43,1,22.0,,,pre_roll,0.78,0.91
CON18,2018,1,5,2018,2018-05-02,601840.0,-0.12,73.36,72.94,0.42,2,21.0,-2.31,-0.06,during_roll,0.78,0.91
CON18,2018,1,5,2018,2018-05-03,590654.0,-0.17,73.62,73.22,0.4,3,20.0,-1.86,-0.05,during_roll,0.78,0.91
CON18,2018,1,5,2018,2018-05-04,577053.0,-0.18,74.87,74.52,0.35,4,19.0,-2.3,-0.01,during_roll,0.78,0.91
CON18,2018,1,5,2018,2018-05-07,558160.0,-0.16,76.17,75.83,0.34,5,18.0,-3.27,0.02,during_roll,0.78,0.91
CON18,2018,1,5,2018,2018-05-08,513197.0,-0.23,74.85,74.57,0.28,6,17.0,-8.06,-0.07,during_roll,0.78,0.91
CON18,2018,1,5,2018,2018-05-09,494274.0,-0.21,77.21,76.93,0.28,7,16.0,-3.69,0.02,during_roll,0.78,0.91
CON18,2018,1,5,2018,2018-05-10,465255.0,-0.2,77.47,77.24,0.23,8,15.0,-5.87,0.01,during_roll,0.78,0.91
CON18,2018,1,5,2018,2018-05-11,452840.0,-0.22,77.12,76.94,0.18,9,14.0,-2.67,-0.02,during_roll,0.78,0.91
CON18,2018,1,5,2018,2018-05-14,447969.0,-0.23,78.23,77.99,0.24,10,13.0,-1.08,-0.01,during_roll,0.78,0.91
CON18,2018,1,5,2018,2018-05-15,437267.0,-0.23,78.43,78.27,0.16,11,12.0,-2.39,0.0,during_roll,0.78,0.91
CON18,2018,1,5,2018,2018-05-16,429485.0,-0.27,79.28,79.17,0.11,12,11.0,-1.78,-0.04,during_roll,0.78,0.91
CON18,2018,1,5,2018,2018-05-17,398220.0,-0.32,79.3,79.25,0.05,13,10.0,-7.28,-0.05,during_roll,0.78,0.91
CON18,2018,1,5,2018,2018-05-18,369354.0,-0.32,78.51,78.49,0.02,14,9.0,-7.25,0.0,during_roll,0.78,0.91
CON18,2018,1,5,2018,2018-05-21,350457.0,-0.43,79.22,79.26,-0.04,15,8.0,-5.12,-0.11,during_roll,0.78,0.91
CON18,2018,1,5,2018,2018-05-22,295788.0,-0.41,79.57,79.59,-0.02,16,7.0,-15.6,0.02,during_roll,0.78,0.91
CON18,2018,1,5,2018,2018-05-23,256734.0,-0.43,79.8,79.84,-0.04,17,6.0,-13.2,-0.02,during_roll,0.78,0.91
CON18,2018,1,5,2018,2018-05-24,224691.0,-0.39,78.79,78.83,-0.04,18,5.0,-12.48,0.04,during_roll,0.78,0.91
CON18,2018,1,5,2018,2018-05-25,170718.0,-0.36,76.44,76.47,-0.03,19,4.0,-24.02,0.03,during_roll,0.78,0.91
CON18,2018,1,5,2018,2018-05-28,159585.0,-0.34,75.3,75.32,-0.02,20,3.0,-6.52,0.02,during_roll,0.78,0.91
CON18,2018,1,5,2018,2018-05-29,137458.0,-0.36,75.39,75.49,-0.1,21,2.0,-13.87,-0.02,during_roll,0.78,0.91
CON18,2018,1,5,2018,2018-05-30,78500.0,-0.54,77.5,77.72,-0.22,22,1.0,-42.89,-0.18,during_roll,0.78,0.91
CON18,2018,1,5,2018,2018-05-31,78500.0,-0.28,77.59,77.56,0.03,23,0.0,0.0,0.26,during_roll,0.78,0.91
CON19,2019,3,3,2019,2019-03-01,179639.0,-0.03,65.07,65.11,-0.04,1,65.0,,,,-0.26,-0.06
CON19,2019,3,3,2019,2019-03-04,180578.0,-0.03,65.67,65.74,-0.07,2,64.0,0.52,0.0,,-0.26,-0.06
CON19,2019,3,3,2019,2019-03-05,182578.0,-0.01,65.86,65.92,-0.06,3,63.0,1.11,0.02,,-0.26,-0.06
CON19,2019,3,3,2019,2019-03-06,186755.0,-0.01,65.99,65.97,0.02,4,62.0,2.29,0.0,,-0.26,-0.06
CON19,2019,3,3,2019,2019-03-07,193130.0,-0.01,66.3,66.26,0.04,5,61.0,3.41,0.0,,-0.26,-0.06
CON19,2019,3,3,2019,2019-03-08,198692.0,-0.01,65.74,65.66,0.08,6,60.0,2.88,0.0,,-0.26,-0.06
CON19,2019,3,3,2019,2019-03-11,198812.0,0.0,66.58,66.48,0.1,7,59.0,0.06,0.01,,-0.26,-0.06
CON19,2019,3,3,2019,2019-03-12,209903.0,0.0,66.67,66.58,0.09,8,58.0,5.58,0.0,,-0.26,-0.06
CON19,2019,3,3,2019,2019-03-13,218103.0,-0.0,67.55,67.46,0.09,9,57.0,3.91,-0.0,,-0.26,-0.06
CON19,2019,3,3,2019,2019-03-14,223147.0,0.01,67.23,67.13,0.1,10,56.0,2.31,0.01,,-0.26,-0.06
CON19,2019,3,3,2019,2019-03-15,220418.0,0.03,67.16,67.04,0.12,11,55.0,-1.22,0.02,,-0.26,-0.06
CON19,2019,3,3,2019,2019-03-18,223287.0,0.01,67.54,67.36,0.18,12,54.0,1.3,-0.02,,-0.26,-0.06
CON19,2019,3,3,2019,2019-03-19,222891.0,0.02,67.61,67.42,0.19,13,53.0,-0.18,0.01,,-0.26,-0.06
CON19,2019,3,3,2019,2019-03-20,221226.0,0.03,68.5,68.27,0.23,14,52.0,-0.75,0.01,,-0.26,-0.06
CON19,2019,3,3,2019,2019-03-21,228497.0,0.04,67.86,67.67,0.19,15,51.0,3.29,0.01,,-0.26,-0.06
CON19,2019,3,3,2019,2019-03-22,233601.0,0.04,67.03,66.75,0.28,16,50.0,2.23,0.0,,-0.26,-0.06
CON19,2019,3,3,2019,2019-03-25,235421.0,0.05,67.21,66.81,0.4,17,49.0,0.78,0.01,,-0.26,-0.06
CON19,2019,3,3,2019,2019-03-26,241931.0,0.04,67.97,67.43,0.54,18,48.0,2.77,-0.01,,-0.26,-0.06
CON19,2019,3,3,2019,2019-03-27,247672.0,0.04,67.83,67.24,0.59,19,47.0,2.37,0.0,,-0.26,-0.06
CON19,2019,3,3,2019,2019-03-28,257636.0,0.04,67.82,67.1,0.72,20,46.0,4.02,0.0,,-0.26,-0.06
CON19,2019,3,3,2019,2019-03-29,261665.0,0.05,68.39,67.58,0.81,21,45.0,1.56,0.01,,-0.26,-0.06
CON19,2019,2,4,2019,2019-04-01,273429.0,0.05,69.01,68.59,0.42,1,44.0,,,,-0.26,-0.06
CON19,2019,2,4,2019,2019-04-02,265732.0,0.03,69.37,68.93,0.44,2,43.0,-2.81,-0.02,,-0.26,-0.06
CON19,2019,2,4,2019,2019-04-03,275876.0,0.01,69.31,68.91,0.4,3,42.0,3.82,-0.02,,-0.26,-0.06
CON19,2019,2,4,2019,2019-04-04,283592.0,0.01,69.4,69.02,0.38,4,41.0,2.8,0.0,,-0.26,-0.06
CON19,2019,2,4,2019,2019-04-05,290342.0,0.0,70.34,69.93,0.41,5,40.0,2.38,-0.01,,-0.26,-0.06
CON19,2019,2,4,2019,2019-04-08,299971.0,0.02,71.1,70.61,0.49,6,39.0,3.32,0.02,,-0.26,-0.06
CON19,2019,2,4,2019,2019-04-09,324231.0,0.01,70.61,70.16,0.45,7,38.0,8.09,-0.01,,-0.26,-0.06
CON19,2019,2,4,2019,2019-04-10,337021.0,0.0,71.73,71.3,0.43,8,37.0,3.94,-0.01,,-0.26,-0.06
CON19,2019,2,4,2019,2019-04-11,344928.0,0.03,70.83,70.4,0.43,9,36.0,2.35,0.03,,-0.26,-0.06
CON19,2019,2,4,2019,2019-04-12,356221.0,0.04,71.55,71.06,0.49,10,35.0,3.27,0.01,,-0.26,-0.06
CON19,2019,2,4,2019,2019-04-15,363658.0,0.05,71.18,70.74,0.44,11,34.0,2.09,0.01,,-0.26,-0.06
CON19,2019,2,4,2019,2019-04-16,364399.0,0.08,71.72,71.21,0.51,12,33.0,0.2,0.03,,-0.26,-0.06
CON19,2019,2,4,2019,2019-04-17,379334.0,0.07,71.62,71.09,0.53,13,32.0,4.1,-0.01,,-0.26,-0.06
CON19,2019,2,4,2019,2019-04-18,425384.0,0.06,71.97,71.43,0.54,14,31.0,12.14,-0.01,,-0.26,-0.06
CON19,2019,2,4,2019,2019-04-19,427808.0,0.05,74.04,73.39,0.65,15,30.0,0.57,-0.01,,-0.26,-0.06
CON19,2019,2,4,2019,2019-04-22,435080.0,0.05,74.04,73.39,0.65,16,29.0,1.7,0.0,,-0.26,-0.06
CON19,2019,2,4,2019,2019-04-23,468485.0,0.03,74.51,73.89,0.62,17,28.0,7.68,-0.02,,-0.26,-0.06
CON19,2019,2,4,2019,2019-04-24,479715.0,0.06,74.57,73.84,0.73,18,27.0,2.4,0.03,,-0.26,-0.06
CON19,2019,2,4,2019,2019-04-25,500615.0,0.08,74.35,73.63,0.72,19,26.0,4.36,0.02,,-0.26,-0.06
CON19,2019,2,4,2019,2019-04-26,495355.0,0.08,72.15,71.63,0.52,20,25.0,-1.05,0.0,,-0.26,-0.06
CON19,2019,2,4,2019,2019-04-29,509351.0,0.09,72.04,71.54,0.5,21,24.0,2.83,0.01,,-0.26,-0.06
CON19,2019,2,4,2019,2019-04-30,511954.0,0.07,72.8,72.06,0.74,22,23.0,0.51,-0.02,,-0.26,-0.06
CON19,2019,1,5,2019,2019-05-01,503678.0,0.13,72.18,71.5,0.68,1,22.0,,,pre_roll,-0.26,-0.06
CON19,2019,1,5,2019,2019-05-02,493689.0,0.14,70.75,70.02,0.73,2,21.0,-1.98,0.01,during_roll,-0.26,-0.06
CON19,2019,1,5,2019,2019-05-03,490758.0,0.16,70.85,70.03,0.82,3,20.0,-0.59,0.02,during_roll,-0.26,-0.06
CON19,2019,1,5,2019,2019-05-06,488274.0,0.18,71.24,70.37,0.87,4,19.0,-0.51,0.02,during_roll,-0.26,-0.06
CON19,2019,1,5,2019,2019-05-07,476257.0,0.16,69.88,69.07,0.81,5,18.0,-2.46,-0.02,during_roll,-0.26,-0.06
CON19,2019,1,5,2019,2019-05-08,461966.0,0.15,70.37,69.62,0.75,6,17.0,-3.0,-0.01,during_roll,-0.26,-0.06
CON19,2019,1,5,2019,2019-05-09,446996.0,0.22,70.39,69.48,0.91,7,16.0,-3.24,0.07,during_roll,-0.26,-0.06
CON19,2019,1,5,2019,2019-05-10,416392.0,0.22,70.62,69.64,0.98,8,15.0,-6.85,0.0,during_roll,-0.26,-0.06
CON19,2019,1,5,2019,2019-05-13,392878.0,0.19,70.23,69.31,0.92,9,14.0,-5.65,-0.03,during_roll,-0.26,-0.06
CON19,2019,1,5,2019,2019-05-14,378560.0,0.18,71.24,70.31,0.93,10,13.0,-3.64,-0.01,during_roll,-0.26,-0.06
CON19,2019,1,5,2019,2019-05-15,371692.0,0.13,71.77,70.9,0.87,11,12.0,-1.81,-0.05,during_roll,-0.26,-0.06
CON19,2019,1,5,2019,2019-05-16,351784.0,0.11,72.62,71.7,0.92,12,11.0,-5.36,-0.02,during_roll,-0.26,-0.06
CON19,2019,1,5,2019,2019-05-17,330123.0,0.13,72.21,71.26,0.95,13,10.0,-6.16,0.02,during_roll,-0.26,-0.06
CON19,2019,1,5,2019,2019-05-20,310759.0,0.03,71.97,71.16,0.81,14,9.0,-5.87,-0.1,during_roll,-0.26,-0.06
CON19,2019,1,5,2019,2019-05-21,288765.0,0.07,72.18,71.31,0.87,15,8.0,-7.08,0.04,during_roll,-0.26,-0.06
CON19,2019,1,5,2019,2019-05-22,267157.0,0.14,70.99,69.99,1.0,16,7.0,-7.48,0.07,during_roll,-0.26,-0.06
CON19,2019,1,5,2019,2019-05-23,241296.0,0.32,67.76,66.5,1.26,17,6.0,-9.68,0.18,during_roll,-0.26,-0.06
CON19,2019,1,5,2019,2019-05-24,199176.0,0.27,68.69,67.47,1.22,18,5.0,-17.46,-0.05,during_roll,-0.26,-0.06
CON19,2019,1,5,2019,2019-05-27,192343.0,0.37,70.11,68.77,1.34,19,4.0,-3.43,0.1,during_roll,-0.26,-0.06
CON19,2019,1,5,2019,2019-05-28,144605.0,0.5,70.11,68.67,1.44,20,3.0,-24.82,0.13,during_roll,-0.26,-0.06
CON19,2019,1,5,2019,2019-05-29,112444.0,0.69,69.45,67.87,1.58,21,2.0,-22.24,0.19,during_roll,-0.26,-0.06
CON19,2019,1,5,2019,2019-05-30,57133.0,0.74,66.87,65.33,1.54,22,1.0,-49.19,0.05,during_roll,-0.26,-0.06
CON19,2019,1,5,2019,2019-05-31,57133.0,1.67,64.49,61.99,2.5,23,0.0,0.0,0.93,during_roll,-0.26,-0.06
CON20,2020,3,3,2020,2020-03-02,206982.0,0.03,51.9,51.75,0.15,1,63.0,,,,0.77,0.38
CON20,2020,3,3,2020,2020-03-03,214348.0,0.07,51.86,51.77,0.09,2,62.0,3.56,0.04,,0.77,0.38
CON20,2020,3,3,2020,2020-03-04,216110.0,0.04,51.13,51.25,-0.12,3,61.0,0.82,-0.03,,0.77,0.38
CON20,2020,3,3,2020,2020-03-05,220686.0,0.03,49.99,50.17,-0.18,4,60.0,2.12,-0.01,,0.77,0.38
CON20,2020,3,3,2020,2020-03-06,241827.0,0.02,45.27,45.52,-0.25,5,59.0,9.58,-0.01,,0.77,0.38
CON20,2020,3,3,2020,2020-03-09,241827.0,-0.04,34.36,35.1,-0.74,6,58.0,0.0,-0.06,,0.77,0.38
CON20,2020,3,3,2020,2020-03-10,255477.0,-0.05,37.22,38.09,-0.87,7,57.0,5.64,-0.01,,0.77,0.38
CON20,2020,3,3,2020,2020-03-11,267269.0,-0.11,35.79,37.23,-1.44,8,56.0,4.62,-0.06,,0.77,0.38
CON20,2020,3,3,2020,2020-03-12,280497.0,-0.22,33.22,35.2,-1.98,9,55.0,4.95,-0.11,,0.77,0.38
CON20,2020,3,3,2020,2020-03-13,287402.0,-0.22,33.85,35.44,-1.59,10,54.0,2.46,0.0,,0.77,0.38
CON20,2020,3,3,2020,2020-03-16,287923.0,-0.22,30.05,31.69,-1.64,11,53.0,0.18,0.0,,0.77,0.38
CON20,2020,3,3,2020,2020-03-17,290575.0,-0.2,28.73,30.41,-1.68,12,52.0,0.92,0.02,,0.77,0.38
CON20,2020,3,3,2020,2020-03-18,295772.0,-0.2,24.88,26.69,-1.81,13,51.0,1.79,0.0,,0.77,0.38
CON20,2020,3,3,2020,2020-03-19,297591.0,-0.19,28.47,30.3,-1.83,14,50.0,0.62,0.01,,0.77,0.38
CON20,2020,3,3,2020,2020-03-20,297873.0,-0.25,26.98,29.0,-2.02,15,49.0,0.09,-0.06,,0.77,0.38
CON20,2020,3,3,2020,2020-03-23,304570.0,-0.32,27.03,29.29,-2.26,16,48.0,2.25,-0.07,,0.77,0.38
CON20,2020,3,3,2020,2020-03-24,297525.0,-0.45,27.15,29.74,-2.59,17,47.0,-2.31,-0.13,,0.77,0.38
CON20,2020,3,3,2020,2020-03-25,296417.0,-0.58,27.39,29.99,-2.6,18,46.0,-0.37,-0.13,,0.77,0.38
CON20,2020,3,3,2020,2020-03-26,296116.0,-0.66,26.34,28.65,-2.31,19,45.0,-0.1,-0.08,,0.77,0.38
CON20,2020,3,3,2020,2020-03-27,293919.0,-0.76,24.93,27.95,-3.02,20,44.0,-0.74,-0.1,,0.77,0.38
CON20,2020,3,3,2020,2020-03-30,296301.0,-0.66,22.76,26.42,-3.66,21,43.0,0.81,0.1,,0.77,0.38
CON20,2020,3,3,2020,2020-03-31,317499.0,-0.69,22.74,26.35,-3.61,22,42.0,7.15,-0.03,,0.77,0.38
CON20,2020,2,4,2020,2020-04-01,311928.0,-0.64,24.74,28.04,-3.3,1,41.0,,,,0.77,0.38
CON20,2020,2,4,2020,2020-04-02,320206.0,-0.31,29.94,32.1,-2.16,2,40.0,2.65,0.33,,0.77,0.38
CON20,2020,2,4,2020,2020-04-03,319515.0,-0.28,34.11,35.48,-1.37,3,39.0,-0.22,0.03,,0.77,0.38
CON20,2020,2,4,2020,2020-04-06,329097.0,-0.38,33.05,34.89,-1.84,4,38.0,3.0,-0.1,,0.77,0.38
CON20,2020,2,4,2020,2020-04-07,333729.0,-0.54,31.87,34.49,-2.62,5,37.0,1.41,-0.16,,0.77,0.38
CON20,2020,2,4,2020,2020-04-08,348845.0,-0.41,32.84,35.12,-2.28,6,36.0,4.53,0.13,,0.77,0.38
CON20,2020,2,4,2020,2020-04-09,361224.0,-0.48,31.48,34.18,-2.7,7,35.0,3.55,-0.07,,0.77,0.38
CON20,2020,2,4,2020,2020-04-13,369765.0,-0.6,31.74,34.91,-3.17,8,34.0,2.36,-0.12,,0.77,0.38
CON20,2020,2,4,2020,2020-04-14,393062.0,-0.66,29.6,33.57,-3.97,9,33.0,6.3,-0.06,,0.77,0.38
CON20,2020,2,4,2020,2020-04-15,404982.0,-0.62,27.69,31.44,-3.75,10,32.0,3.03,0.04,,0.77,0.38
CON20,2020,2,4,2020,2020-04-16,413768.0,-0.58,27.82,31.55,-3.73,11,31.0,2.17,0.04,,0.77,0.38
CON20,2020,2,4,2020,2020-04-17,437288.0,-0.49,28.08,31.58,-3.5,12,30.0,5.68,0.09,,0.77,0.38
CON20,2020,2,4,2020,2020-04-20,454859.0,-0.48,25.57,29.21,-3.64,13,29.0,4.02,0.01,,0.77,0.38
CON20,2020,2,4,2020,2020-04-21,459912.0,-0.54,19.33,23.12,-3.79,14,28.0,1.11,-0.06,,0.77,0.38
CON20,2020,2,4,2020,2020-04-22,458721.0,-0.55,20.37,24.06,-3.69,15,27.0,-0.26,-0.01,,0.77,0.38
CON20,2020,2,4,2020,2020-04-23,468297.0,-0.6,21.33,24.79,-3.46,16,26.0,2.09,-0.05,,0.77,0.38
CON20,2020,2,4,2020,2020-04-24,468333.0,-0.53,21.44,24.81,-3.37,17,25.0,0.01,0.07,,0.77,0.38
CON20,2020,2,4,2020,2020-04-27,448703.0,-0.58,19.99,23.07,-3.08,18,24.0,-4.19,-0.05,,0.77,0.38
CON20,2020,2,4,2020,2020-04-28,453255.0,-0.53,20.46,22.74,-2.28,19,23.0,1.01,0.05,,0.77,0.38
CON20,2020,2,4,2020,2020-04-29,467300.0,-0.46,22.54,24.23,-1.69,20,22.0,3.1,0.07,,0.77,0.38
CON20,2020,2,4,2020,2020-04-30,453783.0,-0.36,25.27,26.48,-1.21,21,21.0,-2.89,0.1,,0.77,0.38
CON20,2020,1,5,2020,2020-05-01,438210.0,-0.34,26.44,28.07,-1.63,1,20.0,,,pre_roll,0.77,0.38
CON20,2020,1,5,2020,2020-05-04,431809.0,-0.29,27.2,28.68,-1.48,2,19.0,-1.46,0.05,pre_roll,0.77,0.38
CON20,2020,1,5,2020,2020-05-05,426270.0,0.0,30.97,31.91,-0.94,3,18.0,-1.28,0.29,pre_roll,0.77,0.38
CON20,2020,1,5,2020,2020-05-06,416652.0,0.01,29.72,30.6,-0.88,4,17.0,-2.26,0.01,during_roll,0.77,0.38
CON20,2020,1,5,2020,2020-05-07,383622.0,-0.11,29.46,30.4,-0.94,5,16.0,-7.93,-0.12,during_roll,0.77,0.38
CON20,2020,1,5,2020,2020-05-08,369578.0,-0.13,30.97,32.08,-1.11,6,15.0,-3.66,-0.02,during_roll,0.77,0.38
CON20,2020,1,5,2020,2020-05-11,355738.0,-0.1,29.63,30.65,-1.02,7,14.0,-3.74,0.03,during_roll,0.77,0.38
CON20,2020,1,5,2020,2020-05-12,342441.0,-0.04,29.98,30.81,-0.83,8,13.0,-3.74,0.06,during_roll,0.77,0.38
CON20,2020,1,5,2020,2020-05-13,328633.0,0.0,29.19,29.96,-0.77,9,12.0,-4.03,0.04,during_roll,0.77,0.38
CON20,2020,1,5,2020,2020-05-14,318342.0,0.07,31.13,31.64,-0.51,10,11.0,-3.13,0.07,during_roll,0.77,0.38
CON20,2020,1,5,2020,2020-05-15,300217.0,0.18,32.5,32.8,-0.3,11,10.0,-5.69,0.11,during_roll,0.77,0.38
CON20,2020,1,5,2020,2020-05-18,289969.0,0.2,34.81,35.05,-0.24,12,9.0,-3.41,0.02,during_roll,0.77,0.38
CON20,2020,1,5,2020,2020-05-19,275727.0,0.19,34.65,34.94,-0.29,13,8.0,-4.91,-0.01,during_roll,0.77,0.38
CON20,2020,1,5,2020,2020-05-20,254918.0,0.18,35.75,36.02,-0.27,14,7.0,-7.55,-0.01,during_roll,0.77,0.38
CON20,2020,1,5,2020,2020-05-21,224086.0,0.07,36.06,36.41,-0.35,15,6.0,-12.09,-0.11,during_roll,0.77,0.38
CON20,2020,1,5,2020,2020-05-22,190712.0,-0.05,35.13,35.66,-0.53,16,5.0,-14.89,-0.12,during_roll,0.77,0.38
CON20,2020,1,5,2020,2020-05-25,183870.0,-0.13,35.53,36.12,-0.59,17,4.0,-3.59,-0.08,during_roll,0.77,0.38
CON20,2020,1,5,2020,2020-05-26,130559.0,-0.12,36.17,36.74,-0.57,18,3.0,-28.99,0.01,during_roll,0.77,0.38
CON20,2020,1,5,2020,2020-05-27,98814.0,-0.22,34.74,35.45,-0.71,19,2.0,-24.31,-0.1,during_roll,0.77,0.38
CON20,2020,1,5,2020,2020-05-28,52913.0,-0.27,35.29,36.03,-0.74,20,1.0,-46.45,-0.05,during_roll,0.77,0.38
CON20,2020,1,5,2020,2020-05-29,,-2.18,35.33,37.84,-2.51,21,0.0,0.0,-1.91,during_roll,0.77,0.38
CON21,2021,3,3,2021,2021-03-01,226133.0,0.05,63.69,63.02,0.67,1,63.0,,,,1.02,0.88
CON21,2021,3,3,2021,2021-03-02,241419.0,0.03,62.7,62.18,0.52,2,62.0,6.76,-0.02,,1.02,0.88
CON21,2021,3,3,2021,2021-03-03,253700.0,0.03,64.07,63.57,0.5,3,61.0,5.09,0.0,,1.02,0.88
CON21,2021,3,3,2021,2021-03-04,256248.0,0.02,66.74,66.2,0.54,4,60.0,1.0,-0.01,,1.02,0.88
CON21,2021,3,3,2021,2021-03-05,264347.0,0.05,69.36,68.68,0.68,5,59.0,3.16,0.03,,1.02,0.88
CON21,2021,3,3,2021,2021-03-08,268618.0,0.03,68.24,67.7,0.54,6,58.0,1.62,-0.02,,1.02,0.88
CON21,2021,3,3,2021,2021-03-09,282138.0,0.01,67.52,67.05,0.47,7,57.0,5.03,-0.02,,1.02,0.88
CON21,2021,3,3,2021,2021-03-10,293065.0,0.01,67.9,67.38,0.52,8,56.0,3.87,0.0,,1.02,0.88
CON21,2021,3,3,2021,2021-03-11,309765.0,0.02,69.63,69.0,0.63,9,55.0,5.7,0.01,,1.02,0.88
CON21,2021,3,3,2021,2021-03-12,308613.0,0.02,69.22,68.68,0.54,10,54.0,-0.37,0.0,,1.02,0.88
CON21,2021,3,3,2021,2021-03-15,310208.0,0.03,68.88,68.33,0.55,11,53.0,0.52,0.01,,1.02,0.88
CON21,2021,3,3,2021,2021-03-16,317402.0,0.01,68.39,67.87,0.52,12,52.0,2.32,-0.02,,1.02,0.88
CON21,2021,3,3,2021,2021-03-17,334999.0,-0.04,68.0,67.57,0.43,13,51.0,5.54,-0.05,,1.02,0.88
CON21,2021,3,3,2021,2021-03-18,318527.0,-0.02,63.28,63.03,0.25,14,50.0,-4.92,0.02,,1.02,0.88
CON21,2021,3,3,2021,2021-03-19,323066.0,-0.02,64.53,64.35,0.18,15,49.0,1.42,0.0,,1.02,0.88
CON21,2021,3,3,2021,2021-03-22,322367.0,-0.03,64.62,64.52,0.1,16,48.0,-0.22,-0.01,,1.02,0.88
CON21,2021,3,3,2021,2021-03-23,328190.0,-0.02,60.79,60.86,-0.07,17,47.0,1.81,0.01,,1.02,0.88
CON21,2021,3,3,2021,2021-03-24,328190.0,-0.02,64.41,64.25,0.16,18,46.0,0.0,0.0,,1.02,0.88
CON21,2021,3,3,2021,2021-03-25,331501.0,-0.02,61.95,61.8,0.15,19,45.0,1.01,0.0,,1.02,0.88
CON21,2021,3,3,2021,2021-03-26,348767.0,-0.06,64.57,64.43,0.14,20,44.0,5.21,-0.04,,1.02,0.88
CON21,2021,3,3,2021,2021-03-29,348397.0,-0.04,64.98,64.92,0.06,21,43.0,-0.11,0.02,,1.02,0.88
CON21,2021,3,3,2021,2021-03-30,346750.0,-0.04,64.14,64.17,-0.03,22,42.0,-0.47,0.0,,1.02,0.88
CON21,2021,3,3,2021,2021-03-31,355790.0,-0.04,63.54,62.74,0.8,23,41.0,2.61,0.0,,1.02,0.88
CON21,2021,2,4,2021,2021-04-01,353058.0,-0.05,64.86,64.46,0.4,1,40.0,,,,1.02,0.88
CON21,2021,2,4,2021,2021-04-05,349692.0,-0.04,62.15,61.83,0.32,2,39.0,-0.95,0.01,,1.02,0.88
CON21,2021,2,4,2021,2021-04-06,348945.0,-0.03,62.74,62.43,0.31,3,38.0,-0.21,0.01,,1.02,0.88
CON21,2021,2,4,2021,2021-04-07,366040.0,-0.01,63.16,62.81,0.35,4,37.0,4.9,0.02,,1.02,0.88
CON21,2021,2,4,2021,2021-04-08,385291.0,0.02,63.2,62.71,0.49,5,36.0,5.26,0.03,,1.02,0.88
CON21,2021,2,4,2021,2021-04-09,395937.0,0.0,62.95,62.53,0.42,6,35.0,2.76,-0.02,,1.02,0.88
CON21,2021,2,4,2021,2021-04-12,410767.0,0.01,63.28,62.86,0.42,7,34.0,3.75,0.01,,1.02,0.88
CON21,2021,2,4,2021,2021-04-13,434914.0,0.02,63.67,63.28,0.39,8,33.0,5.88,0.01,,1.02,0.88
CON21,2021,2,4,2021,2021-04-14,468244.0,0.01,66.58,66.15,0.43,9,32.0,7.66,-0.01,,1.02,0.88
CON21,2021,2,4,2021,2021-04-15,473391.0,0.0,66.94,66.45,0.49,10,31.0,1.1,-0.01,,1.02,0.88
CON21,2021,2,4,2021,2021-04-16,482318.0,0.02,66.77,66.29,0.48,11,30.0,1.89,0.02,,1.02,0.88
CON21,2021,2,4,2021,2021-04-19,489448.0,0.05,67.05,66.46,0.59,12,29.0,1.48,0.03,,1.02,0.88
CON21,2021,2,4,2021,2021-04-20,491283.0,0.06,66.57,65.92,0.65,13,28.0,0.37,0.01,,1.02,0.88
CON21,2021,2,4,2021,2021-04-21,493388.0,0.06,65.32,64.68,0.64,14,27.0,0.43,0.0,,1.02,0.88
CON21,2021,2,4,2021,2021-04-22,546740.0,0.08,65.4,64.75,0.65,15,26.0,10.81,0.02,,1.02,0.88
CON21,2021,2,4,2021,2021-04-23,555251.0,0.07,66.11,65.42,0.69,16,25.0,1.56,-0.01,,1.02,0.88
CON21,2021,2,4,2021,2021-04-26,553881.0,0.05,65.65,65.03,0.62,17,24.0,-0.25,-0.02,,1.02,0.88
CON21,2021,2,4,2021,2021-04-27,564346.0,0.03,66.42,65.87,0.55,18,23.0,1.89,-0.02,,1.02,0.88
CON21,2021,2,4,2021,2021-04-28,584145.0,0.0,67.27,66.78,0.49,19,22.0,3.51,-0.03,,1.02,0.88
CON21,2021,2,4,2021,2021-04-29,617686.0,-0.01,68.56,68.05,0.51,20,21.0,5.74,-0.01,,1.02,0.88
CON21,2021,2,4,2021,2021-04-30,635575.0,0.0,67.25,66.76,0.49,21,20.0,2.9,0.01,,1.02,0.88
CON21,2021,1,5,2021,2021-05-03,624820.0,-0.02,67.56,67.14,0.42,1,19.0,,,pre_roll,1.02,0.88
CON21,2021,1,5,2021,2021-05-04,615626.0,-0.02,68.88,68.45,0.43,2,18.0,-1.47,0.0,pre_roll,1.02,0.88
CON21,2021,1,5,2021,2021-05-05,605749.0,-0.04,68.96,68.55,0.41,3,17.0,-1.6,-0.02,during_roll,1.02,0.88
CON21,2021,1,5,2021,2021-05-06,602062.0,-0.05,68.09,67.72,0.37,4,16.0,-0.61,-0.01,during_roll,1.02,0.88
CON21,2021,1,5,2021,2021-05-07,578276.0,-0.11,68.28,68.0,0.28,5,15.0,-3.95,-0.06,during_roll,1.02,0.88
CON21,2021,1,5,2021,2021-05-10,543161.0,-0.13,68.32,68.09,0.23,6,14.0,-6.07,-0.02,during_roll,1.02,0.88
CON21,2021,1,5,2021,2021-05-11,517290.0,-0.15,68.55,68.37,0.18,7,13.0,-4.76,-0.02,during_roll,1.02,0.88
CON21,2021,1,5,2021,2021-05-12,476707.0,-0.16,69.32,69.14,0.18,8,12.0,-7.85,-0.01,during_roll,1.02,0.88
CON21,2021,1,5,2021,2021-05-13,439492.0,-0.15,67.05,66.88,0.17,9,11.0,-7.81,0.01,during_roll,1.02,0.88
CON21,2021,1,5,2021,2021-05-14,408642.0,-0.09,68.71,68.38,0.33,10,10.0,-7.02,0.06,during_roll,1.02,0.88
CON21,2021,1,5,2021,2021-05-17,383349.0,-0.13,69.46,69.14,0.32,11,9.0,-6.19,-0.04,during_roll,1.02,0.88
CON21,2021,1,5,2021,2021-05-18,358993.0,-0.22,68.71,68.52,0.19,12,8.0,-6.35,-0.09,during_roll,1.02,0.88
CON21,2021,1,5,2021,2021-05-19,331187.0,-0.25,66.66,66.53,0.13,13,7.0,-7.75,-0.03,during_roll,1.02,0.88
CON21,2021,1,5,2021,2021-05-20,267046.0,-0.26,65.11,65.07,0.04,14,6.0,-19.37,-0.01,during_roll,1.02,0.88
CON21,2021,1,5,2021,2021-05-21,242324.0,-0.24,66.44,66.35,0.09,15,5.0,-9.26,0.02,during_roll,1.02,0.88
CON21,2021,1,5,2021,2021-05-24,204432.0,-0.27,68.46,68.37,0.09,16,4.0,-15.64,-0.03,during_roll,1.02,0.88
CON21,2021,1,5,2021,2021-05-25,164918.0,-0.25,68.65,68.49,0.16,17,3.0,-19.33,0.02,during_roll,1.02,0.88
CON21,2021,1,5,2021,2021-05-26,132924.0,-0.27,68.87,68.73,0.14,18,2.0,-19.4,-0.02,during_roll,1.02,0.88
CON21,2021,1,5,2021,2021-05-27,99694.0,-0.13,69.46,69.2,0.26,19,1.0,-25.0,0.14,during_roll,1.02,0.88
CON21,2021,1,5,2021,2021-05-28,85224.0,0.53,69.63,68.72,0.91,20,0.0,-14.51,0.66,during_roll,1.02,0.88
CON22,2022,3,3,2022,2022-03-01,180177.0,0.41,104.97,101.13,3.84,1,64.0,,,,0.15,-1.31
CON22,2022,3,3,2022,2022-03-02,181784.0,0.67,112.93,108.29,4.64,2,63.0,0.89,0.26,,0.15,-1.31
CON22,2022,3,3,2022,2022-03-03,182600.0,0.55,110.46,106.54,3.92,3,62.0,0.45,-0.12,,0.15,-1.31
CON22,2022,3,3,2022,2022-03-04,186665.0,0.51,118.11,114.34,3.77,4,61.0,2.23,-0.04,,0.15,-1.31
CON22,2022,3,3,2022,2022-03-07,193297.0,0.49,123.21,118.87,4.34,5,60.0,3.55,-0.02,,0.15,-1.31
CON22,2022,3,3,2022,2022-03-08,203654.0,0.28,127.98,123.48,4.5,6,59.0,5.36,-0.21,,0.15,-1.31
CON22,2022,3,3,2022,2022-03-09,209140.0,0.53,111.14,107.03,4.11,7,58.0,2.69,0.25,,0.15,-1.31
CON22,2022,3,3,2022,2022-03-10,212577.0,0.49,109.33,105.43,3.9,8,57.0,1.64,-0.04,,0.15,-1.31
CON22,2022,3,3,2022,2022-03-11,216217.0,0.32,112.67,109.1,3.57,9,56.0,1.71,-0.17,,0.15,-1.31
CON22,2022,3,3,2022,2022-03-14,213418.0,0.46,106.9,103.4,3.5,10,55.0,-1.29,0.14,,0.15,-1.31
CON22,2022,3,3,2022,2022-03-15,210062.0,0.3,99.91,97.58,2.33,11,54.0,-1.57,-0.16,,0.15,-1.31
CON22,2022,3,3,2022,2022-03-16,208326.0,0.29,98.02,95.64,2.38,12,53.0,-0.83,-0.01,,0.15,-1.31
CON22,2022,3,3,2022,2022-03-17,209186.0,0.34,106.64,103.56,3.08,13,52.0,0.41,0.05,,0.15,-1.31
CON22,2022,3,3,2022,2022-03-18,211780.0,0.3,107.93,105.07,2.86,14,51.0,1.24,-0.04,,0.15,-1.31
CON22,2022,3,3,2022,2022-03-21,212569.0,0.5,115.62,111.92,3.7,15,50.0,0.37,0.2,,0.15,-1.31
CON22,2022,3,3,2022,2022-03-22,219196.0,0.48,115.48,111.83,3.65,16,49.0,3.12,-0.02,,0.15,-1.31
CON22,2022,3,3,2022,2022-03-23,231520.0,0.53,121.6,117.75,3.85,17,48.0,5.62,0.05,,0.15,-1.31
CON22,2022,3,3,2022,2022-03-24,236168.0,0.49,119.03,115.3,3.73,18,47.0,2.01,-0.04,,0.15,-1.31
CON22,2022,3,3,2022,2022-03-25,240332.0,0.42,120.65,117.37,3.28,19,46.0,1.76,-0.07,,0.15,-1.31
CON22,2022,3,3,2022,2022-03-28,246025.0,0.44,112.48,109.49,2.99,20,45.0,2.37,0.02,,0.15,-1.31
CON22,2022,3,3,2022,2022-03-29,252428.0,0.42,110.23,107.71,2.52,21,44.0,2.6,-0.02,,0.15,-1.31
CON22,2022,3,3,2022,2022-03-30,253931.0,0.27,113.45,111.44,2.01,22,43.0,0.6,-0.15,,0.15,-1.31
CON22,2022,3,3,2022,2022-03-31,266805.0,0.2,107.91,104.71,3.2,23,42.0,5.07,-0.07,,0.15,-1.31
CON22,2022,2,4,2022,2022-04-01,270024.0,0.18,104.39,102.82,1.57,1,41.0,,,,0.15,-1.31
CON22,2022,2,4,2022,2022-04-04,273962.0,0.14,107.53,106.0,1.53,2,40.0,1.46,-0.04,,0.15,-1.31
CON22,2022,2,4,2022,2022-04-05,283315.0,0.11,106.64,105.2,1.44,3,39.0,3.41,-0.03,,0.15,-1.31
CON22,2022,2,4,2022,2022-04-06,288208.0,0.01,101.07,100.25,0.82,4,38.0,1.73,-0.1,,0.15,-1.31
CON22,2022,2,4,2022,2022-04-07,310185.0,-0.05,100.58,100.05,0.53,5,37.0,7.63,-0.06,,0.15,-1.31
CON22,2022,2,4,2022,2022-04-08,330221.0,0.01,102.78,102.17,0.61,6,36.0,6.46,0.06,,0.15,-1.31
CON22,2022,2,4,2022,2022-04-11,349545.0,-0.07,98.48,98.27,0.21,7,35.0,5.85,-0.08,,0.15,-1.31
CON22,2022,2,4,2022,2022-04-12,372394.0,-0.17,104.64,104.22,0.42,8,34.0,6.54,-0.1,,0.15,-1.31
CON22,2022,2,4,2022,2022-04-13,395047.0,-0.09,108.78,108.08,0.7,9,33.0,6.08,0.08,,0.15,-1.31
CON22,2022,2,4,2022,2022-04-14,403630.0,-0.16,111.7,110.8,0.9,10,32.0,2.17,-0.07,,0.15,-1.31
CON22,2022,2,4,2022,2022-04-18,409011.0,-0.04,113.16,111.94,1.22,11,31.0,1.33,0.12,,0.15,-1.31
CON22,2022,2,4,2022,2022-04-19,416439.0,-0.1,107.25,106.63,0.62,12,30.0,1.82,-0.06,,0.15,-1.31
CON22,2022,2,4,2022,2022-04-20,432314.0,-0.18,106.8,106.33,0.47,13,29.0,3.81,-0.08,,0.15,-1.31
CON22,2022,2,4,2022,2022-04-21,439442.0,-0.16,108.33,107.96,0.37,14,28.0,1.65,0.02,,0.15,-1.31
CON22,2022,2,4,2022,2022-04-22,447390.0,-0.15,106.65,106.15,0.5,15,27.0,1.81,0.01,,0.15,-1.31
CON22,2022,2,4,2022,2022-04-25,449000.0,-0.21,102.32,102.16,0.16,16,26.0,0.36,-0.06,,0.15,-1.31
CON22,2022,2,4,2022,2022-04-26,463683.0,-0.27,104.99,104.61,0.38,17,25.0,3.27,-0.06,,0.15,-1.31
CON22,2022,2,4,2022,2022-04-27,468522.0,-0.28,105.32,104.95,0.37,18,24.0,1.04,-0.01,,0.15,-1.31
CON22,2022,2,4,2022,2022-04-28,476576.0,-0.22,107.59,107.26,0.33,19,23.0,1.72,0.06,,0.15,-1.31
CON22,2022,2,4,2022,2022-04-29,471952.0,-0.28,109.34,107.14,2.2,20,22.0,-0.97,-0.06,,0.15,-1.31
CON22,2022,1,5,2022,2022-05-02,468811.0,-0.28,107.58,105.97,1.61,1,21.0,,,pre_roll,0.15,-1.31
CON22,2022,1,5,2022,2022-05-03,461554.0,-0.33,104.97,103.73,1.24,2,20.0,-1.55,-0.05,during_roll,0.15,-1.31
CON22,2022,1,5,2022,2022-05-04,453309.0,-0.35,110.14,108.72,1.42,3,19.0,-1.79,-0.02,during_roll,0.15,-1.31
CON22,2022,1,5,2022,2022-05-05,433225.0,-0.23,110.9,109.22,1.68,4,18.0,-4.43,0.12,during_roll,0.15,-1.31
CON22,2022,1,5,2022,2022-05-06,407120.0,-0.3,112.39,110.84,1.55,5,17.0,-6.03,-0.07,during_roll,0.15,-1.31
CON22,2022,1,5,2022,2022-05-09,374501.0,-0.27,105.94,104.6,1.34,6,16.0,-8.01,0.03,during_roll,0.15,-1.31
CON22,2022,1,5,2022,2022-05-10,341218.0,-0.25,102.46,101.24,1.22,7,15.0,-8.89,0.02,during_roll,0.15,-1.31
CON22,2022,1,5,2022,2022-05-11,315779.0,-0.23,107.51,106.1,1.41,8,14.0,-7.46,0.02,during_roll,0.15,-1.31
CON22,2022,1,5,2022,2022-05-12,301664.0,-0.3,107.45,105.99,1.46,9,13.0,-4.47,-0.07,during_roll,0.15,-1.31
CON22,2022,1,5,2022,2022-05-13,287014.0,-0.24,111.55,109.75,1.8,10,12.0,-4.86,0.06,during_roll,0.15,-1.31
CON22,2022,1,5,2022,2022-05-16,278194.0,-0.3,114.24,112.11,2.13,11,11.0,-3.07,-0.06,during_roll,0.15,-1.31
CON22,2022,1,5,2022,2022-05-17,267329.0,-0.24,111.93,109.85,2.08,12,10.0,-3.91,0.06,during_roll,0.15,-1.31
CON22,2022,1,5,2022,2022-05-18,265675.0,-0.22,109.11,106.93,2.18,13,9.0,-0.62,0.02,during_roll,0.15,-1.31
CON22,2022,1,5,2022,2022-05-19,258039.0,-0.29,112.04,109.82,2.22,14,8.0,-2.87,-0.07,during_roll,0.15,-1.31
CON22,2022,1,5,2022,2022-05-20,250157.0,-0.11,112.55,109.99,2.56,15,7.0,-3.05,0.18,during_roll,0.15,-1.31
CON22,2022,1,5,2022,2022-05-23,227626.0,-0.04,113.42,110.78,2.64,16,6.0,-9.01,0.07,during_roll,0.15,-1.31
CON22,2022,1,5,2022,2022-05-24,215036.0,0.29,113.56,110.69,2.87,17,5.0,-5.53,0.33,during_roll,0.15,-1.31
CON22,2022,1,5,2022,2022-05-25,185256.0,0.47,114.03,111.12,2.91,18,4.0,-13.85,0.18,during_roll,0.15,-1.31
CON22,2022,1,5,2022,2022-05-26,153963.0,0.61,117.4,114.17,3.23,19,3.0,-16.89,0.14,during_roll,0.15,-1.31
CON22,2022,1,5,2022,2022-05-27,131494.0,1.01,119.43,115.56,3.87,20,2.0,-14.59,0.4,during_roll,0.15,-1.31
CON22,2022,1,5,2022,2022-05-30,102414.0,0.98,121.67,117.6,4.07,21,1.0,-22.12,-0.03,during_roll,0.15,-1.31
CON22,2022,1,5,2022,2022-05-31,94688.0,4.22,122.84,115.6,7.24,22,0.0,-7.54,3.24,during_roll,0.15,-1.31
CON23,2023,3,3,2023,2023-03-01,175305.0,0.01,84.31,83.69,0.62,1,64.0,,,,-0.18,-0.06
CON23,2023,3,3,2023,2023-03-02,173078.0,0.02,84.75,84.09,0.66,2,63.0,-1.27,0.01,,-0.18,-0.06
CON23,2023,3,3,2023,2023-03-03,179619.0,0.01,85.83,85.26,0.57,3,62.0,3.78,-0.01,,-0.18,-0.06
CON23,2023,3,3,2023,2023-03-06,182689.0,0.01,86.18,85.62,0.56,4,61.0,1.71,0.0,,-0.18,-0.06
CON23,2023,3,3,2023,2023-03-07,193522.0,0.0,83.29,82.8,0.49,5,60.0,5.93,-0.01,,-0.18,-0.06
CON23,2023,3,3,2023,2023-03-08,218211.0,-0.01,82.66,82.19,0.47,6,59.0,12.76,-0.01,,-0.18,-0.06
CON23,2023,3,3,2023,2023-03-09,231423.0,-0.0,81.59,81.09,0.5,7,58.0,6.05,0.01,,-0.18,-0.06
CON23,2023,3,3,2023,2023-03-10,241584.0,0.0,82.78,82.16,0.62,8,57.0,4.39,0.0,,-0.18,-0.06
CON23,2023,3,3,2023,2023-03-13,243293.0,0.0,80.77,80.23,0.54,9,56.0,0.71,0.0,,-0.18,-0.06
CON23,2023,3,3,2023,2023-03-14,248091.0,0.01,77.45,77.0,0.45,10,55.0,1.97,0.01,,-0.18,-0.06
CON23,2023,3,3,2023,2023-03-15,263048.0,-0.0,73.69,73.28,0.41,11,54.0,6.03,-0.01,,-0.18,-0.06
CON23,2023,3,3,2023,2023-03-16,272449.0,-0.01,74.7,74.29,0.41,12,53.0,3.57,-0.01,,-0.18,-0.06
CON23,2023,3,3,2023,2023-03-17,271552.0,-0.05,72.97,72.77,0.2,13,52.0,-0.33,-0.04,,-0.18,-0.06
CON23,2023,3,3,2023,2023-03-20,278551.0,-0.07,73.79,73.54,0.25,14,51.0,2.58,-0.02,,-0.18,-0.06
CON23,2023,3,3,2023,2023-03-21,278199.0,-0.08,75.32,75.03,0.29,15,50.0,-0.13,-0.01,,-0.18,-0.06
CON23,2023,3,3,2023,2023-03-22,285739.0,-0.08,76.69,76.38,0.31,16,49.0,2.71,0.0,,-0.18,-0.06
CON23,2023,3,3,2023,2023-03-23,300671.0,-0.08,75.91,75.5,0.41,17,48.0,5.23,0.0,,-0.18,-0.06
CON23,2023,3,3,2023,2023-03-24,298119.0,-0.08,74.99,74.59,0.4,18,47.0,-0.85,0.0,,-0.18,-0.06
CON23,2023,3,3,2023,2023-03-27,314408.0,-0.1,78.12,77.76,0.36,19,46.0,5.46,-0.02,,-0.18,-0.06
CON23,2023,3,3,2023,2023-03-28,312741.0,-0.08,78.65,78.14,0.51,20,45.0,-0.53,0.02,,-0.18,-0.06
CON23,2023,3,3,2023,2023-03-29,322671.0,-0.07,78.28,77.59,0.69,21,44.0,3.18,0.01,,-0.18,-0.06
CON23,2023,3,3,2023,2023-03-30,326384.0,-0.07,79.27,78.6,0.67,22,43.0,1.15,0.0,,-0.18,-0.06
CON23,2023,3,3,2023,2023-03-31,331680.0,-0.06,79.77,79.89,-0.12,23,42.0,1.62,0.01,,-0.18,-0.06
CON23,2023,2,4,2023,2023-04-03,341727.0,-0.05,84.93,84.55,0.38,1,41.0,,,,-0.18,-0.06
CON23,2023,2,4,2023,2023-04-04,344286.0,-0.05,84.94,84.55,0.39,2,40.0,0.75,0.0,,-0.18,-0.06
CON23,2023,2,4,2023,2023-04-05,355006.0,-0.04,84.99,84.62,0.37,3,39.0,3.11,0.01,,-0.18,-0.06
CON23,2023,2,4,2023,2023-04-06,353017.0,-0.02,85.12,84.67,0.45,4,38.0,-0.56,0.02,,-0.18,-0.06
CON23,2023,2,4,2023,2023-04-10,358183.0,-0.02,84.18,83.79,0.39,5,37.0,1.46,0.0,,-0.18,-0.06
CON23,2023,2,4,2023,2023-04-11,365202.0,-0.0,85.61,85.17,0.44,6,36.0,1.96,0.02,,-0.18,-0.06
CON23,2023,2,4,2023,2023-04-12,379934.0,0.01,87.33,86.75,0.58,7,35.0,4.03,0.01,,-0.18,-0.06
CON23,2023,2,4,2023,2023-04-13,387078.0,-0.03,86.09,85.68,0.41,8,34.0,1.88,-0.04,,-0.18,-0.06
CON23,2023,2,4,2023,2023-04-14,391487.0,-0.01,86.31,85.87,0.44,9,33.0,1.14,0.02,,-0.18,-0.06
CON23,2023,2,4,2023,2023-04-17,403754.0,-0.02,84.76,84.45,0.31,10,32.0,3.13,-0.01,,-0.18,-0.06
CON23,2023,2,4,2023,2023-04-18,422952.0,-0.04,84.77,84.45,0.32,11,31.0,4.75,-0.02,,-0.18,-0.06
CON23,2023,2,4,2023,2023-04-19,444226.0,-0.04,83.12,82.79,0.33,12,30.0,5.03,0.0,,-0.18,-0.06
CON23,2023,2,4,2023,2023-04-20,467379.0,-0.03,81.1,80.81,0.29,13,29.0,5.21,0.01,,-0.18,-0.06
CON23,2023,2,4,2023,2023-04-21,498529.0,-0.04,81.66,81.46,0.2,14,28.0,6.66,-0.01,,-0.18,-0.06
CON23,2023,2,4,2023,2023-04-24,505651.0,-0.04,82.73,82.54,0.19,15,27.0,1.43,0.0,,-0.18,-0.06
CON23,2023,2,4,2023,2023-04-25,526170.0,-0.05,80.77,80.6,0.17,16,26.0,4.06,-0.01,,-0.18,-0.06
CON23,2023,2,4,2023,2023-04-26,555408.0,-0.08,77.69,77.72,-0.03,17,25.0,5.56,-0.03,,-0.18,-0.06
CON23,2023,2,4,2023,2023-04-27,562790.0,-0.06,78.37,78.22,0.15,18,24.0,1.33,0.02,,-0.18,-0.06
CON23,2023,2,4,2023,2023-04-28,558955.0,-0.05,79.54,80.33,-0.79,19,23.0,-0.68,0.01,,-0.18,-0.06
CON23,2023,1,5,2023,2023-05-01,554395.0,-0.08,79.31,78.94,0.37,1,22.0,,,pre_roll,-0.18,-0.06
CON23,2023,1,5,2023,2023-05-02,543775.0,-0.08,75.32,75.04,0.28,2,21.0,-1.92,0.0,during_roll,-0.18,-0.06
CON23,2023,1,5,2023,2023-05-03,526174.0,-0.1,72.33,72.18,0.15,3,20.0,-3.24,-0.02,during_roll,-0.18,-0.06
CON23,2023,1,5,2023,2023-05-04,517165.0,-0.11,72.5,72.32,0.18,4,19.0,-1.71,-0.01,during_roll,-0.18,-0.06
CON23,2023,1,5,2023,2023-05-05,483297.0,-0.12,75.3,75.09,0.21,5,18.0,-6.55,-0.01,during_roll,-0.18,-0.06
CON23,2023,1,5,2023,2023-05-08,465447.0,-0.14,77.01,76.81,0.2,6,17.0,-3.69,-0.02,during_roll,-0.18,-0.06
CON23,2023,1,5,2023,2023-05-09,447714.0,-0.14,77.44,77.27,0.17,7,16.0,-3.81,0.0,during_roll,-0.18,-0.06
CON23,2023,1,5,2023,2023-05-10,431085.0,-0.14,76.41,76.27,0.14,8,15.0,-3.71,0.0,during_roll,-0.18,-0.06
CON23,2023,1,5,2023,2023-05-11,402825.0,-0.1,74.98,74.76,0.22,9,14.0,-6.56,0.04,during_roll,-0.18,-0.06
CON23,2023,1,5,2023,2023-05-12,390835.0,-0.08,74.17,73.9,0.27,10,13.0,-2.98,0.02,during_roll,-0.18,-0.06
CON23,2023,1,5,2023,2023-05-15,389342.0,-0.12,75.23,75.02,0.21,11,12.0,-0.38,-0.04,during_roll,-0.18,-0.06
CON23,2023,1,5,2023,2023-05-16,374994.0,-0.13,74.91,74.72,0.19,12,11.0,-3.69,-0.01,during_roll,-0.18,-0.06
CON23,2023,1,5,2023,2023-05-17,360993.0,-0.15,76.96,76.81,0.15,13,10.0,-3.73,-0.02,during_roll,-0.18,-0.06
CON23,2023,1,5,2023,2023-05-18,358006.0,-0.16,75.86,75.8,0.06,14,9.0,-0.83,-0.01,during_roll,-0.18,-0.06
CON23,2023,1,5,2023,2023-05-19,338009.0,-0.17,75.58,75.47,0.11,15,8.0,-5.59,-0.01,during_roll,-0.18,-0.06
CON23,2023,1,5,2023,2023-05-22,299492.0,-0.18,75.99,75.87,0.12,16,7.0,-11.4,-0.01,during_roll,-0.18,-0.06
CON23,2023,1,5,2023,2023-05-23,250520.0,-0.18,76.84,76.74,0.1,17,6.0,-16.35,0.0,during_roll,-0.18,-0.06
CON23,2023,1,5,2023,2023-05-24,208731.0,-0.17,78.36,78.23,0.13,18,5.0,-16.68,0.01,during_roll,-0.18,-0.06
CON23,2023,1,5,2023,2023-05-25,172330.0,-0.19,76.26,76.18,0.08,19,4.0,-17.44,-0.02,during_roll,-0.18,-0.06
CON23,2023,1,5,2023,2023-05-26,131147.0,-0.25,76.95,76.98,-0.03,20,3.0,-23.9,-0.06,during_roll,-0.18,-0.06
CON23,2023,1,5,2023,2023-05-29,126530.0,-0.25,77.07,77.1,-0.03,21,2.0,-3.52,0.0,during_roll,-0.18,-0.06
CON23,2023,1,5,2023,2023-05-30,92608.0,-0.34,73.54,73.71,-0.17,22,1.0,-26.81,-0.09,during_roll,-0.18,-0.06
CON23,2023,1,5,2023,2023-05-31,86067.0,-0.05,72.66,72.6,0.06,23,0.0,-7.06,0.29,during_roll,-0.18,-0.06
CON24,2024,3,3,2024,2024-03-01,196565.0,0.03,83.55,82.69,0.86,1,64.0,,,,0.98,0.13
CON24,2024,3,3,2024,2024-03-04,191287.0,0.02,82.8,82.08,0.72,2,63.0,-2.69,-0.01,,0.98,0.13
CON24,2024,3,3,2024,2024-03-05,204389.0,0.01,82.04,81.33,0.71,3,62.0,6.85,-0.01,,0.98,0.13
CON24,2024,3,3,2024,2024-03-06,201622.0,0.01,82.96,82.18,0.78,4,61.0,-1.35,0.0,,0.98,0.13
CON24,2024,3,3,2024,2024-03-07,195179.0,-0.0,82.96,82.28,0.68,5,60.0,-3.2,-0.01,,0.98,0.13
CON24,2024,3,3,2024,2024-03-08,202891.0,-0.01,82.08,81.51,0.57,6,59.0,3.95,-0.01,,0.98,0.13
CON24,2024,3,3,2024,2024-03-11,219455.0,-0.03,82.21,81.72,0.49,7,58.0,8.16,-0.02,,0.98,0.13
CON24,2024,3,3,2024,2024-03-12,230325.0,-0.03,81.92,81.46,0.46,8,57.0,4.95,0.0,,0.98,0.13
CON24,2024,3,3,2024,2024-03-13,245335.0,-0.01,84.03,83.44,0.59,9,56.0,6.52,0.02,,0.98,0.13
CON24,2024,3,3,2024,2024-03-14,243310.0,-0.01,85.42,84.74,0.68,10,55.0,-0.83,0.0,,0.98,0.13
CON24,2024,3,3,2024,2024-03-15,255884.0,-0.02,85.34,84.75,0.59,11,54.0,5.17,-0.01,,0.98,0.13
CON24,2024,3,3,2024,2024-03-18,267358.0,-0.0,86.89,86.19,0.7,12,53.0,4.48,0.02,,0.98,0.13
CON24,2024,3,3,2024,2024-03-19,263863.0,-0.01,87.38,86.62,0.76,13,52.0,-1.31,-0.01,,0.98,0.13
CON24,2024,3,3,2024,2024-03-20,263553.0,0.0,85.95,85.38,0.57,14,51.0,-0.12,0.01,,0.98,0.13
CON24,2024,3,3,2024,2024-03-21,281565.0,-0.01,85.78,85.24,0.54,15,50.0,6.83,-0.01,,0.98,0.13
CON24,2024,3,3,2024,2024-03-22,292906.0,0.0,85.43,84.83,0.6,16,49.0,4.03,0.01,,0.98,0.13
CON24,2024,3,3,2024,2024-03-25,308226.0,-0.0,86.75,86.08,0.67,17,48.0,5.23,-0.0,,0.98,0.13
CON24,2024,3,3,2024,2024-03-26,310571.0,0.02,86.25,85.63,0.62,18,47.0,0.76,0.02,,0.98,0.13
CON24,2024,3,3,2024,2024-03-27,327460.0,0.01,86.09,85.41,0.68,19,46.0,5.44,-0.01,,0.98,0.13
CON24,2024,3,3,2024,2024-03-28,345962.0,0.02,87.48,87.0,0.48,20,45.0,5.65,0.01,,0.98,0.13
CON24,2024,2,4,2024,2024-04-01,347117.0,0.02,87.42,86.49,0.93,1,44.0,,,,0.98,0.13
CON24,2024,2,4,2024,2024-04-02,344907.0,0.05,88.92,87.89,1.03,2,43.0,-0.64,0.03,,0.98,0.13
CON24,2024,2,4,2024,2024-04-03,357860.0,0.02,89.35,88.42,0.93,3,42.0,3.76,-0.03,,0.98,0.13
CON24,2024,2,4,2024,2024-04-04,376707.0,0.02,90.65,89.66,0.99,4,41.0,5.27,0.0,,0.98,0.13
CON24,2024,2,4,2024,2024-04-05,403849.0,0.05,91.17,90.13,1.04,5,40.0,7.21,0.03,,0.98,0.13
CON24,2024,2,4,2024,2024-04-08,413932.0,0.04,90.38,89.38,1.0,6,39.0,2.5,-0.01,,0.98,0.13
CON24,2024,2,4,2024,2024-04-09,425765.0,0.04,89.42,88.53,0.89,7,38.0,2.86,0.0,,0.98,0.13
CON24,2024,2,4,2024,2024-04-10,450802.0,0.08,90.48,89.49,0.99,8,37.0,5.88,0.04,,0.98,0.13
CON24,2024,2,4,2024,2024-04-11,467029.0,0.06,89.74,88.83,0.91,9,36.0,3.6,-0.02,,0.98,0.13
CON24,2024,2,4,2024,2024-04-12,479902.0,0.04,90.45,89.53,0.92,10,35.0,2.76,-0.02,,0.98,0.13
CON24,2024,2,4,2024,2024-04-15,500165.0,0.03,90.1,89.25,0.85,11,34.0,4.22,-0.01,,0.98,0.13
CON24,2024,2,4,2024,2024-04-16,520549.0,0.02,90.02,89.23,0.79,12,33.0,4.08,-0.01,,0.98,0.13
CON24,2024,2,4,2024,2024-04-17,542308.0,-0.0,87.29,86.6,0.69,13,32.0,4.18,-0.02,,0.98,0.13
CON24,2024,2,4,2024,2024-04-18,577446.0,0.0,87.11,86.4,0.71,14,31.0,6.48,0.0,,0.98,0.13
CON24,2024,2,4,2024,2024-04-19,572688.0,0.01,87.29,86.51,0.78,15,30.0,-0.82,0.01,,0.98,0.13
CON24,2024,2,4,2024,2024-04-22,592393.0,0.04,87.0,86.07,0.93,16,29.0,3.44,0.03,,0.98,0.13
CON24,2024,2,4,2024,2024-04-23,623181.0,0.05,88.42,87.39,1.03,17,28.0,5.2,0.01,,0.98,0.13
CON24,2024,2,4,2024,2024-04-24,627090.0,0.02,88.02,87.04,0.98,18,27.0,0.63,-0.03,,0.98,0.13
CON24,2024,2,4,2024,2024-04-25,633639.0,0.05,89.01,87.77,1.24,19,26.0,1.04,0.03,,0.98,0.13
CON24,2024,2,4,2024,2024-04-26,643171.0,0.05,89.5,88.21,1.29,20,25.0,1.5,0.0,,0.98,0.13
CON24,2024,2,4,2024,2024-04-29,632021.0,0.04,88.4,87.2,1.2,21,24.0,-1.73,-0.01,,0.98,0.13
CON24,2024,2,4,2024,2024-04-30,624770.0,0.02,87.86,86.33,1.53,22,23.0,-1.15,-0.02,,0.98,0.13
CON24,2024,1,5,2024,2024-05-01,598810.0,0.01,83.44,82.79,0.65,1,22.0,,,pre_roll,0.98,0.13
CON24,2024,1,5,2024,2024-05-02,569598.0,0.01,83.67,83.03,0.64,2,21.0,-4.88,0.0,during_roll,0.98,0.13
CON24,2024,1,5,2024,2024-05-03,554277.0,-0.03,82.96,82.45,0.51,3,20.0,-2.69,-0.04,during_roll,0.98,0.13
CON24,2024,1,5,2024,2024-05-06,537744.0,-0.03,83.33,82.84,0.49,4,19.0,-2.98,0.0,during_roll,0.98,0.13
CON24,2024,1,5,2024,2024-05-07,515104.0,-0.05,83.16,82.72,0.44,5,18.0,-4.21,-0.02,during_roll,0.98,0.13
CON24,2024,1,5,2024,2024-05-08,478184.0,0.0,83.58,83.0,0.58,6,17.0,-7.17,0.05,during_roll,0.98,0.13
CON24,2024,1,5,2024,2024-05-09,458488.0,-0.05,83.88,83.34,0.54,7,16.0,-4.12,-0.05,during_roll,0.98,0.13
CON24,2024,1,5,2024,2024-05-10,449626.0,-0.1,82.79,82.36,0.43,8,15.0,-1.93,-0.05,during_roll,0.98,0.13
CON24,2024,1,5,2024,2024-05-13,422190.0,-0.09,83.36,82.91,0.45,9,14.0,-6.1,0.01,during_roll,0.98,0.13
CON24,2024,1,5,2024,2024-05-14,405526.0,-0.07,82.38,81.96,0.42,10,13.0,-3.95,0.02,during_roll,0.98,0.13
CON24,2024,1,5,2024,2024-05-15,386238.0,-0.08,82.75,82.33,0.42,11,12.0,-4.76,-0.01,during_roll,0.98,0.13
CON24,2024,1,5,2024,2024-05-16,356709.0,-0.11,83.27,82.87,0.4,12,11.0,-7.65,-0.03,during_roll,0.98,0.13
CON24,2024,1,5,2024,2024-05-17,342494.0,-0.14,83.98,83.63,0.35,13,10.0,-3.99,-0.03,during_roll,0.98,0.13
CON24,2024,1,5,2024,2024-05-20,319482.0,-0.16,83.71,83.46,0.25,14,9.0,-6.72,-0.02,during_roll,0.98,0.13
CON24,2024,1,5,2024,2024-05-21,292995.0,-0.19,82.88,82.7,0.18,15,8.0,-8.29,-0.03,during_roll,0.98,0.13
CON24,2024,1,5,2024,2024-05-22,283005.0,-0.16,81.9,81.64,0.26,16,7.0,-3.41,0.03,during_roll,0.98,0.13
CON24,2024,1,5,2024,2024-05-23,260758.0,-0.17,81.36,81.11,0.25,17,6.0,-7.86,-0.01,during_roll,0.98,0.13
CON24,2024,1,5,2024,2024-05-24,235021.0,-0.16,82.12,81.84,0.28,18,5.0,-9.87,0.01,during_roll,0.98,0.13
CON24,2024,1,5,2024,2024-05-27,225805.0,-0.21,83.1,82.88,0.22,19,4.0,-3.92,-0.05,during_roll,0.98,0.13
CON24,2024,1,5,2024,2024-05-28,185290.0,-0.17,84.22,83.94,0.28,20,3.0,-17.94,0.04,during_roll,0.98,0.13
CON24,2024,1,5,2024,2024-05-29,140124.0,-0.23,83.6,83.43,0.17,21,2.0,-24.38,-0.06,during_roll,0.98,0.13
CON24,2024,1,5,2024,2024-05-30,93635.0,-0.32,81.86,81.88,-0.02,22,1.0,-33.18,-0.09,during_roll,0.98,0.13
CON24,2024,1,5,2024,2024-05-31,,0.27,81.62,81.11,0.51,23,0.0,0.0,0.59,during_roll,0.98,0.13
CON25,2025,3,3,2025,2025-03-03,191228.0,0.02,71.62,71.16,0.46,1,63.0,,,,-0.16,-0.12
CON25,2025,3,3,2025,2025-03-04,196762.0,0.03,71.04,70.56,0.48,2,62.0,2.89,0.01,,-0.16,-0.12
CON25,2025,3,3,2025,2025-03-05,200877.0,0.02,69.3,68.9,0.4,3,61.0,2.09,-0.01,,-0.16,-0.12
CON25,2025,3,3,2025,2025-03-06,211317.0,0.03,69.46,68.98,0.48,4,60.0,5.2,0.01,,-0.16,-0.12
CON25,2025,3,3,2025,2025-03-07,206766.0,0.04,70.36,69.88,0.48,5,59.0,-2.15,0.01,,-0.16,-0.12
CON25,2025,3,3,2025,2025-03-10,211817.0,0.05,69.28,68.79,0.49,6,58.0,2.44,0.01,,-0.16,-0.12
CON25,2025,3,3,2025,2025-03-11,223779.0,0.05,69.56,69.05,0.51,7,57.0,5.65,0.0,,-0.16,-0.12
CON25,2025,3,3,2025,2025-03-12,234262.0,0.03,70.95,70.45,0.5,8,56.0,4.68,-0.02,,-0.16,-0.12
CON25,2025,3,3,2025,2025-03-13,246776.0,0.04,69.88,69.4,0.48,9,55.0,5.34,0.01,,-0.16,-0.12
CON25,2025,3,3,2025,2025-03-14,247505.0,0.04,70.58,70.06,0.52,10,54.0,0.3,0.0,,-0.16,-0.12
CON25,2025,3,3,2025,2025-03-17,243053.0,0.03,71.07,70.6,0.47,11,53.0,-1.8,-0.01,,-0.16,-0.12
CON25,2025,3,3,2025,2025-03-18,254264.0,0.03,70.56,70.12,0.44,12,52.0,4.61,0.0,,-0.16,-0.12
CON25,2025,3,3,2025,2025-03-19,256222.0,0.03,70.78,70.32,0.46,13,51.0,0.77,0.0,,-0.16,-0.12
CON25,2025,3,3,2025,2025-03-20,254596.0,0.04,72.0,71.47,0.53,14,50.0,-0.63,0.01,,-0.16,-0.12
CON25,2025,3,3,2025,2025-03-21,270200.0,0.04,72.16,71.61,0.55,15,49.0,6.13,0.0,,-0.16,-0.12
CON25,2025,3,3,2025,2025-03-24,282644.0,0.02,73.0,72.37,0.63,16,48.0,4.61,-0.02,,-0.16,-0.12
CON25,2025,3,3,2025,2025-03-25,282185.0,0.01,73.02,72.39,0.63,17,47.0,-0.16,-0.01,,-0.16,-0.12
CON25,2025,3,3,2025,2025-03-26,297089.0,0.05,73.79,73.06,0.73,18,46.0,5.28,0.04,,-0.16,-0.12
CON25,2025,3,3,2025,2025-03-27,309130.0,0.06,74.03,73.34,0.69,19,45.0,4.05,0.01,,-0.16,-0.12
CON25,2025,3,3,2025,2025-03-28,331800.0,0.08,73.63,72.76,0.87,20,44.0,7.33,0.02,,-0.16,-0.12
CON25,2025,3,3,2025,2025-03-31,352668.0,0.07,74.74,74.77,-0.03,21,43.0,6.29,-0.01,,-0.16,-0.12
CON25,2025,2,4,2025,2025-04-01,361457.0,0.08,74.49,73.75,0.74,1,42.0,,,,-0.16,-0.12
CON25,2025,2,4,2025,2025-04-02,371715.0,0.11,74.95,74.14,0.81,2,41.0,2.84,0.03,,-0.16,-0.12
CON25,2025,2,4,2025,2025-04-03,387661.0,0.12,70.14,69.42,0.72,3,40.0,4.29,0.01,,-0.16,-0.12
CON25,2025,2,4,2025,2025-04-04,399203.0,0.12,65.58,64.95,0.63,4,39.0,2.98,0.0,,-0.16,-0.12
CON25,2025,2,4,2025,2025-04-07,413637.0,0.07,64.21,63.82,0.39,5,38.0,3.62,-0.05,,-0.16,-0.12
CON25,2025,2,4,2025,2025-04-08,419260.0,0.11,62.82,62.34,0.48,6,37.0,1.36,0.04,,-0.16,-0.12
CON25,2025,2,4,2025,2025-04-09,424014.0,0.1,65.48,64.88,0.6,7,36.0,1.13,-0.01,,-0.16,-0.12
CON25,2025,2,4,2025,2025-04-10,436308.0,0.14,63.33,62.78,0.55,8,35.0,2.9,0.04,,-0.16,-0.12
CON25,2025,2,4,2025,2025-04-11,440117.0,0.19,64.76,64.01,0.75,9,34.0,0.87,0.05,,-0.16,-0.12
CON25,2025,2,4,2025,2025-04-14,444944.0,0.16,64.88,64.22,0.66,10,33.0,1.1,-0.03,,-0.16,-0.12
CON25,2025,2,4,2025,2025-04-15,453751.0,0.18,64.67,63.88,0.79,11,32.0,1.98,0.02,,-0.16,-0.12
CON25,2025,2,4,2025,2025-04-16,459862.0,0.17,65.85,64.96,0.89,12,31.0,1.35,-0.01,,-0.16,-0.12
CON25,2025,2,4,2025,2025-04-17,469106.0,0.19,67.96,67.0,0.96,13,30.0,2.01,0.02,,-0.16,-0.12
CON25,2025,2,4,2025,2025-04-21,476885.0,0.21,66.26,65.3,0.96,14,29.0,1.66,0.02,,-0.16,-0.12
CON25,2025,2,4,2025,2025-04-22,495231.0,0.18,67.44,66.48,0.96,15,28.0,3.85,-0.03,,-0.16,-0.12
CON25,2025,2,4,2025,2025-04-23,527561.0,0.17,66.12,65.18,0.94,16,27.0,6.53,-0.01,,-0.16,-0.12
CON25,2025,2,4,2025,2025-04-24,529373.0,0.16,66.55,65.65,0.9,17,26.0,0.34,-0.01,,-0.16,-0.12
CON25,2025,2,4,2025,2025-04-25,556012.0,0.18,66.87,65.8,1.07,18,25.0,5.03,0.02,,-0.16,-0.12
CON25,2025,2,4,2025,2025-04-28,585080.0,0.18,65.86,64.79,1.07,19,24.0,5.23,0.0,,-0.16,-0.12
CON25,2025,2,4,2025,2025-04-29,590733.0,0.15,64.25,63.28,0.97,20,23.0,0.97,-0.03,,-0.16,-0.12
CON25,2025,2,4,2025,2025-04-30,598015.0,0.15,63.12,61.06,2.06,21,22.0,1.23,0.0,,-0.16,-0.12
CON25,2025,1,5,2025,2025-05-01,587561.0,0.12,62.13,61.72,0.41,1,21.0,,,pre_roll,-0.16,-0.12
CON25,2025,1,5,2025,2025-05-02,568693.0,0.13,61.29,60.93,0.36,2,20.0,-3.21,0.01,during_roll,-0.16,-0.12
CON25,2025,1,5,2025,2025-05-05,570488.0,0.15,60.23,59.89,0.34,3,19.0,0.32,0.02,during_roll,-0.16,-0.12
CON25,2025,1,5,2025,2025-05-06,572672.0,0.13,62.15,61.75,0.4,4,18.0,0.38,-0.02,during_roll,-0.16,-0.12
CON25,2025,1,5,2025,2025-05-07,547479.0,0.06,61.12,60.79,0.33,5,17.0,-4.4,-0.07,during_roll,-0.16,-0.12
CON25,2025,1,5,2025,2025-05-08,524577.0,0.06,62.84,62.45,0.39,6,16.0,-4.18,0.0,during_roll,-0.16,-0.12
CON25,2025,1,5,2025,2025-05-09,494806.0,0.07,63.91,63.43,0.48,7,15.0,-5.68,0.01,during_roll,-0.16,-0.12
CON25,2025,1,5,2025,2025-05-12,462177.0,0.04,64.96,64.55,0.41,8,14.0,-6.59,-0.03,during_roll,-0.16,-0.12
CON25,2025,1,5,2025,2025-05-13,437273.0,0.05,66.63,66.13,0.5,9,13.0,-5.39,0.01,during_roll,-0.16,-0.12
CON25,2025,1,5,2025,2025-05-14,413257.0,0.07,66.09,65.58,0.51,10,12.0,-5.49,0.02,during_roll,-0.16,-0.12
CON25,2025,1,5,2025,2025-05-15,406242.0,0.08,64.53,64.06,0.47,11,11.0,-1.7,0.01,during_roll,-0.16,-0.12
CON25,2025,1,5,2025,2025-05-16,394317.0,0.14,65.41,64.78,0.63,12,10.0,-2.94,0.06,during_roll,-0.16,-0.12
CON25,2025,1,5,2025,2025-05-19,367557.0,0.18,65.54,64.8,0.74,13,9.0,-6.79,0.04,during_roll,-0.16,-0.12
CON25,2025,1,5,2025,2025-05-20,328906.0,0.12,65.38,64.76,0.62,14,8.0,-10.52,-0.06,during_roll,-0.16,-0.12
CON25,2025,1,5,2025,2025-05-21,291453.0,0.04,64.91,64.38,0.53,15,7.0,-11.39,-0.08,during_roll,-0.16,-0.12
CON25,2025,1,5,2025,2025-05-22,267671.0,0.03,64.44,63.92,0.52,16,6.0,-8.16,-0.01,during_roll,-0.16,-0.12
CON25,2025,1,5,2025,2025-05-23,237871.0,0.03,64.78,64.21,0.57,17,5.0,-11.13,0.0,during_roll,-0.16,-0.12
CON25,2025,1,5,2025,2025-05-26,231051.0,0.05,64.74,64.12,0.62,18,4.0,-2.87,0.02,during_roll,-0.16,-0.12
CON25,2025,1,5,2025,2025-05-27,180666.0,-0.02,64.09,63.57,0.52,19,3.0,-21.81,-0.07,during_roll,-0.16,-0.12
CON25,2025,1,5,2025,2025-05-28,143092.0,-0.01,64.9,64.32,0.58,20,2.0,-20.8,0.01,during_roll,-0.16,-0.12
CON25,2025,1,5,2025,2025-05-29,103929.0,0.17,64.15,63.35,0.8,21,1.0,-27.37,0.18,during_roll,-0.16,-0.12
CON25,2025,1,5,2025,2025-05-30,,0.39,63.9,62.78,1.12,22,0.0,0.0,0.22,during_roll,-0.16,-0.12
CON26,2026,3,3,2026,2026-03-02,229878.0,0.13,77.74,76.16,1.58,1,63.0,,,,-0.97,-0.46
CON26,2026,3,3,2026,2026-03-03,231386.0,0.31,81.4,78.38,3.02,2,62.0,0.66,0.18,,-0.97,-0.46
CON26,2026,3,3,2026,2026-03-04,238890.0,0.35,81.4,78.01,3.39,3,61.0,3.24,0.04,,-0.97,-0.46
CON26,2026,3,3,2026,2026-03-05,245491.0,0.66,85.41,81.04,4.37,4,60.0,2.76,0.31,,-0.97,-0.46
CON26,2026,3,3,2026,2026-03-06,241122.0,0.98,92.69,87.2,5.49,5,59.0,-1.78,0.32,,-0.97,-0.46
CON26,2026,3,3,2026,2026-03-09,243666.0,0.89,98.96,93.72,5.24,6,58.0,1.06,-0.09,,-0.97,-0.46
CON26,2026,3,3,2026,2026-03-10,250689.0,0.46,87.8,85.27,2.53,7,57.0,2.88,-0.43,,-0.97,-0.46
CON26,2026,3,3,2026,2026-03-11,267471.0,0.35,91.98,89.35,2.63,8,56.0,6.69,-0.11,,-0.97,-0.46
CON26,2026,3,3,2026,2026-03-12,283671.0,0.58,100.46,96.63,3.83,9,55.0,6.06,0.23,,-0.97,-0.46
CON26,2026,3,3,2026,2026-03-13,298237.0,0.72,103.14,98.91,4.23,10,54.0,5.13,0.14,,-0.97,-0.46
CON26,2026,3,3,2026,2026-03-16,301075.0,0.84,100.21,96.04,4.17,11,53.0,0.95,0.12,,-0.97,-0.46
CON26,2026,3,3,2026,2026-03-17,316484.0,0.81,103.42,99.39,4.03,12,52.0,5.12,-0.03,,-0.97,-0.46
CON26,2026,3,3,2026,2026-03-18,332417.0,0.9,107.38,102.92,4.46,13,51.0,5.03,0.09,,-0.97,-0.46
CON26,2026,3,3,2026,2026-03-19,349058.0,1.25,108.65,103.78,4.87,14,50.0,5.01,0.35,,-0.97,-0.46
CON26,2026,3,3,2026,2026-03-20,357698.0,1.45,112.19,106.41,5.78,15,49.0,2.48,0.2,,-0.97,-0.46
CON26,2026,3,3,2026,2026-03-23,349131.0,1.07,99.94,95.92,4.02,16,48.0,-2.4,-0.38,,-0.97,-0.46
CON26,2026,3,3,2026,2026-03-24,358803.0,1.16,104.49,100.23,4.26,17,47.0,2.77,0.09,,-0.97,-0.46
CON26,2026,3,3,2026,2026-03-25,361919.0,1.07,102.22,97.26,4.96,18,46.0,0.87,-0.09,,-0.97,-0.46
CON26,2026,3,3,2026,2026-03-26,363494.0,1.12,108.01,101.89,6.12,19,45.0,0.44,0.05,,-0.97,-0.46
CON26,2026,3,3,2026,2026-03-27,367759.0,1.44,112.57,105.32,7.25,20,44.0,1.17,0.32,,-0.97,-0.46
CON26,2026,3,3,2026,2026-03-30,380476.0,1.49,112.78,107.39,5.39,21,43.0,3.46,0.05,,-0.97,-0.46
CON26,2026,3,3,2026,2026-03-31,380716.0,1.74,118.35,103.97,14.38,22,42.0,0.06,0.25,,-0.97,-0.46
CON26,2026,2,4,2026,2026-04-01,390095.0,1.82,101.16,93.5,7.66,1,41.0,,,,-0.97,-0.46
CON26,2026,2,4,2026,2026-04-02,398692.0,2.53,109.03,99.44,9.59,2,40.0,2.2,0.71,,-0.97,-0.46
CON26,2026,2,4,2026,2026-04-06,401183.0,2.6,109.77,100.12,9.65,3,39.0,0.62,0.07,,-0.97,-0.46
CON26,2026,2,4,2026,2026-04-07,407888.0,2.47,109.27,100.06,9.21,4,38.0,1.67,-0.13,,-0.97,-0.46
CON26,2026,2,4,2026,2026-04-08,421294.0,1.33,94.75,90.26,4.49,5,37.0,3.29,-1.14,,-0.97,-0.46
CON26,2026,2,4,2026,2026-04-09,433709.0,1.52,95.92,90.47,5.45,6,36.0,2.95,0.19,,-0.97,-0.46
CON26,2026,2,4,2026,2026-04-10,453469.0,1.28,95.2,90.28,4.92,7,35.0,4.56,-0.24,,-0.97,-0.46
CON26,2026,2,4,2026,2026-04-13,459264.0,1.28,99.36,93.47,5.89,8,34.0,1.28,0.0,,-0.97,-0.46
CON26,2026,2,4,2026,2026-04-14,472620.0,0.99,94.79,90.42,4.37,9,33.0,2.91,-0.29,,-0.97,-0.46
CON26,2026,2,4,2026,2026-04-15,485103.0,0.76,94.93,90.81,4.12,10,32.0,2.64,-0.23,,-0.97,-0.46
CON26,2026,2,4,2026,2026-04-16,481740.0,1.21,99.39,93.57,5.82,11,31.0,-0.69,0.45,,-0.97,-0.46
CON26,2026,2,4,2026,2026-04-17,493971.0,0.8,90.38,86.51,3.87,12,30.0,2.54,-0.41,,-0.97,-0.46
CON26,2026,2,4,2026,2026-04-20,500424.0,1.03,95.48,90.43,5.05,13,29.0,1.31,0.23,,-0.97,-0.46
CON26,2026,2,4,2026,2026-04-21,522259.0,1.16,98.48,93.24,5.24,14,28.0,4.36,0.13,,-0.97,-0.46
CON26,2026,2,4,2026,2026-04-22,544613.0,1.33,101.91,96.18,5.73,15,27.0,4.28,0.17,,-0.97,-0.46
CON26,2026,2,4,2026,2026-04-23,571342.0,1.45,105.07,99.35,5.72,16,26.0,4.91,0.12,,-0.97,-0.46
CON26,2026,2,4,2026,2026-04-24,576114.0,1.52,105.33,99.13,6.2,17,25.0,0.84,0.07,,-0.97,-0.46
CON26,2026,2,4,2026,2026-04-27,591164.0,1.29,108.23,101.69,6.54,18,24.0,2.61,-0.23,,-0.97,-0.46
CON26,2026,2,4,2026,2026-04-28,593326.0,1.31,111.26,104.4,6.86,19,23.0,0.37,0.02,,-0.97,-0.46
CON26,2026,2,4,2026,2026-04-29,627011.0,1.43,118.03,110.44,7.59,20,22.0,5.68,0.12,,-0.97,-0.46
CON26,2026,2,4,2026,2026-04-30,650208.0,1.55,114.01,110.4,3.61,21,21.0,3.7,0.12,,-0.97,-0.46
CON26,2026,1,5,2026,2026-05-01,639346.0,1.23,108.17,101.91,6.26,1,20.0,,,pre_roll,-0.97,-0.46
CON26,2026,1,5,2026,2026-05-04,636448.0,1.13,114.44,107.92,6.52,2,19.0,-0.45,-0.1,pre_roll,-0.97,-0.46
CON26,2026,1,5,2026,2026-05-05,614742.0,0.32,109.87,104.89,4.98,3,18.0,-3.41,-0.81,during_roll,-0.97,-0.46
CON26,2026,1,5,2026,2026-05-06,584838.0,0.4,101.27,97.08,4.19,4,17.0,-4.86,0.08,during_roll,-0.97,-0.46
CON26,2026,1,5,2026,2026-05-07,531047.0,0.36,100.06,96.38,3.68,5,16.0,-9.2,-0.04,during_roll,-0.97,-0.46
CON26,2026,1,5,2026,2026-05-08,502059.0,0.52,101.29,97.57,3.72,6,15.0,-5.46,0.16,during_roll,-0.97,-0.46
CON26,2026,1,5,2026,2026-05-11,488438.0,0.38,104.21,100.39,3.82,7,14.0,-2.71,-0.14,during_roll,-0.97,-0.46
CON26,2026,1,5,2026,2026-05-12,478612.0,0.14,107.77,103.83,3.94,8,13.0,-2.01,-0.24,during_roll,-0.97,-0.46
CON26,2026,1,5,2026,2026-05-13,456686.0,0.17,105.63,101.6,4.03,9,12.0,-4.58,0.03,during_roll,-0.97,-0.46
CON26,2026,1,5,2026,2026-05-14,443155.0,0.29,105.72,101.38,4.34,10,11.0,-2.96,0.12,during_roll,-0.97,-0.46
CON26,2026,1,5,2026,2026-05-15,427979.0,0.1,109.26,104.74,4.52,11,10.0,-3.42,-0.19,during_roll,-0.97,-0.46
CON26,2026,1,5,2026,2026-05-18,406033.0,-0.09,112.1,107.48,4.62,12,9.0,-5.13,-0.19,during_roll,-0.97,-0.46
CON26,2026,1,5,2026,2026-05-19,381396.0,-0.13,111.28,106.71,4.57,13,8.0,-6.07,-0.04,during_roll,-0.97,-0.46
CON26,2026,1,5,2026,2026-05-20,338238.0,-0.04,105.02,101.04,3.98,14,7.0,-11.32,0.09,during_roll,-0.97,-0.46
CON26,2026,1,5,2026,2026-05-21,311760.0,-0.42,102.58,99.5,3.08,15,6.0,-7.83,-0.38,during_roll,-0.97,-0.46
CON26,2026,1,5,2026,2026-05-22,282431.0,-0.24,103.54,100.21,3.33,16,5.0,-9.41,0.18,during_roll,-0.97,-0.46
CON26,2026,1,5,2026,2026-05-25,264072.0,0.12,96.14,93.42,2.72,17,4.0,-6.5,0.36,during_roll,-0.97,-0.46
CON26,2026,1,5,2026,2026-05-26,210991.0,-0.07,99.58,96.67,2.91,18,3.0,-20.1,-0.19,during_roll,-0.97,-0.46
CON26,2026,1,5,2026,2026-05-27,176722.0,-0.21,94.29,92.25,2.04,19,2.0,-16.24,-0.14,during_roll,-0.97,-0.46
CON26,2026,1,5,2026,2026-05-28,109086.0,-0.87,93.71,92.7,1.01,20,1.0,-38.27,-0.66,during_roll,-0.97,-0.46
CON26,2026,1,5,2026,2026-05-29,109086.0,-1.08,92.05,91.12,0.93,21,0.0,0.0,-0.21,during_roll,-0.97,-0.46
COQ16,2016,3,4,2016,2016-04-01,130537.0,0.02,38.67,39.09,-0.42,1,64.0,,,,-0.29,0.03
COQ16,2016,3,4,2016,2016-04-04,142959.0,0.04,37.69,37.98,-0.29,2,63.0,9.52,0.02,,-0.29,0.03
COQ16,2016,3,4,2016,2016-04-05,151012.0,0.06,37.87,38.03,-0.16,3,62.0,5.63,0.02,,-0.29,0.03
COQ16,2016,3,4,2016,2016-04-06,153065.0,0.06,39.84,40.0,-0.16,4,61.0,1.36,0.0,,-0.29,0.03
COQ16,2016,3,4,2016,2016-04-07,160813.0,0.08,39.43,39.49,-0.06,5,60.0,5.06,0.02,,-0.29,0.03
COQ16,2016,3,4,2016,2016-04-08,166062.0,0.08,41.94,42.02,-0.08,6,59.0,3.26,0.0,,-0.29,0.03
COQ16,2016,3,4,2016,2016-04-11,173969.0,0.07,42.83,42.95,-0.12,7,58.0,4.76,-0.01,,-0.29,0.03
COQ16,2016,3,4,2016,2016-04-12,182206.0,0.07,44.69,44.73,-0.04,8,57.0,4.73,0.0,,-0.29,0.03
COQ16,2016,3,4,2016,2016-04-13,180708.0,0.07,44.18,44.21,-0.03,9,56.0,-0.82,0.0,,-0.29,0.03
COQ16,2016,3,4,2016,2016-04-14,185549.0,0.08,43.84,43.8,0.04,10,55.0,2.68,0.01,,-0.29,0.03
COQ16,2016,3,4,2016,2016-04-15,192307.0,0.09,43.1,43.06,0.04,11,54.0,3.64,0.01,,-0.29,0.03
COQ16,2016,3,4,2016,2016-04-18,196665.0,0.1,42.91,42.77,0.14,12,53.0,2.27,0.01,,-0.29,0.03
COQ16,2016,3,4,2016,2016-04-19,197361.0,-0.06,44.03,43.85,0.18,13,52.0,0.35,-0.16,,-0.29,0.03
COQ16,2016,3,4,2016,2016-04-20,196960.0,-0.08,45.8,45.63,0.17,14,51.0,-0.2,-0.02,,-0.29,0.03
COQ16,2016,3,4,2016,2016-04-21,196043.0,-0.08,44.53,44.39,0.14,15,50.0,-0.47,0.0,,-0.29,0.03
COQ16,2016,3,4,2016,2016-04-22,201605.0,-0.07,45.11,45.07,0.04,16,49.0,2.84,0.01,,-0.29,0.03
COQ16,2016,3,4,2016,2016-04-25,207152.0,-0.07,44.48,44.32,0.16,17,48.0,2.75,0.0,,-0.29,0.03
COQ16,2016,3,4,2016,2016-04-26,214626.0,-0.07,45.74,45.58,0.16,18,47.0,3.61,0.0,,-0.29,0.03
COQ16,2016,3,4,2016,2016-04-27,209185.0,-0.08,47.18,46.93,0.25,19,46.0,-2.54,-0.01,,-0.29,0.03
COQ16,2016,3,4,2016,2016-04-28,212131.0,-0.09,48.14,47.77,0.37,20,45.0,1.41,-0.01,,-0.29,0.03
COQ16,2016,3,4,2016,2016-04-29,214433.0,-0.1,48.13,47.37,0.76,21,44.0,1.09,-0.01,,-0.29,0.03
COQ16,2016,2,5,2016,2016-05-02,213347.0,-0.07,45.83,46.24,-0.41,1,43.0,,,,-0.29,0.03
COQ16,2016,2,5,2016,2016-05-03,210813.0,-0.08,44.97,45.37,-0.4,2,42.0,-1.19,-0.01,,-0.29,0.03
COQ16,2016,2,5,2016,2016-05-04,215674.0,-0.09,44.62,45.06,-0.44,3,41.0,2.31,-0.01,,-0.29,0.03
COQ16,2016,2,5,2016,2016-05-05,221368.0,-0.09,45.01,45.45,-0.44,4,40.0,2.64,0.0,,-0.29,0.03
COQ16,2016,2,5,2016,2016-05-06,224778.0,-0.12,45.37,45.86,-0.49,5,39.0,1.54,-0.03,,-0.29,0.03
COQ16,2016,2,5,2016,2016-05-09,248047.0,-0.12,43.63,44.19,-0.56,6,38.0,10.35,0.0,,-0.29,0.03
COQ16,2016,2,5,2016,2016-05-10,256165.0,-0.11,45.52,46.01,-0.49,7,37.0,3.27,0.01,,-0.29,0.03
COQ16,2016,2,5,2016,2016-05-11,262281.0,-0.11,47.6,48.03,-0.43,8,36.0,2.39,0.0,,-0.29,0.03
COQ16,2016,2,5,2016,2016-05-12,281355.0,-0.07,48.08,48.42,-0.34,9,35.0,7.27,0.04,,-0.29,0.03
COQ16,2016,2,5,2016,2016-05-13,288500.0,-0.07,47.83,48.14,-0.31,10,34.0,2.54,0.0,,-0.29,0.03
COQ16,2016,2,5,2016,2016-05-16,298469.0,-0.11,48.97,49.43,-0.46,11,33.0,3.46,-0.04,,-0.29,0.03
COQ16,2016,2,5,2016,2016-05-17,307551.0,-0.12,49.28,49.74,-0.46,12,32.0,3.04,-0.01,,-0.29,0.03
COQ16,2016,2,5,2016,2016-05-18,328662.0,-0.12,48.93,49.45,-0.52,13,31.0,6.86,0.0,,-0.29,0.03
COQ16,2016,2,5,2016,2016-05-19,347240.0,-0.1,48.81,49.34,-0.53,14,30.0,5.65,0.02,,-0.29,0.03
COQ16,2016,2,5,2016,2016-05-20,383721.0,-0.09,48.72,49.27,-0.55,15,29.0,10.51,0.01,,-0.29,0.03
COQ16,2016,2,5,2016,2016-05-23,397784.0,-0.1,48.35,48.93,-0.58,16,28.0,3.66,-0.01,,-0.29,0.03
COQ16,2016,2,5,2016,2016-05-24,417063.0,-0.11,48.61,49.18,-0.57,17,27.0,4.85,-0.01,,-0.29,0.03
COQ16,2016,2,5,2016,2016-05-25,443205.0,-0.08,49.74,50.23,-0.49,18,26.0,6.27,0.03,,-0.29,0.03
COQ16,2016,2,5,2016,2016-05-26,452246.0,-0.1,49.59,50.17,-0.58,19,25.0,2.04,-0.02,,-0.29,0.03
COQ16,2016,2,5,2016,2016-05-27,457059.0,-0.08,49.32,49.95,-0.63,20,24.0,1.06,0.02,,-0.29,0.03
COQ16,2016,2,5,2016,2016-05-30,453762.0,-0.09,49.76,50.36,-0.6,21,23.0,-0.72,-0.01,,-0.29,0.03
COQ16,2016,2,5,2016,2016-05-31,453791.0,-0.11,49.69,49.89,-0.2,22,22.0,0.01,-0.02,,-0.29,0.03
COQ16,2016,1,6,2016,2016-06-01,442490.0,-0.14,49.72,50.15,-0.43,1,21.0,,,pre_roll,-0.29,0.03
COQ16,2016,1,6,2016,2016-06-02,441621.0,-0.13,50.04,50.46,-0.42,2,20.0,-0.2,0.01,pre_roll,-0.29,0.03
COQ16,2016,1,6,2016,2016-06-03,434913.0,-0.12,49.64,50.04,-0.4,3,19.0,-1.52,0.01,pre_roll,-0.29,0.03
COQ16,2016,1,6,2016,2016-06-06,433551.0,-0.13,50.55,50.97,-0.42,4,18.0,-0.31,-0.01,pre_roll,-0.29,0.03
COQ16,2016,1,6,2016,2016-06-07,424529.0,-0.15,51.44,51.89,-0.45,5,17.0,-2.08,-0.02,pre_roll,-0.29,0.03
COQ16,2016,1,6,2016,2016-06-08,406286.0,-0.19,52.51,52.98,-0.47,6,16.0,-4.3,-0.04,during_roll,-0.29,0.03
COQ16,2016,1,6,2016,2016-06-09,393303.0,-0.16,51.95,52.42,-0.47,7,15.0,-3.2,0.03,during_roll,-0.29,0.03
COQ16,2016,1,6,2016,2016-06-10,370328.0,-0.14,50.54,51.01,-0.47,8,14.0,-5.84,0.02,during_roll,-0.29,0.03
COQ16,2016,1,6,2016,2016-06-13,353121.0,-0.13,50.35,50.82,-0.47,9,13.0,-4.65,0.01,during_roll,-0.29,0.03
COQ16,2016,1,6,2016,2016-06-14,330391.0,-0.16,49.83,50.33,-0.5,10,12.0,-6.44,-0.03,during_roll,-0.29,0.03
COQ16,2016,1,6,2016,2016-06-15,291319.0,-0.21,48.97,49.53,-0.56,11,11.0,-11.83,-0.05,during_roll,-0.29,0.03
COQ16,2016,1,6,2016,2016-06-16,272934.0,-0.2,47.19,47.76,-0.57,12,10.0,-6.31,0.01,during_roll,-0.29,0.03
COQ16,2016,1,6,2016,2016-06-17,255466.0,-0.23,49.17,49.75,-0.58,13,9.0,-6.4,-0.03,during_roll,-0.29,0.03
COQ16,2016,1,6,2016,2016-06-20,236164.0,-0.29,50.65,51.29,-0.64,14,8.0,-7.56,-0.06,during_roll,-0.29,0.03
COQ16,2016,1,6,2016,2016-06-21,198655.0,-0.25,50.62,51.26,-0.64,15,7.0,-15.88,0.04,during_roll,-0.29,0.03
COQ16,2016,1,6,2016,2016-06-22,165369.0,-0.29,49.88,50.6,-0.72,16,6.0,-16.76,-0.04,during_roll,-0.29,0.03
COQ16,2016,1,6,2016,2016-06-23,144901.0,-0.25,50.91,51.61,-0.7,17,5.0,-12.38,0.04,during_roll,-0.29,0.03
COQ16,2016,1,6,2016,2016-06-24,138331.0,-0.18,48.41,49.04,-0.63,18,4.0,-4.53,0.07,during_roll,-0.29,0.03
COQ16,2016,1,6,2016,2016-06-27,112920.0,-0.13,47.16,47.77,-0.61,19,3.0,-18.37,0.05,during_roll,-0.29,0.03
COQ16,2016,1,6,2016,2016-06-28,75157.0,-0.17,48.58,49.26,-0.68,20,2.0,-33.44,-0.04,during_roll,-0.29,0.03
COQ16,2016,1,6,2016,2016-06-29,37628.0,-0.23,50.61,51.32,-0.71,21,1.0,-49.93,-0.06,during_roll,-0.29,0.03
COQ16,2016,1,6,2016,2016-06-30,,0.42,49.68,49.71,-0.03,22,0.0,0.0,0.65,during_roll,-0.29,0.03
COQ17,2017,3,4,2017,2017-04-03,147369.0,-0.04,53.12,53.41,-0.29,1,64.0,,,,-0.44,-0.53
COQ17,2017,3,4,2017,2017-04-04,146987.0,-0.04,54.17,54.44,-0.27,2,63.0,-0.26,0.0,,-0.44,-0.53
COQ17,2017,3,4,2017,2017-04-05,149847.0,-0.04,54.36,54.63,-0.27,3,62.0,1.95,0.0,,-0.44,-0.53
COQ17,2017,3,4,2017,2017-04-06,150228.0,-0.04,54.89,55.17,-0.28,4,61.0,0.25,0.0,,-0.44,-0.53
COQ17,2017,3,4,2017,2017-04-07,155472.0,-0.05,55.24,55.53,-0.29,5,60.0,3.49,-0.01,,-0.44,-0.53
COQ17,2017,3,4,2017,2017-04-10,157284.0,-0.07,55.98,56.32,-0.34,6,59.0,1.17,-0.02,,-0.44,-0.53
COQ17,2017,3,4,2017,2017-04-11,165312.0,-0.06,56.23,56.6,-0.37,7,58.0,5.1,0.01,,-0.44,-0.53
COQ17,2017,3,4,2017,2017-04-12,176837.0,-0.07,55.86,56.3,-0.44,8,57.0,6.97,-0.01,,-0.44,-0.53
COQ17,2017,3,4,2017,2017-04-13,194092.0,-0.07,55.89,56.37,-0.48,9,56.0,9.76,0.0,,-0.44,-0.53
COQ17,2017,3,4,2017,2017-04-14,196711.0,-0.06,55.36,55.88,-0.52,10,55.0,1.35,0.01,,-0.44,-0.53
COQ17,2017,3,4,2017,2017-04-17,204569.0,-0.06,55.36,55.88,-0.52,11,54.0,3.99,0.0,,-0.44,-0.53
COQ17,2017,3,4,2017,2017-04-18,206801.0,-0.06,54.89,55.44,-0.55,12,53.0,1.09,0.0,,-0.44,-0.53
COQ17,2017,3,4,2017,2017-04-19,214839.0,-0.06,52.93,53.43,-0.5,13,52.0,3.89,0.0,,-0.44,-0.53
COQ17,2017,3,4,2017,2017-04-20,213113.0,-0.07,52.99,53.46,-0.47,14,51.0,-0.8,-0.01,,-0.44,-0.53
COQ17,2017,3,4,2017,2017-04-21,213511.0,-0.06,51.96,52.44,-0.48,15,50.0,0.19,0.01,,-0.44,-0.53
COQ17,2017,3,4,2017,2017-04-24,212026.0,-0.05,51.6,52.13,-0.53,16,49.0,-0.7,0.01,,-0.44,-0.53
COQ17,2017,3,4,2017,2017-04-25,223614.0,-0.06,52.1,52.57,-0.47,17,48.0,5.47,-0.01,,-0.44,-0.53
COQ17,2017,3,4,2017,2017-04-26,248536.0,-0.07,51.82,52.41,-0.59,18,47.0,11.15,-0.01,,-0.44,-0.53
COQ17,2017,3,4,2017,2017-04-27,272984.0,-0.06,51.44,51.82,-0.38,19,46.0,9.84,0.01,,-0.44,-0.53
COQ17,2017,3,4,2017,2017-04-28,270429.0,-0.05,51.73,52.05,-0.32,20,45.0,-0.94,0.01,,-0.44,-0.53
COQ17,2017,2,5,2017,2017-05-01,273665.0,-0.04,51.52,51.86,-0.34,1,44.0,,,,-0.44,-0.53
COQ17,2017,2,5,2017,2017-05-02,279568.0,-0.03,50.46,50.76,-0.3,2,43.0,2.16,0.01,,-0.44,-0.53
COQ17,2017,2,5,2017,2017-05-03,304612.0,-0.02,50.79,51.07,-0.28,3,42.0,8.96,0.01,,-0.44,-0.53
COQ17,2017,2,5,2017,2017-05-04,316735.0,-0.06,48.38,48.72,-0.34,4,41.0,3.98,-0.04,,-0.44,-0.53
COQ17,2017,2,5,2017,2017-05-05,344641.0,-0.05,49.1,49.48,-0.38,5,40.0,8.81,0.01,,-0.44,-0.53
COQ17,2017,2,5,2017,2017-05-08,365173.0,-0.05,49.34,49.75,-0.41,6,39.0,5.96,0.0,,-0.44,-0.53
COQ17,2017,2,5,2017,2017-05-09,388101.0,-0.04,48.73,49.11,-0.38,7,38.0,6.28,0.01,,-0.44,-0.53
COQ17,2017,2,5,2017,2017-05-10,419327.0,-0.03,50.22,50.54,-0.32,8,37.0,8.05,0.01,,-0.44,-0.53
COQ17,2017,2,5,2017,2017-05-11,439217.0,-0.01,50.77,51.05,-0.28,9,36.0,4.74,0.02,,-0.44,-0.53
COQ17,2017,2,5,2017,2017-05-12,440513.0,-0.0,50.84,51.05,-0.21,10,35.0,0.3,0.01,,-0.44,-0.53
COQ17,2017,2,5,2017,2017-05-15,441291.0,-0.02,51.82,52.01,-0.19,11,34.0,0.18,-0.02,,-0.44,-0.53
COQ17,2017,2,5,2017,2017-05-16,442875.0,-0.02,51.65,51.91,-0.26,12,33.0,0.36,0.0,,-0.44,-0.53
COQ17,2017,2,5,2017,2017-05-17,447410.0,-0.02,52.21,52.44,-0.23,13,32.0,1.02,0.0,,-0.44,-0.53
COQ17,2017,2,5,2017,2017-05-18,463812.0,-0.01,52.51,52.67,-0.16,14,31.0,3.67,0.01,,-0.44,-0.53
COQ17,2017,2,5,2017,2017-05-19,473297.0,-0.01,53.61,53.76,-0.15,15,30.0,2.05,0.0,,-0.44,-0.53
COQ17,2017,2,5,2017,2017-05-22,500239.0,-0.03,53.87,54.11,-0.24,16,29.0,5.69,-0.02,,-0.44,-0.53
COQ17,2017,2,5,2017,2017-05-23,526516.0,-0.04,54.15,54.41,-0.26,17,28.0,5.25,-0.01,,-0.44,-0.53
COQ17,2017,2,5,2017,2017-05-24,531450.0,-0.08,53.96,54.24,-0.28,18,27.0,0.94,-0.04,,-0.44,-0.53
COQ17,2017,2,5,2017,2017-05-25,549121.0,-0.06,51.46,51.77,-0.31,19,26.0,3.33,0.02,,-0.44,-0.53
COQ17,2017,2,5,2017,2017-05-26,561687.0,-0.06,52.15,52.51,-0.36,20,25.0,2.29,0.0,,-0.44,-0.53
COQ17,2017,2,5,2017,2017-05-29,568235.0,-0.05,52.29,52.64,-0.35,21,24.0,1.17,0.01,,-0.44,-0.53
COQ17,2017,2,5,2017,2017-05-30,581843.0,-0.06,51.84,52.24,-0.4,22,23.0,2.39,-0.01,,-0.44,-0.53
COQ17,2017,2,5,2017,2017-05-31,563868.0,-0.09,50.31,50.76,-0.45,23,22.0,-3.09,-0.03,,-0.44,-0.53
COQ17,2017,1,6,2017,2017-06-01,550042.0,-0.09,50.63,50.97,-0.34,1,21.0,,,pre_roll,-0.44,-0.53
COQ17,2017,1,6,2017,2017-06-02,536090.0,-0.04,49.95,50.24,-0.29,2,20.0,-2.54,0.05,during_roll,-0.44,-0.53
COQ17,2017,1,6,2017,2017-06-05,537060.0,-0.06,49.47,49.81,-0.34,3,19.0,0.18,-0.02,during_roll,-0.44,-0.53
COQ17,2017,1,6,2017,2017-06-06,547092.0,-0.05,50.12,50.42,-0.3,4,18.0,1.87,0.01,post_roll,-0.44,-0.53
COQ17,2017,1,6,2017,2017-06-07,529176.0,-0.08,48.06,48.43,-0.37,5,17.0,-3.27,-0.03,pre_roll,-0.44,-0.53
COQ17,2017,1,6,2017,2017-06-08,505498.0,-0.08,47.86,48.26,-0.4,6,16.0,-4.47,0.0,during_roll,-0.44,-0.53
COQ17,2017,1,6,2017,2017-06-09,489117.0,-0.07,48.15,48.53,-0.38,7,15.0,-3.24,0.01,during_roll,-0.44,-0.53
COQ17,2017,1,6,2017,2017-06-12,452299.0,-0.05,48.29,48.64,-0.35,8,14.0,-7.53,0.02,during_roll,-0.44,-0.53
COQ17,2017,1,6,2017,2017-06-13,430464.0,-0.05,48.72,49.05,-0.33,9,13.0,-4.83,0.0,during_roll,-0.44,-0.53
COQ17,2017,1,6,2017,2017-06-14,387871.0,0.03,47.0,47.29,-0.29,10,12.0,-9.89,0.08,during_roll,-0.44,-0.53
COQ17,2017,1,6,2017,2017-06-15,353875.0,0.03,46.92,47.19,-0.27,11,11.0,-8.76,0.0,during_roll,-0.44,-0.53
COQ17,2017,1,6,2017,2017-06-16,343248.0,0.01,47.37,47.63,-0.26,12,10.0,-3.0,-0.02,during_roll,-0.44,-0.53
COQ17,2017,1,6,2017,2017-06-19,316074.0,0.04,46.91,47.13,-0.22,13,9.0,-7.92,0.03,during_roll,-0.44,-0.53
COQ17,2017,1,6,2017,2017-06-20,286637.0,0.03,46.02,46.25,-0.23,14,8.0,-9.31,-0.01,during_roll,-0.44,-0.53
COQ17,2017,1,6,2017,2017-06-21,265759.0,0.03,44.82,45.05,-0.23,15,7.0,-7.28,0.0,during_roll,-0.44,-0.53
COQ17,2017,1,6,2017,2017-06-22,226311.0,0.04,45.22,45.41,-0.19,16,6.0,-14.84,0.01,during_roll,-0.44,-0.53
COQ17,2017,1,6,2017,2017-06-23,186621.0,0.02,45.54,45.75,-0.21,17,5.0,-17.54,-0.02,during_roll,-0.44,-0.53
COQ17,2017,1,6,2017,2017-06-26,174432.0,0.03,45.83,46.04,-0.21,18,4.0,-6.53,0.01,during_roll,-0.44,-0.53
COQ17,2017,1,6,2017,2017-06-27,149270.0,-0.0,46.65,46.92,-0.27,19,3.0,-14.43,-0.03,during_roll,-0.44,-0.53
COQ17,2017,1,6,2017,2017-06-28,122506.0,0.04,47.31,47.54,-0.23,20,2.0,-17.93,0.04,during_roll,-0.44,-0.53
COQ17,2017,1,6,2017,2017-06-29,47370.0,0.09,47.42,47.63,-0.21,21,1.0,-61.33,0.05,during_roll,-0.44,-0.53
COQ17,2017,1,6,2017,2017-06-30,47370.0,-0.58,47.92,48.77,-0.85,22,0.0,0.0,-0.67,during_roll,-0.44,-0.53
COQ18,2018,3,4,2018,2018-04-02,151020.0,0.05,67.64,67.18,0.46,1,64.0,,,,0.44,0.11
COQ18,2018,3,4,2018,2018-04-03,154260.0,0.05,68.12,67.67,0.45,2,63.0,2.15,0.0,,0.44,0.11
COQ18,2018,3,4,2018,2018-04-04,157061.0,0.05,68.02,67.55,0.47,3,62.0,1.82,0.0,,0.44,0.11
COQ18,2018,3,4,2018,2018-04-05,167372.0,0.04,68.33,67.9,0.43,4,61.0,6.56,-0.01,,0.44,0.11
COQ18,2018,3,4,2018,2018-04-06,178439.0,0.04,67.11,66.68,0.43,5,60.0,6.61,0.0,,0.44,0.11
COQ18,2018,3,4,2018,2018-04-09,181173.0,0.03,68.65,68.18,0.47,6,59.0,1.53,-0.01,,0.44,0.11
COQ18,2018,3,4,2018,2018-04-10,186374.0,0.0,71.04,70.42,0.62,7,58.0,2.87,-0.03,,0.44,0.11
COQ18,2018,3,4,2018,2018-04-11,195795.0,-0.01,72.06,71.46,0.6,8,57.0,5.05,-0.01,,0.44,0.11
COQ18,2018,3,4,2018,2018-04-12,194309.0,-0.01,72.02,71.4,0.62,9,56.0,-0.76,0.0,,0.44,0.11
COQ18,2018,3,4,2018,2018-04-13,206165.0,0.0,72.58,71.93,0.65,10,55.0,6.1,0.01,,0.44,0.11
COQ18,2018,3,4,2018,2018-04-16,217665.0,0.01,71.42,70.81,0.61,11,54.0,5.58,0.01,,0.44,0.11
COQ18,2018,3,4,2018,2018-04-17,226124.0,0.01,71.58,70.97,0.61,12,53.0,3.89,0.0,,0.44,0.11
COQ18,2018,3,4,2018,2018-04-18,226562.0,-0.01,73.48,72.84,0.64,13,52.0,0.19,-0.02,,0.44,0.11
COQ18,2018,3,4,2018,2018-04-19,238074.0,-0.01,73.78,73.11,0.67,14,51.0,5.08,0.0,,0.44,0.11
COQ18,2018,3,4,2018,2018-04-20,243689.0,0.02,74.06,73.35,0.71,15,50.0,2.36,0.03,,0.44,0.11
COQ18,2018,3,4,2018,2018-04-23,255078.0,-0.0,74.71,74.01,0.7,16,49.0,4.67,-0.02,,0.44,0.11
COQ18,2018,3,4,2018,2018-04-24,270836.0,-0.01,73.86,73.07,0.79,17,48.0,6.18,-0.01,,0.44,0.11
COQ18,2018,3,4,2018,2018-04-25,278989.0,-0.02,74.0,73.23,0.77,18,47.0,3.01,-0.01,,0.44,0.11
COQ18,2018,3,4,2018,2018-04-26,290990.0,-0.0,74.74,73.88,0.86,19,46.0,4.3,0.02,,0.44,0.11
COQ18,2018,3,4,2018,2018-04-27,288105.0,0.0,74.64,73.79,0.85,20,45.0,-0.99,0.0,,0.44,0.11
COQ18,2018,3,4,2018,2018-04-30,305993.0,0.01,75.17,74.69,0.48,21,44.0,6.21,0.01,,0.44,0.11
COQ18,2018,2,5,2018,2018-05-01,318285.0,-0.01,73.13,72.7,0.43,1,43.0,,,,0.44,0.11
COQ18,2018,2,5,2018,2018-05-02,332674.0,0.01,73.36,72.94,0.42,2,42.0,4.52,0.02,,0.44,0.11
COQ18,2018,2,5,2018,2018-05-03,345768.0,-0.0,73.62,73.22,0.4,3,41.0,3.94,-0.01,,0.44,0.11
COQ18,2018,2,5,2018,2018-05-04,358031.0,0.0,74.87,74.52,0.35,4,40.0,3.55,0.0,,0.44,0.11
COQ18,2018,2,5,2018,2018-05-07,374746.0,-0.02,76.17,75.83,0.34,5,39.0,4.67,-0.02,,0.44,0.11
COQ18,2018,2,5,2018,2018-05-08,395071.0,-0.02,74.85,74.57,0.28,6,38.0,5.42,0.0,,0.44,0.11
COQ18,2018,2,5,2018,2018-05-09,417234.0,-0.04,77.21,76.93,0.28,7,37.0,5.61,-0.02,,0.44,0.11
COQ18,2018,2,5,2018,2018-05-10,419993.0,-0.05,77.47,77.24,0.23,8,36.0,0.66,-0.01,,0.44,0.11
COQ18,2018,2,5,2018,2018-05-11,450650.0,-0.06,77.12,76.94,0.18,9,35.0,7.3,-0.01,,0.44,0.11
COQ18,2018,2,5,2018,2018-05-14,457207.0,-0.05,78.23,77.99,0.24,10,34.0,1.46,0.01,,0.44,0.11
COQ18,2018,2,5,2018,2018-05-15,462918.0,-0.05,78.43,78.27,0.16,11,33.0,1.25,0.0,,0.44,0.11
COQ18,2018,2,5,2018,2018-05-16,459069.0,-0.09,79.28,79.17,0.11,12,32.0,-0.83,-0.04,,0.44,0.11
COQ18,2018,2,5,2018,2018-05-17,451054.0,-0.07,79.3,79.25,0.05,13,31.0,-1.75,0.02,,0.44,0.11
COQ18,2018,2,5,2018,2018-05-18,459068.0,-0.05,78.51,78.49,0.02,14,30.0,1.78,0.02,,0.44,0.11
COQ18,2018,2,5,2018,2018-05-21,475730.0,-0.06,79.22,79.26,-0.04,15,29.0,3.63,-0.01,,0.44,0.11
COQ18,2018,2,5,2018,2018-05-22,489933.0,-0.05,79.57,79.59,-0.02,16,28.0,2.99,0.01,,0.44,0.11
COQ18,2018,2,5,2018,2018-05-23,484698.0,-0.05,79.8,79.84,-0.04,17,27.0,-1.07,0.0,,0.44,0.11
COQ18,2018,2,5,2018,2018-05-24,491102.0,-0.06,78.79,78.83,-0.04,18,26.0,1.32,-0.01,,0.44,0.11
COQ18,2018,2,5,2018,2018-05-25,494988.0,-0.05,76.44,76.47,-0.03,19,25.0,0.79,0.01,,0.44,0.11
COQ18,2018,2,5,2018,2018-05-28,502898.0,-0.04,75.3,75.32,-0.02,20,24.0,1.6,0.01,,0.44,0.11
COQ18,2018,2,5,2018,2018-05-29,539597.0,-0.06,75.39,75.49,-0.1,21,23.0,7.3,-0.02,,0.44,0.11
COQ18,2018,2,5,2018,2018-05-30,561702.0,-0.06,77.5,77.72,-0.22,22,22.0,4.1,0.0,,0.44,0.11
COQ18,2018,2,5,2018,2018-05-31,549976.0,-0.04,77.59,77.56,0.03,23,21.0,-2.09,0.02,,0.44,0.11
COQ18,2018,1,6,2018,2018-06-01,540818.0,-0.01,76.79,76.51,0.28,1,20.0,,,pre_roll,0.44,0.11
COQ18,2018,1,6,2018,2018-06-04,531339.0,-0.03,75.29,75.1,0.19,2,19.0,-1.75,-0.02,during_roll,0.44,0.11
COQ18,2018,1,6,2018,2018-06-05,522606.0,-0.03,75.38,75.13,0.25,3,18.0,-1.64,0.0,during_roll,0.44,0.11
COQ18,2018,1,6,2018,2018-06-06,499722.0,0.02,75.36,74.96,0.4,4,17.0,-4.38,0.05,during_roll,0.44,0.11
COQ18,2018,1,6,2018,2018-06-07,480755.0,-0.04,77.32,76.98,0.34,5,16.0,-3.8,-0.06,during_roll,0.44,0.11
COQ18,2018,1,6,2018,2018-06-08,466566.0,-0.06,76.46,76.19,0.27,6,15.0,-2.95,-0.02,during_roll,0.44,0.11
COQ18,2018,1,6,2018,2018-06-11,460407.0,-0.1,76.46,76.19,0.27,7,14.0,-1.32,-0.04,during_roll,0.44,0.11
COQ18,2018,1,6,2018,2018-06-12,448589.0,-0.12,75.88,75.65,0.23,8,13.0,-2.57,-0.02,during_roll,0.44,0.11
COQ18,2018,1,6,2018,2018-06-13,433097.0,-0.12,76.74,76.48,0.26,9,12.0,-3.45,0.0,during_roll,0.44,0.11
COQ18,2018,1,6,2018,2018-06-14,397310.0,-0.1,75.94,75.62,0.32,10,11.0,-8.26,0.02,during_roll,0.44,0.11
COQ18,2018,1,6,2018,2018-06-15,371688.0,-0.06,73.44,73.08,0.36,11,10.0,-6.45,0.04,during_roll,0.44,0.11
COQ18,2018,1,6,2018,2018-06-18,346941.0,-0.02,75.34,74.94,0.4,12,9.0,-6.66,0.04,during_roll,0.44,0.11
COQ18,2018,1,6,2018,2018-06-19,326552.0,-0.04,75.08,74.64,0.44,13,8.0,-5.88,-0.02,during_roll,0.44,0.11
COQ18,2018,1,6,2018,2018-06-20,303988.0,-0.03,74.74,74.33,0.41,14,7.0,-6.91,0.01,during_roll,0.44,0.11
COQ18,2018,1,6,2018,2018-06-21,269872.0,-0.13,73.05,72.8,0.25,15,6.0,-11.22,-0.1,during_roll,0.44,0.11
COQ18,2018,1,6,2018,2018-06-22,206107.0,-0.15,75.55,75.32,0.23,16,5.0,-23.63,-0.02,during_roll,0.44,0.11
COQ18,2018,1,6,2018,2018-06-25,181214.0,-0.15,74.73,74.55,0.18,17,4.0,-12.08,0.0,during_roll,0.44,0.11
COQ18,2018,1,6,2018,2018-06-26,138025.0,-0.14,76.31,76.14,0.17,18,3.0,-23.83,0.01,during_roll,0.44,0.11
COQ18,2018,1,6,2018,2018-06-27,123125.0,-0.13,77.62,77.46,0.16,19,2.0,-10.8,0.01,during_roll,0.44,0.11
COQ18,2018,1,6,2018,2018-06-28,67474.0,-0.04,77.85,77.61,0.24,20,1.0,-45.2,0.09,during_roll,0.44,0.11
COQ18,2018,1,6,2018,2018-06-29,67474.0,-0.16,79.44,79.23,0.21,21,0.0,0.0,-0.12,during_roll,0.44,0.11
COQ19,2019,3,4,2019,2019-04-01,157056.0,0.02,69.01,68.59,0.42,1,64.0,,,,0.44,0.08
COQ19,2019,3,4,2019,2019-04-02,142842.0,0.02,69.37,68.93,0.44,2,63.0,-9.05,0.0,,0.44,0.08
COQ19,2019,3,4,2019,2019-04-03,148542.0,0.03,69.31,68.91,0.4,3,62.0,3.99,0.01,,0.44,0.08
COQ19,2019,3,4,2019,2019-04-04,148378.0,0.02,69.4,69.02,0.38,4,61.0,-0.11,-0.01,,0.44,0.08
COQ19,2019,3,4,2019,2019-04-05,149216.0,0.02,70.34,69.93,0.41,5,60.0,0.56,0.0,,0.44,0.08
COQ19,2019,3,4,2019,2019-04-08,149139.0,0.01,71.1,70.61,0.49,6,59.0,-0.05,-0.01,,0.44,0.08
COQ19,2019,3,4,2019,2019-04-09,153220.0,0.02,70.61,70.16,0.45,7,58.0,2.74,0.01,,0.44,0.08
COQ19,2019,3,4,2019,2019-04-10,161092.0,0.01,71.73,71.3,0.43,8,57.0,5.14,-0.01,,0.44,0.08
COQ19,2019,3,4,2019,2019-04-11,163740.0,0.02,70.83,70.4,0.43,9,56.0,1.64,0.01,,0.44,0.08
COQ19,2019,3,4,2019,2019-04-12,168391.0,0.03,71.55,71.06,0.49,10,55.0,2.84,0.01,,0.44,0.08
COQ19,2019,3,4,2019,2019-04-15,168314.0,0.04,71.18,70.74,0.44,11,54.0,-0.05,0.01,,0.44,0.08
COQ19,2019,3,4,2019,2019-04-16,176241.0,0.04,71.72,71.21,0.51,12,53.0,4.71,0.0,,0.44,0.08
COQ19,2019,3,4,2019,2019-04-17,174602.0,0.05,71.62,71.09,0.53,13,52.0,-0.93,0.01,,0.44,0.08
COQ19,2019,3,4,2019,2019-04-18,180921.0,0.05,71.97,71.43,0.54,14,51.0,3.62,0.0,,0.44,0.08
COQ19,2019,3,4,2019,2019-04-19,181630.0,0.05,74.04,73.39,0.65,15,50.0,0.39,0.0,,0.44,0.08
COQ19,2019,3,4,2019,2019-04-22,183759.0,0.05,74.04,73.39,0.65,16,49.0,1.17,0.0,,0.44,0.08
COQ19,2019,3,4,2019,2019-04-23,183920.0,0.04,74.51,73.89,0.62,17,48.0,0.09,-0.01,,0.44,0.08
COQ19,2019,3,4,2019,2019-04-24,187907.0,0.04,74.57,73.84,0.73,18,47.0,2.17,0.0,,0.44,0.08
COQ19,2019,3,4,2019,2019-04-25,190542.0,0.06,74.35,73.63,0.72,19,46.0,1.4,0.02,,0.44,0.08
COQ19,2019,3,4,2019,2019-04-26,189239.0,0.05,72.15,71.63,0.52,20,45.0,-0.68,-0.01,,0.44,0.08
COQ19,2019,3,4,2019,2019-04-29,195393.0,0.05,72.04,71.54,0.5,21,44.0,3.25,0.0,,0.44,0.08
COQ19,2019,3,4,2019,2019-04-30,197070.0,0.05,72.8,72.06,0.74,22,43.0,0.86,0.0,,0.44,0.08
COQ19,2019,2,5,2019,2019-05-01,206998.0,0.04,72.18,71.5,0.68,1,42.0,,,,0.44,0.08
COQ19,2019,2,5,2019,2019-05-02,203551.0,0.07,70.75,70.02,0.73,2,41.0,-1.67,0.03,,0.44,0.08
COQ19,2019,2,5,2019,2019-05-03,207388.0,0.11,70.85,70.03,0.82,3,40.0,1.89,0.04,,0.44,0.08
COQ19,2019,2,5,2019,2019-05-06,208401.0,0.13,71.24,70.37,0.87,4,39.0,0.49,0.02,,0.44,0.08
COQ19,2019,2,5,2019,2019-05-07,219653.0,0.12,69.88,69.07,0.81,5,38.0,5.4,-0.01,,0.44,0.08
COQ19,2019,2,5,2019,2019-05-08,229800.0,0.11,70.37,69.62,0.75,6,37.0,4.62,-0.01,,0.44,0.08
COQ19,2019,2,5,2019,2019-05-09,241940.0,0.13,70.39,69.48,0.91,7,36.0,5.28,0.02,,0.44,0.08
COQ19,2019,2,5,2019,2019-05-10,252522.0,0.15,70.62,69.64,0.98,8,35.0,4.37,0.02,,0.44,0.08
COQ19,2019,2,5,2019,2019-05-13,263258.0,0.15,70.23,69.31,0.92,9,34.0,4.25,0.0,,0.44,0.08
COQ19,2019,2,5,2019,2019-05-14,267661.0,0.13,71.24,70.31,0.93,10,33.0,1.67,-0.02,,0.44,0.08
COQ19,2019,2,5,2019,2019-05-15,285300.0,0.13,71.77,70.9,0.87,11,32.0,6.59,0.0,,0.44,0.08
COQ19,2019,2,5,2019,2019-05-16,316159.0,0.17,72.62,71.7,0.92,12,31.0,10.82,0.04,,0.44,0.08
COQ19,2019,2,5,2019,2019-05-17,335055.0,0.19,72.21,71.26,0.95,13,30.0,5.98,0.02,,0.44,0.08
COQ19,2019,2,5,2019,2019-05-20,361526.0,0.18,71.97,71.16,0.81,14,29.0,7.9,-0.01,,0.44,0.08
COQ19,2019,2,5,2019,2019-05-21,387558.0,0.19,72.18,71.31,0.87,15,28.0,7.2,0.01,,0.44,0.08
COQ19,2019,2,5,2019,2019-05-22,406493.0,0.2,70.99,69.99,1.0,16,27.0,4.89,0.01,,0.44,0.08
COQ19,2019,2,5,2019,2019-05-23,410623.0,0.27,67.76,66.5,1.26,17,26.0,1.02,0.07,,0.44,0.08
COQ19,2019,2,5,2019,2019-05-24,409666.0,0.26,68.69,67.47,1.22,18,25.0,-0.23,-0.01,,0.44,0.08
COQ19,2019,2,5,2019,2019-05-27,409589.0,0.26,70.11,68.77,1.34,19,24.0,-0.02,0.0,,0.44,0.08
COQ19,2019,2,5,2019,2019-05-28,405843.0,0.26,70.11,68.67,1.44,20,23.0,-0.91,0.0,,0.44,0.08
COQ19,2019,2,5,2019,2019-05-29,421914.0,0.28,69.45,67.87,1.58,21,22.0,3.96,0.02,,0.44,0.08
COQ19,2019,2,5,2019,2019-05-30,438784.0,0.3,66.87,65.33,1.54,22,21.0,4.0,0.02,,0.44,0.08
COQ19,2019,2,5,2019,2019-05-31,435460.0,0.34,64.49,61.99,2.5,23,20.0,-0.76,0.04,,0.44,0.08
COQ19,2019,1,6,2019,2019-06-03,434562.0,0.35,61.28,60.46,0.82,1,19.0,,,pre_roll,0.44,0.08
COQ19,2019,1,6,2019,2019-06-04,443635.0,0.32,61.97,61.08,0.89,2,18.0,2.09,-0.03,pre_roll,0.44,0.08
COQ19,2019,1,6,2019,2019-06-05,446855.0,0.44,60.63,59.53,1.1,3,17.0,0.73,0.12,pre_roll,0.44,0.08
COQ19,2019,1,6,2019,2019-06-06,449055.0,0.45,61.67,60.52,1.15,4,16.0,0.49,0.01,pre_roll,0.44,0.08
COQ19,2019,1,6,2019,2019-06-07,431367.0,0.43,63.29,62.18,1.11,5,15.0,-3.94,-0.02,pre_roll,0.44,0.08
COQ19,2019,1,6,2019,2019-06-10,413871.0,0.4,62.29,61.34,0.95,6,14.0,-4.06,-0.03,during_roll,0.44,0.08
COQ19,2019,1,6,2019,2019-06-11,378735.0,0.34,62.29,61.45,0.84,7,13.0,-8.49,-0.06,during_roll,0.44,0.08
COQ19,2019,1,6,2019,2019-06-12,348057.0,0.33,59.97,59.19,0.78,8,12.0,-8.1,-0.01,during_roll,0.44,0.08
COQ19,2019,1,6,2019,2019-06-13,335267.0,0.38,61.31,60.45,0.86,9,11.0,-3.67,0.05,during_roll,0.44,0.08
COQ19,2019,1,6,2019,2019-06-14,331594.0,0.46,62.01,61.01,1.0,10,10.0,-1.1,0.08,during_roll,0.44,0.08
COQ19,2019,1,6,2019,2019-06-17,327240.0,0.49,60.94,59.99,0.95,11,9.0,-1.31,0.03,during_roll,0.44,0.08
COQ19,2019,1,6,2019,2019-06-18,305898.0,0.4,62.14,61.33,0.81,12,8.0,-6.52,-0.09,during_roll,0.44,0.08
COQ19,2019,1,6,2019,2019-06-19,280325.0,0.38,61.82,61.04,0.78,13,7.0,-8.36,-0.02,during_roll,0.44,0.08
COQ19,2019,1,6,2019,2019-06-20,246019.0,0.28,64.45,63.76,0.69,14,6.0,-12.24,-0.1,during_roll,0.44,0.08
COQ19,2019,1,6,2019,2019-06-21,209933.0,0.3,65.2,64.45,0.75,15,5.0,-14.67,0.02,during_roll,0.44,0.08
COQ19,2019,1,6,2019,2019-06-24,192089.0,0.31,64.86,64.18,0.68,16,4.0,-8.5,0.01,during_roll,0.44,0.08
COQ19,2019,1,6,2019,2019-06-25,155818.0,0.4,65.05,64.28,0.77,17,3.0,-18.88,0.09,during_roll,0.44,0.08
COQ19,2019,1,6,2019,2019-06-26,136386.0,0.4,66.49,65.69,0.8,18,2.0,-12.47,0.0,during_roll,0.44,0.08
COQ19,2019,1,6,2019,2019-06-27,104271.0,0.48,66.55,65.67,0.88,19,1.0,-23.55,0.08,during_roll,0.44,0.08
COQ19,2019,1,6,2019,2019-06-28,104271.0,1.42,66.55,64.74,1.81,20,0.0,0.0,0.94,during_roll,0.44,0.08
COQ20,2020,3,4,2020,2020-04-01,148464.0,-0.47,24.74,28.04,-3.3,1,63.0,,,,-0.3,0.0
COQ20,2020,3,4,2020,2020-04-02,158970.0,-0.38,29.94,32.1,-2.16,2,62.0,7.08,0.09,,-0.3,0.0
COQ20,2020,3,4,2020,2020-04-03,159221.0,-0.16,34.11,35.48,-1.37,3,61.0,0.16,0.22,,-0.3,0.0
COQ20,2020,3,4,2020,2020-04-06,163453.0,-0.27,33.05,34.89,-1.84,4,60.0,2.66,-0.11,,-0.3,0.0
COQ20,2020,3,4,2020,2020-04-07,169525.0,-0.31,31.87,34.49,-2.62,5,59.0,3.71,-0.04,,-0.3,0.0
COQ20,2020,3,4,2020,2020-04-08,178123.0,-0.17,32.84,35.12,-2.28,6,58.0,5.07,0.14,,-0.3,0.0
COQ20,2020,3,4,2020,2020-04-09,189522.0,-0.22,31.48,34.18,-2.7,7,57.0,6.4,-0.05,,-0.3,0.0
COQ20,2020,3,4,2020,2020-04-13,193011.0,-0.3,31.74,34.91,-3.17,8,56.0,1.84,-0.08,,-0.3,0.0
COQ20,2020,3,4,2020,2020-04-14,191931.0,-0.41,29.6,33.57,-3.97,9,55.0,-0.56,-0.11,,-0.3,0.0
COQ20,2020,3,4,2020,2020-04-15,198362.0,-0.4,27.69,31.44,-3.75,10,54.0,3.35,0.01,,-0.3,0.0
COQ20,2020,3,4,2020,2020-04-16,214341.0,-0.35,27.82,31.55,-3.73,11,53.0,8.06,0.05,,-0.3,0.0
COQ20,2020,3,4,2020,2020-04-17,215110.0,-0.32,28.08,31.58,-3.5,12,52.0,0.36,0.03,,-0.3,0.0
COQ20,2020,3,4,2020,2020-04-20,221036.0,-0.4,25.57,29.21,-3.64,13,51.0,2.75,-0.08,,-0.3,0.0
COQ20,2020,3,4,2020,2020-04-21,221061.0,-0.41,19.33,23.12,-3.79,14,50.0,0.01,-0.01,,-0.3,0.0
COQ20,2020,3,4,2020,2020-04-22,215537.0,-0.47,20.37,24.06,-3.69,15,49.0,-2.5,-0.06,,-0.3,0.0
COQ20,2020,3,4,2020,2020-04-23,222976.0,-0.39,21.33,24.79,-3.46,16,48.0,3.45,0.08,,-0.3,0.0
COQ20,2020,3,4,2020,2020-04-24,229595.0,-0.39,21.44,24.81,-3.37,17,47.0,2.97,0.0,,-0.3,0.0
COQ20,2020,3,4,2020,2020-04-27,237488.0,-0.42,19.99,23.07,-3.08,18,46.0,3.44,-0.03,,-0.3,0.0
COQ20,2020,3,4,2020,2020-04-28,250652.0,-0.37,20.46,22.74,-2.28,19,45.0,5.54,0.05,,-0.3,0.0
COQ20,2020,3,4,2020,2020-04-29,252667.0,-0.32,22.54,24.23,-1.69,20,44.0,0.8,0.05,,-0.3,0.0
COQ20,2020,3,4,2020,2020-04-30,251330.0,-0.23,25.27,26.48,-1.21,21,43.0,-0.53,0.09,,-0.3,0.0
COQ20,2020,2,5,2020,2020-05-01,255011.0,-0.21,26.44,28.07,-1.63,1,42.0,,,,-0.3,0.0
COQ20,2020,2,5,2020,2020-05-04,259066.0,-0.18,27.2,28.68,-1.48,2,41.0,1.59,0.03,,-0.3,0.0
COQ20,2020,2,5,2020,2020-05-05,268855.0,-0.1,30.97,31.91,-0.94,3,40.0,3.78,0.08,,-0.3,0.0
COQ20,2020,2,5,2020,2020-05-06,270815.0,-0.07,29.72,30.6,-0.88,4,39.0,0.73,0.03,,-0.3,0.0
COQ20,2020,2,5,2020,2020-05-07,275348.0,-0.05,29.46,30.4,-0.94,5,38.0,1.67,0.02,,-0.3,0.0
COQ20,2020,2,5,2020,2020-05-08,280301.0,-0.16,30.97,32.08,-1.11,6,37.0,1.8,-0.11,,-0.3,0.0
COQ20,2020,2,5,2020,2020-05-11,294373.0,-0.09,29.63,30.65,-1.02,7,36.0,5.02,0.07,,-0.3,0.0
COQ20,2020,2,5,2020,2020-05-12,301652.0,-0.04,29.98,30.81,-0.83,8,35.0,2.47,0.05,,-0.3,0.0
COQ20,2020,2,5,2020,2020-05-13,306273.0,0.05,29.19,29.96,-0.77,9,34.0,1.53,0.09,,-0.3,0.0
COQ20,2020,2,5,2020,2020-05-14,309587.0,0.07,31.13,31.64,-0.51,10,33.0,1.08,0.02,,-0.3,0.0
COQ20,2020,2,5,2020,2020-05-15,317077.0,0.08,32.5,32.8,-0.3,11,32.0,2.42,0.01,,-0.3,0.0
COQ20,2020,2,5,2020,2020-05-18,317423.0,0.07,34.81,35.05,-0.24,12,31.0,0.11,-0.01,,-0.3,0.0
COQ20,2020,2,5,2020,2020-05-19,325950.0,0.02,34.65,34.94,-0.29,13,30.0,2.69,-0.05,,-0.3,0.0
COQ20,2020,2,5,2020,2020-05-20,341191.0,-0.01,35.75,36.02,-0.27,14,29.0,4.68,-0.03,,-0.3,0.0
COQ20,2020,2,5,2020,2020-05-21,358620.0,0.0,36.06,36.41,-0.35,15,28.0,5.11,0.01,,-0.3,0.0
COQ20,2020,2,5,2020,2020-05-22,369361.0,0.02,35.13,35.66,-0.53,16,27.0,3.0,0.02,,-0.3,0.0
COQ20,2020,2,5,2020,2020-05-25,369923.0,0.05,35.53,36.12,-0.59,17,26.0,0.15,0.03,,-0.3,0.0
COQ20,2020,2,5,2020,2020-05-26,376305.0,0.03,36.17,36.74,-0.57,18,25.0,1.73,-0.02,,-0.3,0.0
COQ20,2020,2,5,2020,2020-05-27,386133.0,0.03,34.74,35.45,-0.71,19,24.0,2.61,0.0,,-0.3,0.0
COQ20,2020,2,5,2020,2020-05-28,409844.0,0.01,35.29,36.03,-0.74,20,23.0,6.14,-0.02,,-0.3,0.0
COQ20,2020,2,5,2020,2020-05-29,411538.0,0.0,35.33,37.84,-2.51,21,22.0,0.41,-0.01,,-0.3,0.0
COQ20,2020,1,6,2020,2020-06-01,413696.0,0.09,38.32,38.43,-0.11,1,21.0,,,pre_roll,-0.3,0.0
COQ20,2020,1,6,2020,2020-06-02,408305.0,0.1,39.57,39.66,-0.09,2,20.0,-1.3,0.01,pre_roll,-0.3,0.0
COQ20,2020,1,6,2020,2020-06-03,401293.0,0.09,39.79,39.97,-0.18,3,19.0,-1.72,-0.01,during_roll,-0.3,0.0
COQ20,2020,1,6,2020,2020-06-04,395826.0,0.14,39.99,40.17,-0.18,4,18.0,-1.36,0.05,during_roll,-0.3,0.0
COQ20,2020,1,6,2020,2020-06-05,379803.0,0.08,42.3,42.42,-0.12,5,17.0,-4.05,-0.06,during_roll,-0.3,0.0
COQ20,2020,1,6,2020,2020-06-08,360679.0,0.04,40.8,41.0,-0.2,6,16.0,-5.04,-0.04,during_roll,-0.3,0.0
COQ20,2020,1,6,2020,2020-06-09,345216.0,-0.04,41.18,41.51,-0.33,7,15.0,-4.29,-0.08,during_roll,-0.3,0.0
COQ20,2020,1,6,2020,2020-06-10,337489.0,-0.01,41.73,41.94,-0.21,8,14.0,-2.24,0.03,during_roll,-0.3,0.0
COQ20,2020,1,6,2020,2020-06-11,322626.0,-0.03,38.55,38.88,-0.33,9,13.0,-4.4,-0.02,during_roll,-0.3,0.0
COQ20,2020,1,6,2020,2020-06-12,311538.0,0.05,38.73,38.98,-0.25,10,12.0,-3.44,0.08,during_roll,-0.3,0.0
COQ20,2020,1,6,2020,2020-06-15,287376.0,0.06,39.72,39.93,-0.21,11,11.0,-7.76,0.01,during_roll,-0.3,0.0
COQ20,2020,1,6,2020,2020-06-16,266813.0,0.05,40.96,41.13,-0.17,12,10.0,-7.16,-0.01,during_roll,-0.3,0.0
COQ20,2020,1,6,2020,2020-06-17,258755.0,0.08,40.71,40.77,-0.06,13,9.0,-3.02,0.03,during_roll,-0.3,0.0
COQ20,2020,1,6,2020,2020-06-18,244392.0,0.08,41.51,41.47,0.04,14,8.0,-5.55,0.0,during_roll,-0.3,0.0
COQ20,2020,1,6,2020,2020-06-19,229292.0,0.06,42.19,42.14,0.05,15,7.0,-6.18,-0.02,during_roll,-0.3,0.0
COQ20,2020,1,6,2020,2020-06-22,207501.0,0.02,43.08,43.07,0.01,16,6.0,-9.5,-0.04,during_roll,-0.3,0.0
COQ20,2020,1,6,2020,2020-06-23,192266.0,-0.03,42.63,42.73,-0.1,17,5.0,-7.34,-0.05,during_roll,-0.3,0.0
COQ20,2020,1,6,2020,2020-06-24,174559.0,-0.03,40.31,40.53,-0.22,18,4.0,-9.21,0.0,during_roll,-0.3,0.0
COQ20,2020,1,6,2020,2020-06-25,138989.0,0.04,41.05,41.12,-0.07,19,3.0,-20.38,0.07,during_roll,-0.3,0.0
COQ20,2020,1,6,2020,2020-06-26,115378.0,0.13,41.02,40.93,0.09,20,2.0,-16.99,0.09,during_roll,-0.3,0.0
COQ20,2020,1,6,2020,2020-06-29,65624.0,-0.04,41.71,41.85,-0.14,21,1.0,-43.12,-0.17,during_roll,-0.3,0.0
COQ20,2020,1,6,2020,2020-06-30,59912.0,-0.0,41.15,41.27,-0.12,22,0.0,-8.7,0.04,during_roll,-0.3,0.0
COQ21,2021,3,4,2021,2021-04-01,166194.0,-0.03,64.86,64.46,0.4,1,62.0,,,,0.37,0.96
COQ21,2021,3,4,2021,2021-04-05,167141.0,-0.02,62.15,61.83,0.32,2,61.0,0.57,0.01,,0.37,0.96
COQ21,2021,3,4,2021,2021-04-06,165178.0,-0.03,62.74,62.43,0.31,3,60.0,-1.17,-0.01,,0.37,0.96
COQ21,2021,3,4,2021,2021-04-07,158860.0,-0.01,63.16,62.81,0.35,4,59.0,-3.82,0.02,,0.37,0.96
COQ21,2021,3,4,2021,2021-04-08,157809.0,-0.02,63.2,62.71,0.49,5,58.0,-0.66,-0.01,,0.37,0.96
COQ21,2021,3,4,2021,2021-04-09,151235.0,0.0,62.95,62.53,0.42,6,57.0,-4.17,0.02,,0.37,0.96
COQ21,2021,3,4,2021,2021-04-12,152329.0,0.0,63.28,62.86,0.42,7,56.0,0.72,0.0,,0.37,0.96
COQ21,2021,3,4,2021,2021-04-13,162803.0,0.0,63.67,63.28,0.39,8,55.0,6.88,0.0,,0.37,0.96
COQ21,2021,3,4,2021,2021-04-14,165588.0,-0.01,66.58,66.15,0.43,9,54.0,1.71,-0.01,,0.37,0.96
COQ21,2021,3,4,2021,2021-04-15,161223.0,-0.0,66.94,66.45,0.49,10,53.0,-2.64,0.01,,0.37,0.96
COQ21,2021,3,4,2021,2021-04-16,175306.0,0.0,66.77,66.29,0.48,11,52.0,8.74,0.0,,0.37,0.96
COQ21,2021,3,4,2021,2021-04-19,176028.0,0.0,67.05,66.46,0.59,12,51.0,0.41,0.0,,0.37,0.96
COQ21,2021,3,4,2021,2021-04-20,179542.0,0.01,66.57,65.92,0.65,13,50.0,2.0,0.01,,0.37,0.96
COQ21,2021,3,4,2021,2021-04-21,182356.0,0.02,65.32,64.68,0.64,14,49.0,1.57,0.01,,0.37,0.96
COQ21,2021,3,4,2021,2021-04-22,188330.0,0.01,65.4,64.75,0.65,15,48.0,3.28,-0.01,,0.37,0.96
COQ21,2021,3,4,2021,2021-04-23,195789.0,-0.01,66.11,65.42,0.69,16,47.0,3.96,-0.02,,0.37,0.96
COQ21,2021,3,4,2021,2021-04-26,196568.0,-0.02,65.65,65.03,0.62,17,46.0,0.4,-0.01,,0.37,0.96
COQ21,2021,3,4,2021,2021-04-27,206656.0,-0.03,66.42,65.87,0.55,18,45.0,5.13,-0.01,,0.37,0.96
COQ21,2021,3,4,2021,2021-04-28,215212.0,-0.04,67.27,66.78,0.49,19,44.0,4.14,-0.01,,0.37,0.96
COQ21,2021,3,4,2021,2021-04-29,227047.0,-0.03,68.56,68.05,0.51,20,43.0,5.5,0.01,,0.37,0.96
COQ21,2021,3,4,2021,2021-04-30,240271.0,-0.02,67.25,66.76,0.49,21,42.0,5.82,0.01,,0.37,0.96
COQ21,2021,2,5,2021,2021-05-03,243130.0,-0.04,67.56,67.14,0.42,1,41.0,,,,0.37,0.96
COQ21,2021,2,5,2021,2021-05-04,246665.0,-0.04,68.88,68.45,0.43,2,40.0,1.45,0.0,,0.37,0.96
COQ21,2021,2,5,2021,2021-05-05,264791.0,-0.04,68.96,68.55,0.41,3,39.0,7.35,0.0,,0.37,0.96
COQ21,2021,2,5,2021,2021-05-06,281499.0,-0.03,68.09,67.72,0.37,4,38.0,6.31,0.01,,0.37,0.96
COQ21,2021,2,5,2021,2021-05-07,290423.0,-0.02,68.28,68.0,0.28,5,37.0,3.17,0.01,,0.37,0.96
COQ21,2021,2,5,2021,2021-05-10,307518.0,-0.03,68.32,68.09,0.23,6,36.0,5.89,-0.01,,0.37,0.96
COQ21,2021,2,5,2021,2021-05-11,326147.0,-0.03,68.55,68.37,0.18,7,35.0,6.06,0.0,,0.37,0.96
COQ21,2021,2,5,2021,2021-05-12,356756.0,-0.03,69.32,69.14,0.18,8,34.0,9.39,0.0,,0.37,0.96
COQ21,2021,2,5,2021,2021-05-13,381177.0,-0.05,67.05,66.88,0.17,9,33.0,6.85,-0.02,,0.37,0.96
COQ21,2021,2,5,2021,2021-05-14,410784.0,-0.04,68.71,68.38,0.33,10,32.0,7.77,0.01,,0.37,0.96
COQ21,2021,2,5,2021,2021-05-17,422837.0,-0.04,69.46,69.14,0.32,11,31.0,2.93,0.0,,0.37,0.96
COQ21,2021,2,5,2021,2021-05-18,449117.0,-0.05,68.71,68.52,0.19,12,30.0,6.22,-0.01,,0.37,0.96
COQ21,2021,2,5,2021,2021-05-19,461725.0,-0.06,66.66,66.53,0.13,13,29.0,2.81,-0.01,,0.37,0.96
COQ21,2021,2,5,2021,2021-05-20,484109.0,-0.05,65.11,65.07,0.04,14,28.0,4.85,0.01,,0.37,0.96
COQ21,2021,2,5,2021,2021-05-21,491277.0,-0.05,66.44,66.35,0.09,15,27.0,1.48,0.0,,0.37,0.96
COQ21,2021,2,5,2021,2021-05-24,515382.0,-0.06,68.46,68.37,0.09,16,26.0,4.91,-0.01,,0.37,0.96
COQ21,2021,2,5,2021,2021-05-25,531329.0,-0.06,68.65,68.49,0.16,17,25.0,3.09,0.0,,0.37,0.96
COQ21,2021,2,5,2021,2021-05-26,550402.0,-0.06,68.87,68.73,0.14,18,24.0,3.59,0.0,,0.37,0.96
COQ21,2021,2,5,2021,2021-05-27,586719.0,-0.1,69.46,69.2,0.26,19,23.0,6.6,-0.04,,0.37,0.96
COQ21,2021,2,5,2021,2021-05-28,560641.0,-0.11,69.63,68.72,0.91,20,22.0,-4.44,-0.01,,0.37,0.96
COQ21,2021,1,6,2021,2021-06-01,548775.0,-0.12,70.25,69.85,0.4,1,21.0,,,pre_roll,0.37,0.96
COQ21,2021,1,6,2021,2021-06-02,536400.0,-0.15,71.35,70.95,0.4,2,20.0,-2.26,-0.03,during_roll,0.37,0.96
COQ21,2021,1,6,2021,2021-06-03,524449.0,-0.13,71.31,70.89,0.42,3,19.0,-2.23,0.02,during_roll,0.37,0.96
COQ21,2021,1,6,2021,2021-06-04,518313.0,-0.17,71.89,71.49,0.4,4,18.0,-1.17,-0.04,during_roll,0.37,0.96
COQ21,2021,1,6,2021,2021-06-07,498201.0,-0.15,71.49,71.11,0.38,5,17.0,-3.88,0.02,during_roll,0.37,0.96
COQ21,2021,1,6,2021,2021-06-08,481405.0,-0.15,72.22,71.81,0.41,6,16.0,-3.37,0.0,during_roll,0.37,0.96
COQ21,2021,1,6,2021,2021-06-09,450265.0,-0.11,72.22,71.75,0.47,7,15.0,-6.47,0.04,during_roll,0.37,0.96
COQ21,2021,1,6,2021,2021-06-10,429331.0,-0.07,72.52,71.98,0.54,8,14.0,-4.65,0.04,during_roll,0.37,0.96
COQ21,2021,1,6,2021,2021-06-11,417207.0,-0.06,72.69,72.11,0.58,9,13.0,-2.82,0.01,during_roll,0.37,0.96
COQ21,2021,1,6,2021,2021-06-14,399707.0,-0.09,72.86,72.29,0.57,10,12.0,-4.19,-0.03,during_roll,0.37,0.96
COQ21,2021,1,6,2021,2021-06-15,392186.0,-0.02,73.99,73.3,0.69,11,11.0,-1.88,0.07,during_roll,0.37,0.96
COQ21,2021,1,6,2021,2021-06-16,381500.0,0.05,74.39,73.59,0.8,12,10.0,-2.72,0.07,during_roll,0.37,0.96
COQ21,2021,1,6,2021,2021-06-17,339490.0,0.02,73.08,72.29,0.79,13,9.0,-11.01,-0.03,during_roll,0.37,0.96
COQ21,2021,1,6,2021,2021-06-18,317847.0,-0.03,73.51,72.73,0.78,14,8.0,-6.38,-0.05,during_roll,0.37,0.96
COQ21,2021,1,6,2021,2021-06-21,291237.0,-0.07,74.9,74.05,0.85,15,7.0,-8.37,-0.04,during_roll,0.37,0.96
COQ21,2021,1,6,2021,2021-06-22,245167.0,-0.13,74.81,74.08,0.73,16,6.0,-15.82,-0.06,during_roll,0.37,0.96
COQ21,2021,1,6,2021,2021-06-23,217285.0,-0.12,75.19,74.5,0.69,17,5.0,-11.37,0.01,during_roll,0.37,0.96
COQ21,2021,1,6,2021,2021-06-24,197573.0,-0.05,75.56,74.81,0.75,18,4.0,-9.07,0.07,during_roll,0.37,0.96
COQ21,2021,1,6,2021,2021-06-25,159060.0,-0.02,76.18,75.38,0.8,19,3.0,-19.49,0.03,during_roll,0.37,0.96
COQ21,2021,1,6,2021,2021-06-28,110240.0,-0.21,74.68,74.14,0.54,20,2.0,-30.69,-0.19,during_roll,0.37,0.96
COQ21,2021,1,6,2021,2021-06-29,52539.0,-0.25,74.76,74.28,0.48,21,1.0,-52.34,-0.04,during_roll,0.37,0.96
COQ21,2021,1,6,2021,2021-06-30,48711.0,-0.32,75.13,74.62,0.51,22,0.0,-7.29,-0.07,during_roll,0.37,0.96
COQ22,2022,3,4,2022,2022-04-01,122572.0,0.08,104.39,102.82,1.57,1,63.0,,,,1.22,2.01
COQ22,2022,3,4,2022,2022-04-04,128004.0,0.1,107.53,106.0,1.53,2,62.0,4.43,0.02,,1.22,2.01
COQ22,2022,3,4,2022,2022-04-05,127117.0,0.09,106.64,105.2,1.44,3,61.0,-0.69,-0.01,,1.22,2.01
COQ22,2022,3,4,2022,2022-04-06,134846.0,-0.02,101.07,100.25,0.82,4,60.0,6.08,-0.11,,1.22,2.01
COQ22,2022,3,4,2022,2022-04-07,141501.0,-0.09,100.58,100.05,0.53,5,59.0,4.94,-0.07,,1.22,2.01
COQ22,2022,3,4,2022,2022-04-08,146282.0,-0.05,102.78,102.17,0.61,6,58.0,3.38,0.04,,1.22,2.01
COQ22,2022,3,4,2022,2022-04-11,156236.0,-0.11,98.48,98.27,0.21,7,57.0,6.8,-0.06,,1.22,2.01
COQ22,2022,3,4,2022,2022-04-12,164051.0,-0.12,104.64,104.22,0.42,8,56.0,5.0,-0.01,,1.22,2.01
COQ22,2022,3,4,2022,2022-04-13,175379.0,-0.03,108.78,108.08,0.7,9,55.0,6.91,0.09,,1.22,2.01
COQ22,2022,3,4,2022,2022-04-14,177401.0,-0.0,111.7,110.8,0.9,10,54.0,1.15,0.03,,1.22,2.01
COQ22,2022,3,4,2022,2022-04-18,179418.0,0.03,113.16,111.94,1.22,11,53.0,1.14,0.03,,1.22,2.01
COQ22,2022,3,4,2022,2022-04-19,179804.0,0.0,107.25,106.63,0.62,12,52.0,0.22,-0.03,,1.22,2.01
COQ22,2022,3,4,2022,2022-04-20,192267.0,-0.08,106.8,106.33,0.47,13,51.0,6.93,-0.08,,1.22,2.01
COQ22,2022,3,4,2022,2022-04-21,201160.0,-0.09,108.33,107.96,0.37,14,50.0,4.63,-0.01,,1.22,2.01
COQ22,2022,3,4,2022,2022-04-22,205968.0,-0.09,106.65,106.15,0.5,15,49.0,2.39,0.0,,1.22,2.01
COQ22,2022,3,4,2022,2022-04-25,212124.0,-0.17,102.32,102.16,0.16,16,48.0,2.99,-0.08,,1.22,2.01
COQ22,2022,3,4,2022,2022-04-26,214627.0,-0.18,104.99,104.61,0.38,17,47.0,1.18,-0.01,,1.22,2.01
COQ22,2022,3,4,2022,2022-04-27,222292.0,-0.17,105.32,104.95,0.37,18,46.0,3.57,0.01,,1.22,2.01
COQ22,2022,3,4,2022,2022-04-28,226274.0,-0.09,107.59,107.26,0.33,19,45.0,1.79,0.08,,1.22,2.01
COQ22,2022,3,4,2022,2022-04-29,244544.0,0.03,109.34,107.14,2.2,20,44.0,8.07,0.12,,1.22,2.01
COQ22,2022,2,5,2022,2022-05-02,245031.0,0.0,107.58,105.97,1.61,1,43.0,,,,1.22,2.01
COQ22,2022,2,5,2022,2022-05-03,247179.0,-0.05,104.97,103.73,1.24,2,42.0,0.88,-0.05,,1.22,2.01
COQ22,2022,2,5,2022,2022-05-04,254395.0,-0.04,110.14,108.72,1.42,3,41.0,2.92,0.01,,1.22,2.01
COQ22,2022,2,5,2022,2022-05-05,268997.0,0.06,110.9,109.22,1.68,4,40.0,5.74,0.1,,1.22,2.01
COQ22,2022,2,5,2022,2022-05-06,272172.0,0.02,112.39,110.84,1.55,5,39.0,1.18,-0.04,,1.22,2.01
COQ22,2022,2,5,2022,2022-05-09,273711.0,0.11,105.94,104.6,1.34,6,38.0,0.57,0.09,,1.22,2.01
COQ22,2022,2,5,2022,2022-05-10,276993.0,0.12,102.46,101.24,1.22,7,37.0,1.2,0.01,,1.22,2.01
COQ22,2022,2,5,2022,2022-05-11,278396.0,0.1,107.51,106.1,1.41,8,36.0,0.51,-0.02,,1.22,2.01
COQ22,2022,2,5,2022,2022-05-12,289452.0,0.13,107.45,105.99,1.46,9,35.0,3.97,0.03,,1.22,2.01
COQ22,2022,2,5,2022,2022-05-13,302802.0,0.07,111.55,109.75,1.8,10,34.0,4.61,-0.06,,1.22,2.01
COQ22,2022,2,5,2022,2022-05-16,313904.0,0.11,114.24,112.11,2.13,11,33.0,3.67,0.04,,1.22,2.01
COQ22,2022,2,5,2022,2022-05-17,329436.0,0.12,111.93,109.85,2.08,12,32.0,4.95,0.01,,1.22,2.01
COQ22,2022,2,5,2022,2022-05-18,331927.0,0.2,109.11,106.93,2.18,13,31.0,0.76,0.08,,1.22,2.01
COQ22,2022,2,5,2022,2022-05-19,341586.0,0.21,112.04,109.82,2.22,14,30.0,2.91,0.01,,1.22,2.01
COQ22,2022,2,5,2022,2022-05-20,346144.0,0.25,112.55,109.99,2.56,15,29.0,1.33,0.04,,1.22,2.01
COQ22,2022,2,5,2022,2022-05-23,353975.0,0.33,113.42,110.78,2.64,16,28.0,2.26,0.08,,1.22,2.01
COQ22,2022,2,5,2022,2022-05-24,365995.0,0.35,113.56,110.69,2.87,17,27.0,3.4,0.02,,1.22,2.01
COQ22,2022,2,5,2022,2022-05-25,371664.0,0.28,114.03,111.12,2.91,18,26.0,1.55,-0.07,,1.22,2.01
COQ22,2022,2,5,2022,2022-05-26,397695.0,0.29,117.4,114.17,3.23,19,25.0,7.0,0.01,,1.22,2.01
COQ22,2022,2,5,2022,2022-05-27,411112.0,0.37,119.43,115.56,3.87,20,24.0,3.37,0.08,,1.22,2.01
COQ22,2022,2,5,2022,2022-05-30,429686.0,0.37,121.67,117.6,4.07,21,23.0,4.52,0.0,,1.22,2.01
COQ22,2022,2,5,2022,2022-05-31,431318.0,0.37,122.84,115.6,7.24,22,22.0,0.38,0.0,,1.22,2.01
COQ22,2022,1,6,2022,2022-06-01,411608.0,0.2,116.29,113.56,2.73,1,21.0,,,pre_roll,1.22,2.01
COQ22,2022,1,6,2022,2022-06-02,403485.0,0.1,117.61,115.03,2.58,2,20.0,-1.97,-0.1,during_roll,1.22,2.01
COQ22,2022,1,6,2022,2022-06-03,396588.0,0.09,119.72,117.03,2.69,3,19.0,-1.71,-0.01,during_roll,1.22,2.01
COQ22,2022,1,6,2022,2022-06-06,394876.0,0.02,119.51,116.97,2.54,4,18.0,-0.43,-0.07,during_roll,1.22,2.01
COQ22,2022,1,6,2022,2022-06-07,376862.0,0.09,120.57,118.14,2.43,5,17.0,-4.56,0.07,during_roll,1.22,2.01
COQ22,2022,1,6,2022,2022-06-08,364741.0,0.16,123.58,120.89,2.69,6,16.0,-3.22,0.07,during_roll,1.22,2.01
COQ22,2022,1,6,2022,2022-06-09,349020.0,0.29,123.07,120.3,2.77,7,15.0,-4.31,0.13,during_roll,1.22,2.01
COQ22,2022,1,6,2022,2022-06-10,327032.0,0.34,122.01,119.02,2.99,8,14.0,-6.3,0.05,during_roll,1.22,2.01
COQ22,2022,1,6,2022,2022-06-13,320782.0,0.48,122.27,119.07,3.2,9,13.0,-1.91,0.14,during_roll,1.22,2.01
COQ22,2022,1,6,2022,2022-06-14,301769.0,0.55,121.17,117.78,3.39,10,12.0,-5.93,0.07,during_roll,1.22,2.01
COQ22,2022,1,6,2022,2022-06-15,289674.0,0.42,118.51,115.47,3.04,11,11.0,-4.01,-0.13,during_roll,1.22,2.01
COQ22,2022,1,6,2022,2022-06-16,269050.0,0.21,119.81,117.0,2.81,12,10.0,-7.12,-0.21,during_roll,1.22,2.01
COQ22,2022,1,6,2022,2022-06-17,240632.0,0.26,113.12,110.39,2.73,13,9.0,-10.56,0.05,during_roll,1.22,2.01
COQ22,2022,1,6,2022,2022-06-20,222791.0,0.29,114.13,111.36,2.77,14,8.0,-7.41,0.03,during_roll,1.22,2.01
COQ22,2022,1,6,2022,2022-06-21,202102.0,0.3,114.65,111.77,2.88,15,7.0,-9.29,0.01,during_roll,1.22,2.01
COQ22,2022,1,6,2022,2022-06-22,182666.0,0.59,111.74,108.65,3.09,16,6.0,-9.62,0.29,during_roll,1.22,2.01
COQ22,2022,1,6,2022,2022-06-23,163315.0,0.82,110.05,106.46,3.59,17,5.0,-10.59,0.23,during_roll,1.22,2.01
COQ22,2022,1,6,2022,2022-06-24,148821.0,1.01,113.12,109.1,4.02,18,4.0,-8.87,0.19,during_roll,1.22,2.01
COQ22,2022,1,6,2022,2022-06-27,113734.0,1.01,115.09,110.98,4.11,19,3.0,-23.58,0.0,during_roll,1.22,2.01
COQ22,2022,1,6,2022,2022-06-28,89825.0,1.16,117.98,113.8,4.18,20,2.0,-21.02,0.15,during_roll,1.22,2.01
COQ22,2022,1,6,2022,2022-06-29,60110.0,0.62,116.26,112.45,3.81,21,1.0,-33.08,-0.54,during_roll,1.22,2.01
COQ22,2022,1,6,2022,2022-06-30,57719.0,2.34,114.81,109.03,5.78,22,0.0,-3.98,1.72,during_roll,1.22,2.01
COQ23,2023,3,4,2023,2023-04-03,177211.0,-0.02,84.93,84.55,0.38,1,63.0,,,,-0.28,-0.81
COQ23,2023,3,4,2023,2023-04-04,181156.0,-0.02,84.94,84.55,0.39,2,62.0,2.23,0.0,,-0.28,-0.81
COQ23,2023,3,4,2023,2023-04-05,180555.0,-0.03,84.99,84.62,0.37,3,61.0,-0.33,-0.01,,-0.28,-0.81
COQ23,2023,3,4,2023,2023-04-06,184065.0,-0.01,85.12,84.67,0.45,4,60.0,1.94,0.02,,-0.28,-0.81
COQ23,2023,3,4,2023,2023-04-10,186001.0,-0.01,84.18,83.79,0.39,5,59.0,1.05,0.0,,-0.28,-0.81
COQ23,2023,3,4,2023,2023-04-11,190549.0,-0.01,85.61,85.17,0.44,6,58.0,2.45,0.0,,-0.28,-0.81
COQ23,2023,3,4,2023,2023-04-12,197560.0,0.01,87.33,86.75,0.58,7,57.0,3.68,0.02,,-0.28,-0.81
COQ23,2023,3,4,2023,2023-04-13,204694.0,-0.01,86.09,85.68,0.41,8,56.0,3.61,-0.02,,-0.28,-0.81
COQ23,2023,3,4,2023,2023-04-14,209250.0,-0.02,86.31,85.87,0.44,9,55.0,2.23,-0.01,,-0.28,-0.81
COQ23,2023,3,4,2023,2023-04-17,221241.0,-0.03,84.76,84.45,0.31,10,54.0,5.73,-0.01,,-0.28,-0.81
COQ23,2023,3,4,2023,2023-04-18,226890.0,-0.03,84.77,84.45,0.32,11,53.0,2.55,0.0,,-0.28,-0.81
COQ23,2023,3,4,2023,2023-04-19,236768.0,-0.05,83.12,82.79,0.33,12,52.0,4.35,-0.02,,-0.28,-0.81
COQ23,2023,3,4,2023,2023-04-20,251582.0,-0.06,81.1,80.81,0.29,13,51.0,6.26,-0.01,,-0.28,-0.81
COQ23,2023,3,4,2023,2023-04-21,262917.0,-0.06,81.66,81.46,0.2,14,50.0,4.51,0.0,,-0.28,-0.81
COQ23,2023,3,4,2023,2023-04-24,273595.0,-0.07,82.73,82.54,0.19,15,49.0,4.06,-0.01,,-0.28,-0.81
COQ23,2023,3,4,2023,2023-04-25,277613.0,-0.07,80.77,80.6,0.17,16,48.0,1.47,0.0,,-0.28,-0.81
COQ23,2023,3,4,2023,2023-04-26,282694.0,-0.08,77.69,77.72,-0.03,17,47.0,1.83,-0.01,,-0.28,-0.81
COQ23,2023,3,4,2023,2023-04-27,293879.0,-0.05,78.37,78.22,0.15,18,46.0,3.96,0.03,,-0.28,-0.81
COQ23,2023,3,4,2023,2023-04-28,300227.0,-0.02,79.54,80.33,-0.79,19,45.0,2.16,0.03,,-0.28,-0.81
COQ23,2023,2,5,2023,2023-05-01,305962.0,-0.03,79.31,78.94,0.37,1,44.0,,,,-0.28,-0.81
COQ23,2023,2,5,2023,2023-05-02,306384.0,-0.03,75.32,75.04,0.28,2,43.0,0.14,0.0,,-0.28,-0.81
COQ23,2023,2,5,2023,2023-05-03,313287.0,-0.03,72.33,72.18,0.15,3,42.0,2.25,0.0,,-0.28,-0.81
COQ23,2023,2,5,2023,2023-05-04,321380.0,-0.03,72.5,72.32,0.18,4,41.0,2.58,0.0,,-0.28,-0.81
COQ23,2023,2,5,2023,2023-05-05,329745.0,-0.05,75.3,75.09,0.21,5,40.0,2.6,-0.02,,-0.28,-0.81
COQ23,2023,2,5,2023,2023-05-08,340415.0,-0.05,77.01,76.81,0.2,6,39.0,3.24,0.0,,-0.28,-0.81
COQ23,2023,2,5,2023,2023-05-09,340970.0,-0.06,77.44,77.27,0.17,7,38.0,0.16,-0.01,,-0.28,-0.81
COQ23,2023,2,5,2023,2023-05-10,353429.0,-0.06,76.41,76.27,0.14,8,37.0,3.65,0.0,,-0.28,-0.81
COQ23,2023,2,5,2023,2023-05-11,350632.0,-0.04,74.98,74.76,0.22,9,36.0,-0.79,0.02,,-0.28,-0.81
COQ23,2023,2,5,2023,2023-05-12,345252.0,-0.02,74.17,73.9,0.27,10,35.0,-1.53,0.02,,-0.28,-0.81
COQ23,2023,2,5,2023,2023-05-15,348376.0,-0.04,75.23,75.02,0.21,11,34.0,0.9,-0.02,,-0.28,-0.81
COQ23,2023,2,5,2023,2023-05-16,356919.0,-0.05,74.91,74.72,0.19,12,33.0,2.45,-0.01,,-0.28,-0.81
COQ23,2023,2,5,2023,2023-05-17,376264.0,-0.06,76.96,76.81,0.15,13,32.0,5.42,-0.01,,-0.28,-0.81
COQ23,2023,2,5,2023,2023-05-18,412468.0,-0.08,75.86,75.8,0.06,14,31.0,9.62,-0.02,,-0.28,-0.81
COQ23,2023,2,5,2023,2023-05-19,426527.0,-0.06,75.58,75.47,0.11,15,30.0,3.41,0.02,,-0.28,-0.81
COQ23,2023,2,5,2023,2023-05-22,443276.0,-0.07,75.99,75.87,0.12,16,29.0,3.93,-0.01,,-0.28,-0.81
COQ23,2023,2,5,2023,2023-05-23,474870.0,-0.1,76.84,76.74,0.1,17,28.0,7.13,-0.03,,-0.28,-0.81
COQ23,2023,2,5,2023,2023-05-24,484002.0,-0.11,78.36,78.23,0.13,18,27.0,1.92,-0.01,,-0.28,-0.81
COQ23,2023,2,5,2023,2023-05-25,492558.0,-0.13,76.26,76.18,0.08,19,26.0,1.77,-0.02,,-0.28,-0.81
COQ23,2023,2,5,2023,2023-05-26,507848.0,-0.15,76.95,76.98,-0.03,20,25.0,3.1,-0.02,,-0.28,-0.81
COQ23,2023,2,5,2023,2023-05-29,514486.0,-0.16,77.07,77.1,-0.03,21,24.0,1.31,-0.01,,-0.28,-0.81
COQ23,2023,2,5,2023,2023-05-30,535924.0,-0.14,73.54,73.71,-0.17,22,23.0,4.17,0.02,,-0.28,-0.81
COQ23,2023,2,5,2023,2023-05-31,533781.0,-0.18,72.66,72.6,0.06,23,22.0,-0.4,-0.04,,-0.28,-0.81
COQ23,2023,1,6,2023,2023-06-01,517160.0,-0.22,74.28,74.21,0.07,1,21.0,,,pre_roll,-0.28,-0.81
COQ23,2023,1,6,2023,2023-06-02,515035.0,-0.18,76.13,75.97,0.16,2,20.0,-0.41,0.04,pre_roll,-0.28,-0.81
COQ23,2023,1,6,2023,2023-06-05,488601.0,-0.16,76.71,76.47,0.24,3,19.0,-5.13,0.02,during_roll,-0.28,-0.81
COQ23,2023,1,6,2023,2023-06-06,476299.0,-0.18,76.29,76.09,0.2,4,18.0,-2.52,-0.02,during_roll,-0.28,-0.81
COQ23,2023,1,6,2023,2023-06-07,449314.0,-0.24,76.95,76.84,0.11,5,17.0,-5.67,-0.06,during_roll,-0.28,-0.81
COQ23,2023,1,6,2023,2023-06-08,422533.0,-0.22,75.96,75.84,0.12,6,16.0,-5.96,0.02,during_roll,-0.28,-0.81
COQ23,2023,1,6,2023,2023-06-09,397082.0,-0.2,74.79,74.74,0.05,7,15.0,-6.02,0.02,during_roll,-0.28,-0.81
COQ23,2023,1,6,2023,2023-06-12,365124.0,-0.17,71.84,71.82,0.02,8,14.0,-8.05,0.03,during_roll,-0.28,-0.81
COQ23,2023,1,6,2023,2023-06-13,351405.0,-0.12,74.29,74.21,0.08,9,13.0,-3.76,0.05,during_roll,-0.28,-0.81
COQ23,2023,1,6,2023,2023-06-14,335820.0,-0.18,73.2,73.17,0.03,10,12.0,-4.44,-0.06,during_roll,-0.28,-0.81
COQ23,2023,1,6,2023,2023-06-15,322754.0,-0.19,75.67,75.66,0.01,11,11.0,-3.89,-0.01,during_roll,-0.28,-0.81
COQ23,2023,1,6,2023,2023-06-16,312637.0,-0.19,76.61,76.58,0.03,12,10.0,-3.13,0.0,during_roll,-0.28,-0.81
COQ23,2023,1,6,2023,2023-06-19,298304.0,-0.21,76.09,76.06,0.03,13,9.0,-4.58,-0.02,during_roll,-0.28,-0.81
COQ23,2023,1,6,2023,2023-06-20,256011.0,-0.25,75.9,75.89,0.01,14,8.0,-14.18,-0.04,during_roll,-0.28,-0.81
COQ23,2023,1,6,2023,2023-06-21,245966.0,-0.27,77.12,77.14,-0.02,15,7.0,-3.92,-0.02,during_roll,-0.28,-0.81
COQ23,2023,1,6,2023,2023-06-22,217058.0,-0.32,74.14,74.35,-0.21,16,6.0,-11.75,-0.05,during_roll,-0.28,-0.81
COQ23,2023,1,6,2023,2023-06-23,192738.0,-0.23,73.85,74.01,-0.16,17,5.0,-11.2,0.09,during_roll,-0.28,-0.81
COQ23,2023,1,6,2023,2023-06-26,177218.0,-0.23,74.18,74.35,-0.17,18,4.0,-8.05,0.0,during_roll,-0.28,-0.81
COQ23,2023,1,6,2023,2023-06-27,146366.0,-0.15,72.26,72.51,-0.25,19,3.0,-17.41,0.08,during_roll,-0.28,-0.81
COQ23,2023,1,6,2023,2023-06-28,114378.0,-0.15,74.03,74.24,-0.21,20,2.0,-21.85,0.0,during_roll,-0.28,-0.81
COQ23,2023,1,6,2023,2023-06-29,82941.0,-0.2,74.34,74.51,-0.17,21,1.0,-27.49,-0.05,during_roll,-0.28,-0.81
COQ23,2023,1,6,2023,2023-06-30,,-0.62,74.9,75.41,-0.51,22,0.0,0.0,-0.42,during_roll,-0.28,-0.81
COQ24,2024,3,4,2024,2024-04-01,167635.0,0.03,87.42,86.49,0.93,1,64.0,,,,-0.37,-0.35
COQ24,2024,3,4,2024,2024-04-02,175512.0,0.04,88.92,87.89,1.03,2,63.0,4.7,0.01,,-0.37,-0.35
COQ24,2024,3,4,2024,2024-04-03,174865.0,0.03,89.35,88.42,0.93,3,62.0,-0.37,-0.01,,-0.37,-0.35
COQ24,2024,3,4,2024,2024-04-04,179041.0,0.05,90.65,89.66,0.99,4,61.0,2.39,0.02,,-0.37,-0.35
COQ24,2024,3,4,2024,2024-04-05,181139.0,0.04,91.17,90.13,1.04,5,60.0,1.17,-0.01,,-0.37,-0.35
COQ24,2024,3,4,2024,2024-04-08,181913.0,0.04,90.38,89.38,1.0,6,59.0,0.43,0.0,,-0.37,-0.35
COQ24,2024,3,4,2024,2024-04-09,187590.0,0.02,89.42,88.53,0.89,7,58.0,3.12,-0.02,,-0.37,-0.35
COQ24,2024,3,4,2024,2024-04-10,199940.0,0.03,90.48,89.49,0.99,8,57.0,6.58,0.01,,-0.37,-0.35
COQ24,2024,3,4,2024,2024-04-11,199482.0,0.03,89.74,88.83,0.91,9,56.0,-0.23,0.0,,-0.37,-0.35
COQ24,2024,3,4,2024,2024-04-12,212324.0,0.04,90.45,89.53,0.92,10,55.0,6.44,0.01,,-0.37,-0.35
COQ24,2024,3,4,2024,2024-04-15,219623.0,0.03,90.1,89.25,0.85,11,54.0,3.44,-0.01,,-0.37,-0.35
COQ24,2024,3,4,2024,2024-04-16,233571.0,0.03,90.02,89.23,0.79,12,53.0,6.35,0.0,,-0.37,-0.35
COQ24,2024,3,4,2024,2024-04-17,243123.0,0.02,87.29,86.6,0.69,13,52.0,4.09,-0.01,,-0.37,-0.35
COQ24,2024,3,4,2024,2024-04-18,253707.0,0.02,87.11,86.4,0.71,14,51.0,4.35,0.0,,-0.37,-0.35
COQ24,2024,3,4,2024,2024-04-19,271745.0,0.02,87.29,86.51,0.78,15,50.0,7.11,0.0,,-0.37,-0.35
COQ24,2024,3,4,2024,2024-04-22,287369.0,0.02,87.0,86.07,0.93,16,49.0,5.75,0.0,,-0.37,-0.35
COQ24,2024,3,4,2024,2024-04-23,295124.0,0.02,88.42,87.39,1.03,17,48.0,2.7,0.0,,-0.37,-0.35
COQ24,2024,3,4,2024,2024-04-24,293190.0,0.0,88.02,87.04,0.98,18,47.0,-0.66,-0.02,,-0.37,-0.35
COQ24,2024,3,4,2024,2024-04-25,300584.0,0.02,89.01,87.77,1.24,19,46.0,2.52,0.02,,-0.37,-0.35
COQ24,2024,3,4,2024,2024-04-26,311213.0,0.02,89.5,88.21,1.29,20,45.0,3.54,0.0,,-0.37,-0.35
COQ24,2024,3,4,2024,2024-04-29,319012.0,0.02,88.4,87.2,1.2,21,44.0,2.51,0.0,,-0.37,-0.35
COQ24,2024,3,4,2024,2024-04-30,326287.0,0.02,87.86,86.33,1.53,22,43.0,2.28,0.0,,-0.37,-0.35
COQ24,2024,2,5,2024,2024-05-01,328164.0,0.02,83.44,82.79,0.65,1,42.0,,,,-0.37,-0.35
COQ24,2024,2,5,2024,2024-05-02,319794.0,0.02,83.67,83.03,0.64,2,41.0,-2.55,0.0,,-0.37,-0.35
COQ24,2024,2,5,2024,2024-05-03,337768.0,0.0,82.96,82.45,0.51,3,40.0,5.62,-0.02,,-0.37,-0.35
COQ24,2024,2,5,2024,2024-05-06,344705.0,-0.02,83.33,82.84,0.49,4,39.0,2.05,-0.02,,-0.37,-0.35
COQ24,2024,2,5,2024,2024-05-07,358485.0,-0.04,83.16,82.72,0.44,5,38.0,4.0,-0.02,,-0.37,-0.35
COQ24,2024,2,5,2024,2024-05-08,349585.0,0.0,83.58,83.0,0.58,6,37.0,-2.48,0.04,,-0.37,-0.35
COQ24,2024,2,5,2024,2024-05-09,357909.0,0.0,83.88,83.34,0.54,7,36.0,2.38,0.0,,-0.37,-0.35
COQ24,2024,2,5,2024,2024-05-10,380911.0,-0.02,82.79,82.36,0.43,8,35.0,6.43,-0.02,,-0.37,-0.35
COQ24,2024,2,5,2024,2024-05-13,396044.0,-0.01,83.36,82.91,0.45,9,34.0,3.97,0.01,,-0.37,-0.35
COQ24,2024,2,5,2024,2024-05-14,387845.0,-0.02,82.38,81.96,0.42,10,33.0,-2.07,-0.01,,-0.37,-0.35
COQ24,2024,2,5,2024,2024-05-15,394110.0,-0.03,82.75,82.33,0.42,11,32.0,1.62,-0.01,,-0.37,-0.35
COQ24,2024,2,5,2024,2024-05-16,408090.0,-0.03,83.27,82.87,0.4,12,31.0,3.55,0.0,,-0.37,-0.35
COQ24,2024,2,5,2024,2024-05-17,415601.0,-0.05,83.98,83.63,0.35,13,30.0,1.84,-0.02,,-0.37,-0.35
COQ24,2024,2,5,2024,2024-05-20,422654.0,-0.07,83.71,83.46,0.25,14,29.0,1.7,-0.02,,-0.37,-0.35
COQ24,2024,2,5,2024,2024-05-21,444461.0,-0.07,82.88,82.7,0.18,15,28.0,5.16,0.0,,-0.37,-0.35
COQ24,2024,2,5,2024,2024-05-22,469224.0,-0.04,81.9,81.64,0.26,16,27.0,5.57,0.03,,-0.37,-0.35
COQ24,2024,2,5,2024,2024-05-23,487366.0,-0.04,81.36,81.11,0.25,17,26.0,3.87,0.0,,-0.37,-0.35
COQ24,2024,2,5,2024,2024-05-24,480371.0,-0.05,82.12,81.84,0.28,18,25.0,-1.44,-0.01,,-0.37,-0.35
COQ24,2024,2,5,2024,2024-05-27,478595.0,-0.06,83.1,82.88,0.22,19,24.0,-0.37,-0.01,,-0.37,-0.35
COQ24,2024,2,5,2024,2024-05-28,498435.0,-0.06,84.22,83.94,0.28,20,23.0,4.15,0.0,,-0.37,-0.35
COQ24,2024,2,5,2024,2024-05-29,511276.0,-0.07,83.6,83.43,0.17,21,22.0,2.58,-0.01,,-0.37,-0.35
COQ24,2024,2,5,2024,2024-05-30,535794.0,-0.11,81.86,81.88,-0.02,22,21.0,4.8,-0.04,,-0.37,-0.35
COQ24,2024,2,5,2024,2024-05-31,535439.0,-0.1,81.62,81.11,0.51,23,20.0,-0.07,0.01,,-0.37,-0.35
COQ24,2024,1,6,2024,2024-06-03,543834.0,-0.13,78.36,78.22,0.14,1,19.0,,,pre_roll,-0.37,-0.35
COQ24,2024,1,6,2024,2024-06-04,534063.0,-0.08,77.52,77.27,0.25,2,18.0,-1.8,0.05,during_roll,-0.37,-0.35
COQ24,2024,1,6,2024,2024-06-05,519881.0,-0.06,78.41,78.04,0.37,3,17.0,-2.66,0.02,during_roll,-0.37,-0.35
COQ24,2024,1,6,2024,2024-06-06,496966.0,-0.09,79.87,79.5,0.37,4,16.0,-4.41,-0.03,during_roll,-0.37,-0.35
COQ24,2024,1,6,2024,2024-06-07,462887.0,-0.12,79.62,79.34,0.28,5,15.0,-6.86,-0.03,during_roll,-0.37,-0.35
COQ24,2024,1,6,2024,2024-06-10,465552.0,-0.08,81.63,81.23,0.4,6,14.0,0.58,0.04,during_roll,-0.37,-0.35
COQ24,2024,1,6,2024,2024-06-11,440361.0,-0.1,81.92,81.54,0.38,7,13.0,-5.41,-0.02,during_roll,-0.37,-0.35
COQ24,2024,1,6,2024,2024-06-12,428798.0,-0.05,82.6,82.15,0.45,8,12.0,-2.63,0.05,during_roll,-0.37,-0.35
COQ24,2024,1,6,2024,2024-06-13,412625.0,-0.05,82.75,82.3,0.45,9,11.0,-3.77,0.0,during_roll,-0.37,-0.35
COQ24,2024,1,6,2024,2024-06-14,395561.0,-0.04,82.62,82.08,0.54,10,10.0,-4.14,0.01,during_roll,-0.37,-0.35
COQ24,2024,1,6,2024,2024-06-17,381261.0,0.0,84.25,83.52,0.73,11,9.0,-3.62,0.04,during_roll,-0.37,-0.35
COQ24,2024,1,6,2024,2024-06-18,344778.0,0.06,85.33,84.53,0.8,12,8.0,-9.57,0.06,during_roll,-0.37,-0.35
COQ24,2024,1,6,2024,2024-06-19,321791.0,0.07,85.07,84.29,0.78,13,7.0,-6.67,0.01,during_roll,-0.37,-0.35
COQ24,2024,1,6,2024,2024-06-20,297531.0,0.12,85.71,84.86,0.85,14,6.0,-7.54,0.05,during_roll,-0.37,-0.35
COQ24,2024,1,6,2024,2024-06-21,263219.0,0.14,85.24,84.33,0.91,15,5.0,-11.53,0.02,during_roll,-0.37,-0.35
COQ24,2024,1,6,2024,2024-06-24,233595.0,0.12,86.01,85.15,0.86,16,4.0,-11.25,-0.02,during_roll,-0.37,-0.35
COQ24,2024,1,6,2024,2024-06-25,182482.0,0.15,85.01,84.22,0.79,17,3.0,-21.88,0.03,during_roll,-0.37,-0.35
COQ24,2024,1,6,2024,2024-06-26,148306.0,0.16,85.25,84.47,0.78,18,2.0,-18.73,0.01,during_roll,-0.37,-0.35
COQ24,2024,1,6,2024,2024-06-27,89641.0,0.31,86.39,85.26,1.13,19,1.0,-39.56,0.15,during_roll,-0.37,-0.35
COQ24,2024,1,6,2024,2024-06-28,,0.6,86.41,85.0,1.41,20,0.0,0.0,0.29,during_roll,-0.37,-0.35
COQ25,2025,3,4,2025,2025-04-01,213934.0,0.08,74.49,73.75,0.74,1,63.0,,,,-0.83,-0.96
COQ25,2025,3,4,2025,2025-04-02,221290.0,0.09,74.95,74.14,0.81,2,62.0,3.44,0.01,,-0.83,-0.96
COQ25,2025,3,4,2025,2025-04-03,230737.0,0.11,70.14,69.42,0.72,3,61.0,4.27,0.02,,-0.83,-0.96
COQ25,2025,3,4,2025,2025-04-04,255326.0,0.11,65.58,64.95,0.63,4,60.0,10.66,0.0,,-0.83,-0.96
COQ25,2025,3,4,2025,2025-04-07,268778.0,0.1,64.21,63.82,0.39,5,59.0,5.27,-0.01,,-0.83,-0.96
COQ25,2025,3,4,2025,2025-04-08,260348.0,0.12,62.82,62.34,0.48,6,58.0,-3.14,0.02,,-0.83,-0.96
COQ25,2025,3,4,2025,2025-04-09,252562.0,0.12,65.48,64.88,0.6,7,57.0,-2.99,0.0,,-0.83,-0.96
COQ25,2025,3,4,2025,2025-04-10,255404.0,0.13,63.33,62.78,0.55,8,56.0,1.13,0.01,,-0.83,-0.96
COQ25,2025,3,4,2025,2025-04-11,252551.0,0.15,64.76,64.01,0.75,9,55.0,-1.12,0.02,,-0.83,-0.96
COQ25,2025,3,4,2025,2025-04-14,247579.0,0.14,64.88,64.22,0.66,10,54.0,-1.97,-0.01,,-0.83,-0.96
COQ25,2025,3,4,2025,2025-04-15,248360.0,0.15,64.67,63.88,0.79,11,53.0,0.32,0.01,,-0.83,-0.96
COQ25,2025,3,4,2025,2025-04-16,263213.0,0.16,65.85,64.96,0.89,12,52.0,5.98,0.01,,-0.83,-0.96
COQ25,2025,3,4,2025,2025-04-17,279364.0,0.14,67.96,67.0,0.96,13,51.0,6.14,-0.02,,-0.83,-0.96
COQ25,2025,3,4,2025,2025-04-21,284896.0,0.15,66.26,65.3,0.96,14,50.0,1.98,0.01,,-0.83,-0.96
COQ25,2025,3,4,2025,2025-04-22,294148.0,0.18,67.44,66.48,0.96,15,49.0,3.25,0.03,,-0.83,-0.96
COQ25,2025,3,4,2025,2025-04-23,308631.0,0.15,66.12,65.18,0.94,16,48.0,4.92,-0.03,,-0.83,-0.96
COQ25,2025,3,4,2025,2025-04-24,314875.0,0.13,66.55,65.65,0.9,17,47.0,2.02,-0.02,,-0.83,-0.96
COQ25,2025,3,4,2025,2025-04-25,306457.0,0.15,66.87,65.8,1.07,18,46.0,-2.67,0.02,,-0.83,-0.96
COQ25,2025,3,4,2025,2025-04-28,331574.0,0.13,65.86,64.79,1.07,19,45.0,8.2,-0.02,,-0.83,-0.96
COQ25,2025,3,4,2025,2025-04-29,349560.0,0.12,64.25,63.28,0.97,20,44.0,5.42,-0.01,,-0.83,-0.96
COQ25,2025,3,4,2025,2025-04-30,342467.0,0.13,63.12,61.06,2.06,21,43.0,-2.03,0.01,,-0.83,-0.96
COQ25,2025,2,5,2025,2025-05-01,357456.0,0.13,62.13,61.72,0.41,1,42.0,,,,-0.83,-0.96
COQ25,2025,2,5,2025,2025-05-02,370852.0,0.13,61.29,60.93,0.36,2,41.0,3.75,0.0,,-0.83,-0.96
COQ25,2025,2,5,2025,2025-05-05,385898.0,0.14,60.23,59.89,0.34,3,40.0,4.06,0.01,,-0.83,-0.96
COQ25,2025,2,5,2025,2025-05-06,396079.0,0.16,62.15,61.75,0.4,4,39.0,2.64,0.02,,-0.83,-0.96
COQ25,2025,2,5,2025,2025-05-07,413374.0,0.15,61.12,60.79,0.33,5,38.0,4.37,-0.01,,-0.83,-0.96
COQ25,2025,2,5,2025,2025-05-08,430503.0,0.16,62.84,62.45,0.39,6,37.0,4.14,0.01,,-0.83,-0.96
COQ25,2025,2,5,2025,2025-05-09,422865.0,0.17,63.91,63.43,0.48,7,36.0,-1.77,0.01,,-0.83,-0.96
COQ25,2025,2,5,2025,2025-05-12,422352.0,0.14,64.96,64.55,0.41,8,35.0,-0.12,-0.03,,-0.83,-0.96
COQ25,2025,2,5,2025,2025-05-13,422438.0,0.13,66.63,66.13,0.5,9,34.0,0.02,-0.01,,-0.83,-0.96
COQ25,2025,2,5,2025,2025-05-14,416247.0,0.14,66.09,65.58,0.51,10,33.0,-1.47,0.01,,-0.83,-0.96
COQ25,2025,2,5,2025,2025-05-15,422174.0,0.15,64.53,64.06,0.47,11,32.0,1.42,0.01,,-0.83,-0.96
COQ25,2025,2,5,2025,2025-05-16,429722.0,0.14,65.41,64.78,0.63,12,31.0,1.79,-0.01,,-0.83,-0.96
COQ25,2025,2,5,2025,2025-05-19,428751.0,0.16,65.54,64.8,0.74,13,30.0,-0.23,0.02,,-0.83,-0.96
COQ25,2025,2,5,2025,2025-05-20,433915.0,0.15,65.38,64.76,0.62,14,29.0,1.2,-0.01,,-0.83,-0.96
COQ25,2025,2,5,2025,2025-05-21,463937.0,0.15,64.91,64.38,0.53,15,28.0,6.92,0.0,,-0.83,-0.96
COQ25,2025,2,5,2025,2025-05-22,472045.0,0.14,64.44,63.92,0.52,16,27.0,1.75,-0.01,,-0.83,-0.96
COQ25,2025,2,5,2025,2025-05-23,485677.0,0.16,64.78,64.21,0.57,17,26.0,2.89,0.02,,-0.83,-0.96
COQ25,2025,2,5,2025,2025-05-26,486143.0,0.17,64.74,64.12,0.62,18,25.0,0.1,0.01,,-0.83,-0.96
COQ25,2025,2,5,2025,2025-05-27,494099.0,0.17,64.09,63.57,0.52,19,24.0,1.64,0.0,,-0.83,-0.96
COQ25,2025,2,5,2025,2025-05-28,506929.0,0.18,64.9,64.32,0.58,20,23.0,2.6,0.01,,-0.83,-0.96
COQ25,2025,2,5,2025,2025-05-29,524548.0,0.2,64.15,63.35,0.8,21,22.0,3.48,0.02,,-0.83,-0.96
COQ25,2025,2,5,2025,2025-05-30,515258.0,0.25,63.9,62.78,1.12,22,21.0,-1.77,0.05,,-0.83,-0.96
COQ25,2025,1,6,2025,2025-06-02,502805.0,0.21,64.63,63.87,0.76,1,20.0,,,pre_roll,-0.83,-0.96
COQ25,2025,1,6,2025,2025-06-03,481185.0,0.17,65.63,64.94,0.69,2,19.0,-4.3,-0.04,during_roll,-0.83,-0.96
COQ25,2025,1,6,2025,2025-06-04,469966.0,0.15,64.86,64.22,0.64,3,18.0,-2.33,-0.02,during_roll,-0.83,-0.96
COQ25,2025,1,6,2025,2025-06-05,449807.0,0.1,65.34,64.75,0.59,4,17.0,-4.29,-0.05,during_roll,-0.83,-0.96
COQ25,2025,1,6,2025,2025-06-06,447750.0,0.16,66.47,65.73,0.74,5,16.0,-0.46,0.06,during_roll,-0.83,-0.96
COQ25,2025,1,6,2025,2025-06-09,435599.0,0.15,67.04,66.27,0.77,6,15.0,-2.71,-0.01,during_roll,-0.83,-0.96
COQ25,2025,1,6,2025,2025-06-10,444114.0,0.11,66.87,66.13,0.74,7,14.0,1.95,-0.04,post_roll,-0.83,-0.96
COQ25,2025,1,6,2025,2025-06-11,451686.0,0.06,69.77,68.92,0.85,8,13.0,1.7,-0.05,pre_roll,-0.83,-0.96
COQ25,2025,1,6,2025,2025-06-12,422545.0,0.15,69.36,68.44,0.92,9,12.0,-6.45,0.09,pre_roll,-0.83,-0.96
COQ25,2025,1,6,2025,2025-06-13,371271.0,0.32,74.23,72.8,1.43,10,11.0,-12.13,0.17,during_roll,-0.83,-0.96
COQ25,2025,1,6,2025,2025-06-16,323768.0,0.29,73.23,71.99,1.24,11,10.0,-12.79,-0.03,during_roll,-0.83,-0.96
COQ25,2025,1,6,2025,2025-06-17,323560.0,0.33,76.45,74.9,1.55,12,9.0,-0.06,0.04,during_roll,-0.83,-0.96
COQ25,2025,1,6,2025,2025-06-18,303502.0,0.32,76.7,75.14,1.56,13,8.0,-6.2,-0.01,during_roll,-0.83,-0.96
COQ25,2025,1,6,2025,2025-06-19,317028.0,0.27,78.85,77.08,1.77,14,7.0,4.46,-0.05,during_roll,-0.83,-0.96
COQ25,2025,1,6,2025,2025-06-20,293413.0,0.08,77.01,75.48,1.53,15,6.0,-7.45,-0.19,during_roll,-0.83,-0.96
COQ25,2025,1,6,2025,2025-06-23,239709.0,0.04,71.48,70.52,0.96,16,5.0,-18.3,-0.04,during_roll,-0.83,-0.96
COQ25,2025,1,6,2025,2025-06-24,185820.0,0.16,67.14,66.17,0.97,17,4.0,-22.48,0.12,during_roll,-0.83,-0.96
COQ25,2025,1,6,2025,2025-06-25,140942.0,0.3,67.68,66.43,1.25,18,3.0,-24.15,0.14,during_roll,-0.83,-0.96
COQ25,2025,1,6,2025,2025-06-26,113738.0,0.16,67.73,66.69,1.04,19,2.0,-19.3,-0.14,during_roll,-0.83,-0.96
COQ25,2025,1,6,2025,2025-06-27,84602.0,0.09,67.77,66.8,0.97,20,1.0,-25.62,-0.07,during_roll,-0.83,-0.96
COQ25,2025,1,6,2025,2025-06-30,81908.0,-0.01,67.61,66.74,0.87,21,0.0,-3.18,-0.1,during_roll,-0.83,-0.96
COQ26,2026,3,4,2026,2026-04-01,221122.0,1.15,101.16,93.5,7.66,1,44.0,,,,6.58,8.29
COQ26,2026,3,4,2026,2026-04-02,222180.0,2.07,109.03,99.44,9.59,2,43.0,0.48,0.92,,6.58,8.29
COQ26,2026,3,4,2026,2026-04-06,225822.0,2.05,109.77,100.12,9.65,3,42.0,1.64,-0.02,,6.58,8.29
COQ26,2026,3,4,2026,2026-04-07,227849.0,1.81,109.27,100.06,9.21,4,41.0,0.9,-0.24,,6.58,8.29
COQ26,2026,3,4,2026,2026-04-08,231219.0,0.7,94.75,90.26,4.49,5,40.0,1.48,-1.11,,6.58,8.29
COQ26,2026,3,4,2026,2026-04-09,229043.0,0.72,95.92,90.47,5.45,6,39.0,-0.94,0.02,,6.58,8.29
COQ26,2026,3,4,2026,2026-04-10,234626.0,0.67,95.2,90.28,4.92,7,38.0,2.44,-0.05,,6.58,8.29
COQ26,2026,3,4,2026,2026-04-13,244090.0,0.68,99.36,93.47,5.89,8,37.0,4.03,0.01,,6.58,8.29
COQ26,2026,3,4,2026,2026-04-14,244886.0,0.57,94.79,90.42,4.37,9,36.0,0.33,-0.11,,6.58,8.29
COQ26,2026,3,4,2026,2026-04-15,248707.0,0.44,94.93,90.81,4.12,10,35.0,1.56,-0.13,,6.58,8.29
COQ26,2026,3,4,2026,2026-04-16,252763.0,0.62,99.39,93.57,5.82,11,34.0,1.63,0.18,,6.58,8.29
COQ26,2026,3,4,2026,2026-04-17,253084.0,0.38,90.38,86.51,3.87,12,33.0,0.13,-0.24,,6.58,8.29
COQ26,2026,3,4,2026,2026-04-20,251049.0,0.48,95.48,90.43,5.05,13,32.0,-0.8,0.1,,6.58,8.29
COQ26,2026,3,4,2026,2026-04-21,253661.0,0.6,98.48,93.24,5.24,14,31.0,1.04,0.12,,6.58,8.29
COQ26,2026,3,4,2026,2026-04-22,259679.0,0.72,101.91,96.18,5.73,15,30.0,2.37,0.12,,6.58,8.29
COQ26,2026,3,4,2026,2026-04-23,269010.0,0.79,105.07,99.35,5.72,16,29.0,3.59,0.07,,6.58,8.29
COQ26,2026,3,4,2026,2026-04-24,274062.0,0.79,105.33,99.13,6.2,17,28.0,1.88,0.0,,6.58,8.29
COQ26,2026,3,4,2026,2026-04-27,279751.0,0.77,108.23,101.69,6.54,18,27.0,2.08,-0.02,,6.58,8.29
COQ26,2026,3,4,2026,2026-04-28,298715.0,0.87,111.26,104.4,6.86,19,26.0,6.78,0.1,,6.58,8.29
COQ26,2026,3,4,2026,2026-04-29,306381.0,1.02,118.03,110.44,7.59,20,25.0,2.57,0.15,,6.58,8.29
COQ26,2026,3,4,2026,2026-04-30,311024.0,1.15,114.01,110.4,3.61,21,24.0,1.52,0.13,,6.58,8.29
COQ26,2026,2,5,2026,2026-05-01,310721.0,0.98,108.17,101.91,6.26,1,23.0,,,,6.58,8.29
COQ26,2026,2,5,2026,2026-05-04,309613.0,1.02,114.44,107.92,6.52,2,22.0,-0.36,0.04,,6.58,8.29
COQ26,2026,2,5,2026,2026-05-05,322024.0,0.76,109.87,104.89,4.98,3,21.0,4.01,-0.26,,6.58,8.29
COQ26,2026,2,5,2026,2026-05-06,329004.0,0.53,101.27,97.08,4.19,4,20.0,2.17,-0.23,,6.58,8.29
COQ26,2026,2,5,2026,2026-05-07,337514.0,0.35,100.06,96.38,3.68,5,19.0,2.59,-0.18,,6.58,8.29
COQ26,2026,2,5,2026,2026-05-08,351500.0,0.42,101.29,97.57,3.72,6,18.0,4.14,0.07,,6.58,8.29
COQ26,2026,2,5,2026,2026-05-11,357814.0,0.5,104.21,100.39,3.82,7,17.0,1.8,0.08,,6.58,8.29
COQ26,2026,2,5,2026,2026-05-12,379320.0,0.51,107.77,103.83,3.94,8,16.0,6.01,0.01,,6.58,8.29
COQ26,2026,2,5,2026,2026-05-13,396831.0,0.57,105.63,101.6,4.03,9,15.0,4.62,0.06,,6.58,8.29
COQ26,2026,2,5,2026,2026-05-14,404750.0,0.68,105.72,101.38,4.34,10,14.0,2.0,0.11,,6.58,8.29
COQ26,2026,2,5,2026,2026-05-15,412416.0,0.64,109.26,104.74,4.52,11,13.0,1.89,-0.04,,6.58,8.29
COQ26,2026,2,5,2026,2026-05-18,433531.0,0.67,112.1,107.48,4.62,12,12.0,5.12,0.03,,6.58,8.29
COQ26,2026,2,5,2026,2026-05-19,452745.0,0.57,111.28,106.71,4.57,13,11.0,4.43,-0.1,,6.58,8.29
COQ26,2026,2,5,2026,2026-05-20,485841.0,0.45,105.02,101.04,3.98,14,10.0,7.31,-0.12,,6.58,8.29
COQ26,2026,2,5,2026,2026-05-21,501883.0,0.23,102.58,99.5,3.08,15,9.0,3.3,-0.22,,6.58,8.29
COQ26,2026,2,5,2026,2026-05-22,529629.0,0.22,103.54,100.21,3.33,16,8.0,5.53,-0.01,,6.58,8.29
COQ26,2026,2,5,2026,2026-05-25,533323.0,0.18,96.14,93.42,2.72,17,7.0,0.7,-0.04,,6.58,8.29
COQ26,2026,2,5,2026,2026-05-26,550707.0,0.19,99.58,96.67,2.91,18,6.0,3.26,0.01,,6.58,8.29
COQ26,2026,2,5,2026,2026-05-27,544470.0,0.11,94.29,92.25,2.04,19,5.0,-1.13,-0.08,,6.58,8.29
COQ26,2026,2,5,2026,2026-05-28,541844.0,0.02,93.71,92.7,1.01,20,4.0,-0.48,-0.09,,6.58,8.29
COQ26,2026,2,5,2026,2026-05-29,532618.0,0.12,92.05,91.12,0.93,21,3.0,-1.7,0.1,,6.58,8.29
COQ26,2026,1,6,2026,2026-06-01,534227.0,0.13,94.98,92.44,2.54,1,2.0,,,pre_roll,6.58,8.29
COQ26,2026,1,6,2026,2026-06-02,514397.0,0.07,96.0,93.49,2.51,2,1.0,-3.71,-0.06,during_roll,6.58,8.29
COQ26,2026,1,6,2026,2026-06-03,498572.0,-0.03,97.81,95.14,2.67,3,0.0,-3.08,-0.1,during_roll,6.58,8.29
COU16,2016,3,5,2016,2016-05-02,206998.0,-0.04,45.83,46.24,-0.41,1,64.0,,,,1.13,0.42
COU16,2016,3,5,2016,2016-05-03,209400.0,-0.03,44.97,45.37,-0.4,2,63.0,1.16,0.01,,1.13,0.42
COU16,2016,3,5,2016,2016-05-04,213140.0,-0.02,44.62,45.06,-0.44,3,62.0,1.79,0.01,,1.13,0.42
COU16,2016,3,5,2016,2016-05-05,222352.0,-0.02,45.01,45.45,-0.44,4,61.0,4.32,0.0,,1.13,0.42
COU16,2016,3,5,2016,2016-05-06,238314.0,-0.04,45.37,45.86,-0.49,5,60.0,7.18,-0.02,,1.13,0.42
COU16,2016,3,5,2016,2016-05-09,252008.0,-0.04,43.63,44.19,-0.56,6,59.0,5.75,0.0,,1.13,0.42
COU16,2016,3,5,2016,2016-05-10,259445.0,-0.04,45.52,46.01,-0.49,7,58.0,2.95,0.0,,1.13,0.42
COU16,2016,3,5,2016,2016-05-11,262892.0,-0.03,47.6,48.03,-0.43,8,57.0,1.33,0.01,,1.13,0.42
COU16,2016,3,5,2016,2016-05-12,282859.0,-0.02,48.08,48.42,-0.34,9,56.0,7.6,0.01,,1.13,0.42
COU16,2016,3,5,2016,2016-05-13,285617.0,-0.02,47.83,48.14,-0.31,10,55.0,0.98,0.0,,1.13,0.42
COU16,2016,3,5,2016,2016-05-16,289105.0,-0.05,48.97,49.43,-0.46,11,54.0,1.22,-0.03,,1.13,0.42
COU16,2016,3,5,2016,2016-05-17,294502.0,-0.06,49.28,49.74,-0.46,12,53.0,1.87,-0.01,,1.13,0.42
COU16,2016,3,5,2016,2016-05-18,295881.0,-0.06,48.93,49.45,-0.52,13,52.0,0.47,0.0,,1.13,0.42
COU16,2016,3,5,2016,2016-05-19,296951.0,-0.07,48.81,49.34,-0.53,14,51.0,0.36,-0.01,,1.13,0.42
COU16,2016,3,5,2016,2016-05-20,300348.0,-0.05,48.72,49.27,-0.55,15,50.0,1.14,0.02,,1.13,0.42
COU16,2016,3,5,2016,2016-05-23,302038.0,-0.06,48.35,48.93,-0.58,16,49.0,0.56,-0.01,,1.13,0.42
COU16,2016,3,5,2016,2016-05-24,300705.0,-0.05,48.61,49.18,-0.57,17,48.0,-0.44,0.01,,1.13,0.42
COU16,2016,3,5,2016,2016-05-25,305810.0,-0.03,49.74,50.23,-0.49,18,47.0,1.7,0.02,,1.13,0.42
COU16,2016,3,5,2016,2016-05-26,301951.0,-0.01,49.59,50.17,-0.58,19,46.0,-1.26,0.02,,1.13,0.42
COU16,2016,3,5,2016,2016-05-27,304974.0,-0.02,49.32,49.95,-0.63,20,45.0,1.0,-0.01,,1.13,0.42
COU16,2016,3,5,2016,2016-05-30,306517.0,0.0,49.76,50.36,-0.6,21,44.0,0.51,0.02,,1.13,0.42
COU16,2016,3,5,2016,2016-05-31,310196.0,-0.01,49.69,49.89,-0.2,22,43.0,1.2,-0.01,,1.13,0.42
COU16,2016,2,6,2016,2016-06-01,314310.0,-0.02,49.72,50.15,-0.43,1,42.0,,,,1.13,0.42
COU16,2016,2,6,2016,2016-06-02,313275.0,-0.04,50.04,50.46,-0.42,2,41.0,-0.33,-0.02,,1.13,0.42
COU16,2016,2,6,2016,2016-06-03,309123.0,-0.03,49.64,50.04,-0.4,3,40.0,-1.33,0.01,,1.13,0.42
COU16,2016,2,6,2016,2016-06-06,304151.0,-0.02,50.55,50.97,-0.42,4,39.0,-1.61,0.01,,1.13,0.42
COU16,2016,2,6,2016,2016-06-07,314616.0,-0.03,51.44,51.89,-0.45,5,38.0,3.44,-0.01,,1.13,0.42
COU16,2016,2,6,2016,2016-06-08,322822.0,-0.03,52.51,52.98,-0.47,6,37.0,2.61,0.0,,1.13,0.42
COU16,2016,2,6,2016,2016-06-09,334963.0,-0.04,51.95,52.42,-0.47,7,36.0,3.76,-0.01,,1.13,0.42
COU16,2016,2,6,2016,2016-06-10,344493.0,-0.04,50.54,51.01,-0.47,8,35.0,2.85,0.0,,1.13,0.42
COU16,2016,2,6,2016,2016-06-13,362982.0,-0.03,50.35,50.82,-0.47,9,34.0,5.37,0.01,,1.13,0.42
COU16,2016,2,6,2016,2016-06-14,389892.0,-0.03,49.83,50.33,-0.5,10,33.0,7.41,0.0,,1.13,0.42
COU16,2016,2,6,2016,2016-06-15,410988.0,-0.03,48.97,49.53,-0.56,11,32.0,5.41,0.0,,1.13,0.42
COU16,2016,2,6,2016,2016-06-16,422355.0,-0.03,47.19,47.76,-0.57,12,31.0,2.77,0.0,,1.13,0.42
COU16,2016,2,6,2016,2016-06-17,422063.0,-0.03,49.17,49.75,-0.58,13,30.0,-0.07,0.0,,1.13,0.42
COU16,2016,2,6,2016,2016-06-20,438287.0,-0.03,50.65,51.29,-0.64,14,29.0,3.84,0.0,,1.13,0.42
COU16,2016,2,6,2016,2016-06-21,434544.0,-0.05,50.62,51.26,-0.64,15,28.0,-0.85,-0.02,,1.13,0.42
COU16,2016,2,6,2016,2016-06-22,439716.0,-0.1,49.88,50.6,-0.72,16,27.0,1.19,-0.05,,1.13,0.42
COU16,2016,2,6,2016,2016-06-23,469227.0,-0.12,50.91,51.61,-0.7,17,26.0,6.71,-0.02,,1.13,0.42
COU16,2016,2,6,2016,2016-06-24,481084.0,-0.12,48.41,49.04,-0.63,18,25.0,2.53,0.0,,1.13,0.42
COU16,2016,2,6,2016,2016-06-27,482459.0,-0.11,47.16,47.77,-0.61,19,24.0,0.29,0.01,,1.13,0.42
COU16,2016,2,6,2016,2016-06-28,485617.0,-0.11,48.58,49.26,-0.68,20,23.0,0.65,0.0,,1.13,0.42
COU16,2016,2,6,2016,2016-06-29,509766.0,-0.08,50.61,51.32,-0.71,21,22.0,4.97,0.03,,1.13,0.42
COU16,2016,2,6,2016,2016-06-30,507556.0,-0.07,49.68,49.71,-0.03,22,21.0,-0.43,0.01,,1.13,0.42
COU16,2016,1,7,2016,2016-07-01,499299.0,-0.11,50.35,50.89,-0.54,1,20.0,,,pre_roll,1.13,0.42
COU16,2016,1,7,2016,2016-07-04,497418.0,-0.17,50.1,50.69,-0.59,2,19.0,-0.38,-0.06,pre_roll,1.13,0.42
COU16,2016,1,7,2016,2016-07-05,478575.0,-0.18,47.96,48.57,-0.61,3,18.0,-3.79,-0.01,during_roll,1.13,0.42
COU16,2016,1,7,2016,2016-07-06,475066.0,-0.15,48.8,49.4,-0.6,4,17.0,-0.73,0.03,during_roll,1.13,0.42
COU16,2016,1,7,2016,2016-07-07,464773.0,-0.11,46.4,47.0,-0.6,5,16.0,-2.17,0.04,during_roll,1.13,0.42
COU16,2016,1,7,2016,2016-07-08,448066.0,-0.1,46.76,47.38,-0.62,6,15.0,-3.59,0.01,during_roll,1.13,0.42
COU16,2016,1,7,2016,2016-07-11,409002.0,-0.06,46.25,46.9,-0.65,7,14.0,-8.72,0.04,during_roll,1.13,0.42
COU16,2016,1,7,2016,2016-07-12,382400.0,-0.04,48.47,49.05,-0.58,8,13.0,-6.5,0.02,during_roll,1.13,0.42
COU16,2016,1,7,2016,2016-07-13,355385.0,-0.02,46.26,46.81,-0.55,9,12.0,-7.06,0.02,during_roll,1.13,0.42
COU16,2016,1,7,2016,2016-07-14,316734.0,-0.07,47.37,47.93,-0.56,10,11.0,-10.88,-0.05,during_roll,1.13,0.42
COU16,2016,1,7,2016,2016-07-15,294057.0,-0.08,47.61,48.12,-0.51,11,10.0,-7.16,-0.01,during_roll,1.13,0.42
COU16,2016,1,7,2016,2016-07-18,277581.0,-0.09,46.96,47.45,-0.49,12,9.0,-5.6,-0.01,during_roll,1.13,0.42
COU16,2016,1,7,2016,2016-07-19,263771.0,-0.09,46.66,47.18,-0.52,13,8.0,-4.98,0.0,during_roll,1.13,0.42
COU16,2016,1,7,2016,2016-07-20,245989.0,-0.07,47.17,47.65,-0.48,14,7.0,-6.74,0.02,during_roll,1.13,0.42
COU16,2016,1,7,2016,2016-07-21,214270.0,-0.05,46.2,46.62,-0.42,15,6.0,-12.89,0.02,during_roll,1.13,0.42
COU16,2016,1,7,2016,2016-07-22,191711.0,-0.01,45.69,46.09,-0.4,16,5.0,-10.53,0.04,during_roll,1.13,0.42
COU16,2016,1,7,2016,2016-07-25,163966.0,-0.0,44.72,45.13,-0.41,17,4.0,-14.47,0.01,during_roll,1.13,0.42
COU16,2016,1,7,2016,2016-07-26,118445.0,0.0,44.87,45.23,-0.36,18,3.0,-27.76,0.0,during_roll,1.13,0.42
COU16,2016,1,7,2016,2016-07-27,90685.0,-0.02,43.47,43.91,-0.44,19,2.0,-23.44,-0.02,during_roll,1.13,0.42
COU16,2016,1,7,2016,2016-07-28,50017.0,-0.13,42.7,43.23,-0.53,20,1.0,-44.85,-0.11,during_roll,1.13,0.42
COU16,2016,1,7,2016,2016-07-29,,-0.62,42.46,43.53,-1.07,21,0.0,0.0,-0.49,during_roll,1.13,0.42
COU17,2017,3,5,2017,2017-05-01,229892.0,-0.04,51.52,51.86,-0.34,1,65.0,,,,0.0,0.07
COU17,2017,3,5,2017,2017-05-02,228574.0,-0.03,50.46,50.76,-0.3,2,64.0,-0.57,0.01,,0.0,0.07
COU17,2017,3,5,2017,2017-05-03,233084.0,-0.02,50.79,51.07,-0.28,3,63.0,1.97,0.01,,0.0,0.07
COU17,2017,3,5,2017,2017-05-04,247695.0,-0.01,48.38,48.72,-0.34,4,62.0,6.27,0.01,,0.0,0.07
COU17,2017,3,5,2017,2017-05-05,259751.0,-0.02,49.1,49.48,-0.38,5,61.0,4.87,-0.01,,0.0,0.07
COU17,2017,3,5,2017,2017-05-08,270180.0,-0.03,49.34,49.75,-0.41,6,60.0,4.01,-0.01,,0.0,0.07
COU17,2017,3,5,2017,2017-05-09,275579.0,-0.02,48.73,49.11,-0.38,7,59.0,2.0,0.01,,0.0,0.07
COU17,2017,3,5,2017,2017-05-10,283468.0,-0.03,50.22,50.54,-0.32,8,58.0,2.86,-0.01,,0.0,0.07
COU17,2017,3,5,2017,2017-05-11,289747.0,-0.01,50.77,51.05,-0.28,9,57.0,2.22,0.02,,0.0,0.07
COU17,2017,3,5,2017,2017-05-12,293966.0,-0.01,50.84,51.05,-0.21,10,56.0,1.46,0.0,,0.0,0.07
COU17,2017,3,5,2017,2017-05-15,298038.0,0.0,51.82,52.01,-0.19,11,55.0,1.39,0.01,,0.0,0.07
COU17,2017,3,5,2017,2017-05-16,302707.0,-0.01,51.65,51.91,-0.26,12,54.0,1.57,-0.01,,0.0,0.07
COU17,2017,3,5,2017,2017-05-17,305085.0,-0.01,52.21,52.44,-0.23,13,53.0,0.79,0.0,,0.0,0.07
COU17,2017,3,5,2017,2017-05-18,318080.0,-0.01,52.51,52.67,-0.16,14,52.0,4.26,0.0,,0.0,0.07
COU17,2017,3,5,2017,2017-05-19,318311.0,-0.01,53.61,53.76,-0.15,15,51.0,0.07,0.0,,0.0,0.07
COU17,2017,3,5,2017,2017-05-22,325745.0,-0.03,53.87,54.11,-0.24,16,50.0,2.34,-0.02,,0.0,0.07
COU17,2017,3,5,2017,2017-05-23,338836.0,-0.05,54.15,54.41,-0.26,17,49.0,4.02,-0.02,,0.0,0.07
COU17,2017,3,5,2017,2017-05-24,342161.0,-0.05,53.96,54.24,-0.28,18,48.0,0.98,0.0,,0.0,0.07
COU17,2017,3,5,2017,2017-05-25,339949.0,-0.03,51.46,51.77,-0.31,19,47.0,-0.65,0.02,,0.0,0.07
COU17,2017,3,5,2017,2017-05-26,336287.0,-0.04,52.15,52.51,-0.36,20,46.0,-1.08,-0.01,,0.0,0.07
COU17,2017,3,5,2017,2017-05-29,336751.0,-0.06,52.29,52.64,-0.35,21,45.0,0.14,-0.02,,0.0,0.07
COU17,2017,3,5,2017,2017-05-30,346199.0,-0.04,51.84,52.24,-0.4,22,44.0,2.81,0.02,,0.0,0.07
COU17,2017,3,5,2017,2017-05-31,356293.0,-0.05,50.31,50.76,-0.45,23,43.0,2.92,-0.01,,0.0,0.07
COU17,2017,2,6,2017,2017-06-01,359531.0,-0.05,50.63,50.97,-0.34,1,42.0,,,,0.0,0.07
COU17,2017,2,6,2017,2017-06-02,339706.0,-0.03,49.95,50.24,-0.29,2,41.0,-5.51,0.02,,0.0,0.07
COU17,2017,2,6,2017,2017-06-05,360372.0,-0.04,49.47,49.81,-0.34,3,40.0,6.08,-0.01,,0.0,0.07
COU17,2017,2,6,2017,2017-06-06,376994.0,-0.04,50.12,50.42,-0.3,4,39.0,4.61,0.0,,0.0,0.07
COU17,2017,2,6,2017,2017-06-07,402826.0,-0.04,48.06,48.43,-0.37,5,38.0,6.85,0.0,,0.0,0.07
COU17,2017,2,6,2017,2017-06-08,402618.0,-0.04,47.86,48.26,-0.4,6,37.0,-0.05,0.0,,0.0,0.07
COU17,2017,2,6,2017,2017-06-09,423547.0,-0.03,48.15,48.53,-0.38,7,36.0,5.2,0.01,,0.0,0.07
COU17,2017,2,6,2017,2017-06-12,444220.0,-0.03,48.29,48.64,-0.35,8,35.0,4.88,0.0,,0.0,0.07
COU17,2017,2,6,2017,2017-06-13,465635.0,-0.02,48.72,49.05,-0.33,9,34.0,4.82,0.01,,0.0,0.07
COU17,2017,2,6,2017,2017-06-14,466093.0,-0.02,47.0,47.29,-0.29,10,33.0,0.1,0.0,,0.0,0.07
COU17,2017,2,6,2017,2017-06-15,473598.0,-0.0,46.92,47.19,-0.27,11,32.0,1.61,0.02,,0.0,0.07
COU17,2017,2,6,2017,2017-06-16,471018.0,0.02,47.37,47.63,-0.26,12,31.0,-0.54,0.02,,0.0,0.07
COU17,2017,2,6,2017,2017-06-19,489795.0,0.04,46.91,47.13,-0.22,13,30.0,3.99,0.02,,0.0,0.07
COU17,2017,2,6,2017,2017-06-20,486589.0,0.05,46.02,46.25,-0.23,14,29.0,-0.65,0.01,,0.0,0.07
COU17,2017,2,6,2017,2017-06-21,481028.0,0.06,44.82,45.05,-0.23,15,28.0,-1.14,0.01,,0.0,0.07
COU17,2017,2,6,2017,2017-06-22,505538.0,0.07,45.22,45.41,-0.19,16,27.0,5.1,0.01,,0.0,0.07
COU17,2017,2,6,2017,2017-06-23,519534.0,0.05,45.54,45.75,-0.21,17,26.0,2.77,-0.02,,0.0,0.07
COU17,2017,2,6,2017,2017-06-26,520342.0,0.03,45.83,46.04,-0.21,18,25.0,0.16,-0.02,,0.0,0.07
COU17,2017,2,6,2017,2017-06-27,535916.0,0.02,46.65,46.92,-0.27,19,24.0,2.99,-0.01,,0.0,0.07
COU17,2017,2,6,2017,2017-06-28,561566.0,0.01,47.31,47.54,-0.23,20,23.0,4.79,-0.01,,0.0,0.07
COU17,2017,2,6,2017,2017-06-29,572144.0,0.0,47.42,47.63,-0.21,21,22.0,1.88,-0.01,,0.0,0.07
COU17,2017,2,6,2017,2017-06-30,584953.0,0.02,47.92,48.77,-0.85,22,21.0,2.24,0.02,,0.0,0.07
COU17,2017,1,7,2017,2017-07-03,584159.0,-0.0,49.68,49.99,-0.31,1,20.0,,,pre_roll,0.0,0.07
COU17,2017,1,7,2017,2017-07-04,589693.0,0.0,49.61,49.9,-0.29,2,19.0,0.95,0.0,pre_roll,0.0,0.07
COU17,2017,1,7,2017,2017-07-05,576509.0,0.03,47.79,48.07,-0.28,3,18.0,-2.24,0.03,pre_roll,0.0,0.07
COU17,2017,1,7,2017,2017-07-06,566537.0,0.01,48.11,48.39,-0.28,4,17.0,-1.73,-0.02,pre_roll,0.0,0.07
COU17,2017,1,7,2017,2017-07-07,556435.0,0.02,46.71,46.98,-0.27,5,16.0,-1.78,0.01,during_roll,0.0,0.07
COU17,2017,1,7,2017,2017-07-10,543954.0,0.05,46.88,47.17,-0.29,6,15.0,-2.24,0.03,during_roll,0.0,0.07
COU17,2017,1,7,2017,2017-07-11,522905.0,0.03,47.52,47.81,-0.29,7,14.0,-3.87,-0.02,during_roll,0.0,0.07
COU17,2017,1,7,2017,2017-07-12,515738.0,0.02,47.74,48.03,-0.29,8,13.0,-1.37,-0.01,during_roll,0.0,0.07
COU17,2017,1,7,2017,2017-07-13,498594.0,0.02,48.42,48.68,-0.26,9,12.0,-3.32,0.0,during_roll,0.0,0.07
COU17,2017,1,7,2017,2017-07-14,468699.0,0.04,48.91,49.17,-0.26,10,11.0,-6.0,0.02,during_roll,0.0,0.07
COU17,2017,1,7,2017,2017-07-17,432905.0,0.06,48.42,48.68,-0.26,11,10.0,-7.64,0.02,during_roll,0.0,0.07
COU17,2017,1,7,2017,2017-07-18,395481.0,0.06,48.84,49.08,-0.24,12,9.0,-8.64,0.0,during_roll,0.0,0.07
COU17,2017,1,7,2017,2017-07-19,357565.0,0.06,49.7,49.93,-0.23,13,8.0,-9.59,0.0,during_roll,0.0,0.07
COU17,2017,1,7,2017,2017-07-20,312710.0,0.07,49.3,49.52,-0.22,14,7.0,-12.54,0.01,during_roll,0.0,0.07
COU17,2017,1,7,2017,2017-07-21,261756.0,0.04,48.06,48.31,-0.25,15,6.0,-16.29,-0.03,during_roll,0.0,0.07
COU17,2017,1,7,2017,2017-07-24,224057.0,0.05,48.6,48.82,-0.22,16,5.0,-14.4,0.01,during_roll,0.0,0.07
COU17,2017,1,7,2017,2017-07-25,193593.0,0.07,50.2,50.36,-0.16,17,4.0,-13.6,0.02,during_roll,0.0,0.07
COU17,2017,1,7,2017,2017-07-26,156947.0,0.08,50.97,51.1,-0.13,18,3.0,-18.93,0.01,during_roll,0.0,0.07
COU17,2017,1,7,2017,2017-07-27,114386.0,0.14,51.49,51.52,-0.03,19,2.0,-27.12,0.06,during_roll,0.0,0.07
COU17,2017,1,7,2017,2017-07-28,58754.0,0.42,52.52,52.22,0.3,20,1.0,-48.64,0.28,during_roll,0.0,0.07
COU17,2017,1,7,2017,2017-07-31,58754.0,0.08,52.65,52.72,-0.07,21,0.0,0.0,-0.34,during_roll,0.0,0.07
COU18,2018,3,5,2018,2018-05-01,235890.0,0.03,73.13,72.7,0.43,1,65.0,,,,-0.04,-0.35
COU18,2018,3,5,2018,2018-05-02,228164.0,0.06,73.36,72.94,0.42,2,64.0,-3.28,0.03,,-0.04,-0.35
COU18,2018,3,5,2018,2018-05-03,232841.0,0.09,73.62,73.22,0.4,3,63.0,2.05,0.03,,-0.04,-0.35
COU18,2018,3,5,2018,2018-05-04,233210.0,0.07,74.87,74.52,0.35,4,62.0,0.16,-0.02,,-0.04,-0.35
COU18,2018,3,5,2018,2018-05-07,235092.0,0.04,76.17,75.83,0.34,5,61.0,0.81,-0.03,,-0.04,-0.35
COU18,2018,3,5,2018,2018-05-08,237321.0,0.04,74.85,74.57,0.28,6,60.0,0.95,0.0,,-0.04,-0.35
COU18,2018,3,5,2018,2018-05-09,237909.0,0.02,77.21,76.93,0.28,7,59.0,0.25,-0.02,,-0.04,-0.35
COU18,2018,3,5,2018,2018-05-10,247593.0,-0.01,77.47,77.24,0.23,8,58.0,4.07,-0.03,,-0.04,-0.35
COU18,2018,3,5,2018,2018-05-11,260751.0,0.0,77.12,76.94,0.18,9,57.0,5.31,0.01,,-0.04,-0.35
COU18,2018,3,5,2018,2018-05-14,266665.0,0.03,78.23,77.99,0.24,10,56.0,2.27,0.03,,-0.04,-0.35
COU18,2018,3,5,2018,2018-05-15,280679.0,-0.01,78.43,78.27,0.16,11,55.0,5.26,-0.04,,-0.04,-0.35
COU18,2018,3,5,2018,2018-05-16,283780.0,0.01,79.28,79.17,0.11,12,54.0,1.1,0.02,,-0.04,-0.35
COU18,2018,3,5,2018,2018-05-17,288874.0,0.02,79.3,79.25,0.05,13,53.0,1.8,0.01,,-0.04,-0.35
COU18,2018,3,5,2018,2018-05-18,305118.0,0.02,78.51,78.49,0.02,14,52.0,5.62,0.0,,-0.04,-0.35
COU18,2018,3,5,2018,2018-05-21,303010.0,0.04,79.22,79.26,-0.04,15,51.0,-0.69,0.02,,-0.04,-0.35
COU18,2018,3,5,2018,2018-05-22,327737.0,0.04,79.57,79.59,-0.02,16,50.0,8.16,0.0,,-0.04,-0.35
COU18,2018,3,5,2018,2018-05-23,338388.0,0.04,79.8,79.84,-0.04,17,49.0,3.25,0.0,,-0.04,-0.35
COU18,2018,3,5,2018,2018-05-24,350798.0,0.04,78.79,78.83,-0.04,18,48.0,3.67,0.0,,-0.04,-0.35
COU18,2018,3,5,2018,2018-05-25,362378.0,0.02,76.44,76.47,-0.03,19,47.0,3.3,-0.02,,-0.04,-0.35
COU18,2018,3,5,2018,2018-05-28,363864.0,0.03,75.3,75.32,-0.02,20,46.0,0.41,0.01,,-0.04,-0.35
COU18,2018,3,5,2018,2018-05-29,374043.0,-0.01,75.39,75.49,-0.1,21,45.0,2.8,-0.04,,-0.04,-0.35
COU18,2018,3,5,2018,2018-05-30,379459.0,0.0,77.5,77.72,-0.22,22,44.0,1.45,0.01,,-0.04,-0.35
COU18,2018,3,5,2018,2018-05-31,371927.0,-0.02,77.59,77.56,0.03,23,43.0,-1.98,-0.02,,-0.04,-0.35
COU18,2018,2,6,2018,2018-06-01,383601.0,-0.01,76.79,76.51,0.28,1,42.0,,,,-0.04,-0.35
COU18,2018,2,6,2018,2018-06-04,398299.0,0.0,75.29,75.1,0.19,2,41.0,3.83,0.01,,-0.04,-0.35
COU18,2018,2,6,2018,2018-06-05,406647.0,0.03,75.38,75.13,0.25,3,40.0,2.1,0.03,,-0.04,-0.35
COU18,2018,2,6,2018,2018-06-06,411443.0,0.08,75.36,74.96,0.4,4,39.0,1.18,0.05,,-0.04,-0.35
COU18,2018,2,6,2018,2018-06-07,424567.0,0.06,77.32,76.98,0.34,5,38.0,3.19,-0.02,,-0.04,-0.35
COU18,2018,2,6,2018,2018-06-08,432307.0,0.05,76.46,76.19,0.27,6,37.0,1.82,-0.01,,-0.04,-0.35
COU18,2018,2,6,2018,2018-06-11,453737.0,0.08,76.46,76.19,0.27,7,36.0,4.96,0.03,,-0.04,-0.35
COU18,2018,2,6,2018,2018-06-12,473307.0,0.08,75.88,75.65,0.23,8,35.0,4.31,0.0,,-0.04,-0.35
COU18,2018,2,6,2018,2018-06-13,491794.0,0.11,76.74,76.48,0.26,9,34.0,3.91,0.03,,-0.04,-0.35
COU18,2018,2,6,2018,2018-06-14,489350.0,0.12,75.94,75.62,0.32,10,33.0,-0.5,0.01,,-0.04,-0.35
COU18,2018,2,6,2018,2018-06-15,485605.0,0.14,73.44,73.08,0.36,11,32.0,-0.77,0.02,,-0.04,-0.35
COU18,2018,2,6,2018,2018-06-18,492573.0,0.11,75.34,74.94,0.4,12,31.0,1.43,-0.03,,-0.04,-0.35
COU18,2018,2,6,2018,2018-06-19,502493.0,0.15,75.08,74.64,0.44,13,30.0,2.01,0.04,,-0.04,-0.35
COU18,2018,2,6,2018,2018-06-20,500798.0,0.11,74.74,74.33,0.41,14,29.0,-0.34,-0.04,,-0.04,-0.35
COU18,2018,2,6,2018,2018-06-21,502475.0,0.11,73.05,72.8,0.25,15,28.0,0.33,0.0,,-0.04,-0.35
COU18,2018,2,6,2018,2018-06-22,516019.0,0.07,75.55,75.32,0.23,16,27.0,2.7,-0.04,,-0.04,-0.35
COU18,2018,2,6,2018,2018-06-25,521063.0,0.05,74.73,74.55,0.18,17,26.0,0.98,-0.02,,-0.04,-0.35
COU18,2018,2,6,2018,2018-06-26,521452.0,0.04,76.31,76.14,0.17,18,25.0,0.07,-0.01,,-0.04,-0.35
COU18,2018,2,6,2018,2018-06-27,531136.0,0.02,77.62,77.46,0.16,19,24.0,1.86,-0.02,,-0.04,-0.35
COU18,2018,2,6,2018,2018-06-28,532990.0,0.0,77.85,77.61,0.24,20,23.0,0.35,-0.02,,-0.04,-0.35
COU18,2018,2,6,2018,2018-06-29,529642.0,0.04,79.44,79.23,0.21,21,22.0,-0.63,0.04,,-0.04,-0.35
COU18,2018,1,7,2018,2018-07-02,522300.0,0.03,77.3,76.98,0.32,1,21.0,,,pre_roll,-0.04,-0.35
COU18,2018,1,7,2018,2018-07-03,504212.0,0.03,77.76,77.41,0.35,2,20.0,-3.46,0.0,during_roll,-0.04,-0.35
COU18,2018,1,7,2018,2018-07-04,501424.0,0.03,78.24,77.89,0.35,3,19.0,-0.55,0.0,during_roll,-0.04,-0.35
COU18,2018,1,7,2018,2018-07-05,495848.0,0.02,77.39,77.1,0.29,4,18.0,-1.11,-0.01,during_roll,-0.04,-0.35
COU18,2018,1,7,2018,2018-07-06,474306.0,0.01,77.11,76.91,0.2,5,17.0,-4.34,-0.01,during_roll,-0.04,-0.35
COU18,2018,1,7,2018,2018-07-09,458063.0,0.03,78.07,77.85,0.22,6,16.0,-3.42,0.02,during_roll,-0.04,-0.35
COU18,2018,1,7,2018,2018-07-10,448633.0,0.02,78.86,78.62,0.24,7,15.0,-2.06,-0.01,during_roll,-0.04,-0.35
COU18,2018,1,7,2018,2018-07-11,421191.0,0.05,73.4,73.33,0.07,8,14.0,-6.12,0.03,during_roll,-0.04,-0.35
COU18,2018,1,7,2018,2018-07-12,387288.0,0.03,74.45,74.44,0.01,9,13.0,-8.05,-0.02,during_roll,-0.04,-0.35
COU18,2018,1,7,2018,2018-07-13,360024.0,0.04,75.33,75.26,0.07,10,12.0,-7.04,0.01,during_roll,-0.04,-0.35
COU18,2018,1,7,2018,2018-07-16,342177.0,0.05,71.84,71.82,0.02,11,11.0,-4.96,0.01,during_roll,-0.04,-0.35
COU18,2018,1,7,2018,2018-07-17,321718.0,-0.02,72.16,72.24,-0.08,12,10.0,-5.98,-0.07,during_roll,-0.04,-0.35
COU18,2018,1,7,2018,2018-07-18,305344.0,-0.07,72.9,72.99,-0.09,13,9.0,-5.09,-0.05,during_roll,-0.04,-0.35
COU18,2018,1,7,2018,2018-07-19,295191.0,-0.02,72.58,72.67,-0.09,14,8.0,-3.33,0.05,during_roll,-0.04,-0.35
COU18,2018,1,7,2018,2018-07-20,268621.0,0.01,73.07,73.14,-0.07,15,7.0,-9.0,0.03,during_roll,-0.04,-0.35
COU18,2018,1,7,2018,2018-07-23,206897.0,-0.12,73.06,73.38,-0.32,16,6.0,-22.98,-0.13,during_roll,-0.04,-0.35
COU18,2018,1,7,2018,2018-07-24,178897.0,-0.11,73.44,73.8,-0.36,17,5.0,-13.53,0.01,during_roll,-0.04,-0.35
COU18,2018,1,7,2018,2018-07-25,171096.0,-0.19,73.93,74.41,-0.48,18,4.0,-4.36,-0.08,during_roll,-0.04,-0.35
COU18,2018,1,7,2018,2018-07-26,129351.0,-0.32,74.54,75.12,-0.58,19,3.0,-24.4,-0.13,during_roll,-0.04,-0.35
COU18,2018,1,7,2018,2018-07-27,101814.0,-0.25,74.29,74.76,-0.47,20,2.0,-21.29,0.07,during_roll,-0.04,-0.35
COU18,2018,1,7,2018,2018-07-30,62975.0,-0.38,74.97,75.55,-0.58,21,1.0,-38.15,-0.13,during_roll,-0.04,-0.35
COU18,2018,1,7,2018,2018-07-31,62975.0,0.22,74.25,74.21,0.04,22,0.0,0.0,0.6,during_roll,-0.04,-0.35
COU19,2019,3,5,2019,2019-05-01,211935.0,0.1,72.18,71.5,0.68,1,65.0,,,,0.13,0.25
COU19,2019,3,5,2019,2019-05-02,213698.0,0.09,70.75,70.02,0.73,2,64.0,0.83,-0.01,,0.13,0.25
COU19,2019,3,5,2019,2019-05-03,219478.0,0.12,70.85,70.03,0.82,3,63.0,2.7,0.03,,0.13,0.25
COU19,2019,3,5,2019,2019-05-06,220334.0,0.12,71.24,70.37,0.87,4,62.0,0.39,0.0,,0.13,0.25
COU19,2019,3,5,2019,2019-05-07,231815.0,0.12,69.88,69.07,0.81,5,61.0,5.21,0.0,,0.13,0.25
COU19,2019,3,5,2019,2019-05-08,231328.0,0.12,70.37,69.62,0.75,6,60.0,-0.21,0.0,,0.13,0.25
COU19,2019,3,5,2019,2019-05-09,240008.0,0.14,70.39,69.48,0.91,7,59.0,3.75,0.02,,0.13,0.25
COU19,2019,3,5,2019,2019-05-10,242431.0,0.17,70.62,69.64,0.98,8,58.0,1.01,0.03,,0.13,0.25
COU19,2019,3,5,2019,2019-05-13,250221.0,0.15,70.23,69.31,0.92,9,57.0,3.21,-0.02,,0.13,0.25
COU19,2019,3,5,2019,2019-05-14,253021.0,0.16,71.24,70.31,0.93,10,56.0,1.12,0.01,,0.13,0.25
COU19,2019,3,5,2019,2019-05-15,265793.0,0.14,71.77,70.9,0.87,11,55.0,5.05,-0.02,,0.13,0.25
COU19,2019,3,5,2019,2019-05-16,267181.0,0.14,72.62,71.7,0.92,12,54.0,0.52,0.0,,0.13,0.25
COU19,2019,3,5,2019,2019-05-17,270302.0,0.15,72.21,71.26,0.95,13,53.0,1.17,0.01,,0.13,0.25
COU19,2019,3,5,2019,2019-05-20,269093.0,0.15,71.97,71.16,0.81,14,52.0,-0.45,0.0,,0.13,0.25
COU19,2019,3,5,2019,2019-05-21,269311.0,0.16,72.18,71.31,0.87,15,51.0,0.08,0.01,,0.13,0.25
COU19,2019,3,5,2019,2019-05-22,269613.0,0.19,70.99,69.99,1.0,16,50.0,0.11,0.03,,0.13,0.25
COU19,2019,3,5,2019,2019-05-23,306618.0,0.2,67.76,66.5,1.26,17,49.0,13.73,0.01,,0.13,0.25
COU19,2019,3,5,2019,2019-05-24,322171.0,0.24,68.69,67.47,1.22,18,48.0,5.07,0.04,,0.13,0.25
COU19,2019,3,5,2019,2019-05-27,323685.0,0.25,70.11,68.77,1.34,19,47.0,0.47,0.01,,0.13,0.25
COU19,2019,3,5,2019,2019-05-28,327970.0,0.26,70.11,68.67,1.44,20,46.0,1.32,0.01,,0.13,0.25
COU19,2019,3,5,2019,2019-05-29,336596.0,0.22,69.45,67.87,1.58,21,45.0,2.63,-0.04,,0.13,0.25
COU19,2019,3,5,2019,2019-05-30,327708.0,0.16,66.87,65.33,1.54,22,44.0,-2.64,-0.06,,0.13,0.25
COU19,2019,3,5,2019,2019-05-31,321998.0,0.2,64.49,61.99,2.5,23,43.0,-1.74,0.04,,0.13,0.25
COU19,2019,2,6,2019,2019-06-03,325730.0,0.23,61.28,60.46,0.82,1,42.0,,,,0.13,0.25
COU19,2019,2,6,2019,2019-06-04,329357.0,0.26,61.97,61.08,0.89,2,41.0,1.11,0.03,,0.13,0.25
COU19,2019,2,6,2019,2019-06-05,331210.0,0.31,60.63,59.53,1.1,3,40.0,0.56,0.05,,0.13,0.25
COU19,2019,2,6,2019,2019-06-06,342499.0,0.31,61.67,60.52,1.15,4,39.0,3.41,0.0,,0.13,0.25
COU19,2019,2,6,2019,2019-06-07,345783.0,0.3,63.29,62.18,1.11,5,38.0,0.96,-0.01,,0.13,0.25
COU19,2019,2,6,2019,2019-06-10,353511.0,0.26,62.29,61.34,0.95,6,37.0,2.23,-0.04,,0.13,0.25
COU19,2019,2,6,2019,2019-06-11,354864.0,0.24,62.29,61.45,0.84,7,36.0,0.38,-0.02,,0.13,0.25
COU19,2019,2,6,2019,2019-06-12,353470.0,0.2,59.97,59.19,0.78,8,35.0,-0.39,-0.04,,0.13,0.25
COU19,2019,2,6,2019,2019-06-13,370116.0,0.21,61.31,60.45,0.86,9,34.0,4.71,0.01,,0.13,0.25
COU19,2019,2,6,2019,2019-06-14,377004.0,0.21,62.01,61.01,1.0,10,33.0,1.86,0.0,,0.13,0.25
COU19,2019,2,6,2019,2019-06-17,382374.0,0.18,60.94,59.99,0.95,11,32.0,1.42,-0.03,,0.13,0.25
COU19,2019,2,6,2019,2019-06-18,390152.0,0.14,62.14,61.33,0.81,12,31.0,2.03,-0.04,,0.13,0.25
COU19,2019,2,6,2019,2019-06-19,398381.0,0.13,61.82,61.04,0.78,13,30.0,2.11,-0.01,,0.13,0.25
COU19,2019,2,6,2019,2019-06-20,429031.0,0.11,64.45,63.76,0.69,14,29.0,7.69,-0.02,,0.13,0.25
COU19,2019,2,6,2019,2019-06-21,450380.0,0.12,65.2,64.45,0.75,15,28.0,4.98,0.01,,0.13,0.25
COU19,2019,2,6,2019,2019-06-24,459383.0,0.11,64.86,64.18,0.68,16,27.0,2.0,-0.01,,0.13,0.25
COU19,2019,2,6,2019,2019-06-25,458327.0,0.12,65.05,64.28,0.77,17,26.0,-0.23,0.01,,0.13,0.25
COU19,2019,2,6,2019,2019-06-26,476938.0,0.12,66.49,65.69,0.8,18,25.0,4.06,0.0,,0.13,0.25
COU19,2019,2,6,2019,2019-06-27,493225.0,0.11,66.55,65.67,0.88,19,24.0,3.41,-0.01,,0.13,0.25
COU19,2019,2,6,2019,2019-06-28,505896.0,0.11,66.55,64.74,1.81,20,23.0,2.57,0.0,,0.13,0.25
COU19,2019,1,7,2019,2019-07-01,498707.0,0.07,65.06,64.76,0.3,1,22.0,,,pre_roll,0.13,0.25
COU19,2019,1,7,2019,2019-07-02,480024.0,0.05,62.4,62.16,0.24,2,21.0,-3.75,-0.02,during_roll,0.13,0.25
COU19,2019,1,7,2019,2019-07-03,470481.0,0.09,63.82,63.51,0.31,3,20.0,-1.99,0.04,during_roll,0.13,0.25
COU19,2019,1,7,2019,2019-07-04,465881.0,0.09,63.3,62.95,0.35,4,19.0,-0.98,0.0,during_roll,0.13,0.25
COU19,2019,1,7,2019,2019-07-05,463509.0,0.09,64.23,63.84,0.39,5,18.0,-0.51,0.0,during_roll,0.13,0.25
COU19,2019,1,7,2019,2019-07-08,444816.0,0.01,64.11,63.82,0.29,6,17.0,-4.03,-0.08,during_roll,0.13,0.25
COU19,2019,1,7,2019,2019-07-09,421533.0,-0.02,64.16,63.93,0.23,7,16.0,-5.23,-0.03,during_roll,0.13,0.25
COU19,2019,1,7,2019,2019-07-10,400586.0,0.0,67.01,66.69,0.32,8,15.0,-4.97,0.02,during_roll,0.13,0.25
COU19,2019,1,7,2019,2019-07-11,375312.0,-0.02,66.52,66.22,0.3,9,14.0,-6.31,-0.02,during_roll,0.13,0.25
COU19,2019,1,7,2019,2019-07-12,364045.0,0.02,66.72,66.34,0.38,10,13.0,-3.0,0.04,during_roll,0.13,0.25
COU19,2019,1,7,2019,2019-07-15,355423.0,0.12,66.48,65.92,0.56,11,12.0,-2.37,0.1,during_roll,0.13,0.25
COU19,2019,1,7,2019,2019-07-16,333532.0,0.09,64.35,63.84,0.51,12,11.0,-6.16,-0.03,during_roll,0.13,0.25
COU19,2019,1,7,2019,2019-07-17,314586.0,0.08,63.66,63.19,0.47,13,10.0,-5.68,-0.01,during_roll,0.13,0.25
COU19,2019,1,7,2019,2019-07-18,300454.0,0.06,61.93,61.59,0.34,14,9.0,-4.49,-0.02,during_roll,0.13,0.25
COU19,2019,1,7,2019,2019-07-19,271528.0,-0.06,62.47,62.28,0.19,15,8.0,-9.63,-0.12,during_roll,0.13,0.25
COU19,2019,1,7,2019,2019-07-22,244759.0,-0.08,63.26,63.03,0.23,16,7.0,-9.86,-0.02,during_roll,0.13,0.25
COU19,2019,1,7,2019,2019-07-23,210779.0,-0.24,63.83,63.75,0.08,17,6.0,-13.88,-0.16,during_roll,0.13,0.25
COU19,2019,1,7,2019,2019-07-24,185399.0,-0.24,63.18,63.08,0.1,18,5.0,-12.04,0.0,during_roll,0.13,0.25
COU19,2019,1,7,2019,2019-07-25,170685.0,-0.25,63.39,63.26,0.13,19,4.0,-7.94,-0.01,during_roll,0.13,0.25
COU19,2019,1,7,2019,2019-07-26,112448.0,-0.33,63.46,63.37,0.09,20,3.0,-34.12,-0.08,during_roll,0.13,0.25
COU19,2019,1,7,2019,2019-07-29,83531.0,-0.33,63.71,63.62,0.09,21,2.0,-25.72,0.0,during_roll,0.13,0.25
COU19,2019,1,7,2019,2019-07-30,50479.0,-0.36,64.72,64.63,0.09,22,1.0,-39.57,-0.03,during_roll,0.13,0.25
COU19,2019,1,7,2019,2019-07-31,50479.0,-0.38,65.17,65.05,0.12,23,0.0,0.0,-0.02,during_roll,0.13,0.25
COU20,2020,3,5,2020,2020-05-01,212982.0,-0.12,26.44,28.07,-1.63,1,65.0,,,,0.62,0.18
COU20,2020,3,5,2020,2020-05-04,217770.0,-0.11,27.2,28.68,-1.48,2,64.0,2.25,0.01,,0.62,0.18
COU20,2020,3,5,2020,2020-05-05,219149.0,-0.07,30.97,31.91,-0.94,3,63.0,0.63,0.04,,0.62,0.18
COU20,2020,3,5,2020,2020-05-06,217027.0,-0.02,29.72,30.6,-0.88,4,62.0,-0.97,0.05,,0.62,0.18
COU20,2020,3,5,2020,2020-05-07,215722.0,0.0,29.46,30.4,-0.94,5,61.0,-0.6,0.02,,0.62,0.18
COU20,2020,3,5,2020,2020-05-08,215703.0,-0.04,30.97,32.08,-1.11,6,60.0,-0.01,-0.04,,0.62,0.18
COU20,2020,3,5,2020,2020-05-11,222235.0,-0.02,29.63,30.65,-1.02,7,59.0,3.03,0.02,,0.62,0.18
COU20,2020,3,5,2020,2020-05-12,230054.0,0.01,29.98,30.81,-0.83,8,58.0,3.52,0.03,,0.62,0.18
COU20,2020,3,5,2020,2020-05-13,244958.0,0.03,29.19,29.96,-0.77,9,57.0,6.48,0.02,,0.62,0.18
COU20,2020,3,5,2020,2020-05-14,252208.0,0.07,31.13,31.64,-0.51,10,56.0,2.96,0.04,,0.62,0.18
COU20,2020,3,5,2020,2020-05-15,252784.0,0.09,32.5,32.8,-0.3,11,55.0,0.23,0.02,,0.62,0.18
COU20,2020,3,5,2020,2020-05-18,249351.0,0.05,34.81,35.05,-0.24,12,54.0,-1.36,-0.04,,0.62,0.18
COU20,2020,3,5,2020,2020-05-19,254452.0,0.05,34.65,34.94,-0.29,13,53.0,2.05,0.0,,0.62,0.18
COU20,2020,3,5,2020,2020-05-20,256038.0,0.05,35.75,36.02,-0.27,14,52.0,0.62,0.0,,0.62,0.18
COU20,2020,3,5,2020,2020-05-21,253656.0,0.05,36.06,36.41,-0.35,15,51.0,-0.93,0.0,,0.62,0.18
COU20,2020,3,5,2020,2020-05-22,262696.0,0.02,35.13,35.66,-0.53,16,50.0,3.56,-0.03,,0.62,0.18
COU20,2020,3,5,2020,2020-05-25,262944.0,0.03,35.53,36.12,-0.59,17,49.0,0.09,0.01,,0.62,0.18
COU20,2020,3,5,2020,2020-05-26,265330.0,0.01,36.17,36.74,-0.57,18,48.0,0.91,-0.02,,0.62,0.18
COU20,2020,3,5,2020,2020-05-27,268897.0,0.02,34.74,35.45,-0.71,19,47.0,1.34,0.01,,0.62,0.18
COU20,2020,3,5,2020,2020-05-28,270524.0,0.04,35.29,36.03,-0.74,20,46.0,0.61,0.02,,0.62,0.18
COU20,2020,3,5,2020,2020-05-29,272971.0,0.1,35.33,37.84,-2.51,21,45.0,0.9,0.06,,0.62,0.18
COU20,2020,2,6,2020,2020-06-01,275409.0,0.12,38.32,38.43,-0.11,1,44.0,,,,0.62,0.18
COU20,2020,2,6,2020,2020-06-02,274839.0,0.09,39.57,39.66,-0.09,2,43.0,-0.21,-0.03,,0.62,0.18
COU20,2020,2,6,2020,2020-06-03,275599.0,0.05,39.79,39.97,-0.18,3,42.0,0.28,-0.04,,0.62,0.18
COU20,2020,2,6,2020,2020-06-04,286519.0,0.04,39.99,40.17,-0.18,4,41.0,3.96,-0.01,,0.62,0.18
COU20,2020,2,6,2020,2020-06-05,308916.0,0.04,42.3,42.42,-0.12,5,40.0,7.82,0.0,,0.62,0.18
COU20,2020,2,6,2020,2020-06-08,325308.0,0.03,40.8,41.0,-0.2,6,39.0,5.31,-0.01,,0.62,0.18
COU20,2020,2,6,2020,2020-06-09,341860.0,0.0,41.18,41.51,-0.33,7,38.0,5.09,-0.03,,0.62,0.18
COU20,2020,2,6,2020,2020-06-10,375424.0,0.05,41.73,41.94,-0.21,8,37.0,9.82,0.05,,0.62,0.18
COU20,2020,2,6,2020,2020-06-11,383978.0,0.01,38.55,38.88,-0.33,9,36.0,2.28,-0.04,,0.62,0.18
COU20,2020,2,6,2020,2020-06-12,400254.0,0.02,38.73,38.98,-0.25,10,35.0,4.24,0.01,,0.62,0.18
COU20,2020,2,6,2020,2020-06-15,408702.0,0.07,39.72,39.93,-0.21,11,34.0,2.11,0.05,,0.62,0.18
COU20,2020,2,6,2020,2020-06-16,420880.0,0.08,40.96,41.13,-0.17,12,33.0,2.98,0.01,,0.62,0.18
COU20,2020,2,6,2020,2020-06-17,422265.0,0.07,40.71,40.77,-0.06,13,32.0,0.33,-0.01,,0.62,0.18
COU20,2020,2,6,2020,2020-06-18,421324.0,0.09,41.51,41.47,0.04,14,31.0,-0.22,0.02,,0.62,0.18
COU20,2020,2,6,2020,2020-06-19,430299.0,0.09,42.19,42.14,0.05,15,30.0,2.13,0.0,,0.62,0.18
COU20,2020,2,6,2020,2020-06-22,458018.0,0.1,43.08,43.07,0.01,16,29.0,6.44,0.01,,0.62,0.18
COU20,2020,2,6,2020,2020-06-23,473389.0,0.08,42.63,42.73,-0.1,17,28.0,3.36,-0.02,,0.62,0.18
COU20,2020,2,6,2020,2020-06-24,489251.0,0.02,40.31,40.53,-0.22,18,27.0,3.35,-0.06,,0.62,0.18
COU20,2020,2,6,2020,2020-06-25,508453.0,0.09,41.05,41.12,-0.07,19,26.0,3.92,0.07,,0.62,0.18
COU20,2020,2,6,2020,2020-06-26,515841.0,0.09,41.02,40.93,0.09,20,25.0,1.45,0.0,,0.62,0.18
COU20,2020,2,6,2020,2020-06-29,536183.0,0.07,41.71,41.85,-0.14,21,24.0,3.94,-0.02,,0.62,0.18
COU20,2020,2,6,2020,2020-06-30,538591.0,0.05,41.15,41.27,-0.12,22,23.0,0.45,-0.02,,0.62,0.18
COU20,2020,1,7,2020,2020-07-01,532441.0,0.05,42.03,42.11,-0.08,1,22.0,,,pre_roll,0.62,0.18
COU20,2020,1,7,2020,2020-07-02,519619.0,0.02,43.14,43.19,-0.05,2,21.0,-2.41,-0.03,during_roll,0.62,0.18
COU20,2020,1,7,2020,2020-07-03,503218.0,0.01,42.8,42.91,-0.11,3,20.0,-3.16,-0.01,during_roll,0.62,0.18
COU20,2020,1,7,2020,2020-07-06,496281.0,0.01,43.1,43.24,-0.14,4,19.0,-1.38,0.0,during_roll,0.62,0.18
COU20,2020,1,7,2020,2020-07-07,478058.0,0.01,43.08,43.26,-0.18,5,18.0,-3.67,0.0,during_roll,0.62,0.18
COU20,2020,1,7,2020,2020-07-08,439560.0,0.02,43.29,43.46,-0.17,6,17.0,-8.05,0.01,during_roll,0.62,0.18
COU20,2020,1,7,2020,2020-07-09,407695.0,0.01,42.35,42.55,-0.2,7,16.0,-7.25,-0.01,during_roll,0.62,0.18
COU20,2020,1,7,2020,2020-07-10,392542.0,0.0,43.24,43.46,-0.22,8,15.0,-3.72,-0.01,during_roll,0.62,0.18
COU20,2020,1,7,2020,2020-07-13,371187.0,0.0,42.72,42.96,-0.24,9,14.0,-5.44,0.0,during_roll,0.62,0.18
COU20,2020,1,7,2020,2020-07-14,353151.0,0.01,42.9,43.13,-0.23,10,13.0,-4.86,0.01,during_roll,0.62,0.18
COU20,2020,1,7,2020,2020-07-15,332516.0,0.01,43.79,43.93,-0.14,11,12.0,-5.84,0.0,during_roll,0.62,0.18
COU20,2020,1,7,2020,2020-07-16,303458.0,0.05,43.37,43.5,-0.13,12,11.0,-8.74,0.04,during_roll,0.62,0.18
COU20,2020,1,7,2020,2020-07-17,292094.0,0.07,43.14,43.3,-0.16,13,10.0,-3.74,0.02,during_roll,0.62,0.18
COU20,2020,1,7,2020,2020-07-20,269972.0,0.06,43.28,43.46,-0.18,14,9.0,-7.57,-0.01,during_roll,0.62,0.18
COU20,2020,1,7,2020,2020-07-21,260434.0,0.0,44.32,44.55,-0.23,15,8.0,-3.53,-0.06,during_roll,0.62,0.18
COU20,2020,1,7,2020,2020-07-22,239859.0,-0.02,44.29,44.56,-0.27,16,7.0,-7.9,-0.02,during_roll,0.62,0.18
COU20,2020,1,7,2020,2020-07-23,188278.0,-0.08,43.31,43.67,-0.36,17,6.0,-21.5,-0.06,during_roll,0.62,0.18
COU20,2020,1,7,2020,2020-07-24,166135.0,-0.06,43.34,43.78,-0.44,18,5.0,-11.76,0.02,during_roll,0.62,0.18
COU20,2020,1,7,2020,2020-07-27,146986.0,-0.05,43.41,43.9,-0.49,19,4.0,-11.53,0.01,during_roll,0.62,0.18
COU20,2020,1,7,2020,2020-07-28,111692.0,0.03,43.22,43.61,-0.39,20,3.0,-24.01,0.08,during_roll,0.62,0.18
COU20,2020,1,7,2020,2020-07-29,91345.0,0.03,43.75,44.09,-0.34,21,2.0,-18.22,0.0,during_roll,0.62,0.18
COU20,2020,1,7,2020,2020-07-30,59423.0,0.03,42.94,43.25,-0.31,22,1.0,-34.95,0.0,during_roll,0.62,0.18
COU20,2020,1,7,2020,2020-07-31,,0.11,43.3,43.52,-0.22,23,0.0,0.0,0.08,during_roll,0.62,0.18
COU21,2021,3,5,2021,2021-05-03,202350.0,0.0,67.56,67.14,0.42,1,63.0,,,,0.01,-0.03
COU21,2021,3,5,2021,2021-05-04,197579.0,-0.0,68.88,68.45,0.43,2,62.0,-2.36,-0.0,,0.01,-0.03
COU21,2021,3,5,2021,2021-05-05,196439.0,0.01,68.96,68.55,0.41,3,61.0,-0.58,0.01,,0.01,-0.03
COU21,2021,3,5,2021,2021-05-06,197506.0,0.01,68.09,67.72,0.37,4,60.0,0.54,0.0,,0.01,-0.03
COU21,2021,3,5,2021,2021-05-07,198771.0,0.0,68.28,68.0,0.28,5,59.0,0.64,-0.01,,0.01,-0.03
COU21,2021,3,5,2021,2021-05-10,205611.0,0.01,68.32,68.09,0.23,6,58.0,3.44,0.01,,0.01,-0.03
COU21,2021,3,5,2021,2021-05-11,222839.0,0.01,68.55,68.37,0.18,7,57.0,8.38,0.0,,0.01,-0.03
COU21,2021,3,5,2021,2021-05-12,238793.0,0.01,69.32,69.14,0.18,8,56.0,7.16,0.0,,0.01,-0.03
COU21,2021,3,5,2021,2021-05-13,254792.0,0.02,67.05,66.88,0.17,9,55.0,6.7,0.01,,0.01,-0.03
COU21,2021,3,5,2021,2021-05-14,258617.0,0.03,68.71,68.38,0.33,10,54.0,1.5,0.01,,0.01,-0.03
COU21,2021,3,5,2021,2021-05-17,264896.0,0.01,69.46,69.14,0.32,11,53.0,2.43,-0.02,,0.01,-0.03
COU21,2021,3,5,2021,2021-05-18,276778.0,-0.01,68.71,68.52,0.19,12,52.0,4.49,-0.02,,0.01,-0.03
COU21,2021,3,5,2021,2021-05-19,277630.0,-0.02,66.66,66.53,0.13,13,51.0,0.31,-0.01,,0.01,-0.03
COU21,2021,3,5,2021,2021-05-20,282457.0,-0.03,65.11,65.07,0.04,14,50.0,1.74,-0.01,,0.01,-0.03
COU21,2021,3,5,2021,2021-05-21,284456.0,-0.01,66.44,66.35,0.09,15,49.0,0.71,0.02,,0.01,-0.03
COU21,2021,3,5,2021,2021-05-24,292861.0,0.0,68.46,68.37,0.09,16,48.0,2.95,0.01,,0.01,-0.03
COU21,2021,3,5,2021,2021-05-25,301468.0,0.03,68.65,68.49,0.16,17,47.0,2.94,0.03,,0.01,-0.03
COU21,2021,3,5,2021,2021-05-26,304312.0,0.03,68.87,68.73,0.14,18,46.0,0.94,0.0,,0.01,-0.03
COU21,2021,3,5,2021,2021-05-27,317900.0,0.02,69.46,69.2,0.26,19,45.0,4.47,-0.01,,0.01,-0.03
COU21,2021,3,5,2021,2021-05-28,317614.0,0.01,69.63,68.72,0.91,20,44.0,-0.09,-0.01,,0.01,-0.03
COU21,2021,2,6,2021,2021-06-01,329130.0,0.01,70.25,69.85,0.4,1,43.0,,,,0.01,-0.03
COU21,2021,2,6,2021,2021-06-02,351350.0,0.02,71.35,70.95,0.4,2,42.0,6.75,0.01,,0.01,-0.03
COU21,2021,2,6,2021,2021-06-03,345780.0,0.02,71.31,70.89,0.42,3,41.0,-1.59,0.0,,0.01,-0.03
COU21,2021,2,6,2021,2021-06-04,356799.0,0.04,71.89,71.49,0.4,4,40.0,3.19,0.02,,0.01,-0.03
COU21,2021,2,6,2021,2021-06-07,370497.0,0.02,71.49,71.11,0.38,5,39.0,3.84,-0.02,,0.01,-0.03
COU21,2021,2,6,2021,2021-06-08,397510.0,0.02,72.22,71.81,0.41,6,38.0,7.29,0.0,,0.01,-0.03
COU21,2021,2,6,2021,2021-06-09,424721.0,0.03,72.22,71.75,0.47,7,37.0,6.85,0.01,,0.01,-0.03
COU21,2021,2,6,2021,2021-06-10,436341.0,0.04,72.52,71.98,0.54,8,36.0,2.74,0.01,,0.01,-0.03
COU21,2021,2,6,2021,2021-06-11,456493.0,0.06,72.69,72.11,0.58,9,35.0,4.62,0.02,,0.01,-0.03
COU21,2021,2,6,2021,2021-06-14,467134.0,0.08,72.86,72.29,0.57,10,34.0,2.33,0.02,,0.01,-0.03
COU21,2021,2,6,2021,2021-06-15,472238.0,0.07,73.99,73.3,0.69,11,33.0,1.09,-0.01,,0.01,-0.03
COU21,2021,2,6,2021,2021-06-16,489073.0,0.09,74.39,73.59,0.8,12,32.0,3.56,0.02,,0.01,-0.03
COU21,2021,2,6,2021,2021-06-17,507416.0,0.1,73.08,72.29,0.79,13,31.0,3.75,0.01,,0.01,-0.03
COU21,2021,2,6,2021,2021-06-18,523343.0,0.12,73.51,72.73,0.78,14,30.0,3.14,0.02,,0.01,-0.03
COU21,2021,2,6,2021,2021-06-21,529230.0,0.14,74.9,74.05,0.85,15,29.0,1.12,0.02,,0.01,-0.03
COU21,2021,2,6,2021,2021-06-22,575887.0,0.13,74.81,74.08,0.73,16,28.0,8.82,-0.01,,0.01,-0.03
COU21,2021,2,6,2021,2021-06-23,586234.0,0.1,75.19,74.5,0.69,17,27.0,1.8,-0.03,,0.01,-0.03
COU21,2021,2,6,2021,2021-06-24,588113.0,0.09,75.56,74.81,0.75,18,26.0,0.32,-0.01,,0.01,-0.03
COU21,2021,2,6,2021,2021-06-25,603761.0,0.08,76.18,75.38,0.8,19,25.0,2.66,-0.01,,0.01,-0.03
COU21,2021,2,6,2021,2021-06-28,620327.0,0.08,74.68,74.14,0.54,20,24.0,2.74,0.0,,0.01,-0.03
COU21,2021,2,6,2021,2021-06-29,642769.0,0.06,74.76,74.28,0.48,21,23.0,3.62,-0.02,,0.01,-0.03
COU21,2021,2,6,2021,2021-06-30,647175.0,0.09,75.13,74.62,0.51,22,22.0,0.69,0.03,,0.01,-0.03
COU21,2021,1,7,2021,2021-07-01,646528.0,0.09,75.84,74.96,0.88,1,21.0,,,pre_roll,0.01,-0.03
COU21,2021,1,7,2021,2021-07-02,621980.0,0.09,76.17,75.3,0.87,2,20.0,-3.8,0.0,during_roll,0.01,-0.03
COU21,2021,1,7,2021,2021-07-05,620623.0,0.12,77.16,76.17,0.99,3,19.0,-0.22,0.03,during_roll,0.01,-0.03
COU21,2021,1,7,2021,2021-07-06,607309.0,0.09,74.53,73.58,0.95,4,18.0,-2.15,-0.03,during_roll,0.01,-0.03
COU21,2021,1,7,2021,2021-07-07,608890.0,0.06,73.43,72.55,0.88,5,17.0,0.26,-0.03,during_roll,0.01,-0.03
COU21,2021,1,7,2021,2021-07-08,574814.0,0.02,74.12,73.29,0.83,6,16.0,-5.6,-0.04,during_roll,0.01,-0.03
COU21,2021,1,7,2021,2021-07-09,541887.0,-0.01,75.55,74.74,0.81,7,15.0,-5.73,-0.03,during_roll,0.01,-0.03
COU21,2021,1,7,2021,2021-07-12,494746.0,-0.03,75.16,74.42,0.74,8,14.0,-8.7,-0.02,during_roll,0.01,-0.03
COU21,2021,1,7,2021,2021-07-13,464971.0,0.0,76.49,75.71,0.78,9,13.0,-6.02,0.03,during_roll,0.01,-0.03
COU21,2021,1,7,2021,2021-07-14,424350.0,0.02,74.76,73.98,0.78,10,12.0,-8.74,0.02,during_roll,0.01,-0.03
COU21,2021,1,7,2021,2021-07-15,385639.0,0.0,73.47,72.77,0.7,11,11.0,-9.12,-0.02,during_roll,0.01,-0.03
COU21,2021,1,7,2021,2021-07-16,364482.0,-0.03,73.59,72.97,0.62,12,10.0,-5.49,-0.03,during_roll,0.01,-0.03
COU21,2021,1,7,2021,2021-07-19,321724.0,0.01,68.62,68.05,0.57,13,9.0,-11.73,0.04,during_roll,0.01,-0.03
COU21,2021,1,7,2021,2021-07-20,296081.0,0.01,69.35,68.77,0.58,14,8.0,-7.97,0.0,during_roll,0.01,-0.03
COU21,2021,1,7,2021,2021-07-21,267820.0,-0.05,72.23,71.63,0.6,15,7.0,-9.55,-0.06,during_roll,0.01,-0.03
COU21,2021,1,7,2021,2021-07-22,241182.0,-0.1,73.79,73.15,0.64,16,6.0,-9.95,-0.05,during_roll,0.01,-0.03
COU21,2021,1,7,2021,2021-07-23,223580.0,-0.12,74.1,73.44,0.66,17,5.0,-7.3,-0.02,during_roll,0.01,-0.03
COU21,2021,1,7,2021,2021-07-26,209170.0,-0.02,74.5,73.7,0.8,18,4.0,-6.45,0.1,during_roll,0.01,-0.03
COU21,2021,1,7,2021,2021-07-27,166740.0,0.13,74.48,73.52,0.96,19,3.0,-20.28,0.15,during_roll,0.01,-0.03
COU21,2021,1,7,2021,2021-07-28,126261.0,0.11,74.74,73.87,0.87,20,2.0,-24.28,-0.02,during_roll,0.01,-0.03
COU21,2021,1,7,2021,2021-07-29,87861.0,0.21,76.05,75.1,0.95,21,1.0,-30.41,0.1,during_roll,0.01,-0.03
COU21,2021,1,7,2021,2021-07-30,81285.0,0.1,76.33,75.41,0.92,22,0.0,-7.48,-0.11,during_roll,0.01,-0.03
COU22,2022,3,5,2022,2022-05-02,178007.0,0.14,107.58,105.97,1.61,1,64.0,,,,0.51,1.72
COU22,2022,3,5,2022,2022-05-03,178907.0,0.06,104.97,103.73,1.24,2,63.0,0.51,-0.08,,0.51,1.72
COU22,2022,3,5,2022,2022-05-04,184082.0,0.09,110.14,108.72,1.42,3,62.0,2.89,0.03,,0.51,1.72
COU22,2022,3,5,2022,2022-05-05,184013.0,0.11,110.9,109.22,1.68,4,61.0,-0.04,0.02,,0.51,1.72
COU22,2022,3,5,2022,2022-05-06,184119.0,0.06,112.39,110.84,1.55,5,60.0,0.06,-0.05,,0.51,1.72
COU22,2022,3,5,2022,2022-05-09,191539.0,0.04,105.94,104.6,1.34,6,59.0,4.03,-0.02,,0.51,1.72
COU22,2022,3,5,2022,2022-05-10,196532.0,0.06,102.46,101.24,1.22,7,58.0,2.61,0.02,,0.51,1.72
COU22,2022,3,5,2022,2022-05-11,199885.0,0.11,107.51,106.1,1.41,8,57.0,1.71,0.05,,0.51,1.72
COU22,2022,3,5,2022,2022-05-12,205690.0,0.13,107.45,105.99,1.46,9,56.0,2.9,0.02,,0.51,1.72
COU22,2022,3,5,2022,2022-05-13,201221.0,0.17,111.55,109.75,1.8,10,55.0,-2.17,0.04,,0.51,1.72
COU22,2022,3,5,2022,2022-05-16,199924.0,0.25,114.24,112.11,2.13,11,54.0,-0.64,0.08,,0.51,1.72
COU22,2022,3,5,2022,2022-05-17,204158.0,0.28,111.93,109.85,2.08,12,53.0,2.12,0.03,,0.51,1.72
COU22,2022,3,5,2022,2022-05-18,212496.0,0.33,109.11,106.93,2.18,13,52.0,4.08,0.05,,0.51,1.72
COU22,2022,3,5,2022,2022-05-19,220994.0,0.33,112.04,109.82,2.22,14,51.0,4.0,0.0,,0.51,1.72
COU22,2022,3,5,2022,2022-05-20,225961.0,0.39,112.55,109.99,2.56,15,50.0,2.25,0.06,,0.51,1.72
COU22,2022,3,5,2022,2022-05-23,236069.0,0.38,113.42,110.78,2.64,16,49.0,4.47,-0.01,,0.51,1.72
COU22,2022,3,5,2022,2022-05-24,242659.0,0.34,113.56,110.69,2.87,17,48.0,2.79,-0.04,,0.51,1.72
COU22,2022,3,5,2022,2022-05-25,251106.0,0.32,114.03,111.12,2.91,18,47.0,3.48,-0.02,,0.51,1.72
COU22,2022,3,5,2022,2022-05-26,257497.0,0.35,117.4,114.17,3.23,19,46.0,2.55,0.03,,0.51,1.72
COU22,2022,3,5,2022,2022-05-27,266031.0,0.36,119.43,115.56,3.87,20,45.0,3.31,0.01,,0.51,1.72
COU22,2022,3,5,2022,2022-05-30,267647.0,0.41,121.67,117.6,4.07,21,44.0,0.61,0.05,,0.51,1.72
COU22,2022,3,5,2022,2022-05-31,272428.0,0.39,122.84,115.6,7.24,22,43.0,1.79,-0.02,,0.51,1.72
COU22,2022,2,6,2022,2022-06-01,290674.0,0.32,116.29,113.56,2.73,1,42.0,,,,0.51,1.72
COU22,2022,2,6,2022,2022-06-02,299704.0,0.28,117.61,115.03,2.58,2,41.0,3.11,-0.04,,0.51,1.72
COU22,2022,2,6,2022,2022-06-03,308983.0,0.33,119.72,117.03,2.69,3,40.0,3.1,0.05,,0.51,1.72
COU22,2022,2,6,2022,2022-06-06,322195.0,0.32,119.51,116.97,2.54,4,39.0,4.28,-0.01,,0.51,1.72
COU22,2022,2,6,2022,2022-06-07,331351.0,0.28,120.57,118.14,2.43,5,38.0,2.84,-0.04,,0.51,1.72
COU22,2022,2,6,2022,2022-06-08,341619.0,0.35,123.58,120.89,2.69,6,37.0,3.1,0.07,,0.51,1.72
COU22,2022,2,6,2022,2022-06-09,352171.0,0.36,123.07,120.3,2.77,7,36.0,3.09,0.01,,0.51,1.72
COU22,2022,2,6,2022,2022-06-10,358479.0,0.45,122.01,119.02,2.99,8,35.0,1.79,0.09,,0.51,1.72
COU22,2022,2,6,2022,2022-06-13,364480.0,0.46,122.27,119.07,3.2,9,34.0,1.67,0.01,,0.51,1.72
COU22,2022,2,6,2022,2022-06-14,365477.0,0.57,121.17,117.78,3.39,10,33.0,0.27,0.11,,0.51,1.72
COU22,2022,2,6,2022,2022-06-15,369456.0,0.53,118.51,115.47,3.04,11,32.0,1.09,-0.04,,0.51,1.72
COU22,2022,2,6,2022,2022-06-16,388196.0,0.49,119.81,117.0,2.81,12,31.0,5.07,-0.04,,0.51,1.72
COU22,2022,2,6,2022,2022-06-17,395054.0,0.5,113.12,110.39,2.73,13,30.0,1.77,0.01,,0.51,1.72
COU22,2022,2,6,2022,2022-06-20,408234.0,0.42,114.13,111.36,2.77,14,29.0,3.34,-0.08,,0.51,1.72
COU22,2022,2,6,2022,2022-06-21,412924.0,0.48,114.65,111.77,2.88,15,28.0,1.15,0.06,,0.51,1.72
COU22,2022,2,6,2022,2022-06-22,408987.0,0.51,111.74,108.65,3.09,16,27.0,-0.95,0.03,,0.51,1.72
COU22,2022,2,6,2022,2022-06-23,404992.0,0.5,110.05,106.46,3.59,17,26.0,-0.98,-0.01,,0.51,1.72
COU22,2022,2,6,2022,2022-06-24,405484.0,0.53,113.12,109.1,4.02,18,25.0,0.12,0.03,,0.51,1.72
COU22,2022,2,6,2022,2022-06-27,406418.0,0.54,115.09,110.98,4.11,19,24.0,0.23,0.01,,0.51,1.72
COU22,2022,2,6,2022,2022-06-28,420941.0,0.51,117.98,113.8,4.18,20,23.0,3.57,-0.03,,0.51,1.72
COU22,2022,2,6,2022,2022-06-29,428434.0,0.53,116.26,112.45,3.81,21,22.0,1.78,0.02,,0.51,1.72
COU22,2022,2,6,2022,2022-06-30,426762.0,0.67,114.81,109.03,5.78,22,21.0,-0.39,0.14,,0.51,1.72
COU22,2022,1,7,2022,2022-07-01,419711.0,0.68,111.63,107.8,3.83,1,20.0,,,pre_roll,0.51,1.72
COU22,2022,1,7,2022,2022-07-04,412777.0,0.69,113.5,109.46,4.04,2,19.0,-1.65,0.01,during_roll,0.51,1.72
COU22,2022,1,7,2022,2022-07-05,378943.0,0.58,102.77,98.99,3.78,3,18.0,-8.2,-0.11,during_roll,0.51,1.72
COU22,2022,1,7,2022,2022-07-06,369819.0,0.63,100.69,97.09,3.6,4,17.0,-2.41,0.05,during_roll,0.51,1.72
COU22,2022,1,7,2022,2022-07-07,354363.0,0.68,104.65,100.98,3.67,5,16.0,-4.18,0.05,during_roll,0.51,1.72
COU22,2022,1,7,2022,2022-07-08,336296.0,0.61,107.02,103.46,3.56,6,15.0,-5.1,-0.07,during_roll,0.51,1.72
COU22,2022,1,7,2022,2022-07-11,313648.0,0.6,107.1,103.65,3.45,7,14.0,-6.73,-0.01,during_roll,0.51,1.72
COU22,2022,1,7,2022,2022-07-12,291795.0,0.86,99.49,96.12,3.37,8,13.0,-6.97,0.26,during_roll,0.51,1.72
COU22,2022,1,7,2022,2022-07-13,273590.0,0.96,99.57,96.29,3.28,9,12.0,-6.24,0.1,during_roll,0.51,1.72
COU22,2022,1,7,2022,2022-07-14,271486.0,1.3,99.1,95.31,3.79,10,11.0,-0.77,0.34,during_roll,0.51,1.72
COU22,2022,1,7,2022,2022-07-15,258463.0,1.4,101.16,97.15,4.01,11,10.0,-4.8,0.1,during_roll,0.51,1.72
COU22,2022,1,7,2022,2022-07-18,257953.0,1.5,106.27,101.86,4.41,12,9.0,-0.2,0.1,during_roll,0.51,1.72
COU22,2022,1,7,2022,2022-07-19,246784.0,1.43,107.35,102.88,4.47,13,8.0,-4.33,-0.07,during_roll,0.51,1.72
COU22,2022,1,7,2022,2022-07-20,246509.0,1.69,106.92,102.37,4.55,14,7.0,-0.11,0.26,during_roll,0.51,1.72
COU22,2022,1,7,2022,2022-07-21,231383.0,1.87,103.86,99.48,4.38,15,6.0,-6.14,0.18,during_roll,0.51,1.72
COU22,2022,1,7,2022,2022-07-22,209495.0,2.37,103.2,98.38,4.82,16,5.0,-9.46,0.5,during_roll,0.51,1.72
COU22,2022,1,7,2022,2022-07-25,177166.0,2.57,105.15,100.19,4.96,17,4.0,-15.43,0.2,during_roll,0.51,1.72
COU22,2022,1,7,2022,2022-07-26,137768.0,2.62,104.4,99.46,4.94,18,3.0,-22.24,0.05,during_roll,0.51,1.72
COU22,2022,1,7,2022,2022-07-27,105012.0,2.72,106.62,101.67,4.95,19,2.0,-23.78,0.1,during_roll,0.51,1.72
COU22,2022,1,7,2022,2022-07-28,51793.0,2.97,107.14,101.83,5.31,20,1.0,-50.68,0.25,during_roll,0.51,1.72
COU22,2022,1,7,2022,2022-07-29,,3.51,110.01,103.97,6.04,21,0.0,0.0,0.54,during_roll,0.51,1.72
COU23,2023,3,5,2023,2023-05-01,206752.0,0.02,79.31,78.94,0.37,1,65.0,,,,-1.2,-1.02
COU23,2023,3,5,2023,2023-05-02,210759.0,0.03,75.32,75.04,0.28,2,64.0,1.94,0.01,,-1.2,-1.02
COU23,2023,3,5,2023,2023-05-03,219409.0,0.03,72.33,72.18,0.15,3,63.0,4.1,0.0,,-1.2,-1.02
COU23,2023,3,5,2023,2023-05-04,221423.0,0.02,72.5,72.32,0.18,4,62.0,0.92,-0.01,,-1.2,-1.02
COU23,2023,3,5,2023,2023-05-05,225824.0,0.04,75.3,75.09,0.21,5,61.0,1.99,0.02,,-1.2,-1.02
COU23,2023,3,5,2023,2023-05-08,232894.0,0.03,77.01,76.81,0.2,6,60.0,3.13,-0.01,,-1.2,-1.02
COU23,2023,3,5,2023,2023-05-09,242967.0,0.01,77.44,77.27,0.17,7,59.0,4.33,-0.02,,-1.2,-1.02
COU23,2023,3,5,2023,2023-05-10,246038.0,0.02,76.41,76.27,0.14,8,58.0,1.26,0.01,,-1.2,-1.02
COU23,2023,3,5,2023,2023-05-11,266946.0,0.03,74.98,74.76,0.22,9,57.0,8.5,0.01,,-1.2,-1.02
COU23,2023,3,5,2023,2023-05-12,282071.0,0.04,74.17,73.9,0.27,10,56.0,5.67,0.01,,-1.2,-1.02
COU23,2023,3,5,2023,2023-05-15,286850.0,0.03,75.23,75.02,0.21,11,55.0,1.69,-0.01,,-1.2,-1.02
COU23,2023,3,5,2023,2023-05-16,289317.0,0.03,74.91,74.72,0.19,12,54.0,0.86,0.0,,-1.2,-1.02
COU23,2023,3,5,2023,2023-05-17,293700.0,0.02,76.96,76.81,0.15,13,53.0,1.51,-0.01,,-1.2,-1.02
COU23,2023,3,5,2023,2023-05-18,297104.0,-0.01,75.86,75.8,0.06,14,52.0,1.16,-0.03,,-1.2,-1.02
COU23,2023,3,5,2023,2023-05-19,302694.0,0.0,75.58,75.47,0.11,15,51.0,1.88,0.01,,-1.2,-1.02
COU23,2023,3,5,2023,2023-05-22,309947.0,0.01,75.99,75.87,0.12,16,50.0,2.4,0.01,,-1.2,-1.02
COU23,2023,3,5,2023,2023-05-23,318268.0,0.0,76.84,76.74,0.1,17,49.0,2.68,-0.01,,-1.2,-1.02
COU23,2023,3,5,2023,2023-05-24,327597.0,0.01,78.36,78.23,0.13,18,48.0,2.93,0.01,,-1.2,-1.02
COU23,2023,3,5,2023,2023-05-25,339913.0,0.02,76.26,76.18,0.08,19,47.0,3.76,0.01,,-1.2,-1.02
COU23,2023,3,5,2023,2023-05-26,350706.0,0.0,76.95,76.98,-0.03,20,46.0,3.18,-0.02,,-1.2,-1.02
COU23,2023,3,5,2023,2023-05-29,354939.0,0.02,77.07,77.1,-0.03,21,45.0,1.21,0.02,,-1.2,-1.02
COU23,2023,3,5,2023,2023-05-30,369354.0,0.01,73.54,73.71,-0.17,22,44.0,4.06,-0.01,,-1.2,-1.02
COU23,2023,3,5,2023,2023-05-31,388655.0,0.01,72.66,72.6,0.06,23,43.0,5.23,0.0,,-1.2,-1.02
COU23,2023,2,6,2023,2023-06-01,395845.0,-0.02,74.28,74.21,0.07,1,42.0,,,,-1.2,-1.02
COU23,2023,2,6,2023,2023-06-02,401983.0,0.0,76.13,75.97,0.16,2,41.0,1.55,0.02,,-1.2,-1.02
COU23,2023,2,6,2023,2023-06-05,405792.0,0.0,76.71,76.47,0.24,3,40.0,0.95,0.0,,-1.2,-1.02
COU23,2023,2,6,2023,2023-06-06,410602.0,-0.04,76.29,76.09,0.2,4,39.0,1.19,-0.04,,-1.2,-1.02
COU23,2023,2,6,2023,2023-06-07,405164.0,-0.05,76.95,76.84,0.11,5,38.0,-1.32,-0.01,,-1.2,-1.02
COU23,2023,2,6,2023,2023-06-08,399975.0,-0.04,75.96,75.84,0.12,6,37.0,-1.28,0.01,,-1.2,-1.02
COU23,2023,2,6,2023,2023-06-09,417591.0,-0.04,74.79,74.74,0.05,7,36.0,4.4,0.0,,-1.2,-1.02
COU23,2023,2,6,2023,2023-06-12,431724.0,-0.03,71.84,71.82,0.02,8,35.0,3.38,0.01,,-1.2,-1.02
COU23,2023,2,6,2023,2023-06-13,443345.0,-0.04,74.29,74.21,0.08,9,34.0,2.69,-0.01,,-1.2,-1.02
COU23,2023,2,6,2023,2023-06-14,457064.0,-0.03,73.2,73.17,0.03,10,33.0,3.09,0.01,,-1.2,-1.02
COU23,2023,2,6,2023,2023-06-15,463938.0,-0.07,75.67,75.66,0.01,11,32.0,1.5,-0.04,,-1.2,-1.02
COU23,2023,2,6,2023,2023-06-16,481956.0,-0.06,76.61,76.58,0.03,12,31.0,3.88,0.01,,-1.2,-1.02
COU23,2023,2,6,2023,2023-06-19,484919.0,-0.06,76.09,76.06,0.03,13,30.0,0.61,0.0,,-1.2,-1.02
COU23,2023,2,6,2023,2023-06-20,497382.0,-0.05,75.9,75.89,0.01,14,29.0,2.57,0.01,,-1.2,-1.02
COU23,2023,2,6,2023,2023-06-21,505587.0,-0.07,77.12,77.14,-0.02,15,28.0,1.65,-0.02,,-1.2,-1.02
COU23,2023,2,6,2023,2023-06-22,537423.0,-0.09,74.14,74.35,-0.21,16,27.0,6.3,-0.02,,-1.2,-1.02
COU23,2023,2,6,2023,2023-06-23,552242.0,-0.09,73.85,74.01,-0.16,17,26.0,2.76,0.0,,-1.2,-1.02
COU23,2023,2,6,2023,2023-06-26,546702.0,-0.1,74.18,74.35,-0.17,18,25.0,-1.0,-0.01,,-1.2,-1.02
COU23,2023,2,6,2023,2023-06-27,546927.0,-0.14,72.26,72.51,-0.25,19,24.0,0.04,-0.04,,-1.2,-1.02
COU23,2023,2,6,2023,2023-06-28,540534.0,-0.12,74.03,74.24,-0.21,20,23.0,-1.17,0.02,,-1.2,-1.02
COU23,2023,2,6,2023,2023-06-29,541875.0,-0.09,74.34,74.51,-0.17,21,22.0,0.25,0.03,,-1.2,-1.02
COU23,2023,2,6,2023,2023-06-30,544617.0,-0.07,74.9,75.41,-0.51,22,21.0,0.51,0.02,,-1.2,-1.02
COU23,2023,1,7,2023,2023-07-03,530683.0,-0.08,74.65,74.47,0.18,1,20.0,,,pre_roll,-1.2,-1.02
COU23,2023,1,7,2023,2023-07-04,526879.0,-0.08,76.25,76.05,0.2,2,19.0,-0.72,0.0,pre_roll,-1.2,-1.02
COU23,2023,1,7,2023,2023-07-05,513089.0,-0.08,76.65,76.41,0.24,3,18.0,-2.62,0.0,during_roll,-1.2,-1.02
COU23,2023,1,7,2023,2023-07-06,497762.0,-0.08,76.52,76.22,0.3,4,17.0,-2.99,0.0,during_roll,-1.2,-1.02
COU23,2023,1,7,2023,2023-07-07,502029.0,-0.07,78.47,78.08,0.39,5,16.0,0.86,0.01,during_roll,-1.2,-1.02
COU23,2023,1,7,2023,2023-07-10,472344.0,-0.1,77.69,77.4,0.29,6,15.0,-5.91,-0.03,during_roll,-1.2,-1.02
COU23,2023,1,7,2023,2023-07-11,452148.0,-0.09,79.4,79.07,0.33,7,14.0,-4.28,0.01,during_roll,-1.2,-1.02
COU23,2023,1,7,2023,2023-07-12,423636.0,-0.08,80.11,79.79,0.32,8,13.0,-6.31,0.01,during_roll,-1.2,-1.02
COU23,2023,1,7,2023,2023-07-13,412897.0,-0.07,81.36,80.99,0.37,9,12.0,-2.53,0.01,during_roll,-1.2,-1.02
COU23,2023,1,7,2023,2023-07-14,382331.0,-0.12,79.87,79.6,0.27,10,11.0,-7.4,-0.05,during_roll,-1.2,-1.02
COU23,2023,1,7,2023,2023-07-17,359344.0,-0.16,78.5,78.38,0.12,11,10.0,-6.01,-0.04,during_roll,-1.2,-1.02
COU23,2023,1,7,2023,2023-07-18,320431.0,-0.14,79.63,79.5,0.13,12,9.0,-10.83,0.02,during_roll,-1.2,-1.02
COU23,2023,1,7,2023,2023-07-19,291352.0,-0.13,79.46,79.35,0.11,13,8.0,-9.07,0.01,during_roll,-1.2,-1.02
COU23,2023,1,7,2023,2023-07-20,276107.0,-0.13,79.64,79.52,0.12,14,7.0,-5.23,0.0,during_roll,-1.2,-1.02
COU23,2023,1,7,2023,2023-07-21,249831.0,-0.15,81.07,80.88,0.19,15,6.0,-9.52,-0.02,during_roll,-1.2,-1.02
COU23,2023,1,7,2023,2023-07-24,229571.0,-0.15,82.74,82.48,0.26,16,5.0,-8.11,0.0,during_roll,-1.2,-1.02
COU23,2023,1,7,2023,2023-07-25,208832.0,-0.09,83.64,83.25,0.39,17,4.0,-9.03,0.06,during_roll,-1.2,-1.02
COU23,2023,1,7,2023,2023-07-26,153461.0,-0.06,82.92,82.56,0.36,18,3.0,-26.51,0.03,during_roll,-1.2,-1.02
COU23,2023,1,7,2023,2023-07-27,113192.0,-0.03,84.24,83.79,0.45,19,2.0,-26.24,0.03,during_roll,-1.2,-1.02
COU23,2023,1,7,2023,2023-07-28,79194.0,0.09,84.99,84.41,0.58,20,1.0,-30.04,0.12,during_roll,-1.2,-1.02
COU23,2023,1,7,2023,2023-07-31,73703.0,-0.35,85.56,85.43,0.13,21,0.0,-6.93,-0.44,during_roll,-1.2,-1.02
COU24,2024,3,5,2024,2024-05-01,239428.0,0.06,83.44,82.79,0.65,1,65.0,,,,0.81,0.39
COU24,2024,3,5,2024,2024-05-02,244745.0,0.06,83.67,83.03,0.64,2,64.0,2.22,0.0,,0.81,0.39
COU24,2024,3,5,2024,2024-05-03,256685.0,0.04,82.96,82.45,0.51,3,63.0,4.88,-0.02,,0.81,0.39
COU24,2024,3,5,2024,2024-05-06,254103.0,0.05,83.33,82.84,0.49,4,62.0,-1.01,0.01,,0.81,0.39
COU24,2024,3,5,2024,2024-05-07,261826.0,0.04,83.16,82.72,0.44,5,61.0,3.04,-0.01,,0.81,0.39
COU24,2024,3,5,2024,2024-05-08,270232.0,0.04,83.58,83.0,0.58,6,60.0,3.21,0.0,,0.81,0.39
COU24,2024,3,5,2024,2024-05-09,272062.0,0.04,83.88,83.34,0.54,7,59.0,0.68,0.0,,0.81,0.39
COU24,2024,3,5,2024,2024-05-10,285286.0,0.02,82.79,82.36,0.43,8,58.0,4.86,-0.02,,0.81,0.39
COU24,2024,3,5,2024,2024-05-13,292456.0,0.02,83.36,82.91,0.45,9,57.0,2.51,0.0,,0.81,0.39
COU24,2024,3,5,2024,2024-05-14,309935.0,0.02,82.38,81.96,0.42,10,56.0,5.98,0.0,,0.81,0.39
COU24,2024,3,5,2024,2024-05-15,321169.0,0.01,82.75,82.33,0.42,11,55.0,3.62,-0.01,,0.81,0.39
COU24,2024,3,5,2024,2024-05-16,328505.0,0.02,83.27,82.87,0.4,12,54.0,2.28,0.01,,0.81,0.39
COU24,2024,3,5,2024,2024-05-17,363972.0,0.0,83.98,83.63,0.35,13,53.0,10.8,-0.02,,0.81,0.39
COU24,2024,3,5,2024,2024-05-20,370049.0,-0.03,83.71,83.46,0.25,14,52.0,1.67,-0.03,,0.81,0.39
COU24,2024,3,5,2024,2024-05-21,377983.0,-0.05,82.88,82.7,0.18,15,51.0,2.14,-0.02,,0.81,0.39
COU24,2024,3,5,2024,2024-05-22,387653.0,-0.03,81.9,81.64,0.26,16,50.0,2.56,0.02,,0.81,0.39
COU24,2024,3,5,2024,2024-05-23,398543.0,-0.01,81.36,81.11,0.25,17,49.0,2.81,0.02,,0.81,0.39
COU24,2024,3,5,2024,2024-05-24,410273.0,-0.02,82.12,81.84,0.28,18,48.0,2.94,-0.01,,0.81,0.39
COU24,2024,3,5,2024,2024-05-27,410630.0,-0.03,83.1,82.88,0.22,19,47.0,0.09,-0.01,,0.81,0.39
COU24,2024,3,5,2024,2024-05-28,413192.0,-0.03,84.22,83.94,0.28,20,46.0,0.62,0.0,,0.81,0.39
COU24,2024,3,5,2024,2024-05-29,417386.0,-0.02,83.6,83.43,0.17,21,45.0,1.02,0.01,,0.81,0.39
COU24,2024,3,5,2024,2024-05-30,427888.0,-0.03,81.86,81.88,-0.02,22,44.0,2.52,-0.01,,0.81,0.39
COU24,2024,3,5,2024,2024-05-31,432600.0,-0.03,81.62,81.11,0.51,23,43.0,1.1,0.0,,0.81,0.39
COU24,2024,2,6,2024,2024-06-03,436912.0,-0.04,78.36,78.22,0.14,1,42.0,,,,0.81,0.39
COU24,2024,2,6,2024,2024-06-04,442166.0,-0.02,77.52,77.27,0.25,2,41.0,1.2,0.02,,0.81,0.39
COU24,2024,2,6,2024,2024-06-05,447251.0,0.01,78.41,78.04,0.37,3,40.0,1.15,0.03,,0.81,0.39
COU24,2024,2,6,2024,2024-06-06,439344.0,-0.0,79.87,79.5,0.37,4,39.0,-1.77,-0.01,,0.81,0.39
COU24,2024,2,6,2024,2024-06-07,449476.0,-0.01,79.62,79.34,0.28,5,38.0,2.31,-0.01,,0.81,0.39
COU24,2024,2,6,2024,2024-06-10,461765.0,0.0,81.63,81.23,0.4,6,37.0,2.73,0.01,,0.81,0.39
COU24,2024,2,6,2024,2024-06-11,483011.0,0.01,81.92,81.54,0.38,7,36.0,4.6,0.01,,0.81,0.39
COU24,2024,2,6,2024,2024-06-12,505581.0,0.01,82.6,82.15,0.45,8,35.0,4.67,0.0,,0.81,0.39
COU24,2024,2,6,2024,2024-06-13,529556.0,0.01,82.75,82.3,0.45,9,34.0,4.74,0.0,,0.81,0.39
COU24,2024,2,6,2024,2024-06-14,536186.0,0.05,82.62,82.08,0.54,10,33.0,1.25,0.04,,0.81,0.39
COU24,2024,2,6,2024,2024-06-17,547369.0,0.09,84.25,83.52,0.73,11,32.0,2.09,0.04,,0.81,0.39
COU24,2024,2,6,2024,2024-06-18,540689.0,0.1,85.33,84.53,0.8,12,31.0,-1.22,0.01,,0.81,0.39
COU24,2024,2,6,2024,2024-06-19,534610.0,0.1,85.07,84.29,0.78,13,30.0,-1.12,0.0,,0.81,0.39
COU24,2024,2,6,2024,2024-06-20,548866.0,0.09,85.71,84.86,0.85,14,29.0,2.67,-0.01,,0.81,0.39
COU24,2024,2,6,2024,2024-06-21,550168.0,0.12,85.24,84.33,0.91,15,28.0,0.24,0.03,,0.81,0.39
COU24,2024,2,6,2024,2024-06-24,560042.0,0.1,86.01,85.15,0.86,16,27.0,1.79,-0.02,,0.81,0.39
COU24,2024,2,6,2024,2024-06-25,574912.0,0.06,85.01,84.22,0.79,17,26.0,2.66,-0.04,,0.81,0.39
COU24,2024,2,6,2024,2024-06-26,581603.0,0.05,85.25,84.47,0.78,18,25.0,1.16,-0.01,,0.81,0.39
COU24,2024,2,6,2024,2024-06-27,620205.0,0.15,86.39,85.26,1.13,19,24.0,6.64,0.1,,0.81,0.39
COU24,2024,2,6,2024,2024-06-28,622436.0,0.12,86.41,85.0,1.41,20,23.0,0.36,-0.03,,0.81,0.39
COU24,2024,1,7,2024,2024-07-01,622047.0,0.13,86.6,85.72,0.88,1,22.0,,,pre_roll,0.81,0.39
COU24,2024,1,7,2024,2024-07-02,615293.0,0.09,86.24,85.44,0.8,2,21.0,-1.09,-0.04,pre_roll,0.81,0.39
COU24,2024,1,7,2024,2024-07-03,597528.0,0.09,87.34,86.52,0.82,3,20.0,-2.89,0.0,during_roll,0.81,0.39
COU24,2024,1,7,2024,2024-07-04,598138.0,0.11,87.43,86.57,0.86,4,19.0,0.1,0.02,during_roll,0.81,0.39
COU24,2024,1,7,2024,2024-07-05,578329.0,0.1,86.54,85.71,0.83,5,18.0,-3.31,-0.01,during_roll,0.81,0.39
COU24,2024,1,7,2024,2024-07-08,549667.0,0.07,85.75,84.99,0.76,6,17.0,-4.96,-0.03,during_roll,0.81,0.39
COU24,2024,1,7,2024,2024-07-09,516657.0,0.08,84.66,83.89,0.77,7,16.0,-6.01,0.01,during_roll,0.81,0.39
COU24,2024,1,7,2024,2024-07-10,487168.0,0.09,85.08,84.2,0.88,8,15.0,-5.71,0.01,during_roll,0.81,0.39
COU24,2024,1,7,2024,2024-07-11,455007.0,0.15,85.4,84.42,0.98,9,14.0,-6.6,0.06,during_roll,0.81,0.39
COU24,2024,1,7,2024,2024-07-12,423144.0,0.15,85.03,84.1,0.93,10,13.0,-7.0,0.0,during_roll,0.81,0.39
COU24,2024,1,7,2024,2024-07-15,406462.0,0.15,84.85,83.9,0.95,11,12.0,-3.94,0.0,during_roll,0.81,0.39
COU24,2024,1,7,2024,2024-07-16,399509.0,0.15,83.73,82.8,0.93,12,11.0,-1.71,0.0,during_roll,0.81,0.39
COU24,2024,1,7,2024,2024-07-17,395019.0,0.23,85.08,83.96,1.12,13,10.0,-1.12,0.08,during_roll,0.81,0.39
COU24,2024,1,7,2024,2024-07-18,368755.0,0.3,85.11,83.93,1.18,14,9.0,-6.65,0.07,during_roll,0.81,0.39
COU24,2024,1,7,2024,2024-07-19,351545.0,0.25,82.63,81.56,1.07,15,8.0,-4.67,-0.05,during_roll,0.81,0.39
COU24,2024,1,7,2024,2024-07-22,325040.0,0.22,82.4,81.44,0.96,16,7.0,-7.54,-0.03,during_roll,0.81,0.39
COU24,2024,1,7,2024,2024-07-23,289554.0,0.18,81.01,80.07,0.94,17,6.0,-10.92,-0.04,during_roll,0.81,0.39
COU24,2024,1,7,2024,2024-07-24,235131.0,0.16,81.71,80.82,0.89,18,5.0,-18.8,-0.02,during_roll,0.81,0.39
COU24,2024,1,7,2024,2024-07-25,201588.0,0.17,82.37,81.39,0.98,19,4.0,-14.27,0.01,during_roll,0.81,0.39
COU24,2024,1,7,2024,2024-07-26,157239.0,0.13,81.13,80.28,0.85,20,3.0,-22.0,-0.04,during_roll,0.81,0.39
COU24,2024,1,7,2024,2024-07-29,125783.0,0.1,79.78,79.05,0.73,21,2.0,-20.01,-0.03,during_roll,0.81,0.39
COU24,2024,1,7,2024,2024-07-30,86390.0,0.05,78.63,78.07,0.56,22,1.0,-31.32,-0.05,during_roll,0.81,0.39
COU24,2024,1,7,2024,2024-07-31,81406.0,-0.73,80.72,80.84,-0.12,23,0.0,-5.77,-0.78,during_roll,0.81,0.39
COU25,2025,3,5,2025,2025-05-01,298847.0,0.11,62.13,61.72,0.41,1,65.0,,,,1.67,1.07
COU25,2025,3,5,2025,2025-05-02,298626.0,0.12,61.29,60.93,0.36,2,64.0,-0.07,0.01,,1.67,1.07
COU25,2025,3,5,2025,2025-05-05,306494.0,0.13,60.23,59.89,0.34,3,63.0,2.63,0.01,,1.67,1.07
COU25,2025,3,5,2025,2025-05-06,315669.0,0.14,62.15,61.75,0.4,4,62.0,2.99,0.01,,1.67,1.07
COU25,2025,3,5,2025,2025-05-07,322734.0,0.14,61.12,60.79,0.33,5,61.0,2.24,0.0,,1.67,1.07
COU25,2025,3,5,2025,2025-05-08,332395.0,0.12,62.84,62.45,0.39,6,60.0,2.99,-0.02,,1.67,1.07
COU25,2025,3,5,2025,2025-05-09,331554.0,0.14,63.91,63.43,0.48,7,59.0,-0.25,0.02,,1.67,1.07
COU25,2025,3,5,2025,2025-05-12,339421.0,0.13,64.96,64.55,0.41,8,58.0,2.37,-0.01,,1.67,1.07
COU25,2025,3,5,2025,2025-05-13,343150.0,0.14,66.63,66.13,0.5,9,57.0,1.1,0.01,,1.67,1.07
COU25,2025,3,5,2025,2025-05-14,338198.0,0.14,66.09,65.58,0.51,10,56.0,-1.44,0.0,,1.67,1.07
COU25,2025,3,5,2025,2025-05-15,344522.0,0.14,64.53,64.06,0.47,11,55.0,1.87,0.0,,1.67,1.07
COU25,2025,3,5,2025,2025-05-16,340269.0,0.18,65.41,64.78,0.63,12,54.0,-1.23,0.04,,1.67,1.07
COU25,2025,3,5,2025,2025-05-19,358229.0,0.19,65.54,64.8,0.74,13,53.0,5.28,0.01,,1.67,1.07
COU25,2025,3,5,2025,2025-05-20,367951.0,0.19,65.38,64.76,0.62,14,52.0,2.71,0.0,,1.67,1.07
COU25,2025,3,5,2025,2025-05-21,374700.0,0.2,64.91,64.38,0.53,15,51.0,1.83,0.01,,1.67,1.07
COU25,2025,3,5,2025,2025-05-22,389479.0,0.21,64.44,63.92,0.52,16,50.0,3.94,0.01,,1.67,1.07
COU25,2025,3,5,2025,2025-05-23,399068.0,0.23,64.78,64.21,0.57,17,49.0,2.46,0.02,,1.67,1.07
COU25,2025,3,5,2025,2025-05-26,400918.0,0.25,64.74,64.12,0.62,18,48.0,0.46,0.02,,1.67,1.07
COU25,2025,3,5,2025,2025-05-27,406903.0,0.25,64.09,63.57,0.52,19,47.0,1.49,0.0,,1.67,1.07
COU25,2025,3,5,2025,2025-05-28,409898.0,0.24,64.9,64.32,0.58,20,46.0,0.74,-0.01,,1.67,1.07
COU25,2025,3,5,2025,2025-05-29,433158.0,0.25,64.15,63.35,0.8,21,45.0,5.67,0.01,,1.67,1.07
COU25,2025,3,5,2025,2025-05-30,453622.0,0.31,63.9,62.78,1.12,22,44.0,4.72,0.06,,1.67,1.07
COU25,2025,2,6,2025,2025-06-02,476572.0,0.26,64.63,63.87,0.76,1,43.0,,,,1.67,1.07
COU25,2025,2,6,2025,2025-06-03,460925.0,0.24,65.63,64.94,0.69,2,42.0,-3.28,-0.02,,1.67,1.07
COU25,2025,2,6,2025,2025-06-04,481482.0,0.22,64.86,64.22,0.64,3,41.0,4.46,-0.02,,1.67,1.07
COU25,2025,2,6,2025,2025-06-05,491951.0,0.21,65.34,64.75,0.59,4,40.0,2.17,-0.01,,1.67,1.07
COU25,2025,2,6,2025,2025-06-06,501522.0,0.22,66.47,65.73,0.74,5,39.0,1.95,0.01,,1.67,1.07
COU25,2025,2,6,2025,2025-06-09,516014.0,0.21,67.04,66.27,0.77,6,38.0,2.89,-0.01,,1.67,1.07
COU25,2025,2,6,2025,2025-06-10,524937.0,0.21,66.87,66.13,0.74,7,37.0,1.73,0.0,,1.67,1.07
COU25,2025,2,6,2025,2025-06-11,536270.0,0.21,69.77,68.92,0.85,8,36.0,2.16,0.0,,1.67,1.07
COU25,2025,2,6,2025,2025-06-12,521436.0,0.23,69.36,68.44,0.92,9,35.0,-2.77,0.02,,1.67,1.07
COU25,2025,2,6,2025,2025-06-13,477557.0,0.27,74.23,72.8,1.43,10,34.0,-8.42,0.04,,1.67,1.07
COU25,2025,2,6,2025,2025-06-16,477393.0,0.3,73.23,71.99,1.24,11,33.0,-0.03,0.03,,1.67,1.07
COU25,2025,2,6,2025,2025-06-17,492136.0,0.36,76.45,74.9,1.55,12,32.0,3.09,0.06,,1.67,1.07
COU25,2025,2,6,2025,2025-06-18,510597.0,0.35,76.7,75.14,1.56,13,31.0,3.75,-0.01,,1.67,1.07
COU25,2025,2,6,2025,2025-06-19,534457.0,0.4,78.85,77.08,1.77,14,30.0,4.67,0.05,,1.67,1.07
COU25,2025,2,6,2025,2025-06-20,556247.0,0.4,77.01,75.48,1.53,15,29.0,4.08,0.0,,1.67,1.07
COU25,2025,2,6,2025,2025-06-23,547159.0,0.35,71.48,70.52,0.96,16,28.0,-1.63,-0.05,,1.67,1.07
COU25,2025,2,6,2025,2025-06-24,540813.0,0.38,67.14,66.17,0.97,17,27.0,-1.16,0.03,,1.67,1.07
COU25,2025,2,6,2025,2025-06-25,537766.0,0.37,67.68,66.43,1.25,18,26.0,-0.56,-0.01,,1.67,1.07
COU25,2025,2,6,2025,2025-06-26,548049.0,0.32,67.73,66.69,1.04,19,25.0,1.91,-0.05,,1.67,1.07
COU25,2025,2,6,2025,2025-06-27,540489.0,0.28,67.77,66.8,0.97,20,24.0,-1.38,-0.04,,1.67,1.07
COU25,2025,2,6,2025,2025-06-30,536354.0,0.27,67.61,66.74,0.87,21,23.0,-0.77,-0.01,,1.67,1.07
COU25,2025,1,7,2025,2025-07-01,518200.0,0.26,67.11,66.23,0.88,1,22.0,,,pre_roll,1.67,1.07
COU25,2025,1,7,2025,2025-07-02,519478.0,0.32,69.11,67.94,1.17,2,21.0,0.25,0.06,pre_roll,1.67,1.07
COU25,2025,1,7,2025,2025-07-03,523383.0,0.32,68.8,67.68,1.12,3,20.0,0.75,0.0,pre_roll,1.67,1.07
COU25,2025,1,7,2025,2025-07-04,510544.0,0.32,68.3,67.22,1.08,4,19.0,-2.45,0.0,pre_roll,1.67,1.07
COU25,2025,1,7,2025,2025-07-07,520754.0,0.3,69.58,68.43,1.15,5,18.0,2.0,-0.02,pre_roll,1.67,1.07
COU25,2025,1,7,2025,2025-07-08,509566.0,0.32,70.15,68.98,1.17,6,17.0,-2.15,0.02,pre_roll,1.67,1.07
COU25,2025,1,7,2025,2025-07-09,500929.0,0.3,70.19,68.97,1.22,7,16.0,-1.69,-0.02,pre_roll,1.67,1.07
COU25,2025,1,7,2025,2025-07-10,487553.0,0.29,68.64,67.56,1.08,8,15.0,-2.67,-0.01,during_roll,1.67,1.07
COU25,2025,1,7,2025,2025-07-11,492299.0,0.33,70.36,69.16,1.2,9,14.0,0.97,0.04,during_roll,1.67,1.07
COU25,2025,1,7,2025,2025-07-14,480546.0,0.29,69.21,68.23,0.98,10,13.0,-2.39,-0.04,during_roll,1.67,1.07
COU25,2025,1,7,2025,2025-07-15,452927.0,0.27,68.71,67.78,0.93,11,12.0,-5.75,-0.02,during_roll,1.67,1.07
COU25,2025,1,7,2025,2025-07-16,435772.0,0.32,68.52,67.55,0.97,12,11.0,-3.79,0.05,during_roll,1.67,1.07
COU25,2025,1,7,2025,2025-07-17,402563.0,0.32,69.52,68.52,1.0,13,10.0,-7.62,0.0,during_roll,1.67,1.07
COU25,2025,1,7,2025,2025-07-18,366968.0,0.25,69.28,68.4,0.88,14,9.0,-8.84,-0.07,during_roll,1.67,1.07
COU25,2025,1,7,2025,2025-07-21,336244.0,0.27,69.21,68.38,0.83,15,8.0,-8.37,0.02,during_roll,1.67,1.07
COU25,2025,1,7,2025,2025-07-22,307725.0,0.3,68.59,67.77,0.82,16,7.0,-8.48,0.03,during_roll,1.67,1.07
COU25,2025,1,7,2025,2025-07-23,262049.0,0.2,68.51,67.83,0.68,17,6.0,-14.84,-0.1,during_roll,1.67,1.07
COU25,2025,1,7,2025,2025-07-24,250588.0,0.23,69.18,68.36,0.82,18,5.0,-4.37,0.03,during_roll,1.67,1.07
COU25,2025,1,7,2025,2025-07-25,236604.0,0.17,68.44,67.66,0.78,19,4.0,-5.58,-0.06,during_roll,1.67,1.07
COU25,2025,1,7,2025,2025-07-28,191811.0,0.09,70.04,69.32,0.72,20,3.0,-18.93,-0.08,during_roll,1.67,1.07
COU25,2025,1,7,2025,2025-07-29,156338.0,0.1,72.51,71.68,0.83,21,2.0,-18.49,0.01,during_roll,1.67,1.07
COU25,2025,1,7,2025,2025-07-30,114622.0,-0.09,73.24,72.47,0.77,22,1.0,-26.68,-0.19,during_roll,1.67,1.07
COU25,2025,1,7,2025,2025-07-31,,-0.07,72.53,71.7,0.83,23,0.0,0.0,0.02,during_roll,1.67,1.07
COU26,2026,3,5,2026,2026-05-01,222281.0,0.99,108.17,101.91,6.26,1,,,,,-3.4,-4.03
COU26,2026,3,5,2026,2026-05-04,222790.0,0.96,114.44,107.92,6.52,2,,0.23,-0.03,,-3.4,-4.03
COU26,2026,3,5,2026,2026-05-05,224634.0,0.74,109.87,104.89,4.98,3,,0.83,-0.22,,-3.4,-4.03
COU26,2026,3,5,2026,2026-05-06,234286.0,0.58,101.27,97.08,4.19,4,,4.3,-0.16,,-3.4,-4.03
COU26,2026,3,5,2026,2026-05-07,239291.0,0.46,100.06,96.38,3.68,5,,2.14,-0.12,,-3.4,-4.03
COU26,2026,3,5,2026,2026-05-08,244557.0,0.47,101.29,97.57,3.72,6,,2.2,0.01,,-3.4,-4.03
COU26,2026,3,5,2026,2026-05-11,253902.0,0.52,104.21,100.39,3.82,7,,3.82,0.05,,-3.4,-4.03
COU26,2026,3,5,2026,2026-05-12,272505.0,0.58,107.77,103.83,3.94,8,,7.33,0.06,,-3.4,-4.03
COU26,2026,3,5,2026,2026-05-13,286549.0,0.66,105.63,101.6,4.03,9,,5.15,0.08,,-3.4,-4.03
COU26,2026,3,5,2026,2026-05-14,288107.0,0.71,105.72,101.38,4.34,10,,0.54,0.05,,-3.4,-4.03
COU26,2026,3,5,2026,2026-05-15,294445.0,0.73,109.26,104.74,4.52,11,,2.2,0.02,,-3.4,-4.03
COU26,2026,3,5,2026,2026-05-18,297773.0,0.77,112.1,107.48,4.62,12,,1.13,0.04,,-3.4,-4.03
COU26,2026,3,5,2026,2026-05-19,305098.0,0.82,111.28,106.71,4.57,13,,2.46,0.05,,-3.4,-4.03
COU26,2026,3,5,2026,2026-05-20,307137.0,0.7,105.02,101.04,3.98,14,,0.67,-0.12,,-3.4,-4.03
COU26,2026,3,5,2026,2026-05-21,316386.0,0.58,102.58,99.5,3.08,15,,3.01,-0.12,,-3.4,-4.03
COU26,2026,3,5,2026,2026-05-22,330118.0,0.61,103.54,100.21,3.33,16,,4.34,0.03,,-3.4,-4.03
COU26,2026,3,5,2026,2026-05-25,329248.0,0.46,96.14,93.42,2.72,17,,-0.26,-0.15,,-3.4,-4.03
COU26,2026,3,5,2026,2026-05-26,338371.0,0.46,99.58,96.67,2.91,18,,2.77,0.0,,-3.4,-4.03
COU26,2026,3,5,2026,2026-05-27,341186.0,0.31,94.29,92.25,2.04,19,,0.83,-0.15,,-3.4,-4.03
COU26,2026,3,5,2026,2026-05-28,349946.0,0.21,93.71,92.7,1.01,20,,2.57,-0.1,,-3.4,-4.03
COU26,2026,3,5,2026,2026-05-29,344542.0,0.27,92.05,91.12,0.93,21,,-1.54,0.06,,-3.4,-4.03
COU26,2026,2,6,2026,2026-06-01,369982.0,0.41,94.98,92.44,2.54,1,,,,,-3.4,-4.03
COU26,2026,2,6,2026,2026-06-02,376399.0,0.46,96.0,93.49,2.51,2,,1.73,0.05,,-3.4,-4.03
COU26,2026,2,6,2026,2026-06-03,392893.0,0.5,97.81,95.14,2.67,3,,4.38,0.04,,-3.4,-4.03
COV16,2016,3,6,2016,2016-06-01,137053.0,0.09,49.72,50.15,-0.43,1,65.0,,,,0.2,0.42
COV16,2016,3,6,2016,2016-06-02,141570.0,0.1,50.04,50.46,-0.42,2,64.0,3.3,0.01,,0.2,0.42
COV16,2016,3,6,2016,2016-06-03,143448.0,0.09,49.64,50.04,-0.4,3,63.0,1.33,-0.01,,0.2,0.42
COV16,2016,3,6,2016,2016-06-06,139698.0,0.07,50.55,50.97,-0.42,4,62.0,-2.61,-0.02,,0.2,0.42
COV16,2016,3,6,2016,2016-06-07,144339.0,0.07,51.44,51.89,-0.45,5,61.0,3.32,0.0,,0.2,0.42
COV16,2016,3,6,2016,2016-06-08,149578.0,0.07,52.51,52.98,-0.47,6,60.0,3.63,0.0,,0.2,0.42
COV16,2016,3,6,2016,2016-06-09,156538.0,0.05,51.95,52.42,-0.47,7,59.0,4.65,-0.02,,0.2,0.42
COV16,2016,3,6,2016,2016-06-10,159645.0,0.05,50.54,51.01,-0.47,8,58.0,1.98,0.0,,0.2,0.42
COV16,2016,3,6,2016,2016-06-13,165280.0,0.06,50.35,50.82,-0.47,9,57.0,3.53,0.01,,0.2,0.42
COV16,2016,3,6,2016,2016-06-14,165850.0,0.06,49.83,50.33,-0.5,10,56.0,0.34,0.0,,0.2,0.42
COV16,2016,3,6,2016,2016-06-15,174459.0,0.08,48.97,49.53,-0.56,11,55.0,5.19,0.02,,0.2,0.42
COV16,2016,3,6,2016,2016-06-16,185179.0,0.09,47.19,47.76,-0.57,12,54.0,6.14,0.01,,0.2,0.42
COV16,2016,3,6,2016,2016-06-17,186727.0,0.09,49.17,49.75,-0.58,13,53.0,0.84,0.0,,0.2,0.42
COV16,2016,3,6,2016,2016-06-20,186054.0,0.08,50.65,51.29,-0.64,14,52.0,-0.36,-0.01,,0.2,0.42
COV16,2016,3,6,2016,2016-06-21,193645.0,0.09,50.62,51.26,-0.64,15,51.0,4.08,0.01,,0.2,0.42
COV16,2016,3,6,2016,2016-06-22,204087.0,0.09,49.88,50.6,-0.72,16,50.0,5.39,0.0,,0.2,0.42
COV16,2016,3,6,2016,2016-06-23,204427.0,0.09,50.91,51.61,-0.7,17,49.0,0.17,0.0,,0.2,0.42
COV16,2016,3,6,2016,2016-06-24,212290.0,0.09,48.41,49.04,-0.63,18,48.0,3.85,0.0,,0.2,0.42
COV16,2016,3,6,2016,2016-06-27,221062.0,0.08,47.16,47.77,-0.61,19,47.0,4.13,-0.01,,0.2,0.42
COV16,2016,3,6,2016,2016-06-28,229395.0,0.08,48.58,49.26,-0.68,20,46.0,3.77,0.0,,0.2,0.42
COV16,2016,3,6,2016,2016-06-29,233194.0,0.11,50.61,51.32,-0.71,21,45.0,1.66,0.03,,0.2,0.42
COV16,2016,3,6,2016,2016-06-30,250094.0,0.14,49.68,49.71,-0.03,22,44.0,7.25,0.03,,0.2,0.42
COV16,2016,2,7,2016,2016-07-01,254210.0,0.14,50.35,50.89,-0.54,1,43.0,,,,0.2,0.42
COV16,2016,2,7,2016,2016-07-04,252020.0,0.15,50.1,50.69,-0.59,2,42.0,-0.86,0.01,,0.2,0.42
COV16,2016,2,7,2016,2016-07-05,235732.0,0.15,47.96,48.57,-0.61,3,41.0,-6.46,0.0,,0.2,0.42
COV16,2016,2,7,2016,2016-07-06,230899.0,0.16,48.8,49.4,-0.6,4,40.0,-2.05,0.01,,0.2,0.42
COV16,2016,2,7,2016,2016-07-07,236176.0,0.15,46.4,47.0,-0.6,5,39.0,2.29,-0.01,,0.2,0.42
COV16,2016,2,7,2016,2016-07-08,243829.0,0.12,46.76,47.38,-0.62,6,38.0,3.24,-0.03,,0.2,0.42
COV16,2016,2,7,2016,2016-07-11,258949.0,0.11,46.25,46.9,-0.65,7,37.0,6.2,-0.01,,0.2,0.42
COV16,2016,2,7,2016,2016-07-12,265176.0,0.11,48.47,49.05,-0.58,8,36.0,2.4,0.0,,0.2,0.42
COV16,2016,2,7,2016,2016-07-13,280418.0,0.11,46.26,46.81,-0.55,9,35.0,5.75,0.0,,0.2,0.42
COV16,2016,2,7,2016,2016-07-14,296298.0,0.1,47.37,47.93,-0.56,10,34.0,5.66,-0.01,,0.2,0.42
COV16,2016,2,7,2016,2016-07-15,309428.0,0.12,47.61,48.12,-0.51,11,33.0,4.43,0.02,,0.2,0.42
COV16,2016,2,7,2016,2016-07-18,326126.0,0.15,46.96,47.45,-0.49,12,32.0,5.4,0.03,,0.2,0.42
COV16,2016,2,7,2016,2016-07-19,348466.0,0.14,46.66,47.18,-0.52,13,31.0,6.85,-0.01,,0.2,0.42
COV16,2016,2,7,2016,2016-07-20,369925.0,0.16,47.17,47.65,-0.48,14,30.0,6.16,0.02,,0.2,0.42
COV16,2016,2,7,2016,2016-07-21,375961.0,0.17,46.2,46.62,-0.42,15,29.0,1.63,0.01,,0.2,0.42
COV16,2016,2,7,2016,2016-07-22,381350.0,0.16,45.69,46.09,-0.4,16,28.0,1.43,-0.01,,0.2,0.42
COV16,2016,2,7,2016,2016-07-25,376926.0,0.16,44.72,45.13,-0.41,17,27.0,-1.16,0.0,,0.2,0.42
COV16,2016,2,7,2016,2016-07-26,392004.0,0.17,44.87,45.23,-0.36,18,26.0,4.0,0.01,,0.2,0.42
COV16,2016,2,7,2016,2016-07-27,392901.0,0.16,43.47,43.91,-0.44,19,25.0,0.23,-0.01,,0.2,0.42
COV16,2016,2,7,2016,2016-07-28,407230.0,0.14,42.7,43.23,-0.53,20,24.0,3.65,-0.02,,0.2,0.42
COV16,2016,2,7,2016,2016-07-29,407830.0,0.14,42.46,43.53,-1.07,21,23.0,0.15,0.0,,0.2,0.42
COV16,2016,1,8,2016,2016-08-01,411261.0,0.13,42.14,42.6,-0.46,1,22.0,,,pre_roll,0.2,0.42
COV16,2016,1,8,2016,2016-08-02,409735.0,0.15,41.8,42.23,-0.43,2,21.0,-0.37,0.02,pre_roll,0.2,0.42
COV16,2016,1,8,2016,2016-08-03,422110.0,0.17,43.1,43.48,-0.38,3,20.0,3.02,0.02,pre_roll,0.2,0.42
COV16,2016,1,8,2016,2016-08-04,430747.0,0.18,44.29,44.63,-0.34,4,19.0,2.05,0.01,pre_roll,0.2,0.42
COV16,2016,1,8,2016,2016-08-05,414615.0,0.17,44.27,44.61,-0.34,5,18.0,-3.75,-0.01,pre_roll,0.2,0.42
COV16,2016,1,8,2016,2016-08-08,398575.0,0.17,45.39,45.73,-0.34,6,17.0,-3.87,0.0,during_roll,0.2,0.42
COV16,2016,1,8,2016,2016-08-09,377284.0,0.15,44.98,45.35,-0.37,7,16.0,-5.34,-0.02,during_roll,0.2,0.42
COV16,2016,1,8,2016,2016-08-10,361232.0,0.16,44.05,44.43,-0.38,8,15.0,-4.25,0.01,during_roll,0.2,0.42
COV16,2016,1,8,2016,2016-08-11,353603.0,0.15,46.04,46.36,-0.32,9,14.0,-2.11,-0.01,during_roll,0.2,0.42
COV16,2016,1,8,2016,2016-08-12,345731.0,0.16,46.97,47.26,-0.29,10,13.0,-2.23,0.01,during_roll,0.2,0.42
COV16,2016,1,8,2016,2016-08-15,333813.0,0.16,48.35,48.61,-0.26,11,12.0,-3.45,0.0,during_roll,0.2,0.42
COV16,2016,1,8,2016,2016-08-16,301860.0,0.15,49.23,49.48,-0.25,12,11.0,-9.57,-0.01,during_roll,0.2,0.42
COV16,2016,1,8,2016,2016-08-17,297707.0,0.17,49.85,50.08,-0.23,13,10.0,-1.38,0.02,during_roll,0.2,0.42
COV16,2016,1,8,2016,2016-08-18,285056.0,0.14,50.89,51.15,-0.26,14,9.0,-4.25,-0.03,during_roll,0.2,0.42
COV16,2016,1,8,2016,2016-08-19,264643.0,0.1,50.88,51.19,-0.31,15,8.0,-7.16,-0.04,during_roll,0.2,0.42
COV16,2016,1,8,2016,2016-08-22,232463.0,0.02,49.16,49.56,-0.4,16,7.0,-12.16,-0.08,during_roll,0.2,0.42
COV16,2016,1,8,2016,2016-08-23,185608.0,0.05,49.96,50.32,-0.36,17,6.0,-20.16,0.03,during_roll,0.2,0.42
COV16,2016,1,8,2016,2016-08-24,166366.0,0.08,49.05,49.35,-0.3,18,5.0,-10.37,0.03,during_roll,0.2,0.42
COV16,2016,1,8,2016,2016-08-25,127274.0,0.13,49.67,49.92,-0.25,19,4.0,-23.5,0.05,during_roll,0.2,0.42
COV16,2016,1,8,2016,2016-08-26,110969.0,0.15,49.92,50.15,-0.23,20,3.0,-12.81,0.02,during_roll,0.2,0.42
COV16,2016,1,8,2016,2016-08-29,96247.0,0.19,49.26,49.45,-0.19,21,2.0,-13.27,0.04,during_roll,0.2,0.42
COV16,2016,1,8,2016,2016-08-30,44350.0,0.05,48.37,48.73,-0.36,22,1.0,-53.92,-0.14,during_roll,0.2,0.42
COV16,2016,1,8,2016,2016-08-31,,0.53,47.04,46.89,0.15,23,0.0,0.0,0.48,during_roll,0.2,0.42
COV17,2017,3,6,2017,2017-06-01,144131.0,-0.02,50.63,50.97,-0.34,1,65.0,,,,-0.12,0.01
COV17,2017,3,6,2017,2017-06-02,151237.0,-0.02,49.95,50.24,-0.29,2,64.0,4.93,0.0,,-0.12,0.01
COV17,2017,3,6,2017,2017-06-05,165794.0,-0.01,49.47,49.81,-0.34,3,63.0,9.63,0.01,,-0.12,0.01
COV17,2017,3,6,2017,2017-06-06,167191.0,-0.02,50.12,50.42,-0.3,4,62.0,0.84,-0.01,,-0.12,0.01
COV17,2017,3,6,2017,2017-06-07,172415.0,-0.02,48.06,48.43,-0.37,5,61.0,3.12,0.0,,-0.12,0.01
COV17,2017,3,6,2017,2017-06-08,197395.0,-0.01,47.86,48.26,-0.4,6,60.0,14.49,0.01,,-0.12,0.01
COV17,2017,3,6,2017,2017-06-09,200280.0,-0.02,48.15,48.53,-0.38,7,59.0,1.46,-0.01,,-0.12,0.01
COV17,2017,3,6,2017,2017-06-12,201222.0,-0.02,48.29,48.64,-0.35,8,58.0,0.47,0.0,,-0.12,0.01
COV17,2017,3,6,2017,2017-06-13,197700.0,-0.02,48.72,49.05,-0.33,9,57.0,-1.75,0.0,,-0.12,0.01
COV17,2017,3,6,2017,2017-06-14,198183.0,-0.01,47.0,47.29,-0.29,10,56.0,0.24,0.01,,-0.12,0.01
COV17,2017,3,6,2017,2017-06-15,207222.0,0.01,46.92,47.19,-0.27,11,55.0,4.56,0.02,,-0.12,0.01
COV17,2017,3,6,2017,2017-06-16,212510.0,0.01,47.37,47.63,-0.26,12,54.0,2.55,0.0,,-0.12,0.01
COV17,2017,3,6,2017,2017-06-19,212692.0,0.0,46.91,47.13,-0.22,13,53.0,0.09,-0.01,,-0.12,0.01
COV17,2017,3,6,2017,2017-06-20,225301.0,-0.01,46.02,46.25,-0.23,14,52.0,5.93,-0.01,,-0.12,0.01
COV17,2017,3,6,2017,2017-06-21,242678.0,-0.01,44.82,45.05,-0.23,15,51.0,7.71,0.0,,-0.12,0.01
COV17,2017,3,6,2017,2017-06-22,257141.0,-0.02,45.22,45.41,-0.19,16,50.0,5.96,-0.01,,-0.12,0.01
COV17,2017,3,6,2017,2017-06-23,266385.0,-0.01,45.54,45.75,-0.21,17,49.0,3.59,0.01,,-0.12,0.01
COV17,2017,3,6,2017,2017-06-26,274103.0,-0.01,45.83,46.04,-0.21,18,48.0,2.9,0.0,,-0.12,0.01
COV17,2017,3,6,2017,2017-06-27,275891.0,-0.01,46.65,46.92,-0.27,19,47.0,0.65,0.0,,-0.12,0.01
COV17,2017,3,6,2017,2017-06-28,272386.0,-0.02,47.31,47.54,-0.23,20,46.0,-1.27,-0.01,,-0.12,0.01
COV17,2017,3,6,2017,2017-06-29,270253.0,-0.03,47.42,47.63,-0.21,21,45.0,-0.78,-0.01,,-0.12,0.01
COV17,2017,3,6,2017,2017-06-30,274698.0,-0.03,47.92,48.77,-0.85,22,44.0,1.64,0.0,,-0.12,0.01
COV17,2017,2,7,2017,2017-07-03,273251.0,-0.04,49.68,49.99,-0.31,1,43.0,,,,-0.12,0.01
COV17,2017,2,7,2017,2017-07-04,273741.0,-0.02,49.61,49.9,-0.29,2,42.0,0.18,0.02,,-0.12,0.01
COV17,2017,2,7,2017,2017-07-05,272497.0,-0.01,47.79,48.07,-0.28,3,41.0,-0.45,0.01,,-0.12,0.01
COV17,2017,2,7,2017,2017-07-06,279042.0,0.0,48.11,48.39,-0.28,4,40.0,2.4,0.01,,-0.12,0.01
COV17,2017,2,7,2017,2017-07-07,280648.0,0.01,46.71,46.98,-0.27,5,39.0,0.58,0.01,,-0.12,0.01
COV17,2017,2,7,2017,2017-07-10,292394.0,-0.02,46.88,47.17,-0.29,6,38.0,4.19,-0.03,,-0.12,0.01
COV17,2017,2,7,2017,2017-07-11,292126.0,-0.01,47.52,47.81,-0.29,7,37.0,-0.09,0.01,,-0.12,0.01
COV17,2017,2,7,2017,2017-07-12,305168.0,-0.02,47.74,48.03,-0.29,8,36.0,4.46,-0.01,,-0.12,0.01
COV17,2017,2,7,2017,2017-07-13,322053.0,-0.01,48.42,48.68,-0.26,9,35.0,5.53,0.01,,-0.12,0.01
COV17,2017,2,7,2017,2017-07-14,343806.0,-0.03,48.91,49.17,-0.26,10,34.0,6.75,-0.02,,-0.12,0.01
COV17,2017,2,7,2017,2017-07-17,358276.0,-0.03,48.42,48.68,-0.26,11,33.0,4.21,0.0,,-0.12,0.01
COV17,2017,2,7,2017,2017-07-18,371341.0,-0.03,48.84,49.08,-0.24,12,32.0,3.65,0.0,,-0.12,0.01
COV17,2017,2,7,2017,2017-07-19,400969.0,-0.03,49.7,49.93,-0.23,13,31.0,7.98,0.0,,-0.12,0.01
COV17,2017,2,7,2017,2017-07-20,437569.0,-0.02,49.3,49.52,-0.22,14,30.0,9.13,0.01,,-0.12,0.01
COV17,2017,2,7,2017,2017-07-21,467550.0,-0.01,48.06,48.31,-0.25,15,29.0,6.85,0.01,,-0.12,0.01
COV17,2017,2,7,2017,2017-07-24,482708.0,-0.01,48.6,48.82,-0.22,16,28.0,3.24,0.0,,-0.12,0.01
COV17,2017,2,7,2017,2017-07-25,491662.0,-0.02,50.2,50.36,-0.16,17,27.0,1.85,-0.01,,-0.12,0.01
COV17,2017,2,7,2017,2017-07-26,512588.0,-0.02,50.97,51.1,-0.13,18,26.0,4.26,0.0,,-0.12,0.01
COV17,2017,2,7,2017,2017-07-27,509586.0,-0.01,51.49,51.52,-0.03,19,25.0,-0.59,0.01,,-0.12,0.01
COV17,2017,2,7,2017,2017-07-28,535856.0,0.02,52.52,52.22,0.3,20,24.0,5.16,0.03,,-0.12,0.01
COV17,2017,2,7,2017,2017-07-31,536183.0,0.0,52.65,52.72,-0.07,21,23.0,0.06,-0.02,,-0.12,0.01
COV17,2017,1,8,2017,2017-08-01,537117.0,0.01,51.78,51.94,-0.16,1,22.0,,,pre_roll,-0.12,0.01
COV17,2017,1,8,2017,2017-08-02,499097.0,0.04,52.36,52.44,-0.08,2,21.0,-7.08,0.03,during_roll,-0.12,0.01
COV17,2017,1,8,2017,2017-08-03,479629.0,0.09,52.01,52.02,-0.01,3,20.0,-3.9,0.05,during_roll,-0.12,0.01
COV17,2017,1,8,2017,2017-08-04,465687.0,0.1,52.42,52.46,-0.04,4,19.0,-2.91,0.01,during_roll,-0.12,0.01
COV17,2017,1,8,2017,2017-08-07,448347.0,0.1,52.37,52.42,-0.05,5,18.0,-3.72,0.0,during_roll,-0.12,0.01
COV17,2017,1,8,2017,2017-08-08,443688.0,0.1,52.14,52.19,-0.05,6,17.0,-1.04,0.0,during_roll,-0.12,0.01
COV17,2017,1,8,2017,2017-08-09,429322.0,0.1,52.7,52.65,0.05,7,16.0,-3.24,0.0,during_roll,-0.12,0.01
COV17,2017,1,8,2017,2017-08-10,423798.0,0.11,51.9,51.78,0.12,8,15.0,-1.29,0.01,during_roll,-0.12,0.01
COV17,2017,1,8,2017,2017-08-11,422130.0,0.14,52.1,51.94,0.16,9,14.0,-0.39,0.03,during_roll,-0.12,0.01
COV17,2017,1,8,2017,2017-08-14,406615.0,0.12,50.73,50.63,0.1,10,13.0,-3.68,-0.02,during_roll,-0.12,0.01
COV17,2017,1,8,2017,2017-08-15,391784.0,0.16,50.8,50.63,0.17,11,12.0,-3.65,0.04,during_roll,-0.12,0.01
COV17,2017,1,8,2017,2017-08-16,366090.0,0.14,50.27,50.1,0.17,12,11.0,-6.56,-0.02,during_roll,-0.12,0.01
COV17,2017,1,8,2017,2017-08-17,343949.0,0.16,51.03,50.75,0.28,13,10.0,-6.05,0.02,during_roll,-0.12,0.01
COV17,2017,1,8,2017,2017-08-18,322929.0,0.16,52.72,52.41,0.31,14,9.0,-6.11,0.0,during_roll,-0.12,0.01
COV17,2017,1,8,2017,2017-08-21,278420.0,0.22,51.66,51.28,0.38,15,8.0,-13.78,0.06,during_roll,-0.12,0.01
COV17,2017,1,8,2017,2017-08-22,240163.0,0.22,51.87,51.58,0.29,16,7.0,-13.74,0.0,during_roll,-0.12,0.01
COV17,2017,1,8,2017,2017-08-23,208656.0,0.25,52.57,52.24,0.33,17,6.0,-13.12,0.03,during_roll,-0.12,0.01
COV17,2017,1,8,2017,2017-08-24,180392.0,0.29,52.04,51.66,0.38,18,5.0,-13.55,0.04,during_roll,-0.12,0.01
COV17,2017,1,8,2017,2017-08-25,154343.0,0.34,52.41,51.98,0.43,19,4.0,-14.44,0.05,during_roll,-0.12,0.01
COV17,2017,1,8,2017,2017-08-28,129938.0,0.41,51.89,51.42,0.47,20,3.0,-15.81,0.07,during_roll,-0.12,0.01
COV17,2017,1,8,2017,2017-08-29,95481.0,0.37,52.0,51.66,0.34,21,2.0,-26.52,-0.04,during_roll,-0.12,0.01
COV17,2017,1,8,2017,2017-08-30,44919.0,0.19,50.86,50.73,0.13,22,1.0,-52.96,-0.18,during_roll,-0.12,0.01
COV17,2017,1,8,2017,2017-08-31,44919.0,-0.5,52.38,52.86,-0.48,23,0.0,0.0,-0.69,during_roll,-0.12,0.01
COV18,2018,3,6,2018,2018-06-01,175078.0,-0.03,76.79,76.51,0.28,1,65.0,,,,-0.28,0.26
COV18,2018,3,6,2018,2018-06-04,175553.0,-0.03,75.29,75.1,0.19,2,64.0,0.27,0.0,,-0.28,0.26
COV18,2018,3,6,2018,2018-06-05,171546.0,-0.02,75.38,75.13,0.25,3,63.0,-2.28,0.01,,-0.28,0.26
COV18,2018,3,6,2018,2018-06-06,172321.0,0.01,75.36,74.96,0.4,4,62.0,0.45,0.03,,-0.28,0.26
COV18,2018,3,6,2018,2018-06-07,173971.0,-0.0,77.32,76.98,0.34,5,61.0,0.96,-0.01,,-0.28,0.26
COV18,2018,3,6,2018,2018-06-08,179829.0,0.0,76.46,76.19,0.27,6,60.0,3.37,0.0,,-0.28,0.26
COV18,2018,3,6,2018,2018-06-11,179150.0,-0.0,76.46,76.19,0.27,7,59.0,-0.38,-0.0,,-0.28,0.26
COV18,2018,3,6,2018,2018-06-12,171986.0,0.0,75.88,75.65,0.23,8,58.0,-4.0,0.0,,-0.28,0.26
COV18,2018,3,6,2018,2018-06-13,174063.0,0.02,76.74,76.48,0.26,9,57.0,1.21,0.02,,-0.28,0.26
COV18,2018,3,6,2018,2018-06-14,182785.0,0.02,75.94,75.62,0.32,10,56.0,5.01,0.0,,-0.28,0.26
COV18,2018,3,6,2018,2018-06-15,188389.0,0.01,73.44,73.08,0.36,11,55.0,3.07,-0.01,,-0.28,0.26
COV18,2018,3,6,2018,2018-06-18,193115.0,0.01,75.34,74.94,0.4,12,54.0,2.51,0.0,,-0.28,0.26
COV18,2018,3,6,2018,2018-06-19,201541.0,0.0,75.08,74.64,0.44,13,53.0,4.36,-0.01,,-0.28,0.26
COV18,2018,3,6,2018,2018-06-20,205152.0,0.0,74.74,74.33,0.41,14,52.0,1.79,0.0,,-0.28,0.26
COV18,2018,3,6,2018,2018-06-21,208726.0,-0.02,73.05,72.8,0.25,15,51.0,1.74,-0.02,,-0.28,0.26
COV18,2018,3,6,2018,2018-06-22,217996.0,-0.05,75.55,75.32,0.23,16,50.0,4.44,-0.03,,-0.28,0.26
COV18,2018,3,6,2018,2018-06-25,211846.0,-0.06,74.73,74.55,0.18,17,49.0,-2.82,-0.01,,-0.28,0.26
COV18,2018,3,6,2018,2018-06-26,224073.0,-0.07,76.31,76.14,0.17,18,48.0,5.77,-0.01,,-0.28,0.26
COV18,2018,3,6,2018,2018-06-27,245087.0,-0.06,77.62,77.46,0.16,19,47.0,9.38,0.01,,-0.28,0.26
COV18,2018,3,6,2018,2018-06-28,254361.0,-0.07,77.85,77.61,0.24,20,46.0,3.78,-0.01,,-0.28,0.26
COV18,2018,3,6,2018,2018-06-29,264512.0,-0.07,79.44,79.23,0.21,21,45.0,3.99,0.0,,-0.28,0.26
COV18,2018,2,7,2018,2018-07-02,271874.0,-0.05,77.3,76.98,0.32,1,44.0,,,,-0.28,0.26
COV18,2018,2,7,2018,2018-07-03,283408.0,-0.04,77.76,77.41,0.35,2,43.0,4.24,0.01,,-0.28,0.26
COV18,2018,2,7,2018,2018-07-04,280012.0,-0.05,78.24,77.89,0.35,3,42.0,-1.2,-0.01,,-0.28,0.26
COV18,2018,2,7,2018,2018-07-05,287247.0,-0.02,77.39,77.1,0.29,4,41.0,2.58,0.03,,-0.28,0.26
COV18,2018,2,7,2018,2018-07-06,285983.0,-0.02,77.11,76.91,0.2,5,40.0,-0.44,0.0,,-0.28,0.26
COV18,2018,2,7,2018,2018-07-09,296405.0,-0.03,78.07,77.85,0.22,6,39.0,3.64,-0.01,,-0.28,0.26
COV18,2018,2,7,2018,2018-07-10,307205.0,-0.04,78.86,78.62,0.24,7,38.0,3.64,-0.01,,-0.28,0.26
COV18,2018,2,7,2018,2018-07-11,310269.0,-0.03,73.4,73.33,0.07,8,37.0,1.0,0.01,,-0.28,0.26
COV18,2018,2,7,2018,2018-07-12,310173.0,-0.04,74.45,74.44,0.01,9,36.0,-0.03,-0.01,,-0.28,0.26
COV18,2018,2,7,2018,2018-07-13,328749.0,-0.05,75.33,75.26,0.07,10,35.0,5.99,-0.01,,-0.28,0.26
COV18,2018,2,7,2018,2018-07-16,331454.0,-0.05,71.84,71.82,0.02,11,34.0,0.82,0.0,,-0.28,0.26
COV18,2018,2,7,2018,2018-07-17,347935.0,-0.08,72.16,72.24,-0.08,12,33.0,4.97,-0.03,,-0.28,0.26
COV18,2018,2,7,2018,2018-07-18,358371.0,-0.06,72.9,72.99,-0.09,13,32.0,3.0,0.02,,-0.28,0.26
COV18,2018,2,7,2018,2018-07-19,370296.0,-0.08,72.58,72.67,-0.09,14,31.0,3.33,-0.02,,-0.28,0.26
COV18,2018,2,7,2018,2018-07-20,379928.0,-0.08,73.07,73.14,-0.07,15,30.0,2.6,0.0,,-0.28,0.26
COV18,2018,2,7,2018,2018-07-23,401658.0,-0.11,73.06,73.38,-0.32,16,29.0,5.72,-0.03,,-0.28,0.26
COV18,2018,2,7,2018,2018-07-24,416347.0,-0.12,73.44,73.8,-0.36,17,28.0,3.66,-0.01,,-0.28,0.26
COV18,2018,2,7,2018,2018-07-25,423783.0,-0.13,73.93,74.41,-0.48,18,27.0,1.79,-0.01,,-0.28,0.26
COV18,2018,2,7,2018,2018-07-26,435105.0,-0.13,74.54,75.12,-0.58,19,26.0,2.67,0.0,,-0.28,0.26
COV18,2018,2,7,2018,2018-07-27,447501.0,-0.15,74.29,74.76,-0.47,20,25.0,2.85,-0.02,,-0.28,0.26
COV18,2018,2,7,2018,2018-07-30,469138.0,-0.14,74.97,75.55,-0.58,21,24.0,4.84,0.01,,-0.28,0.26
COV18,2018,2,7,2018,2018-07-31,467508.0,-0.14,74.25,74.21,0.04,22,23.0,-0.35,0.0,,-0.28,0.26
COV18,2018,1,8,2018,2018-08-01,452386.0,-0.19,72.39,72.67,-0.28,1,22.0,,,pre_roll,-0.28,0.26
COV18,2018,1,8,2018,2018-08-02,435142.0,-0.17,73.45,73.68,-0.23,2,21.0,-3.81,0.02,during_roll,-0.28,0.26
COV18,2018,1,8,2018,2018-08-03,419656.0,-0.22,73.21,73.53,-0.32,3,20.0,-3.56,-0.05,during_roll,-0.28,0.26
COV18,2018,1,8,2018,2018-08-06,418054.0,-0.19,73.75,74.07,-0.32,4,19.0,-0.38,0.03,during_roll,-0.28,0.26
COV18,2018,1,8,2018,2018-08-07,406210.0,-0.17,74.65,74.99,-0.34,5,18.0,-2.83,0.02,during_roll,-0.28,0.26
COV18,2018,1,8,2018,2018-08-08,399036.0,-0.16,72.28,72.64,-0.36,6,17.0,-1.77,0.01,during_roll,-0.28,0.26
COV18,2018,1,8,2018,2018-08-09,380452.0,-0.14,72.07,72.39,-0.32,7,16.0,-4.66,0.02,during_roll,-0.28,0.26
COV18,2018,1,8,2018,2018-08-10,360464.0,-0.15,72.81,73.11,-0.3,8,15.0,-5.25,-0.01,during_roll,-0.28,0.26
COV18,2018,1,8,2018,2018-08-13,349123.0,-0.16,72.61,72.92,-0.31,9,14.0,-3.15,-0.01,during_roll,-0.28,0.26
COV18,2018,1,8,2018,2018-08-14,328650.0,-0.17,72.46,72.78,-0.32,10,13.0,-5.86,-0.01,during_roll,-0.28,0.26
COV18,2018,1,8,2018,2018-08-15,321634.0,-0.18,70.76,71.1,-0.34,11,12.0,-2.13,-0.01,during_roll,-0.28,0.26
COV18,2018,1,8,2018,2018-08-16,298026.0,-0.19,71.43,71.75,-0.32,12,11.0,-7.34,-0.01,during_roll,-0.28,0.26
COV18,2018,1,8,2018,2018-08-17,284459.0,-0.16,71.83,72.07,-0.24,13,10.0,-4.55,0.03,during_roll,-0.28,0.26
COV18,2018,1,8,2018,2018-08-20,262527.0,-0.3,72.21,72.57,-0.36,14,9.0,-7.71,-0.14,during_roll,-0.28,0.26
COV18,2018,1,8,2018,2018-08-21,244143.0,-0.27,72.63,72.91,-0.28,15,8.0,-7.0,0.03,during_roll,-0.28,0.26
COV18,2018,1,8,2018,2018-08-22,228569.0,-0.3,74.78,75.07,-0.29,16,7.0,-6.38,-0.03,during_roll,-0.28,0.26
COV18,2018,1,8,2018,2018-08-23,193352.0,-0.35,74.73,75.09,-0.36,17,6.0,-15.41,-0.05,during_roll,-0.28,0.26
COV18,2018,1,8,2018,2018-08-24,159502.0,-0.37,75.82,76.13,-0.31,18,5.0,-17.51,-0.02,during_roll,-0.28,0.26
COV18,2018,1,8,2018,2018-08-27,147113.0,-0.36,76.21,76.5,-0.29,19,4.0,-7.77,0.01,during_roll,-0.28,0.26
COV18,2018,1,8,2018,2018-08-28,125670.0,-0.44,75.95,76.29,-0.34,20,3.0,-14.58,-0.08,during_roll,-0.28,0.26
COV18,2018,1,8,2018,2018-08-29,88280.0,-0.44,77.14,77.46,-0.32,21,2.0,-29.75,0.0,during_roll,-0.28,0.26
COV18,2018,1,8,2018,2018-08-30,44719.0,-0.45,77.77,78.02,-0.25,22,1.0,-49.34,-0.01,during_roll,-0.28,0.26
COV18,2018,1,8,2018,2018-08-31,44719.0,-0.46,77.42,77.64,-0.22,23,0.0,0.0,-0.01,during_roll,-0.28,0.26
COV19,2019,3,6,2019,2019-06-03,163835.0,0.06,61.28,60.46,0.82,1,64.0,,,,1.67,0.93
COV19,2019,3,6,2019,2019-06-04,167169.0,0.08,61.97,61.08,0.89,2,63.0,2.03,0.02,,1.67,0.93
COV19,2019,3,6,2019,2019-06-05,178987.0,0.11,60.63,59.53,1.1,3,62.0,7.07,0.03,,1.67,0.93
COV19,2019,3,6,2019,2019-06-06,192825.0,0.13,61.67,60.52,1.15,4,61.0,7.73,0.02,,1.67,0.93
COV19,2019,3,6,2019,2019-06-07,194270.0,0.11,63.29,62.18,1.11,5,60.0,0.75,-0.02,,1.67,0.93
COV19,2019,3,6,2019,2019-06-10,189277.0,0.09,62.29,61.34,0.95,6,59.0,-2.57,-0.02,,1.67,0.93
COV19,2019,3,6,2019,2019-06-11,184774.0,0.08,62.29,61.45,0.84,7,58.0,-2.38,-0.01,,1.67,0.93
COV19,2019,3,6,2019,2019-06-12,183391.0,0.09,59.97,59.19,0.78,8,57.0,-0.75,0.01,,1.67,0.93
COV19,2019,3,6,2019,2019-06-13,179787.0,0.08,61.31,60.45,0.86,9,56.0,-1.97,-0.01,,1.67,0.93
COV19,2019,3,6,2019,2019-06-14,179443.0,0.09,62.01,61.01,1.0,10,55.0,-0.19,0.01,,1.67,0.93
COV19,2019,3,6,2019,2019-06-17,187721.0,0.09,60.94,59.99,0.95,11,54.0,4.61,0.0,,1.67,0.93
COV19,2019,3,6,2019,2019-06-18,189335.0,0.07,62.14,61.33,0.81,12,53.0,0.86,-0.02,,1.67,0.93
COV19,2019,3,6,2019,2019-06-19,207657.0,0.07,61.82,61.04,0.78,13,52.0,9.68,0.0,,1.67,0.93
COV19,2019,3,6,2019,2019-06-20,214666.0,0.06,64.45,63.76,0.69,14,51.0,3.38,-0.01,,1.67,0.93
COV19,2019,3,6,2019,2019-06-21,217414.0,0.06,65.2,64.45,0.75,15,50.0,1.28,0.0,,1.67,0.93
COV19,2019,3,6,2019,2019-06-24,220359.0,0.04,64.86,64.18,0.68,16,49.0,1.35,-0.02,,1.67,0.93
COV19,2019,3,6,2019,2019-06-25,226429.0,0.03,65.05,64.28,0.77,17,48.0,2.75,-0.01,,1.67,0.93
COV19,2019,3,6,2019,2019-06-26,238640.0,0.02,66.49,65.69,0.8,18,47.0,5.39,-0.01,,1.67,0.93
COV19,2019,3,6,2019,2019-06-27,244700.0,-0.0,66.55,65.67,0.88,19,46.0,2.54,-0.02,,1.67,0.93
COV19,2019,3,6,2019,2019-06-28,245066.0,0.01,66.55,64.74,1.81,20,45.0,0.15,0.01,,1.67,0.93
COV19,2019,2,7,2019,2019-07-01,247348.0,-0.01,65.06,64.76,0.3,1,44.0,,,,1.67,0.93
COV19,2019,2,7,2019,2019-07-02,256577.0,-0.01,62.4,62.16,0.24,2,43.0,3.73,0.0,,1.67,0.93
COV19,2019,2,7,2019,2019-07-03,257333.0,0.0,63.82,63.51,0.31,3,42.0,0.29,0.01,,1.67,0.93
COV19,2019,2,7,2019,2019-07-04,255807.0,0.03,63.3,62.95,0.35,4,41.0,-0.59,0.03,,1.67,0.93
COV19,2019,2,7,2019,2019-07-05,253264.0,0.03,64.23,63.84,0.39,5,40.0,-0.99,0.0,,1.67,0.93
COV19,2019,2,7,2019,2019-07-08,255487.0,0.03,64.11,63.82,0.29,6,39.0,0.88,0.0,,1.67,0.93
COV19,2019,2,7,2019,2019-07-09,276744.0,0.02,64.16,63.93,0.23,7,38.0,8.32,-0.01,,1.67,0.93
COV19,2019,2,7,2019,2019-07-10,287611.0,0.02,67.01,66.69,0.32,8,37.0,3.93,0.0,,1.67,0.93
COV19,2019,2,7,2019,2019-07-11,295131.0,0.02,66.52,66.22,0.3,9,36.0,2.61,0.0,,1.67,0.93
COV19,2019,2,7,2019,2019-07-12,302941.0,0.03,66.72,66.34,0.38,10,35.0,2.65,0.01,,1.67,0.93
COV19,2019,2,7,2019,2019-07-15,314517.0,0.05,66.48,65.92,0.56,11,34.0,3.82,0.02,,1.67,0.93
COV19,2019,2,7,2019,2019-07-16,320289.0,0.05,64.35,63.84,0.51,12,33.0,1.84,0.0,,1.67,0.93
COV19,2019,2,7,2019,2019-07-17,331378.0,0.05,63.66,63.19,0.47,13,32.0,3.46,0.0,,1.67,0.93
COV19,2019,2,7,2019,2019-07-18,337189.0,0.02,61.93,61.59,0.34,14,31.0,1.75,-0.03,,1.67,0.93
COV19,2019,2,7,2019,2019-07-19,357333.0,0.01,62.47,62.28,0.19,15,30.0,5.97,-0.01,,1.67,0.93
COV19,2019,2,7,2019,2019-07-22,366183.0,0.0,63.26,63.03,0.23,16,29.0,2.48,-0.01,,1.67,0.93
COV19,2019,2,7,2019,2019-07-23,380583.0,-0.02,63.83,63.75,0.08,17,28.0,3.93,-0.02,,1.67,0.93
COV19,2019,2,7,2019,2019-07-24,415852.0,-0.01,63.18,63.08,0.1,18,27.0,9.27,0.01,,1.67,0.93
COV19,2019,2,7,2019,2019-07-25,431145.0,-0.01,63.39,63.26,0.13,19,26.0,3.68,0.0,,1.67,0.93
COV19,2019,2,7,2019,2019-07-26,437597.0,0.01,63.46,63.37,0.09,20,25.0,1.5,0.02,,1.67,0.93
COV19,2019,2,7,2019,2019-07-29,444663.0,0.01,63.71,63.62,0.09,21,24.0,1.61,0.0,,1.67,0.93
COV19,2019,2,7,2019,2019-07-30,444865.0,0.01,64.72,64.63,0.09,22,23.0,0.05,0.0,,1.67,0.93
COV19,2019,2,7,2019,2019-07-31,451864.0,0.03,65.17,65.05,0.12,23,22.0,1.57,0.02,,1.67,0.93
COV19,2019,1,8,2019,2019-08-01,440172.0,0.07,60.5,59.96,0.54,1,21.0,,,pre_roll,1.67,0.93
COV19,2019,1,8,2019,2019-08-02,437065.0,0.05,61.89,61.32,0.57,2,20.0,-0.71,-0.02,pre_roll,1.67,0.93
COV19,2019,1,8,2019,2019-08-05,423295.0,0.04,59.81,59.35,0.46,3,19.0,-3.15,-0.01,during_roll,1.67,0.93
COV19,2019,1,8,2019,2019-08-06,409799.0,0.02,58.94,58.53,0.41,4,18.0,-3.19,-0.02,during_roll,1.67,0.93
COV19,2019,1,8,2019,2019-08-07,377371.0,0.0,56.23,55.93,0.3,5,17.0,-7.91,-0.02,during_roll,1.67,0.93
COV19,2019,1,8,2019,2019-08-08,359156.0,-0.03,57.38,57.04,0.34,6,16.0,-4.83,-0.03,during_roll,1.67,0.93
COV19,2019,1,8,2019,2019-08-09,348001.0,-0.04,58.53,58.19,0.34,7,15.0,-3.11,-0.01,during_roll,1.67,0.93
COV19,2019,1,8,2019,2019-08-12,325776.0,-0.1,58.57,58.3,0.27,8,14.0,-6.39,-0.06,during_roll,1.67,0.93
COV19,2019,1,8,2019,2019-08-13,307694.0,-0.06,61.3,60.92,0.38,9,13.0,-5.55,0.04,during_roll,1.67,0.93
COV19,2019,1,8,2019,2019-08-14,302728.0,-0.02,59.48,59.07,0.41,10,12.0,-1.61,0.04,during_roll,1.67,0.93
COV19,2019,1,8,2019,2019-08-15,307081.0,-0.01,58.23,57.79,0.44,11,11.0,1.44,0.01,during_roll,1.67,0.93
COV19,2019,1,8,2019,2019-08-16,301417.0,-0.01,58.64,58.16,0.48,12,10.0,-1.84,0.0,during_roll,1.67,0.93
COV19,2019,1,8,2019,2019-08-19,290942.0,0.0,59.74,59.22,0.52,13,9.0,-3.48,0.01,during_roll,1.67,0.93
COV19,2019,1,8,2019,2019-08-20,266544.0,-0.05,60.03,59.58,0.45,14,8.0,-8.39,-0.05,during_roll,1.67,0.93
COV19,2019,1,8,2019,2019-08-21,252877.0,-0.09,60.3,59.86,0.44,15,7.0,-5.13,-0.04,during_roll,1.67,0.93
COV19,2019,1,8,2019,2019-08-22,213900.0,-0.13,59.92,59.5,0.42,16,6.0,-15.41,-0.04,during_roll,1.67,0.93
COV19,2019,1,8,2019,2019-08-23,179903.0,-0.1,59.34,58.8,0.54,17,5.0,-15.89,0.03,during_roll,1.67,0.93
COV19,2019,1,8,2019,2019-08-26,168881.0,-0.06,58.7,58.12,0.58,18,4.0,-6.13,0.04,during_roll,1.67,0.93
COV19,2019,1,8,2019,2019-08-27,142343.0,-0.15,59.51,59.03,0.48,19,3.0,-15.71,-0.09,during_roll,1.67,0.93
COV19,2019,1,8,2019,2019-08-28,115439.0,-0.14,60.49,59.93,0.56,20,2.0,-18.9,0.01,during_roll,1.67,0.93
COV19,2019,1,8,2019,2019-08-29,57569.0,-0.12,61.08,60.49,0.59,21,1.0,-50.13,0.02,during_roll,1.67,0.93
COV19,2019,1,8,2019,2019-08-30,57569.0,0.39,60.43,59.25,1.18,22,0.0,0.0,0.51,during_roll,1.67,0.93
COV20,2020,3,6,2020,2020-06-01,143898.0,0.08,38.32,38.43,-0.11,1,64.0,,,,-2.18,-1.91
COV20,2020,3,6,2020,2020-06-02,147758.0,0.07,39.57,39.66,-0.09,2,63.0,2.68,-0.01,,-2.18,-1.91
COV20,2020,3,6,2020,2020-06-03,147715.0,0.04,39.79,39.97,-0.18,3,62.0,-0.03,-0.03,,-2.18,-1.91
COV20,2020,3,6,2020,2020-06-04,148135.0,0.01,39.99,40.17,-0.18,4,61.0,0.28,-0.03,,-2.18,-1.91
COV20,2020,3,6,2020,2020-06-05,155164.0,0.01,42.3,42.42,-0.12,5,60.0,4.74,0.0,,-2.18,-1.91
COV20,2020,3,6,2020,2020-06-08,156362.0,0.0,40.8,41.0,-0.2,6,59.0,0.77,-0.01,,-2.18,-1.91
COV20,2020,3,6,2020,2020-06-09,160328.0,-0.0,41.18,41.51,-0.33,7,58.0,2.54,-0.0,,-2.18,-1.91
COV20,2020,3,6,2020,2020-06-10,174372.0,0.0,41.73,41.94,-0.21,8,57.0,8.76,0.0,,-2.18,-1.91
COV20,2020,3,6,2020,2020-06-11,182272.0,-0.01,38.55,38.88,-0.33,9,56.0,4.53,-0.01,,-2.18,-1.91
COV20,2020,3,6,2020,2020-06-12,184456.0,-0.02,38.73,38.98,-0.25,10,55.0,1.2,-0.01,,-2.18,-1.91
COV20,2020,3,6,2020,2020-06-15,185015.0,-0.03,39.72,39.93,-0.21,11,54.0,0.3,-0.01,,-2.18,-1.91
COV20,2020,3,6,2020,2020-06-16,196065.0,-0.02,40.96,41.13,-0.17,12,53.0,5.97,0.01,,-2.18,-1.91
COV20,2020,3,6,2020,2020-06-17,199529.0,0.01,40.71,40.77,-0.06,13,52.0,1.77,0.03,,-2.18,-1.91
COV20,2020,3,6,2020,2020-06-18,202378.0,0.02,41.51,41.47,0.04,14,51.0,1.43,0.01,,-2.18,-1.91
COV20,2020,3,6,2020,2020-06-19,203692.0,0.03,42.19,42.14,0.05,15,50.0,0.65,0.01,,-2.18,-1.91
COV20,2020,3,6,2020,2020-06-22,213085.0,0.03,43.08,43.07,0.01,16,49.0,4.61,0.0,,-2.18,-1.91
COV20,2020,3,6,2020,2020-06-23,220832.0,0.01,42.63,42.73,-0.1,17,48.0,3.64,-0.02,,-2.18,-1.91
COV20,2020,3,6,2020,2020-06-24,221558.0,0.01,40.31,40.53,-0.22,18,47.0,0.33,0.0,,-2.18,-1.91
COV20,2020,3,6,2020,2020-06-25,225647.0,0.02,41.05,41.12,-0.07,19,46.0,1.85,0.01,,-2.18,-1.91
COV20,2020,3,6,2020,2020-06-26,228331.0,0.03,41.02,40.93,0.09,20,45.0,1.19,0.01,,-2.18,-1.91
COV20,2020,3,6,2020,2020-06-29,240861.0,0.02,41.71,41.85,-0.14,21,44.0,5.49,-0.01,,-2.18,-1.91
COV20,2020,3,6,2020,2020-06-30,250093.0,0.03,41.15,41.27,-0.12,22,43.0,3.83,0.01,,-2.18,-1.91
COV20,2020,2,7,2020,2020-07-01,262980.0,0.03,42.03,42.11,-0.08,1,42.0,,,,-2.18,-1.91
COV20,2020,2,7,2020,2020-07-02,265876.0,0.04,43.14,43.19,-0.05,2,41.0,1.1,0.01,,-2.18,-1.91
COV20,2020,2,7,2020,2020-07-03,257309.0,0.03,42.8,42.91,-0.11,3,40.0,-3.22,-0.01,,-2.18,-1.91
COV20,2020,2,7,2020,2020-07-06,258617.0,0.01,43.1,43.24,-0.14,4,39.0,0.51,-0.02,,-2.18,-1.91
COV20,2020,2,7,2020,2020-07-07,262845.0,-0.0,43.08,43.26,-0.18,5,38.0,1.63,-0.01,,-2.18,-1.91
COV20,2020,2,7,2020,2020-07-08,275956.0,0.01,43.29,43.46,-0.17,6,37.0,4.99,0.01,,-2.18,-1.91
COV20,2020,2,7,2020,2020-07-09,294190.0,0.01,42.35,42.55,-0.2,7,36.0,6.61,0.0,,-2.18,-1.91
COV20,2020,2,7,2020,2020-07-10,315288.0,-0.02,43.24,43.46,-0.22,8,35.0,7.17,-0.03,,-2.18,-1.91
COV20,2020,2,7,2020,2020-07-13,335097.0,-0.02,42.72,42.96,-0.24,9,34.0,6.28,0.0,,-2.18,-1.91
COV20,2020,2,7,2020,2020-07-14,342838.0,-0.02,42.9,43.13,-0.23,10,33.0,2.31,0.0,,-2.18,-1.91
COV20,2020,2,7,2020,2020-07-15,350475.0,0.01,43.79,43.93,-0.14,11,32.0,2.23,0.03,,-2.18,-1.91
COV20,2020,2,7,2020,2020-07-16,362132.0,0.0,43.37,43.5,-0.13,12,31.0,3.33,-0.01,,-2.18,-1.91
COV20,2020,2,7,2020,2020-07-17,379717.0,-0.01,43.14,43.3,-0.16,13,30.0,4.86,-0.01,,-2.18,-1.91
COV20,2020,2,7,2020,2020-07-20,387827.0,-0.0,43.28,43.46,-0.18,14,29.0,2.14,0.01,,-2.18,-1.91
COV20,2020,2,7,2020,2020-07-21,411751.0,-0.03,44.32,44.55,-0.23,15,28.0,6.17,-0.03,,-2.18,-1.91
COV20,2020,2,7,2020,2020-07-22,430807.0,-0.04,44.29,44.56,-0.27,16,27.0,4.63,-0.01,,-2.18,-1.91
COV20,2020,2,7,2020,2020-07-23,464780.0,-0.04,43.31,43.67,-0.36,17,26.0,7.89,0.0,,-2.18,-1.91
COV20,2020,2,7,2020,2020-07-24,476601.0,-0.05,43.34,43.78,-0.44,18,25.0,2.54,-0.01,,-2.18,-1.91
COV20,2020,2,7,2020,2020-07-27,479320.0,-0.04,43.41,43.9,-0.49,19,24.0,0.57,0.01,,-2.18,-1.91
COV20,2020,2,7,2020,2020-07-28,469240.0,-0.03,43.22,43.61,-0.39,20,23.0,-2.1,0.01,,-2.18,-1.91
COV20,2020,2,7,2020,2020-07-29,460214.0,0.0,43.75,44.09,-0.34,21,22.0,-1.92,0.03,,-2.18,-1.91
COV20,2020,2,7,2020,2020-07-30,454847.0,0.01,42.94,43.25,-0.31,22,21.0,-1.17,0.01,,-2.18,-1.91
COV20,2020,2,7,2020,2020-07-31,449667.0,-0.01,43.3,43.52,-0.22,23,20.0,-1.14,-0.02,,-2.18,-1.91
COV20,2020,1,8,2020,2020-08-03,438839.0,-0.0,44.15,44.53,-0.38,1,19.0,,,pre_roll,-2.18,-1.91
COV20,2020,1,8,2020,2020-08-04,428947.0,-0.01,44.43,44.84,-0.41,2,18.0,-2.25,-0.01,during_roll,-2.18,-1.91
COV20,2020,1,8,2020,2020-08-05,423240.0,0.0,45.17,45.57,-0.4,3,17.0,-1.33,0.01,during_roll,-2.18,-1.91
COV20,2020,1,8,2020,2020-08-06,417796.0,0.0,45.09,45.46,-0.37,4,16.0,-1.29,0.0,during_roll,-2.18,-1.91
COV20,2020,1,8,2020,2020-08-07,398364.0,-0.03,44.4,44.77,-0.37,5,15.0,-4.65,-0.03,during_roll,-2.18,-1.91
COV20,2020,1,8,2020,2020-08-10,377978.0,-0.06,44.99,45.39,-0.4,6,14.0,-5.12,-0.03,during_roll,-2.18,-1.91
COV20,2020,1,8,2020,2020-08-11,357381.0,-0.11,44.5,44.99,-0.49,7,13.0,-5.45,-0.05,during_roll,-2.18,-1.91
COV20,2020,1,8,2020,2020-08-12,339297.0,-0.09,45.43,45.91,-0.48,8,12.0,-5.06,0.02,during_roll,-2.18,-1.91
COV20,2020,1,8,2020,2020-08-13,326712.0,-0.08,44.96,45.43,-0.47,9,11.0,-3.71,0.01,during_roll,-2.18,-1.91
COV20,2020,1,8,2020,2020-08-14,318024.0,-0.09,44.8,45.33,-0.53,10,10.0,-2.66,-0.01,during_roll,-2.18,-1.91
COV20,2020,1,8,2020,2020-08-17,301516.0,-0.08,45.37,45.92,-0.55,11,9.0,-5.19,0.01,during_roll,-2.18,-1.91
COV20,2020,1,8,2020,2020-08-18,280958.0,-0.07,45.46,46.01,-0.55,12,8.0,-6.82,0.01,during_roll,-2.18,-1.91
COV20,2020,1,8,2020,2020-08-19,259442.0,-0.03,45.37,45.88,-0.51,13,7.0,-7.66,0.04,during_roll,-2.18,-1.91
COV20,2020,1,8,2020,2020-08-20,216825.0,-0.09,44.9,45.48,-0.58,14,6.0,-16.43,-0.06,during_roll,-2.18,-1.91
COV20,2020,1,8,2020,2020-08-21,180438.0,-0.12,44.35,44.93,-0.58,15,5.0,-16.78,-0.03,during_roll,-2.18,-1.91
COV20,2020,1,8,2020,2020-08-24,160252.0,-0.08,45.13,45.64,-0.51,16,4.0,-11.19,0.04,during_roll,-2.18,-1.91
COV20,2020,1,8,2020,2020-08-25,132087.0,-0.06,45.86,46.29,-0.43,17,3.0,-17.58,0.02,during_roll,-2.18,-1.91
COV20,2020,1,8,2020,2020-08-26,99530.0,-0.1,45.64,46.16,-0.52,18,2.0,-24.65,-0.04,during_roll,-2.18,-1.91
COV20,2020,1,8,2020,2020-08-27,80057.0,-0.1,45.09,45.6,-0.51,19,1.0,-19.56,0.0,during_roll,-2.18,-1.91
COV20,2020,1,8,2020,2020-08-28,,-0.32,45.05,45.81,-0.76,20,0.0,0.0,-0.22,during_roll,-2.18,-1.91
COV21,2021,3,6,2021,2021-06-01,161975.0,0.01,70.25,69.85,0.4,1,65.0,,,,0.53,0.66
COV21,2021,3,6,2021,2021-06-02,171805.0,0.0,71.35,70.95,0.4,2,64.0,6.07,-0.01,,0.53,0.66
COV21,2021,3,6,2021,2021-06-03,171933.0,0.0,71.31,70.89,0.42,3,63.0,0.07,0.0,,0.53,0.66
COV21,2021,3,6,2021,2021-06-04,177403.0,0.01,71.89,71.49,0.4,4,62.0,3.18,0.01,,0.53,0.66
COV21,2021,3,6,2021,2021-06-07,182119.0,0.02,71.49,71.11,0.38,5,61.0,2.66,0.01,,0.53,0.66
COV21,2021,3,6,2021,2021-06-08,186684.0,0.01,72.22,71.81,0.41,6,60.0,2.51,-0.01,,0.53,0.66
COV21,2021,3,6,2021,2021-06-09,188712.0,0.03,72.22,71.75,0.47,7,59.0,1.09,0.02,,0.53,0.66
COV21,2021,3,6,2021,2021-06-10,196847.0,0.03,72.52,71.98,0.54,8,58.0,4.31,0.0,,0.53,0.66
COV21,2021,3,6,2021,2021-06-11,202675.0,0.05,72.69,72.11,0.58,9,57.0,2.96,0.02,,0.53,0.66
COV21,2021,3,6,2021,2021-06-14,208909.0,0.04,72.86,72.29,0.57,10,56.0,3.08,-0.01,,0.53,0.66
COV21,2021,3,6,2021,2021-06-15,214734.0,0.06,73.99,73.3,0.69,11,55.0,2.79,0.02,,0.53,0.66
COV21,2021,3,6,2021,2021-06-16,207639.0,0.08,74.39,73.59,0.8,12,54.0,-3.3,0.02,,0.53,0.66
COV21,2021,3,6,2021,2021-06-17,209482.0,0.09,73.08,72.29,0.79,13,53.0,0.89,0.01,,0.53,0.66
COV21,2021,3,6,2021,2021-06-18,214441.0,0.09,73.51,72.73,0.78,14,52.0,2.37,0.0,,0.53,0.66
COV21,2021,3,6,2021,2021-06-21,222573.0,0.12,74.9,74.05,0.85,15,51.0,3.79,0.03,,0.53,0.66
COV21,2021,3,6,2021,2021-06-22,222916.0,0.09,74.81,74.08,0.73,16,50.0,0.15,-0.03,,0.53,0.66
COV21,2021,3,6,2021,2021-06-23,233857.0,0.07,75.19,74.5,0.69,17,49.0,4.91,-0.02,,0.53,0.66
COV21,2021,3,6,2021,2021-06-24,232811.0,0.07,75.56,74.81,0.75,18,48.0,-0.45,0.0,,0.53,0.66
COV21,2021,3,6,2021,2021-06-25,234627.0,0.07,76.18,75.38,0.8,19,47.0,0.78,0.0,,0.53,0.66
COV21,2021,3,6,2021,2021-06-28,244320.0,0.05,74.68,74.14,0.54,20,46.0,4.13,-0.02,,0.53,0.66
COV21,2021,3,6,2021,2021-06-29,254762.0,0.04,74.76,74.28,0.48,21,45.0,4.27,-0.01,,0.53,0.66
COV21,2021,3,6,2021,2021-06-30,262514.0,0.06,75.13,74.62,0.51,22,44.0,3.04,0.02,,0.53,0.66
COV21,2021,2,7,2021,2021-07-01,280293.0,0.06,75.84,74.96,0.88,1,43.0,,,,0.53,0.66
COV21,2021,2,7,2021,2021-07-02,279327.0,0.05,76.17,75.3,0.87,2,42.0,-0.34,-0.01,,0.53,0.66
COV21,2021,2,7,2021,2021-07-05,274405.0,0.08,77.16,76.17,0.99,3,41.0,-1.76,0.03,,0.53,0.66
COV21,2021,2,7,2021,2021-07-06,277625.0,0.06,74.53,73.58,0.95,4,40.0,1.17,-0.02,,0.53,0.66
COV21,2021,2,7,2021,2021-07-07,287810.0,0.05,73.43,72.55,0.88,5,39.0,3.67,-0.01,,0.53,0.66
COV21,2021,2,7,2021,2021-07-08,300157.0,0.03,74.12,73.29,0.83,6,38.0,4.29,-0.02,,0.53,0.66
COV21,2021,2,7,2021,2021-07-09,310306.0,0.01,75.55,74.74,0.81,7,37.0,3.38,-0.02,,0.53,0.66
COV21,2021,2,7,2021,2021-07-12,317885.0,-0.01,75.16,74.42,0.74,8,36.0,2.44,-0.02,,0.53,0.66
COV21,2021,2,7,2021,2021-07-13,348748.0,-0.02,76.49,75.71,0.78,9,35.0,9.71,-0.01,,0.53,0.66
COV21,2021,2,7,2021,2021-07-14,382395.0,0.0,74.76,73.98,0.78,10,34.0,9.65,0.02,,0.53,0.66
COV21,2021,2,7,2021,2021-07-15,392774.0,0.02,73.47,72.77,0.7,11,33.0,2.71,0.02,,0.53,0.66
COV21,2021,2,7,2021,2021-07-16,408830.0,0.0,73.59,72.97,0.62,12,32.0,4.09,-0.02,,0.53,0.66
COV21,2021,2,7,2021,2021-07-19,431532.0,0.01,68.62,68.05,0.57,13,31.0,5.55,0.01,,0.53,0.66
COV21,2021,2,7,2021,2021-07-20,450467.0,-0.02,69.35,68.77,0.58,14,30.0,4.39,-0.03,,0.53,0.66
COV21,2021,2,7,2021,2021-07-21,478972.0,-0.02,72.23,71.63,0.6,15,29.0,6.33,0.0,,0.53,0.66
COV21,2021,2,7,2021,2021-07-22,508865.0,0.0,73.79,73.15,0.64,16,28.0,6.24,0.02,,0.53,0.66
COV21,2021,2,7,2021,2021-07-23,527708.0,0.0,74.1,73.44,0.66,17,27.0,3.7,0.0,,0.53,0.66
COV21,2021,2,7,2021,2021-07-26,536326.0,0.0,74.5,73.7,0.8,18,26.0,1.63,0.0,,0.53,0.66
COV21,2021,2,7,2021,2021-07-27,545574.0,0.03,74.48,73.52,0.96,19,25.0,1.72,0.03,,0.53,0.66
COV21,2021,2,7,2021,2021-07-28,549659.0,0.0,74.74,73.87,0.87,20,24.0,0.75,-0.03,,0.53,0.66
COV21,2021,2,7,2021,2021-07-29,553708.0,-0.01,76.05,75.1,0.95,21,23.0,0.74,-0.01,,0.53,0.66
COV21,2021,2,7,2021,2021-07-30,536394.0,0.03,76.33,75.41,0.92,22,22.0,-3.13,0.04,,0.53,0.66
COV21,2021,1,8,2021,2021-08-02,533627.0,-0.02,72.89,72.2,0.69,1,21.0,,,pre_roll,0.53,0.66
COV21,2021,1,8,2021,2021-08-03,516069.0,-0.01,72.41,71.77,0.64,2,20.0,-3.29,0.01,during_roll,0.53,0.66
COV21,2021,1,8,2021,2021-08-04,495415.0,-0.04,70.38,69.87,0.51,3,19.0,-4.0,-0.03,during_roll,0.53,0.66
COV21,2021,1,8,2021,2021-08-05,486593.0,-0.05,71.29,70.8,0.49,4,18.0,-1.78,-0.01,during_roll,0.53,0.66
COV21,2021,1,8,2021,2021-08-06,466014.0,-0.07,70.7,70.32,0.38,5,17.0,-4.23,-0.02,during_roll,0.53,0.66
COV21,2021,1,8,2021,2021-08-09,439756.0,-0.02,69.04,68.61,0.43,6,16.0,-5.63,0.05,during_roll,0.53,0.66
COV21,2021,1,8,2021,2021-08-10,413188.0,-0.05,70.63,70.22,0.41,7,15.0,-6.04,-0.03,during_roll,0.53,0.66
COV21,2021,1,8,2021,2021-08-11,384896.0,-0.08,71.44,71.06,0.38,8,14.0,-6.85,-0.03,during_roll,0.53,0.66
COV21,2021,1,8,2021,2021-08-12,371354.0,-0.07,71.31,70.91,0.4,9,13.0,-3.52,0.01,during_roll,0.53,0.66
COV21,2021,1,8,2021,2021-08-13,350320.0,-0.07,70.59,70.2,0.39,10,12.0,-5.66,0.0,during_roll,0.53,0.66
COV21,2021,1,8,2021,2021-08-16,335058.0,-0.09,69.51,69.14,0.37,11,11.0,-4.36,-0.02,during_roll,0.53,0.66
COV21,2021,1,8,2021,2021-08-17,321949.0,-0.07,69.03,68.61,0.42,12,10.0,-3.91,0.02,during_roll,0.53,0.66
COV21,2021,1,8,2021,2021-08-18,309999.0,-0.05,68.23,67.77,0.46,13,9.0,-3.71,0.02,during_roll,0.53,0.66
COV21,2021,1,8,2021,2021-08-19,291080.0,-0.06,66.45,66.02,0.43,14,8.0,-6.1,-0.01,during_roll,0.53,0.66
COV21,2021,1,8,2021,2021-08-20,257158.0,-0.04,65.18,64.75,0.43,15,7.0,-11.65,0.02,during_roll,0.53,0.66
COV21,2021,1,8,2021,2021-08-23,240424.0,-0.13,68.75,68.37,0.38,16,6.0,-6.51,-0.09,during_roll,0.53,0.66
COV21,2021,1,8,2021,2021-08-24,224466.0,0.01,71.05,70.41,0.64,17,5.0,-6.64,0.14,during_roll,0.53,0.66
COV21,2021,1,8,2021,2021-08-25,186786.0,0.28,72.25,71.28,0.97,18,4.0,-16.79,0.27,during_roll,0.53,0.66
COV21,2021,1,8,2021,2021-08-26,146855.0,0.28,71.07,70.18,0.89,19,3.0,-21.38,0.0,during_roll,0.53,0.66
COV21,2021,1,8,2021,2021-08-27,114781.0,0.35,72.7,71.7,1.0,20,2.0,-21.84,0.07,during_roll,0.53,0.66
COV21,2021,1,8,2021,2021-08-30,71194.0,0.48,73.41,72.23,1.18,21,1.0,-37.97,0.13,during_roll,0.53,0.66
COV21,2021,1,8,2021,2021-08-31,67794.0,0.73,72.99,71.63,1.36,22,0.0,-4.78,0.25,during_roll,0.53,0.66
COV22,2022,3,6,2022,2022-06-01,134604.0,0.2,116.29,113.56,2.73,1,65.0,,,,4.22,3.24
COV22,2022,3,6,2022,2022-06-02,134125.0,0.22,117.61,115.03,2.58,2,64.0,-0.36,0.02,,4.22,3.24
COV22,2022,3,6,2022,2022-06-03,139421.0,0.24,119.72,117.03,2.69,3,63.0,3.95,0.02,,4.22,3.24
COV22,2022,3,6,2022,2022-06-06,145964.0,0.21,119.51,116.97,2.54,4,62.0,4.69,-0.03,,4.22,3.24
COV22,2022,3,6,2022,2022-06-07,153514.0,0.17,120.57,118.14,2.43,5,61.0,5.17,-0.04,,4.22,3.24
COV22,2022,3,6,2022,2022-06-08,151050.0,0.19,123.58,120.89,2.69,6,60.0,-1.61,0.02,,4.22,3.24
COV22,2022,3,6,2022,2022-06-09,155693.0,0.2,123.07,120.3,2.77,7,59.0,3.07,0.01,,4.22,3.24
COV22,2022,3,6,2022,2022-06-10,162046.0,0.27,122.01,119.02,2.99,8,58.0,4.08,0.07,,4.22,3.24
COV22,2022,3,6,2022,2022-06-13,159430.0,0.3,122.27,119.07,3.2,9,57.0,-1.61,0.03,,4.22,3.24
COV22,2022,3,6,2022,2022-06-14,171716.0,0.32,121.17,117.78,3.39,10,56.0,7.71,0.02,,4.22,3.24
COV22,2022,3,6,2022,2022-06-15,174283.0,0.25,118.51,115.47,3.04,11,55.0,1.49,-0.07,,4.22,3.24
COV22,2022,3,6,2022,2022-06-16,181315.0,0.23,119.81,117.0,2.81,12,54.0,4.03,-0.02,,4.22,3.24
COV22,2022,3,6,2022,2022-06-17,184077.0,0.26,113.12,110.39,2.73,13,53.0,1.52,0.03,,4.22,3.24
COV22,2022,3,6,2022,2022-06-20,185610.0,0.32,114.13,111.36,2.77,14,52.0,0.83,0.06,,4.22,3.24
COV22,2022,3,6,2022,2022-06-21,187408.0,0.26,114.65,111.77,2.88,15,51.0,0.97,-0.06,,4.22,3.24
COV22,2022,3,6,2022,2022-06-22,196950.0,0.26,111.74,108.65,3.09,16,50.0,5.09,0.0,,4.22,3.24
COV22,2022,3,6,2022,2022-06-23,199820.0,0.38,110.05,106.46,3.59,17,49.0,1.46,0.12,,4.22,3.24
COV22,2022,3,6,2022,2022-06-24,200944.0,0.43,113.12,109.1,4.02,18,48.0,0.56,0.05,,4.22,3.24
COV22,2022,3,6,2022,2022-06-27,207093.0,0.43,115.09,110.98,4.11,19,47.0,3.06,0.0,,4.22,3.24
COV22,2022,3,6,2022,2022-06-28,213349.0,0.35,117.98,113.8,4.18,20,46.0,3.02,-0.08,,4.22,3.24
COV22,2022,3,6,2022,2022-06-29,231740.0,0.42,116.26,112.45,3.81,21,45.0,8.62,0.07,,4.22,3.24
COV22,2022,3,6,2022,2022-06-30,250911.0,0.53,114.81,109.03,5.78,22,44.0,8.27,0.11,,4.22,3.24
COV22,2022,2,7,2022,2022-07-01,264727.0,0.66,111.63,107.8,3.83,1,43.0,,,,4.22,3.24
COV22,2022,2,7,2022,2022-07-04,267440.0,0.74,113.5,109.46,4.04,2,42.0,1.02,0.08,,4.22,3.24
COV22,2022,2,7,2022,2022-07-05,264403.0,0.71,102.77,98.99,3.78,3,41.0,-1.14,-0.03,,4.22,3.24
COV22,2022,2,7,2022,2022-07-06,266287.0,0.67,100.69,97.09,3.6,4,40.0,0.71,-0.04,,4.22,3.24
COV22,2022,2,7,2022,2022-07-07,276576.0,0.54,104.65,100.98,3.67,5,39.0,3.86,-0.13,,4.22,3.24
COV22,2022,2,7,2022,2022-07-08,284962.0,0.53,107.02,103.46,3.56,6,38.0,3.03,-0.01,,4.22,3.24
COV22,2022,2,7,2022,2022-07-11,291106.0,0.57,107.1,103.65,3.45,7,37.0,2.16,0.04,,4.22,3.24
COV22,2022,2,7,2022,2022-07-12,297086.0,0.59,99.49,96.12,3.37,8,36.0,2.05,0.02,,4.22,3.24
COV22,2022,2,7,2022,2022-07-13,298476.0,0.53,99.57,96.29,3.28,9,35.0,0.47,-0.06,,4.22,3.24
COV22,2022,2,7,2022,2022-07-14,316352.0,0.6,99.1,95.31,3.79,10,34.0,5.99,0.07,,4.22,3.24
COV22,2022,2,7,2022,2022-07-15,309977.0,0.58,101.16,97.15,4.01,11,33.0,-2.02,-0.02,,4.22,3.24
COV22,2022,2,7,2022,2022-07-18,319883.0,0.66,106.27,101.86,4.41,12,32.0,3.2,0.08,,4.22,3.24
COV22,2022,2,7,2022,2022-07-19,333224.0,0.68,107.35,102.88,4.47,13,31.0,4.17,0.02,,4.22,3.24
COV22,2022,2,7,2022,2022-07-20,348099.0,0.71,106.92,102.37,4.55,14,30.0,4.46,0.03,,4.22,3.24
COV22,2022,2,7,2022,2022-07-21,362136.0,0.59,103.86,99.48,4.38,15,29.0,4.03,-0.12,,4.22,3.24
COV22,2022,2,7,2022,2022-07-22,370287.0,0.56,103.2,98.38,4.82,16,28.0,2.25,-0.03,,4.22,3.24
COV22,2022,2,7,2022,2022-07-25,373422.0,0.51,105.15,100.19,4.96,17,27.0,0.85,-0.05,,4.22,3.24
COV22,2022,2,7,2022,2022-07-26,384906.0,0.52,104.4,99.46,4.94,18,26.0,3.08,0.01,,4.22,3.24
COV22,2022,2,7,2022,2022-07-27,398475.0,0.54,106.62,101.67,4.95,19,25.0,3.53,0.02,,4.22,3.24
COV22,2022,2,7,2022,2022-07-28,394216.0,0.59,107.14,101.83,5.31,20,24.0,-1.07,0.05,,4.22,3.24
COV22,2022,2,7,2022,2022-07-29,399918.0,0.71,110.01,103.97,6.04,21,23.0,1.45,0.12,,4.22,3.24
COV22,2022,1,8,2022,2022-08-01,388342.0,0.6,100.03,97.95,2.08,1,22.0,,,pre_roll,4.22,3.24
COV22,2022,1,8,2022,2022-08-02,374971.0,0.54,100.54,98.64,1.9,2,21.0,-3.44,-0.06,during_roll,4.22,3.24
COV22,2022,1,8,2022,2022-08-03,353650.0,0.44,96.78,95.2,1.58,3,20.0,-5.69,-0.1,during_roll,4.22,3.24
COV22,2022,1,8,2022,2022-08-04,358931.0,0.43,94.12,92.5,1.62,4,19.0,1.49,-0.01,during_roll,4.22,3.24
COV22,2022,1,8,2022,2022-08-05,339691.0,0.48,94.92,93.18,1.74,5,18.0,-5.36,0.05,during_roll,4.22,3.24
COV22,2022,1,8,2022,2022-08-08,325129.0,0.31,96.65,95.12,1.53,6,17.0,-4.29,-0.17,during_roll,4.22,3.24
COV22,2022,1,8,2022,2022-08-09,308170.0,0.25,96.31,94.85,1.46,7,16.0,-5.22,-0.06,during_roll,4.22,3.24
COV22,2022,1,8,2022,2022-08-10,295855.0,0.12,97.4,96.23,1.17,8,15.0,-4.0,-0.13,during_roll,4.22,3.24
COV22,2022,1,8,2022,2022-08-11,282667.0,0.15,99.6,98.3,1.3,9,14.0,-4.46,0.03,during_roll,4.22,3.24
COV22,2022,1,8,2022,2022-08-12,271289.0,0.13,98.15,96.9,1.25,10,13.0,-4.03,-0.02,during_roll,4.22,3.24
COV22,2022,1,8,2022,2022-08-15,270582.0,-0.06,95.1,94.28,0.82,11,12.0,-0.26,-0.19,during_roll,4.22,3.24
COV22,2022,1,8,2022,2022-08-16,260011.0,-0.08,92.34,91.74,0.6,12,11.0,-3.91,-0.02,during_roll,4.22,3.24
COV22,2022,1,8,2022,2022-08-17,236535.0,-0.09,93.65,93.02,0.63,13,10.0,-9.03,-0.01,during_roll,4.22,3.24
COV22,2022,1,8,2022,2022-08-18,209493.0,-0.25,96.59,95.76,0.83,14,9.0,-11.43,-0.16,during_roll,4.22,3.24
COV22,2022,1,8,2022,2022-08-19,191823.0,-0.32,96.72,96.09,0.63,15,8.0,-8.43,-0.07,during_roll,4.22,3.24
COV22,2022,1,8,2022,2022-08-22,170660.0,-0.26,96.48,95.81,0.67,16,7.0,-11.03,0.06,during_roll,4.22,3.24
COV22,2022,1,8,2022,2022-08-23,161424.0,-0.12,100.22,99.17,1.05,17,6.0,-5.41,0.14,during_roll,4.22,3.24
COV22,2022,1,8,2022,2022-08-24,139529.0,-0.35,101.22,100.34,0.88,18,5.0,-13.56,-0.23,during_roll,4.22,3.24
COV22,2022,1,8,2022,2022-08-25,123376.0,-0.33,99.34,98.46,0.88,19,4.0,-11.58,0.02,during_roll,4.22,3.24
COV22,2022,1,8,2022,2022-08-26,98292.0,0.32,100.99,99.01,1.98,20,3.0,-20.33,0.65,during_roll,4.22,3.24
COV22,2022,1,8,2022,2022-08-29,78848.0,0.17,105.09,102.93,2.16,21,2.0,-19.78,-0.15,during_roll,4.22,3.24
COV22,2022,1,8,2022,2022-08-30,52925.0,0.09,99.31,97.84,1.47,22,1.0,-32.88,-0.08,during_roll,4.22,3.24
COV22,2022,1,8,2022,2022-08-31,49715.0,-0.58,96.49,95.64,0.85,23,0.0,-6.07,-0.67,during_roll,4.22,3.24
COV23,2023,3,6,2023,2023-06-01,191824.0,0.0,74.28,74.21,0.07,1,65.0,,,,-0.05,0.29
COV23,2023,3,6,2023,2023-06-02,193327.0,-0.0,76.13,75.97,0.16,2,64.0,0.78,-0.0,,-0.05,0.29
COV23,2023,3,6,2023,2023-06-05,190697.0,-0.01,76.71,76.47,0.24,3,63.0,-1.36,-0.01,,-0.05,0.29
COV23,2023,3,6,2023,2023-06-06,199072.0,-0.0,76.29,76.09,0.2,4,62.0,4.39,0.01,,-0.05,0.29
COV23,2023,3,6,2023,2023-06-07,188417.0,-0.02,76.95,76.84,0.11,5,61.0,-5.35,-0.02,,-0.05,0.29
COV23,2023,3,6,2023,2023-06-08,189634.0,-0.03,75.96,75.84,0.12,6,60.0,0.65,-0.01,,-0.05,0.29
COV23,2023,3,6,2023,2023-06-09,190351.0,-0.04,74.79,74.74,0.05,7,59.0,0.38,-0.01,,-0.05,0.29
COV23,2023,3,6,2023,2023-06-12,196517.0,-0.02,71.84,71.82,0.02,8,58.0,3.24,0.02,,-0.05,0.29
COV23,2023,3,6,2023,2023-06-13,212674.0,-0.03,74.29,74.21,0.08,9,57.0,8.22,-0.01,,-0.05,0.29
COV23,2023,3,6,2023,2023-06-14,226671.0,-0.02,73.2,73.17,0.03,10,56.0,6.58,0.01,,-0.05,0.29
COV23,2023,3,6,2023,2023-06-15,236869.0,-0.01,75.67,75.66,0.01,11,55.0,4.5,0.01,,-0.05,0.29
COV23,2023,3,6,2023,2023-06-16,240296.0,-0.02,76.61,76.58,0.03,12,54.0,1.45,-0.01,,-0.05,0.29
COV23,2023,3,6,2023,2023-06-19,247201.0,-0.02,76.09,76.06,0.03,13,53.0,2.87,0.0,,-0.05,0.29
COV23,2023,3,6,2023,2023-06-20,251565.0,-0.02,75.9,75.89,0.01,14,52.0,1.77,0.0,,-0.05,0.29
COV23,2023,3,6,2023,2023-06-21,261793.0,-0.02,77.12,77.14,-0.02,15,51.0,4.07,0.0,,-0.05,0.29
COV23,2023,3,6,2023,2023-06-22,274505.0,-0.05,74.14,74.35,-0.21,16,50.0,4.86,-0.03,,-0.05,0.29
COV23,2023,3,6,2023,2023-06-23,281483.0,-0.06,73.85,74.01,-0.16,17,49.0,2.54,-0.01,,-0.05,0.29
COV23,2023,3,6,2023,2023-06-26,283808.0,-0.06,74.18,74.35,-0.17,18,48.0,0.83,0.0,,-0.05,0.29
COV23,2023,3,6,2023,2023-06-27,310955.0,-0.06,72.26,72.51,-0.25,19,47.0,9.57,0.0,,-0.05,0.29
COV23,2023,3,6,2023,2023-06-28,321344.0,-0.07,74.03,74.24,-0.21,20,46.0,3.34,-0.01,,-0.05,0.29
COV23,2023,3,6,2023,2023-06-29,323758.0,-0.04,74.34,74.51,-0.17,21,45.0,0.75,0.03,,-0.05,0.29
COV23,2023,3,6,2023,2023-06-30,329118.0,-0.03,74.9,75.41,-0.51,22,44.0,1.66,0.01,,-0.05,0.29
COV23,2023,2,7,2023,2023-07-03,344727.0,-0.01,74.65,74.47,0.18,1,43.0,,,,-0.05,0.29
COV23,2023,2,7,2023,2023-07-04,345440.0,-0.01,76.25,76.05,0.2,2,42.0,0.21,0.0,,-0.05,0.29
COV23,2023,2,7,2023,2023-07-05,359787.0,0.01,76.65,76.41,0.24,3,41.0,4.15,0.02,,-0.05,0.29
COV23,2023,2,7,2023,2023-07-06,373574.0,0.01,76.52,76.22,0.3,4,40.0,3.83,0.0,,-0.05,0.29
COV23,2023,2,7,2023,2023-07-07,378184.0,0.01,78.47,78.08,0.39,5,39.0,1.23,0.0,,-0.05,0.29
COV23,2023,2,7,2023,2023-07-10,393155.0,-0.01,77.69,77.4,0.29,6,38.0,3.96,-0.02,,-0.05,0.29
COV23,2023,2,7,2023,2023-07-11,405979.0,-0.0,79.4,79.07,0.33,7,37.0,3.26,0.01,,-0.05,0.29
COV23,2023,2,7,2023,2023-07-12,402316.0,-0.01,80.11,79.79,0.32,8,36.0,-0.9,-0.01,,-0.05,0.29
COV23,2023,2,7,2023,2023-07-13,411796.0,-0.01,81.36,80.99,0.37,9,35.0,2.36,0.0,,-0.05,0.29
COV23,2023,2,7,2023,2023-07-14,419860.0,-0.01,79.87,79.6,0.27,10,34.0,1.96,0.0,,-0.05,0.29
COV23,2023,2,7,2023,2023-07-17,423564.0,-0.03,78.5,78.38,0.12,11,33.0,0.88,-0.02,,-0.05,0.29
COV23,2023,2,7,2023,2023-07-18,438118.0,-0.04,79.63,79.5,0.13,12,32.0,3.44,-0.01,,-0.05,0.29
COV23,2023,2,7,2023,2023-07-19,454632.0,-0.04,79.46,79.35,0.11,13,31.0,3.77,0.0,,-0.05,0.29
COV23,2023,2,7,2023,2023-07-20,471999.0,-0.03,79.64,79.52,0.12,14,30.0,3.82,0.01,,-0.05,0.29
COV23,2023,2,7,2023,2023-07-21,502714.0,-0.03,81.07,80.88,0.19,15,29.0,6.51,0.0,,-0.05,0.29
COV23,2023,2,7,2023,2023-07-24,516307.0,-0.02,82.74,82.48,0.26,16,28.0,2.7,0.01,,-0.05,0.29
COV23,2023,2,7,2023,2023-07-25,526583.0,0.01,83.64,83.25,0.39,17,27.0,1.99,0.03,,-0.05,0.29
COV23,2023,2,7,2023,2023-07-26,546671.0,0.0,82.92,82.56,0.36,18,26.0,3.81,-0.01,,-0.05,0.29
COV23,2023,2,7,2023,2023-07-27,567004.0,0.01,84.24,83.79,0.45,19,25.0,3.72,0.01,,-0.05,0.29
COV23,2023,2,7,2023,2023-07-28,574612.0,0.01,84.99,84.41,0.58,20,24.0,1.34,0.0,,-0.05,0.29
COV23,2023,2,7,2023,2023-07-31,569424.0,-0.01,85.56,85.43,0.13,21,23.0,-0.9,-0.02,,-0.05,0.29
COV23,2023,1,8,2023,2023-08-01,563614.0,-0.01,84.91,84.47,0.44,1,22.0,,,pre_roll,-0.05,0.29
COV23,2023,1,8,2023,2023-08-02,540657.0,-0.01,83.2,82.81,0.39,2,21.0,-4.07,0.0,during_roll,-0.05,0.29
COV23,2023,1,8,2023,2023-08-03,525522.0,0.01,85.14,84.69,0.45,3,20.0,-2.8,0.02,during_roll,-0.05,0.29
COV23,2023,1,8,2023,2023-08-04,517390.0,-0.0,86.24,85.78,0.46,4,19.0,-1.55,-0.01,during_roll,-0.05,0.29
COV23,2023,1,8,2023,2023-08-07,503662.0,0.0,85.34,84.94,0.4,5,18.0,-2.65,0.0,during_roll,-0.05,0.29
COV23,2023,1,8,2023,2023-08-08,484074.0,0.07,86.17,85.67,0.5,6,17.0,-3.89,0.07,during_roll,-0.05,0.29
COV23,2023,1,8,2023,2023-08-09,462892.0,0.12,87.55,86.92,0.63,7,16.0,-4.38,0.05,during_roll,-0.05,0.29
COV23,2023,1,8,2023,2023-08-10,432857.0,0.1,86.4,85.84,0.56,8,15.0,-6.49,-0.02,during_roll,-0.05,0.29
COV23,2023,1,8,2023,2023-08-11,407060.0,0.12,86.81,86.14,0.67,9,14.0,-5.96,0.02,during_roll,-0.05,0.29
COV23,2023,1,8,2023,2023-08-14,396861.0,0.13,86.21,85.51,0.7,10,13.0,-2.51,0.01,during_roll,-0.05,0.29
COV23,2023,1,8,2023,2023-08-15,389221.0,0.1,84.89,84.28,0.61,11,12.0,-1.93,-0.03,during_roll,-0.05,0.29
COV23,2023,1,8,2023,2023-08-16,378573.0,0.01,83.45,83.02,0.43,12,11.0,-2.74,-0.09,during_roll,-0.05,0.29
COV23,2023,1,8,2023,2023-08-17,368070.0,0.02,84.12,83.67,0.45,13,10.0,-2.77,0.01,during_roll,-0.05,0.29
COV23,2023,1,8,2023,2023-08-18,370133.0,0.02,84.8,84.36,0.44,14,9.0,0.56,0.0,during_roll,-0.05,0.29
COV23,2023,1,8,2023,2023-08-21,329597.0,-0.02,84.46,84.09,0.37,15,8.0,-10.95,-0.04,during_roll,-0.05,0.29
COV23,2023,1,8,2023,2023-08-22,301125.0,0.0,84.03,83.69,0.34,16,7.0,-8.64,0.02,during_roll,-0.05,0.29
COV23,2023,1,8,2023,2023-08-23,267018.0,0.08,83.21,82.84,0.37,17,6.0,-11.33,0.08,during_roll,-0.05,0.29
COV23,2023,1,8,2023,2023-08-24,233084.0,0.09,83.36,82.92,0.44,18,5.0,-12.71,0.01,during_roll,-0.05,0.29
COV23,2023,1,8,2023,2023-08-25,188688.0,0.14,84.48,83.95,0.53,19,4.0,-19.05,0.05,during_roll,-0.05,0.29
COV23,2023,1,8,2023,2023-08-28,164860.0,0.16,84.42,83.87,0.55,20,3.0,-12.63,0.02,during_roll,-0.05,0.29
COV23,2023,1,8,2023,2023-08-29,124719.0,0.11,85.49,84.91,0.58,21,2.0,-24.35,-0.05,during_roll,-0.05,0.29
COV23,2023,1,8,2023,2023-08-30,77788.0,0.13,85.86,85.24,0.62,22,1.0,-37.63,0.02,during_roll,-0.05,0.29
COV23,2023,1,8,2023,2023-08-31,73941.0,-0.57,86.86,86.83,0.03,23,0.0,-4.95,-0.7,during_roll,-0.05,0.29
COV24,2024,3,6,2024,2024-06-03,248212.0,0.0,78.36,78.22,0.14,1,64.0,,,,0.27,0.59
COV24,2024,3,6,2024,2024-06-04,256673.0,0.01,77.52,77.27,0.25,2,63.0,3.41,0.01,,0.27,0.59
COV24,2024,3,6,2024,2024-06-05,267327.0,0.02,78.41,78.04,0.37,3,62.0,4.15,0.01,,0.27,0.59
COV24,2024,3,6,2024,2024-06-06,270694.0,0.03,79.87,79.5,0.37,4,61.0,1.26,0.01,,0.27,0.59
COV24,2024,3,6,2024,2024-06-07,287181.0,0.02,79.62,79.34,0.28,5,60.0,6.09,-0.01,,0.27,0.59
COV24,2024,3,6,2024,2024-06-10,295365.0,0.02,81.63,81.23,0.4,6,59.0,2.85,0.0,,0.27,0.59
COV24,2024,3,6,2024,2024-06-11,299811.0,0.02,81.92,81.54,0.38,7,58.0,1.51,0.0,,0.27,0.59
COV24,2024,3,6,2024,2024-06-12,300597.0,0.02,82.6,82.15,0.45,8,57.0,0.26,0.0,,0.27,0.59
COV24,2024,3,6,2024,2024-06-13,308933.0,0.02,82.75,82.3,0.45,9,56.0,2.77,0.0,,0.27,0.59
COV24,2024,3,6,2024,2024-06-14,321235.0,0.04,82.62,82.08,0.54,10,55.0,3.98,0.02,,0.27,0.59
COV24,2024,3,6,2024,2024-06-17,320660.0,0.04,84.25,83.52,0.73,11,54.0,-0.18,0.0,,0.27,0.59
COV24,2024,3,6,2024,2024-06-18,343216.0,0.04,85.33,84.53,0.8,12,53.0,7.03,0.0,,0.27,0.59
COV24,2024,3,6,2024,2024-06-19,345213.0,0.05,85.07,84.29,0.78,13,52.0,0.58,0.01,,0.27,0.59
COV24,2024,3,6,2024,2024-06-20,340400.0,0.06,85.71,84.86,0.85,14,51.0,-1.39,0.01,,0.27,0.59
COV24,2024,3,6,2024,2024-06-21,339435.0,0.07,85.24,84.33,0.91,15,50.0,-0.28,0.01,,0.27,0.59
COV24,2024,3,6,2024,2024-06-24,342172.0,0.05,86.01,85.15,0.86,16,49.0,0.81,-0.02,,0.27,0.59
COV24,2024,3,6,2024,2024-06-25,351719.0,0.05,85.01,84.22,0.79,17,48.0,2.79,0.0,,0.27,0.59
COV24,2024,3,6,2024,2024-06-26,354365.0,0.04,85.25,84.47,0.78,18,47.0,0.75,-0.01,,0.27,0.59
COV24,2024,3,6,2024,2024-06-27,383578.0,0.08,86.39,85.26,1.13,19,46.0,8.24,0.04,,0.27,0.59
COV24,2024,3,6,2024,2024-06-28,390896.0,0.08,86.41,85.0,1.41,20,45.0,1.91,0.0,,0.27,0.59
COV24,2024,2,7,2024,2024-07-01,408211.0,0.08,86.6,85.72,0.88,1,44.0,,,,0.27,0.59
COV24,2024,2,7,2024,2024-07-02,405772.0,0.09,86.24,85.44,0.8,2,43.0,-0.6,0.01,,0.27,0.59
COV24,2024,2,7,2024,2024-07-03,397836.0,0.08,87.34,86.52,0.82,3,42.0,-1.96,-0.01,,0.27,0.59
COV24,2024,2,7,2024,2024-07-04,393427.0,0.08,87.43,86.57,0.86,4,41.0,-1.11,0.0,,0.27,0.59
COV24,2024,2,7,2024,2024-07-05,397418.0,0.09,86.54,85.71,0.83,5,40.0,1.01,0.01,,0.27,0.59
COV24,2024,2,7,2024,2024-07-08,404812.0,0.09,85.75,84.99,0.76,6,39.0,1.86,0.0,,0.27,0.59
COV24,2024,2,7,2024,2024-07-09,407204.0,0.08,84.66,83.89,0.77,7,38.0,0.59,-0.01,,0.27,0.59
COV24,2024,2,7,2024,2024-07-10,434147.0,0.11,85.08,84.2,0.88,8,37.0,6.62,0.03,,0.27,0.59
COV24,2024,2,7,2024,2024-07-11,437093.0,0.12,85.4,84.42,0.98,9,36.0,0.68,0.01,,0.27,0.59
COV24,2024,2,7,2024,2024-07-12,443419.0,0.12,85.03,84.1,0.93,10,35.0,1.45,0.0,,0.27,0.59
COV24,2024,2,7,2024,2024-07-15,444727.0,0.12,84.85,83.9,0.95,11,34.0,0.29,0.0,,0.27,0.59
COV24,2024,2,7,2024,2024-07-16,450312.0,0.14,83.73,82.8,0.93,12,33.0,1.26,0.02,,0.27,0.59
COV24,2024,2,7,2024,2024-07-17,471448.0,0.18,85.08,83.96,1.12,13,32.0,4.69,0.04,,0.27,0.59
COV24,2024,2,7,2024,2024-07-18,484079.0,0.19,85.11,83.93,1.18,14,31.0,2.68,0.01,,0.27,0.59
COV24,2024,2,7,2024,2024-07-19,502656.0,0.2,82.63,81.56,1.07,15,30.0,3.84,0.01,,0.27,0.59
COV24,2024,2,7,2024,2024-07-22,500933.0,0.17,82.4,81.44,0.96,16,29.0,-0.34,-0.03,,0.27,0.59
COV24,2024,2,7,2024,2024-07-23,547644.0,0.18,81.01,80.07,0.94,17,28.0,9.32,0.01,,0.27,0.59
COV24,2024,2,7,2024,2024-07-24,556814.0,0.15,81.71,80.82,0.89,18,27.0,1.67,-0.03,,0.27,0.59
COV24,2024,2,7,2024,2024-07-25,568098.0,0.18,82.37,81.39,0.98,19,26.0,2.03,0.03,,0.27,0.59
COV24,2024,2,7,2024,2024-07-26,579649.0,0.14,81.13,80.28,0.85,20,25.0,2.03,-0.04,,0.27,0.59
COV24,2024,2,7,2024,2024-07-29,602229.0,0.13,79.78,79.05,0.73,21,24.0,3.9,-0.01,,0.27,0.59
COV24,2024,2,7,2024,2024-07-30,594256.0,0.08,78.63,78.07,0.56,22,23.0,-1.32,-0.05,,0.27,0.59
COV24,2024,2,7,2024,2024-07-31,603962.0,0.09,80.72,80.84,-0.12,23,22.0,1.63,0.01,,0.27,0.59
COV24,2024,1,8,2024,2024-08-01,588195.0,0.09,79.52,78.95,0.57,1,21.0,,,pre_roll,0.27,0.59
COV24,2024,1,8,2024,2024-08-02,578769.0,0.08,76.81,76.27,0.54,2,20.0,-1.6,-0.01,during_roll,0.27,0.59
COV24,2024,1,8,2024,2024-08-05,549667.0,0.0,76.3,75.96,0.34,3,19.0,-5.03,-0.08,during_roll,0.27,0.59
COV24,2024,1,8,2024,2024-08-06,546155.0,0.04,76.48,76.03,0.45,4,18.0,-0.64,0.04,during_roll,0.27,0.59
COV24,2024,1,8,2024,2024-08-07,503765.0,0.13,78.33,77.67,0.66,5,17.0,-7.76,0.09,during_roll,0.27,0.59
COV24,2024,1,8,2024,2024-08-08,470049.0,0.15,79.16,78.48,0.68,6,16.0,-6.69,0.02,during_roll,0.27,0.59
COV24,2024,1,8,2024,2024-08-09,459503.0,0.18,79.66,78.92,0.74,7,15.0,-2.24,0.03,during_roll,0.27,0.59
COV24,2024,1,8,2024,2024-08-12,430222.0,0.25,82.3,81.38,0.92,8,14.0,-6.37,0.07,during_roll,0.27,0.59
COV24,2024,1,8,2024,2024-08-13,416037.0,0.17,80.69,79.93,0.76,9,13.0,-3.3,-0.08,during_roll,0.27,0.59
COV24,2024,1,8,2024,2024-08-14,394238.0,0.21,79.76,79.03,0.73,10,12.0,-5.24,0.04,during_roll,0.27,0.59
COV24,2024,1,8,2024,2024-08-15,381773.0,0.3,81.04,80.17,0.87,11,11.0,-3.16,0.09,during_roll,0.27,0.59
COV24,2024,1,8,2024,2024-08-16,371420.0,0.23,79.68,78.87,0.81,12,10.0,-2.71,-0.07,during_roll,0.27,0.59
COV24,2024,1,8,2024,2024-08-19,358164.0,0.14,77.66,77.1,0.56,13,9.0,-3.57,-0.09,during_roll,0.27,0.59
COV24,2024,1,8,2024,2024-08-20,311681.0,0.15,77.2,76.58,0.62,14,8.0,-12.98,0.01,during_roll,0.27,0.59
COV24,2024,1,8,2024,2024-08-21,286307.0,0.13,76.05,75.5,0.55,15,7.0,-8.14,-0.02,during_roll,0.27,0.59
COV24,2024,1,8,2024,2024-08-22,250833.0,0.14,77.22,76.55,0.67,16,6.0,-12.39,0.01,during_roll,0.27,0.59
COV24,2024,1,8,2024,2024-08-23,235703.0,0.26,79.02,78.15,0.87,17,5.0,-6.03,0.12,during_roll,0.27,0.59
COV24,2024,1,8,2024,2024-08-26,196986.0,0.22,81.43,80.36,1.07,18,4.0,-16.43,-0.04,during_roll,0.27,0.59
COV24,2024,1,8,2024,2024-08-27,145290.0,0.15,79.55,78.66,0.89,19,3.0,-26.24,-0.07,during_roll,0.27,0.59
COV24,2024,1,8,2024,2024-08-28,120981.0,0.29,78.65,77.58,1.07,20,2.0,-16.73,0.14,during_roll,0.27,0.59
COV24,2024,1,8,2024,2024-08-29,74281.0,0.28,79.94,78.82,1.12,21,1.0,-38.6,-0.01,during_roll,0.27,0.59
COV24,2024,1,8,2024,2024-08-30,72309.0,1.18,78.8,76.93,1.87,22,0.0,-2.65,0.9,during_roll,0.27,0.59
COV25,2025,3,6,2025,2025-06-02,237352.0,0.2,64.63,63.87,0.76,1,64.0,,,,0.39,0.22
COV25,2025,3,6,2025,2025-06-03,235088.0,0.18,65.63,64.94,0.69,2,63.0,-0.95,-0.02,,0.39,0.22
COV25,2025,3,6,2025,2025-06-04,228721.0,0.18,64.86,64.22,0.64,3,62.0,-2.71,0.0,,0.39,0.22
COV25,2025,3,6,2025,2025-06-05,233890.0,0.16,65.34,64.75,0.59,4,61.0,2.26,-0.02,,0.39,0.22
COV25,2025,3,6,2025,2025-06-06,229351.0,0.19,66.47,65.73,0.74,5,60.0,-1.94,0.03,,0.39,0.22
COV25,2025,3,6,2025,2025-06-09,230743.0,0.19,67.04,66.27,0.77,6,59.0,0.61,0.0,,0.39,0.22
COV25,2025,3,6,2025,2025-06-10,243844.0,0.2,66.87,66.13,0.74,7,58.0,5.68,0.01,,0.39,0.22
COV25,2025,3,6,2025,2025-06-11,262544.0,0.2,69.77,68.92,0.85,8,57.0,7.67,0.0,,0.39,0.22
COV25,2025,3,6,2025,2025-06-12,266570.0,0.21,69.36,68.44,0.92,9,56.0,1.53,0.01,,0.39,0.22
COV25,2025,3,6,2025,2025-06-13,259153.0,0.21,74.23,72.8,1.43,10,55.0,-2.78,0.0,,0.39,0.22
COV25,2025,3,6,2025,2025-06-16,256600.0,0.19,73.23,71.99,1.24,11,54.0,-0.99,-0.02,,0.39,0.22
COV25,2025,3,6,2025,2025-06-17,284353.0,0.23,76.45,74.9,1.55,12,53.0,10.82,0.04,,0.39,0.22
COV25,2025,3,6,2025,2025-06-18,279124.0,0.22,76.7,75.14,1.56,13,52.0,-1.84,-0.01,,0.39,0.22
COV25,2025,3,6,2025,2025-06-19,278998.0,0.29,78.85,77.08,1.77,14,51.0,-0.05,0.07,,0.39,0.22
COV25,2025,3,6,2025,2025-06-20,290161.0,0.34,77.01,75.48,1.53,15,50.0,4.0,0.05,,0.39,0.22
COV25,2025,3,6,2025,2025-06-23,297117.0,0.23,71.48,70.52,0.96,16,49.0,2.4,-0.11,,0.39,0.22
COV25,2025,3,6,2025,2025-06-24,315729.0,0.25,67.14,66.17,0.97,17,48.0,6.26,0.02,,0.39,0.22
COV25,2025,3,6,2025,2025-06-25,329818.0,0.26,67.68,66.43,1.25,18,47.0,4.46,0.01,,0.39,0.22
COV25,2025,3,6,2025,2025-06-26,342343.0,0.26,67.73,66.69,1.04,19,46.0,3.8,0.0,,0.39,0.22
COV25,2025,3,6,2025,2025-06-27,352208.0,0.26,67.77,66.8,0.97,20,45.0,2.88,0.0,,0.39,0.22
COV25,2025,3,6,2025,2025-06-30,364600.0,0.27,67.61,66.74,0.87,21,44.0,3.52,0.01,,0.39,0.22
COV25,2025,2,7,2025,2025-07-01,375728.0,0.25,67.11,66.23,0.88,1,43.0,,,,0.39,0.22
COV25,2025,2,7,2025,2025-07-02,383509.0,0.31,69.11,67.94,1.17,2,42.0,2.07,0.06,,0.39,0.22
COV25,2025,2,7,2025,2025-07-03,393343.0,0.27,68.8,67.68,1.12,3,41.0,2.56,-0.04,,0.39,0.22
COV25,2025,2,7,2025,2025-07-04,393867.0,0.29,68.3,67.22,1.08,4,40.0,0.13,0.02,,0.39,0.22
COV25,2025,2,7,2025,2025-07-07,399692.0,0.27,69.58,68.43,1.15,5,39.0,1.48,-0.02,,0.39,0.22
COV25,2025,2,7,2025,2025-07-08,414936.0,0.28,70.15,68.98,1.17,6,38.0,3.81,0.01,,0.39,0.22
COV25,2025,2,7,2025,2025-07-09,423549.0,0.28,70.19,68.97,1.22,7,37.0,2.08,0.0,,0.39,0.22
COV25,2025,2,7,2025,2025-07-10,440673.0,0.28,68.64,67.56,1.08,8,36.0,4.04,0.0,,0.39,0.22
COV25,2025,2,7,2025,2025-07-11,454035.0,0.3,70.36,69.16,1.2,9,35.0,3.03,0.02,,0.39,0.22
COV25,2025,2,7,2025,2025-07-14,484164.0,0.25,69.21,68.23,0.98,10,34.0,6.64,-0.05,,0.39,0.22
COV25,2025,2,7,2025,2025-07-15,512933.0,0.24,68.71,67.78,0.93,11,33.0,5.94,-0.01,,0.39,0.22
COV25,2025,2,7,2025,2025-07-16,521263.0,0.24,68.52,67.55,0.97,12,32.0,1.62,0.0,,0.39,0.22
COV25,2025,2,7,2025,2025-07-17,532680.0,0.2,69.52,68.52,1.0,13,31.0,2.19,-0.04,,0.39,0.22
COV25,2025,2,7,2025,2025-07-18,543420.0,0.19,69.28,68.4,0.88,14,30.0,2.02,-0.01,,0.39,0.22
COV25,2025,2,7,2025,2025-07-21,557510.0,0.15,69.21,68.38,0.83,15,29.0,2.59,-0.04,,0.39,0.22
COV25,2025,2,7,2025,2025-07-22,576657.0,0.15,68.59,67.77,0.82,16,28.0,3.43,0.0,,0.39,0.22
COV25,2025,2,7,2025,2025-07-23,591560.0,0.14,68.51,67.83,0.68,17,27.0,2.58,-0.01,,0.39,0.22
COV25,2025,2,7,2025,2025-07-24,570999.0,0.19,69.18,68.36,0.82,18,26.0,-3.48,0.05,,0.39,0.22
COV25,2025,2,7,2025,2025-07-25,562306.0,0.21,68.44,67.66,0.78,19,25.0,-1.52,0.02,,0.39,0.22
COV25,2025,2,7,2025,2025-07-28,551927.0,0.16,70.04,69.32,0.72,20,24.0,-1.85,-0.05,,0.39,0.22
COV25,2025,2,7,2025,2025-07-29,557901.0,0.16,72.51,71.68,0.83,21,23.0,1.08,0.0,,0.39,0.22
COV25,2025,2,7,2025,2025-07-30,592150.0,0.16,73.24,72.47,0.77,22,22.0,6.14,0.0,,0.39,0.22
COV25,2025,2,7,2025,2025-07-31,583002.0,0.19,72.53,71.7,0.83,23,21.0,-1.54,0.03,,0.39,0.22
COV25,2025,1,8,2025,2025-08-01,557960.0,0.19,69.67,68.76,0.91,1,20.0,,,pre_roll,0.39,0.22
COV25,2025,1,8,2025,2025-08-04,544754.0,0.19,68.76,68.01,0.75,2,19.0,-2.37,0.0,during_roll,0.39,0.22
COV25,2025,1,8,2025,2025-08-05,540527.0,0.19,67.64,66.97,0.67,3,18.0,-0.78,0.0,during_roll,0.39,0.22
COV25,2025,1,8,2025,2025-08-06,531243.0,0.17,66.89,66.27,0.62,4,17.0,-1.72,-0.02,during_roll,0.39,0.22
COV25,2025,1,8,2025,2025-08-07,502972.0,0.16,66.43,65.9,0.53,5,16.0,-5.32,-0.01,during_roll,0.39,0.22
COV25,2025,1,8,2025,2025-08-08,490110.0,0.24,66.59,65.92,0.67,6,15.0,-2.56,0.08,during_roll,0.39,0.22
COV25,2025,1,8,2025,2025-08-11,464530.0,0.2,66.63,66.06,0.57,7,14.0,-5.22,-0.04,during_roll,0.39,0.22
COV25,2025,1,8,2025,2025-08-12,457861.0,0.16,66.12,65.62,0.5,8,13.0,-1.44,-0.04,during_roll,0.39,0.22
COV25,2025,1,8,2025,2025-08-13,433674.0,0.15,65.63,65.15,0.48,9,12.0,-5.28,-0.01,during_roll,0.39,0.22
COV25,2025,1,8,2025,2025-08-14,420407.0,0.21,66.84,66.16,0.68,10,11.0,-3.06,0.06,during_roll,0.39,0.22
COV25,2025,1,8,2025,2025-08-15,400041.0,0.16,65.85,65.3,0.55,11,10.0,-4.84,-0.05,during_roll,0.39,0.22
COV25,2025,1,8,2025,2025-08-18,383868.0,0.15,66.6,66.01,0.59,12,9.0,-4.04,-0.01,during_roll,0.39,0.22
COV25,2025,1,8,2025,2025-08-19,356701.0,0.1,65.79,65.3,0.49,13,8.0,-7.08,-0.05,during_roll,0.39,0.22
COV25,2025,1,8,2025,2025-08-20,318010.0,0.11,66.84,66.31,0.53,14,7.0,-10.85,0.01,during_roll,0.39,0.22
COV25,2025,1,8,2025,2025-08-21,287570.0,0.09,67.67,67.12,0.55,15,6.0,-9.57,-0.02,during_roll,0.39,0.22
COV25,2025,1,8,2025,2025-08-22,264206.0,0.06,67.73,67.22,0.51,16,5.0,-8.12,-0.03,during_roll,0.39,0.22
COV25,2025,1,8,2025,2025-08-25,244993.0,0.1,68.8,68.22,0.58,17,4.0,-7.27,0.04,during_roll,0.39,0.22
COV25,2025,1,8,2025,2025-08-26,201350.0,0.09,67.22,66.7,0.52,18,3.0,-17.81,-0.01,during_roll,0.39,0.22
COV25,2025,1,8,2025,2025-08-27,159322.0,0.06,68.05,67.44,0.61,19,2.0,-20.87,-0.03,during_roll,0.39,0.22
COV25,2025,1,8,2025,2025-08-28,109757.0,0.08,68.62,67.98,0.64,20,1.0,-31.11,0.02,during_roll,0.39,0.22
COV25,2025,1,8,2025,2025-08-29,,0.05,68.12,67.48,0.64,21,0.0,0.0,-0.03,during_roll,0.39,0.22
COV26,2026,3,6,2026,2026-06-01,176313.0,0.3,94.98,92.44,2.54,1,,,,,-1.08,-0.21
COV26,2026,3,6,2026,2026-06-02,180589.0,0.32,96.0,93.49,2.51,2,,2.43,0.02,,-1.08,-0.21
COV26,2026,3,6,2026,2026-06-03,178257.0,0.39,97.81,95.14,2.67,3,,-1.29,0.07,,-1.08,-0.21
COX16,2016,3,7,2016,2016-07-01,187921.0,-0.12,50.35,50.89,-0.54,1,65.0,,,,0.42,0.65
COX16,2016,3,7,2016,2016-07-04,189963.0,-0.11,50.1,50.69,-0.59,2,64.0,1.09,0.01,,0.42,0.65
COX16,2016,3,7,2016,2016-07-05,185296.0,-0.09,47.96,48.57,-0.61,3,63.0,-2.46,0.02,,0.42,0.65
COX16,2016,3,7,2016,2016-07-06,199209.0,-0.11,48.8,49.4,-0.6,4,62.0,7.51,-0.02,,0.42,0.65
COX16,2016,3,7,2016,2016-07-07,199691.0,-0.11,46.4,47.0,-0.6,5,61.0,0.24,0.0,,0.42,0.65
COX16,2016,3,7,2016,2016-07-08,213122.0,-0.11,46.76,47.38,-0.62,6,60.0,6.73,0.0,,0.42,0.65
COX16,2016,3,7,2016,2016-07-11,224097.0,-0.13,46.25,46.9,-0.65,7,59.0,5.15,-0.02,,0.42,0.65
COX16,2016,3,7,2016,2016-07-12,230144.0,-0.12,48.47,49.05,-0.58,8,58.0,2.7,0.01,,0.42,0.65
COX16,2016,3,7,2016,2016-07-13,239538.0,-0.12,46.26,46.81,-0.55,9,57.0,4.08,0.0,,0.42,0.65
COX16,2016,3,7,2016,2016-07-14,251109.0,-0.11,47.37,47.93,-0.56,10,56.0,4.83,0.01,,0.42,0.65
COX16,2016,3,7,2016,2016-07-15,254385.0,-0.09,47.61,48.12,-0.51,11,55.0,1.3,0.02,,0.42,0.65
COX16,2016,3,7,2016,2016-07-18,258723.0,-0.08,46.96,47.45,-0.49,12,54.0,1.71,0.01,,0.42,0.65
COX16,2016,3,7,2016,2016-07-19,258218.0,-0.08,46.66,47.18,-0.52,13,53.0,-0.2,0.0,,0.42,0.65
COX16,2016,3,7,2016,2016-07-20,259217.0,-0.09,47.17,47.65,-0.48,14,52.0,0.39,-0.01,,0.42,0.65
COX16,2016,3,7,2016,2016-07-21,268715.0,-0.06,46.2,46.62,-0.42,15,51.0,3.66,0.03,,0.42,0.65
COX16,2016,3,7,2016,2016-07-22,272966.0,-0.06,45.69,46.09,-0.4,16,50.0,1.58,0.0,,0.42,0.65
COX16,2016,3,7,2016,2016-07-25,280510.0,-0.06,44.72,45.13,-0.41,17,49.0,2.76,0.0,,0.42,0.65
COX16,2016,3,7,2016,2016-07-26,288848.0,-0.05,44.87,45.23,-0.36,18,48.0,2.97,0.01,,0.42,0.65
COX16,2016,3,7,2016,2016-07-27,288001.0,-0.09,43.47,43.91,-0.44,19,47.0,-0.29,-0.04,,0.42,0.65
COX16,2016,3,7,2016,2016-07-28,285984.0,-0.06,42.7,43.23,-0.53,20,46.0,-0.7,0.03,,0.42,0.65
COX16,2016,3,7,2016,2016-07-29,292919.0,-0.09,42.46,43.53,-1.07,21,45.0,2.42,-0.03,,0.42,0.65
COX16,2016,2,8,2016,2016-08-01,291455.0,-0.06,42.14,42.6,-0.46,1,44.0,,,,0.42,0.65
COX16,2016,2,8,2016,2016-08-02,300763.0,-0.07,41.8,42.23,-0.43,2,43.0,3.19,-0.01,,0.42,0.65
COX16,2016,2,8,2016,2016-08-03,311203.0,-0.09,43.1,43.48,-0.38,3,42.0,3.47,-0.02,,0.42,0.65
COX16,2016,2,8,2016,2016-08-04,320449.0,-0.09,44.29,44.63,-0.34,4,41.0,2.97,0.0,,0.42,0.65
COX16,2016,2,8,2016,2016-08-05,322099.0,-0.07,44.27,44.61,-0.34,5,40.0,0.51,0.02,,0.42,0.65
COX16,2016,2,8,2016,2016-08-08,335848.0,-0.07,45.39,45.73,-0.34,6,39.0,4.27,0.0,,0.42,0.65
COX16,2016,2,8,2016,2016-08-09,360200.0,-0.07,44.98,45.35,-0.37,7,38.0,7.25,0.0,,0.42,0.65
COX16,2016,2,8,2016,2016-08-10,371817.0,-0.06,44.05,44.43,-0.38,8,37.0,3.23,0.01,,0.42,0.65
COX16,2016,2,8,2016,2016-08-11,381514.0,-0.05,46.04,46.36,-0.32,9,36.0,2.61,0.01,,0.42,0.65
COX16,2016,2,8,2016,2016-08-12,392038.0,-0.06,46.97,47.26,-0.29,10,35.0,2.76,-0.01,,0.42,0.65
COX16,2016,2,8,2016,2016-08-15,397470.0,-0.05,48.35,48.61,-0.26,11,34.0,1.39,0.01,,0.42,0.65
COX16,2016,2,8,2016,2016-08-16,424842.0,-0.03,49.23,49.48,-0.25,12,33.0,6.89,0.02,,0.42,0.65
COX16,2016,2,8,2016,2016-08-17,439463.0,-0.03,49.85,50.08,-0.23,13,32.0,3.44,0.0,,0.42,0.65
COX16,2016,2,8,2016,2016-08-18,450961.0,-0.02,50.89,51.15,-0.26,14,31.0,2.62,0.01,,0.42,0.65
COX16,2016,2,8,2016,2016-08-19,465142.0,-0.02,50.88,51.19,-0.31,15,30.0,3.14,0.0,,0.42,0.65
COX16,2016,2,8,2016,2016-08-22,485645.0,-0.02,49.16,49.56,-0.4,16,29.0,4.41,0.0,,0.42,0.65
COX16,2016,2,8,2016,2016-08-23,508028.0,-0.02,49.96,50.32,-0.36,17,28.0,4.61,0.0,,0.42,0.65
COX16,2016,2,8,2016,2016-08-24,517934.0,0.01,49.05,49.35,-0.3,18,27.0,1.95,0.03,,0.42,0.65
COX16,2016,2,8,2016,2016-08-25,514280.0,-0.01,49.67,49.92,-0.25,19,26.0,-0.71,-0.02,,0.42,0.65
COX16,2016,2,8,2016,2016-08-26,510641.0,-0.0,49.92,50.15,-0.23,20,25.0,-0.71,0.01,,0.42,0.65
COX16,2016,2,8,2016,2016-08-29,508803.0,0.01,49.26,49.45,-0.19,21,24.0,-0.36,0.01,,0.42,0.65
COX16,2016,2,8,2016,2016-08-30,504421.0,-0.0,48.37,48.73,-0.36,22,23.0,-0.86,-0.01,,0.42,0.65
COX16,2016,2,8,2016,2016-08-31,493826.0,0.03,47.04,46.89,0.15,23,22.0,-2.1,0.03,,0.42,0.65
COX16,2016,1,9,2016,2016-09-01,473761.0,0.01,45.45,45.83,-0.38,1,21.0,,,pre_roll,0.42,0.65
COX16,2016,1,9,2016,2016-09-02,465612.0,0.0,46.83,47.21,-0.38,2,20.0,-1.72,-0.01,during_roll,0.42,0.65
COX16,2016,1,9,2016,2016-09-05,456450.0,0.0,47.63,48.01,-0.38,3,19.0,-1.97,0.0,during_roll,0.42,0.65
COX16,2016,1,9,2016,2016-09-06,440943.0,0.02,47.26,47.65,-0.39,4,18.0,-3.4,0.02,during_roll,0.42,0.65
COX16,2016,1,9,2016,2016-09-07,425346.0,0.02,47.98,48.39,-0.41,5,17.0,-3.54,0.0,during_roll,0.42,0.65
COX16,2016,1,9,2016,2016-09-08,393897.0,0.03,49.99,50.43,-0.44,6,16.0,-7.39,0.01,during_roll,0.42,0.65
COX16,2016,1,9,2016,2016-09-09,382505.0,0.0,48.01,48.47,-0.46,7,15.0,-2.89,-0.03,during_roll,0.42,0.65
COX16,2016,1,9,2016,2016-09-12,351394.0,-0.01,48.32,48.81,-0.49,8,14.0,-8.13,-0.01,during_roll,0.42,0.65
COX16,2016,1,9,2016,2016-09-13,334135.0,0.0,47.1,47.58,-0.48,9,13.0,-4.91,0.01,during_roll,0.42,0.65
COX16,2016,1,9,2016,2016-09-14,306166.0,0.03,45.85,46.31,-0.46,10,12.0,-8.37,0.03,during_roll,0.42,0.65
COX16,2016,1,9,2016,2016-09-15,270684.0,0.01,46.59,47.06,-0.47,11,11.0,-11.59,-0.02,during_roll,0.42,0.65
COX16,2016,1,9,2016,2016-09-16,270339.0,0.04,45.77,46.24,-0.47,12,10.0,-0.13,0.03,during_roll,0.42,0.65
COX16,2016,1,9,2016,2016-09-19,254737.0,0.05,45.95,46.42,-0.47,13,9.0,-5.77,0.01,during_roll,0.42,0.65
COX16,2016,1,9,2016,2016-09-20,227489.0,0.04,45.88,46.36,-0.48,14,8.0,-10.7,-0.01,during_roll,0.42,0.65
COX16,2016,1,9,2016,2016-09-21,198531.0,0.03,46.83,47.29,-0.46,15,7.0,-12.73,-0.01,during_roll,0.42,0.65
COX16,2016,1,9,2016,2016-09-22,173141.0,-0.03,47.65,48.21,-0.56,16,6.0,-12.79,-0.06,during_roll,0.42,0.65
COX16,2016,1,9,2016,2016-09-23,152754.0,-0.05,45.89,46.48,-0.59,17,5.0,-11.77,-0.02,during_roll,0.42,0.65
COX16,2016,1,9,2016,2016-09-26,134251.0,-0.06,47.35,47.93,-0.58,18,4.0,-12.11,-0.01,during_roll,0.42,0.65
COX16,2016,1,9,2016,2016-09-27,113082.0,-0.0,45.97,46.52,-0.55,19,3.0,-15.77,0.06,during_roll,0.42,0.65
COX16,2016,1,9,2016,2016-09-28,89489.0,-0.07,48.69,49.24,-0.55,20,2.0,-20.86,-0.07,during_roll,0.42,0.65
COX16,2016,1,9,2016,2016-09-29,52532.0,-0.04,49.24,49.81,-0.57,21,1.0,-41.3,0.03,during_roll,0.42,0.65
COX16,2016,1,9,2016,2016-09-30,,-0.57,49.06,50.19,-1.13,22,0.0,0.0,-0.53,during_roll,0.42,0.65
COX17,2017,3,7,2017,2017-07-03,136739.0,0.0,49.68,49.99,-0.31,1,64.0,,,,-0.58,-0.67
COX17,2017,3,7,2017,2017-07-04,133455.0,-0.01,49.61,49.9,-0.29,2,63.0,-2.4,-0.01,,-0.58,-0.67
COX17,2017,3,7,2017,2017-07-05,139051.0,-0.01,47.79,48.07,-0.28,3,62.0,4.19,0.0,,-0.58,-0.67
COX17,2017,3,7,2017,2017-07-06,141363.0,0.0,48.11,48.39,-0.28,4,61.0,1.66,0.01,,-0.58,-0.67
COX17,2017,3,7,2017,2017-07-07,141767.0,-0.01,46.71,46.98,-0.27,5,60.0,0.29,-0.01,,-0.58,-0.67
COX17,2017,3,7,2017,2017-07-10,153734.0,-0.02,46.88,47.17,-0.29,6,59.0,8.44,-0.01,,-0.58,-0.67
COX17,2017,3,7,2017,2017-07-11,154410.0,-0.02,47.52,47.81,-0.29,7,58.0,0.44,0.0,,-0.58,-0.67
COX17,2017,3,7,2017,2017-07-12,160847.0,-0.02,47.74,48.03,-0.29,8,57.0,4.17,0.0,,-0.58,-0.67
COX17,2017,3,7,2017,2017-07-13,173676.0,-0.04,48.42,48.68,-0.26,9,56.0,7.98,-0.02,,-0.58,-0.67
COX17,2017,3,7,2017,2017-07-14,190459.0,-0.03,48.91,49.17,-0.26,10,55.0,9.66,0.01,,-0.58,-0.67
COX17,2017,3,7,2017,2017-07-17,194575.0,-0.02,48.42,48.68,-0.26,11,54.0,2.16,0.01,,-0.58,-0.67
COX17,2017,3,7,2017,2017-07-18,200438.0,-0.03,48.84,49.08,-0.24,12,53.0,3.01,-0.01,,-0.58,-0.67
COX17,2017,3,7,2017,2017-07-19,208982.0,-0.03,49.7,49.93,-0.23,13,52.0,4.26,0.0,,-0.58,-0.67
COX17,2017,3,7,2017,2017-07-20,219070.0,-0.05,49.3,49.52,-0.22,14,51.0,4.83,-0.02,,-0.58,-0.67
COX17,2017,3,7,2017,2017-07-21,234352.0,-0.03,48.06,48.31,-0.25,15,50.0,6.98,0.02,,-0.58,-0.67
COX17,2017,3,7,2017,2017-07-24,227636.0,-0.04,48.6,48.82,-0.22,16,49.0,-2.87,-0.01,,-0.58,-0.67
COX17,2017,3,7,2017,2017-07-25,227104.0,-0.03,50.2,50.36,-0.16,17,48.0,-0.23,0.01,,-0.58,-0.67
COX17,2017,3,7,2017,2017-07-26,226049.0,-0.03,50.97,51.1,-0.13,18,47.0,-0.46,0.0,,-0.58,-0.67
COX17,2017,3,7,2017,2017-07-27,240551.0,-0.03,51.49,51.52,-0.03,19,46.0,6.42,0.0,,-0.58,-0.67
COX17,2017,3,7,2017,2017-07-28,246644.0,-0.04,52.52,52.22,0.3,20,45.0,2.53,-0.01,,-0.58,-0.67
COX17,2017,3,7,2017,2017-07-31,261074.0,-0.05,52.65,52.72,-0.07,21,44.0,5.85,-0.01,,-0.58,-0.67
COX17,2017,2,8,2017,2017-08-01,287952.0,-0.03,51.78,51.94,-0.16,1,43.0,,,,-0.58,-0.67
COX17,2017,2,8,2017,2017-08-02,313009.0,-0.02,52.36,52.44,-0.08,2,42.0,8.7,0.01,,-0.58,-0.67
COX17,2017,2,8,2017,2017-08-03,326567.0,-0.01,52.01,52.02,-0.01,3,41.0,4.33,0.01,,-0.58,-0.67
COX17,2017,2,8,2017,2017-08-04,341498.0,-0.02,52.42,52.46,-0.04,4,40.0,4.57,-0.01,,-0.58,-0.67
COX17,2017,2,8,2017,2017-08-07,352699.0,-0.01,52.37,52.42,-0.05,5,39.0,3.28,0.01,,-0.58,-0.67
COX17,2017,2,8,2017,2017-08-08,370863.0,-0.0,52.14,52.19,-0.05,6,38.0,5.15,0.01,,-0.58,-0.67
COX17,2017,2,8,2017,2017-08-09,386072.0,0.03,52.7,52.65,0.05,7,37.0,4.1,0.03,,-0.58,-0.67
COX17,2017,2,8,2017,2017-08-10,409239.0,0.06,51.9,51.78,0.12,8,36.0,6.0,0.03,,-0.58,-0.67
COX17,2017,2,8,2017,2017-08-11,424274.0,0.07,52.1,51.94,0.16,9,35.0,3.67,0.01,,-0.58,-0.67
COX17,2017,2,8,2017,2017-08-14,421786.0,0.07,50.73,50.63,0.1,10,34.0,-0.59,0.0,,-0.58,-0.67
COX17,2017,2,8,2017,2017-08-15,445136.0,0.05,50.8,50.63,0.17,11,33.0,5.54,-0.02,,-0.58,-0.67
COX17,2017,2,8,2017,2017-08-16,449939.0,0.08,50.27,50.1,0.17,12,32.0,1.08,0.03,,-0.58,-0.67
COX17,2017,2,8,2017,2017-08-17,465703.0,0.11,51.03,50.75,0.28,13,31.0,3.5,0.03,,-0.58,-0.67
COX17,2017,2,8,2017,2017-08-18,471834.0,0.13,52.72,52.41,0.31,14,30.0,1.32,0.02,,-0.58,-0.67
COX17,2017,2,8,2017,2017-08-21,479784.0,0.13,51.66,51.28,0.38,15,29.0,1.68,0.0,,-0.58,-0.67
COX17,2017,2,8,2017,2017-08-22,500445.0,0.11,51.87,51.58,0.29,16,28.0,4.31,-0.02,,-0.58,-0.67
COX17,2017,2,8,2017,2017-08-23,508033.0,0.11,52.57,52.24,0.33,17,27.0,1.52,0.0,,-0.58,-0.67
COX17,2017,2,8,2017,2017-08-24,527427.0,0.11,52.04,51.66,0.38,18,26.0,3.82,0.0,,-0.58,-0.67
COX17,2017,2,8,2017,2017-08-25,543156.0,0.1,52.41,51.98,0.43,19,25.0,2.98,-0.01,,-0.58,-0.67
COX17,2017,2,8,2017,2017-08-28,543459.0,0.09,51.89,51.42,0.47,20,24.0,0.06,-0.01,,-0.58,-0.67
COX17,2017,2,8,2017,2017-08-29,552454.0,0.05,52.0,51.66,0.34,21,23.0,1.66,-0.04,,-0.58,-0.67
COX17,2017,2,8,2017,2017-08-30,548982.0,0.04,50.86,50.73,0.13,22,22.0,-0.63,-0.01,,-0.58,-0.67
COX17,2017,2,8,2017,2017-08-31,558506.0,0.09,52.38,52.86,-0.48,23,21.0,1.73,0.05,,-0.58,-0.67
COX17,2017,1,9,2017,2017-09-01,537015.0,0.06,52.75,52.79,-0.04,1,20.0,,,pre_roll,-0.58,-0.67
COX17,2017,1,9,2017,2017-09-04,523173.0,0.07,52.34,52.37,-0.03,2,19.0,-2.58,0.01,during_roll,-0.58,-0.67
COX17,2017,1,9,2017,2017-09-05,511097.0,0.07,53.38,53.36,0.02,3,18.0,-2.31,0.0,during_roll,-0.58,-0.67
COX17,2017,1,9,2017,2017-09-06,508905.0,0.11,54.2,54.07,0.13,4,17.0,-0.43,0.04,during_roll,-0.58,-0.67
COX17,2017,1,9,2017,2017-09-07,495289.0,0.09,54.49,54.33,0.16,5,16.0,-2.68,-0.02,during_roll,-0.58,-0.67
COX17,2017,1,9,2017,2017-09-08,479765.0,0.09,53.78,53.58,0.2,6,15.0,-3.13,0.0,during_roll,-0.58,-0.67
COX17,2017,1,9,2017,2017-09-11,460626.0,0.1,53.84,53.69,0.15,7,14.0,-3.99,0.01,during_roll,-0.58,-0.67
COX17,2017,1,9,2017,2017-09-12,451154.0,0.15,54.27,54.03,0.24,8,13.0,-2.06,0.05,during_roll,-0.58,-0.67
COX17,2017,1,9,2017,2017-09-13,408488.0,0.12,55.16,54.89,0.27,9,12.0,-9.46,-0.03,during_roll,-0.58,-0.67
COX17,2017,1,9,2017,2017-09-14,363067.0,0.12,55.47,55.22,0.25,10,11.0,-11.12,0.0,during_roll,-0.58,-0.67
COX17,2017,1,9,2017,2017-09-15,336107.0,0.08,55.62,55.42,0.2,11,10.0,-7.43,-0.04,during_roll,-0.58,-0.67
COX17,2017,1,9,2017,2017-09-18,295959.0,0.06,55.48,55.25,0.23,12,9.0,-11.95,-0.02,during_roll,-0.58,-0.67
COX17,2017,1,9,2017,2017-09-19,285985.0,0.06,55.14,54.9,0.24,13,8.0,-3.37,0.0,during_roll,-0.58,-0.67
COX17,2017,1,9,2017,2017-09-20,269408.0,0.11,56.29,55.93,0.36,14,7.0,-5.8,0.05,during_roll,-0.58,-0.67
COX17,2017,1,9,2017,2017-09-21,236391.0,0.07,56.43,56.09,0.34,15,6.0,-12.26,-0.04,during_roll,-0.58,-0.67
COX17,2017,1,9,2017,2017-09-22,214019.0,0.12,56.86,56.42,0.44,16,5.0,-9.46,0.05,during_roll,-0.58,-0.67
COX17,2017,1,9,2017,2017-09-25,185335.0,0.19,59.02,58.43,0.59,17,4.0,-13.4,0.07,during_roll,-0.58,-0.67
COX17,2017,1,9,2017,2017-09-26,132277.0,0.22,58.44,57.92,0.52,18,3.0,-28.63,0.03,during_roll,-0.58,-0.67
COX17,2017,1,9,2017,2017-09-27,95394.0,0.11,57.9,57.57,0.33,19,2.0,-27.88,-0.11,during_roll,-0.58,-0.67
COX17,2017,1,9,2017,2017-09-28,57872.0,0.01,57.41,57.16,0.25,20,1.0,-39.33,-0.1,during_roll,-0.58,-0.67
COX17,2017,1,9,2017,2017-09-29,57872.0,0.55,57.54,56.79,0.75,21,0.0,0.0,0.54,during_roll,-0.58,-0.67
COX18,2018,3,7,2018,2018-07-02,185160.0,-0.04,77.3,76.98,0.32,1,64.0,,,,-0.16,-0.12
COX18,2018,3,7,2018,2018-07-03,184075.0,-0.03,77.76,77.41,0.35,2,63.0,-0.59,0.01,,-0.16,-0.12
COX18,2018,3,7,2018,2018-07-04,181889.0,-0.02,78.24,77.89,0.35,3,62.0,-1.19,0.01,,-0.16,-0.12
COX18,2018,3,7,2018,2018-07-05,183575.0,-0.04,77.39,77.1,0.29,4,61.0,0.93,-0.02,,-0.16,-0.12
COX18,2018,3,7,2018,2018-07-06,194401.0,-0.04,77.11,76.91,0.2,5,60.0,5.9,0.0,,-0.16,-0.12
COX18,2018,3,7,2018,2018-07-09,194475.0,-0.04,78.07,77.85,0.22,6,59.0,0.04,0.0,,-0.16,-0.12
COX18,2018,3,7,2018,2018-07-10,198345.0,-0.05,78.86,78.62,0.24,7,58.0,1.99,-0.01,,-0.16,-0.12
COX18,2018,3,7,2018,2018-07-11,214492.0,-0.06,73.4,73.33,0.07,8,57.0,8.14,-0.01,,-0.16,-0.12
COX18,2018,3,7,2018,2018-07-12,222069.0,-0.09,74.45,74.44,0.01,9,56.0,3.53,-0.03,,-0.16,-0.12
COX18,2018,3,7,2018,2018-07-13,231044.0,-0.08,75.33,75.26,0.07,10,55.0,4.04,0.01,,-0.16,-0.12
COX18,2018,3,7,2018,2018-07-16,231633.0,-0.07,71.84,71.82,0.02,11,54.0,0.25,0.01,,-0.16,-0.12
COX18,2018,3,7,2018,2018-07-17,231763.0,-0.08,72.16,72.24,-0.08,12,53.0,0.06,-0.01,,-0.16,-0.12
COX18,2018,3,7,2018,2018-07-18,235431.0,-0.07,72.9,72.99,-0.09,13,52.0,1.58,0.01,,-0.16,-0.12
COX18,2018,3,7,2018,2018-07-19,238418.0,-0.07,72.58,72.67,-0.09,14,51.0,1.27,0.0,,-0.16,-0.12
COX18,2018,3,7,2018,2018-07-20,242059.0,-0.07,73.07,73.14,-0.07,15,50.0,1.53,0.0,,-0.16,-0.12
COX18,2018,3,7,2018,2018-07-23,253278.0,-0.06,73.06,73.38,-0.32,16,49.0,4.63,0.01,,-0.16,-0.12
COX18,2018,3,7,2018,2018-07-24,260747.0,-0.08,73.44,73.8,-0.36,17,48.0,2.95,-0.02,,-0.16,-0.12
COX18,2018,3,7,2018,2018-07-25,266172.0,-0.09,73.93,74.41,-0.48,18,47.0,2.08,-0.01,,-0.16,-0.12
COX18,2018,3,7,2018,2018-07-26,271799.0,-0.1,74.54,75.12,-0.58,19,46.0,2.11,-0.01,,-0.16,-0.12
COX18,2018,3,7,2018,2018-07-27,276928.0,-0.09,74.29,74.76,-0.47,20,45.0,1.89,0.01,,-0.16,-0.12
COX18,2018,3,7,2018,2018-07-30,276602.0,-0.11,74.97,75.55,-0.58,21,44.0,-0.12,-0.02,,-0.16,-0.12
COX18,2018,3,7,2018,2018-07-31,282146.0,-0.09,74.25,74.21,0.04,22,43.0,2.0,0.02,,-0.16,-0.12
COX18,2018,2,8,2018,2018-08-01,283060.0,-0.11,72.39,72.67,-0.28,1,42.0,,,,-0.16,-0.12
COX18,2018,2,8,2018,2018-08-02,287366.0,-0.11,73.45,73.68,-0.23,2,41.0,1.52,0.0,,-0.16,-0.12
COX18,2018,2,8,2018,2018-08-03,293139.0,-0.11,73.21,73.53,-0.32,3,40.0,2.01,0.0,,-0.16,-0.12
COX18,2018,2,8,2018,2018-08-06,300911.0,-0.12,73.75,74.07,-0.32,4,39.0,2.65,-0.01,,-0.16,-0.12
COX18,2018,2,8,2018,2018-08-07,313200.0,-0.12,74.65,74.99,-0.34,5,38.0,4.08,0.0,,-0.16,-0.12
COX18,2018,2,8,2018,2018-08-08,322595.0,-0.12,72.28,72.64,-0.36,6,37.0,3.0,0.0,,-0.16,-0.12
COX18,2018,2,8,2018,2018-08-09,337289.0,-0.11,72.07,72.39,-0.32,7,36.0,4.55,0.01,,-0.16,-0.12
COX18,2018,2,8,2018,2018-08-10,347410.0,-0.09,72.81,73.11,-0.3,8,35.0,3.0,0.02,,-0.16,-0.12
COX18,2018,2,8,2018,2018-08-13,358275.0,-0.1,72.61,72.92,-0.31,9,34.0,3.13,-0.01,,-0.16,-0.12
COX18,2018,2,8,2018,2018-08-14,358646.0,-0.09,72.46,72.78,-0.32,10,33.0,0.1,0.01,,-0.16,-0.12
COX18,2018,2,8,2018,2018-08-15,368768.0,-0.09,70.76,71.1,-0.34,11,32.0,2.82,0.0,,-0.16,-0.12
COX18,2018,2,8,2018,2018-08-16,374100.0,-0.08,71.43,71.75,-0.32,12,31.0,1.45,0.01,,-0.16,-0.12
COX18,2018,2,8,2018,2018-08-17,372176.0,-0.06,71.83,72.07,-0.24,13,30.0,-0.51,0.02,,-0.16,-0.12
COX18,2018,2,8,2018,2018-08-20,373824.0,-0.08,72.21,72.57,-0.36,14,29.0,0.44,-0.02,,-0.16,-0.12
COX18,2018,2,8,2018,2018-08-21,385690.0,-0.07,72.63,72.91,-0.28,15,28.0,3.17,0.01,,-0.16,-0.12
COX18,2018,2,8,2018,2018-08-22,422105.0,-0.08,74.78,75.07,-0.29,16,27.0,9.44,-0.01,,-0.16,-0.12
COX18,2018,2,8,2018,2018-08-23,435956.0,-0.08,74.73,75.09,-0.36,17,26.0,3.28,0.0,,-0.16,-0.12
COX18,2018,2,8,2018,2018-08-24,442830.0,-0.08,75.82,76.13,-0.31,18,25.0,1.58,0.0,,-0.16,-0.12
COX18,2018,2,8,2018,2018-08-27,447715.0,-0.06,76.21,76.5,-0.29,19,24.0,1.1,0.02,,-0.16,-0.12
COX18,2018,2,8,2018,2018-08-28,457122.0,-0.06,75.95,76.29,-0.34,20,23.0,2.1,0.0,,-0.16,-0.12
COX18,2018,2,8,2018,2018-08-29,463991.0,-0.07,77.14,77.46,-0.32,21,22.0,1.5,-0.01,,-0.16,-0.12
COX18,2018,2,8,2018,2018-08-30,492888.0,-0.04,77.77,78.02,-0.25,22,21.0,6.23,0.03,,-0.16,-0.12
COX18,2018,2,8,2018,2018-08-31,494329.0,-0.03,77.42,77.64,-0.22,23,20.0,0.29,0.01,,-0.16,-0.12
COX18,2018,1,9,2018,2018-09-03,492697.0,-0.04,78.15,77.9,0.25,1,19.0,,,pre_roll,-0.16,-0.12
COX18,2018,1,9,2018,2018-09-04,460796.0,-0.01,78.17,77.9,0.27,2,18.0,-6.47,0.03,during_roll,-0.16,-0.12
COX18,2018,1,9,2018,2018-09-05,437953.0,0.04,77.27,76.9,0.37,3,17.0,-4.96,0.05,during_roll,-0.16,-0.12
COX18,2018,1,9,2018,2018-09-06,428388.0,0.03,76.5,76.15,0.35,4,16.0,-2.18,-0.01,during_roll,-0.16,-0.12
COX18,2018,1,9,2018,2018-09-07,421386.0,0.05,76.83,76.47,0.36,5,15.0,-1.63,0.02,during_roll,-0.16,-0.12
COX18,2018,1,9,2018,2018-09-10,411119.0,0.08,77.37,76.92,0.45,6,14.0,-2.44,0.03,during_roll,-0.16,-0.12
COX18,2018,1,9,2018,2018-09-11,399601.0,0.11,79.06,78.56,0.5,7,13.0,-2.8,0.03,during_roll,-0.16,-0.12
COX18,2018,1,9,2018,2018-09-12,383157.0,0.06,79.74,79.29,0.45,8,12.0,-4.12,-0.05,during_roll,-0.16,-0.12
COX18,2018,1,9,2018,2018-09-13,352236.0,0.06,78.18,77.75,0.43,9,11.0,-8.07,0.0,during_roll,-0.16,-0.12
COX18,2018,1,9,2018,2018-09-14,325339.0,0.09,78.09,77.61,0.48,10,10.0,-7.64,0.03,during_roll,-0.16,-0.12
COX18,2018,1,9,2018,2018-09-17,307701.0,0.1,78.05,77.59,0.46,11,9.0,-5.42,0.01,during_roll,-0.16,-0.12
COX18,2018,1,9,2018,2018-09-18,293128.0,0.12,79.03,78.53,0.5,12,8.0,-4.74,0.02,during_roll,-0.16,-0.12
COX18,2018,1,9,2018,2018-09-19,253915.0,0.09,79.4,78.92,0.48,13,7.0,-13.38,-0.03,during_roll,-0.16,-0.12
COX18,2018,1,9,2018,2018-09-20,215643.0,0.11,78.7,78.22,0.48,14,6.0,-15.07,0.02,during_roll,-0.16,-0.12
COX18,2018,1,9,2018,2018-09-21,180398.0,0.18,78.8,78.24,0.56,15,5.0,-16.34,0.07,during_roll,-0.16,-0.12
COX18,2018,1,9,2018,2018-09-24,177443.0,0.22,81.2,80.53,0.67,16,4.0,-1.64,0.04,during_roll,-0.16,-0.12
COX18,2018,1,9,2018,2018-09-25,124949.0,0.13,81.87,81.26,0.61,17,3.0,-29.58,-0.09,during_roll,-0.16,-0.12
COX18,2018,1,9,2018,2018-09-26,105712.0,0.07,81.34,80.79,0.55,18,2.0,-15.4,-0.06,during_roll,-0.16,-0.12
COX18,2018,1,9,2018,2018-09-27,52349.0,-0.11,81.72,81.38,0.34,19,1.0,-50.48,-0.18,during_roll,-0.16,-0.12
COX18,2018,1,9,2018,2018-09-28,52349.0,-0.5,82.72,82.73,-0.01,20,0.0,0.0,-0.39,during_roll,-0.16,-0.12
COX19,2019,3,7,2019,2019-07-01,192453.0,0.03,65.06,64.76,0.3,1,65.0,,,,1.42,0.94
COX19,2019,3,7,2019,2019-07-02,196516.0,0.04,62.4,62.16,0.24,2,64.0,2.11,0.01,,1.42,0.94
COX19,2019,3,7,2019,2019-07-03,195120.0,0.04,63.82,63.51,0.31,3,63.0,-0.71,0.0,,1.42,0.94
COX19,2019,3,7,2019,2019-07-04,199368.0,0.03,63.3,62.95,0.35,4,62.0,2.18,-0.01,,1.42,0.94
COX19,2019,3,7,2019,2019-07-05,198930.0,0.04,64.23,63.84,0.39,5,61.0,-0.22,0.01,,1.42,0.94
COX19,2019,3,7,2019,2019-07-08,203579.0,0.03,64.11,63.82,0.29,6,60.0,2.34,-0.01,,1.42,0.94
COX19,2019,3,7,2019,2019-07-09,211480.0,0.02,64.16,63.93,0.23,7,59.0,3.88,-0.01,,1.42,0.94
COX19,2019,3,7,2019,2019-07-10,216641.0,0.02,67.01,66.69,0.32,8,58.0,2.44,0.0,,1.42,0.94
COX19,2019,3,7,2019,2019-07-11,218786.0,0.02,66.52,66.22,0.3,9,57.0,0.99,0.0,,1.42,0.94
COX19,2019,3,7,2019,2019-07-12,230076.0,0.03,66.72,66.34,0.38,10,56.0,5.16,0.01,,1.42,0.94
COX19,2019,3,7,2019,2019-07-15,223564.0,0.07,66.48,65.92,0.56,11,55.0,-2.83,0.04,,1.42,0.94
COX19,2019,3,7,2019,2019-07-16,221611.0,0.07,64.35,63.84,0.51,12,54.0,-0.87,0.0,,1.42,0.94
COX19,2019,3,7,2019,2019-07-17,221200.0,0.06,63.66,63.19,0.47,13,53.0,-0.19,-0.01,,1.42,0.94
COX19,2019,3,7,2019,2019-07-18,224384.0,0.04,61.93,61.59,0.34,14,52.0,1.44,-0.02,,1.42,0.94
COX19,2019,3,7,2019,2019-07-19,232158.0,0.03,62.47,62.28,0.19,15,51.0,3.46,-0.01,,1.42,0.94
COX19,2019,3,7,2019,2019-07-22,221607.0,0.05,63.26,63.03,0.23,16,50.0,-4.54,0.02,,1.42,0.94
COX19,2019,3,7,2019,2019-07-23,218053.0,0.04,63.83,63.75,0.08,17,49.0,-1.6,-0.01,,1.42,0.94
COX19,2019,3,7,2019,2019-07-24,223419.0,0.06,63.18,63.08,0.1,18,48.0,2.46,0.02,,1.42,0.94
COX19,2019,3,7,2019,2019-07-25,231629.0,0.07,63.39,63.26,0.13,19,47.0,3.67,0.01,,1.42,0.94
COX19,2019,3,7,2019,2019-07-26,228094.0,0.09,63.46,63.37,0.09,20,46.0,-1.53,0.02,,1.42,0.94
COX19,2019,3,7,2019,2019-07-29,232266.0,0.07,63.71,63.62,0.09,21,45.0,1.83,-0.02,,1.42,0.94
COX19,2019,3,7,2019,2019-07-30,236870.0,0.06,64.72,64.63,0.09,22,44.0,1.98,-0.01,,1.42,0.94
COX19,2019,3,7,2019,2019-07-31,245856.0,0.08,65.17,65.05,0.12,23,43.0,3.79,0.02,,1.42,0.94
COX19,2019,2,8,2019,2019-08-01,243221.0,0.11,60.5,59.96,0.54,1,42.0,,,,1.42,0.94
COX19,2019,2,8,2019,2019-08-02,257707.0,0.18,61.89,61.32,0.57,2,41.0,5.96,0.07,,1.42,0.94
COX19,2019,2,8,2019,2019-08-05,264102.0,0.17,59.81,59.35,0.46,3,40.0,2.48,-0.01,,1.42,0.94
COX19,2019,2,8,2019,2019-08-06,267490.0,0.16,58.94,58.53,0.41,4,39.0,1.28,-0.01,,1.42,0.94
COX19,2019,2,8,2019,2019-08-07,289534.0,0.12,56.23,55.93,0.3,5,38.0,8.24,-0.04,,1.42,0.94
COX19,2019,2,8,2019,2019-08-08,297270.0,0.11,57.38,57.04,0.34,6,37.0,2.67,-0.01,,1.42,0.94
COX19,2019,2,8,2019,2019-08-09,312903.0,0.1,58.53,58.19,0.34,7,36.0,5.26,-0.01,,1.42,0.94
COX19,2019,2,8,2019,2019-08-12,323138.0,0.09,58.57,58.3,0.27,8,35.0,3.27,-0.01,,1.42,0.94
COX19,2019,2,8,2019,2019-08-13,334184.0,0.11,61.3,60.92,0.38,9,34.0,3.42,0.02,,1.42,0.94
COX19,2019,2,8,2019,2019-08-14,347876.0,0.11,59.48,59.07,0.41,10,33.0,4.1,0.0,,1.42,0.94
COX19,2019,2,8,2019,2019-08-15,375149.0,0.12,58.23,57.79,0.44,11,32.0,7.84,0.01,,1.42,0.94
COX19,2019,2,8,2019,2019-08-16,376145.0,0.14,58.64,58.16,0.48,12,31.0,0.27,0.02,,1.42,0.94
COX19,2019,2,8,2019,2019-08-19,379600.0,0.14,59.74,59.22,0.52,13,30.0,0.92,0.0,,1.42,0.94
COX19,2019,2,8,2019,2019-08-20,383532.0,0.11,60.03,59.58,0.45,14,29.0,1.04,-0.03,,1.42,0.94
COX19,2019,2,8,2019,2019-08-21,391900.0,0.12,60.3,59.86,0.44,15,28.0,2.18,0.01,,1.42,0.94
COX19,2019,2,8,2019,2019-08-22,425054.0,0.13,59.92,59.5,0.42,16,27.0,8.46,0.01,,1.42,0.94
COX19,2019,2,8,2019,2019-08-23,435455.0,0.21,59.34,58.8,0.54,17,26.0,2.45,0.08,,1.42,0.94
COX19,2019,2,8,2019,2019-08-26,443855.0,0.2,58.7,58.12,0.58,18,25.0,1.93,-0.01,,1.42,0.94
COX19,2019,2,8,2019,2019-08-27,448910.0,0.21,59.51,59.03,0.48,19,24.0,1.14,0.01,,1.42,0.94
COX19,2019,2,8,2019,2019-08-28,474435.0,0.22,60.49,59.93,0.56,20,23.0,5.69,0.01,,1.42,0.94
COX19,2019,2,8,2019,2019-08-29,479455.0,0.21,61.08,60.49,0.59,21,22.0,1.06,-0.01,,1.42,0.94
COX19,2019,2,8,2019,2019-08-30,492279.0,0.25,60.43,59.25,1.18,22,21.0,2.67,0.04,,1.42,0.94
COX19,2019,1,9,2019,2019-09-02,491984.0,0.25,58.66,57.86,0.8,1,20.0,,,pre_roll,1.42,0.94
COX19,2019,1,9,2019,2019-09-03,485150.0,0.26,58.26,57.47,0.79,2,19.0,-1.39,0.01,pre_roll,1.42,0.94
COX19,2019,1,9,2019,2019-09-04,485441.0,0.31,60.7,59.83,0.87,3,18.0,0.06,0.05,pre_roll,1.42,0.94
COX19,2019,1,9,2019,2019-09-05,480848.0,0.33,60.95,60.04,0.91,4,17.0,-0.95,0.02,pre_roll,1.42,0.94
COX19,2019,1,9,2019,2019-09-06,470476.0,0.34,61.54,60.57,0.97,5,16.0,-2.16,0.01,pre_roll,1.42,0.94
COX19,2019,1,9,2019,2019-09-09,447863.0,0.34,62.59,61.63,0.96,6,15.0,-4.81,0.0,during_roll,1.42,0.94
COX19,2019,1,9,2019,2019-09-10,441955.0,0.34,62.38,61.44,0.94,7,14.0,-1.32,0.0,during_roll,1.42,0.94
COX19,2019,1,9,2019,2019-09-11,421218.0,0.31,60.81,59.94,0.87,8,13.0,-4.69,-0.03,during_roll,1.42,0.94
COX19,2019,1,9,2019,2019-09-12,398311.0,0.33,60.38,59.46,0.92,9,12.0,-5.44,0.02,during_roll,1.42,0.94
COX19,2019,1,9,2019,2019-09-13,382863.0,0.33,60.22,59.25,0.97,10,11.0,-3.88,0.0,during_roll,1.42,0.94
COX19,2019,1,9,2019,2019-09-16,361255.0,0.21,69.02,67.68,1.34,11,10.0,-5.64,-0.12,during_roll,1.42,0.94
COX19,2019,1,9,2019,2019-09-17,310240.0,0.13,64.55,63.56,0.99,12,9.0,-14.12,-0.08,during_roll,1.42,0.94
COX19,2019,1,9,2019,2019-09-18,277865.0,0.08,63.6,62.66,0.94,13,8.0,-10.44,-0.05,during_roll,1.42,0.94
COX19,2019,1,9,2019,2019-09-19,258278.0,0.13,64.4,63.33,1.07,14,7.0,-7.05,0.05,during_roll,1.42,0.94
COX19,2019,1,9,2019,2019-09-20,232656.0,0.08,64.28,63.2,1.08,15,6.0,-9.92,-0.05,during_roll,1.42,0.94
COX19,2019,1,9,2019,2019-09-23,206589.0,0.0,64.77,63.73,1.04,16,5.0,-11.2,-0.08,during_roll,1.42,0.94
COX19,2019,1,9,2019,2019-09-24,186486.0,0.02,63.1,62.12,0.98,17,4.0,-9.73,0.02,during_roll,1.42,0.94
COX19,2019,1,9,2019,2019-09-25,144895.0,0.06,62.39,61.43,0.96,18,3.0,-22.3,0.04,during_roll,1.42,0.94
COX19,2019,1,9,2019,2019-09-26,125350.0,0.12,62.74,61.74,1.0,19,2.0,-13.49,0.06,during_roll,1.42,0.94
COX19,2019,1,9,2019,2019-09-27,79899.0,0.02,61.91,61.04,0.87,20,1.0,-36.26,-0.1,during_roll,1.42,0.94
COX19,2019,1,9,2019,2019-09-30,,0.76,60.78,59.25,1.53,21,0.0,0.0,0.74,during_roll,1.42,0.94
COX20,2020,3,7,2020,2020-07-01,157993.0,-0.01,42.03,42.11,-0.08,1,64.0,,,,-0.0,0.04
COX20,2020,3,7,2020,2020-07-02,158498.0,-0.01,43.14,43.19,-0.05,2,63.0,0.32,0.0,,-0.0,0.04
COX20,2020,3,7,2020,2020-07-03,158794.0,-0.02,42.8,42.91,-0.11,3,62.0,0.19,-0.01,,-0.0,0.04
COX20,2020,3,7,2020,2020-07-06,161650.0,-0.02,43.1,43.24,-0.14,4,61.0,1.8,0.0,,-0.0,0.04
COX20,2020,3,7,2020,2020-07-07,161471.0,-0.02,43.08,43.26,-0.18,5,60.0,-0.11,0.0,,-0.0,0.04
COX20,2020,3,7,2020,2020-07-08,162686.0,-0.01,43.29,43.46,-0.17,6,59.0,0.75,0.01,,-0.0,0.04
COX20,2020,3,7,2020,2020-07-09,173146.0,-0.01,42.35,42.55,-0.2,7,58.0,6.43,0.0,,-0.0,0.04
COX20,2020,3,7,2020,2020-07-10,179351.0,-0.0,43.24,43.46,-0.22,8,57.0,3.58,0.01,,-0.0,0.04
COX20,2020,3,7,2020,2020-07-13,186675.0,0.0,42.72,42.96,-0.24,9,56.0,4.08,0.0,,-0.0,0.04
COX20,2020,3,7,2020,2020-07-14,189165.0,0.01,42.9,43.13,-0.23,10,55.0,1.33,0.01,,-0.0,0.04
COX20,2020,3,7,2020,2020-07-15,190948.0,0.01,43.79,43.93,-0.14,11,54.0,0.94,0.0,,-0.0,0.04
COX20,2020,3,7,2020,2020-07-16,203972.0,0.01,43.37,43.5,-0.13,12,53.0,6.82,0.0,,-0.0,0.04
COX20,2020,3,7,2020,2020-07-17,205771.0,0.0,43.14,43.3,-0.16,13,52.0,0.88,-0.01,,-0.0,0.04
COX20,2020,3,7,2020,2020-07-20,207942.0,-0.02,43.28,43.46,-0.18,14,51.0,1.06,-0.02,,-0.0,0.04
COX20,2020,3,7,2020,2020-07-21,209332.0,-0.01,44.32,44.55,-0.23,15,50.0,0.67,0.01,,-0.0,0.04
COX20,2020,3,7,2020,2020-07-22,210709.0,-0.0,44.29,44.56,-0.27,16,49.0,0.66,0.01,,-0.0,0.04
COX20,2020,3,7,2020,2020-07-23,215697.0,-0.01,43.31,43.67,-0.36,17,48.0,2.37,-0.01,,-0.0,0.04
COX20,2020,3,7,2020,2020-07-24,224688.0,-0.03,43.34,43.78,-0.44,18,47.0,4.17,-0.02,,-0.0,0.04
COX20,2020,3,7,2020,2020-07-27,228103.0,-0.05,43.41,43.9,-0.49,19,46.0,1.52,-0.02,,-0.0,0.04
COX20,2020,3,7,2020,2020-07-28,235465.0,-0.04,43.22,43.61,-0.39,20,45.0,3.23,0.01,,-0.0,0.04
COX20,2020,3,7,2020,2020-07-29,236816.0,-0.04,43.75,44.09,-0.34,21,44.0,0.57,0.0,,-0.0,0.04
COX20,2020,3,7,2020,2020-07-30,240129.0,-0.03,42.94,43.25,-0.31,22,43.0,1.4,0.01,,-0.0,0.04
COX20,2020,3,7,2020,2020-07-31,254619.0,-0.02,43.3,43.52,-0.22,23,42.0,6.03,0.01,,-0.0,0.04
COX20,2020,2,8,2020,2020-08-03,263554.0,-0.03,44.15,44.53,-0.38,1,41.0,,,,-0.0,0.04
COX20,2020,2,8,2020,2020-08-04,263147.0,-0.05,44.43,44.84,-0.41,2,40.0,-0.15,-0.02,,-0.0,0.04
COX20,2020,2,8,2020,2020-08-05,278280.0,-0.04,45.17,45.57,-0.4,3,39.0,5.75,0.01,,-0.0,0.04
COX20,2020,2,8,2020,2020-08-06,286059.0,-0.03,45.09,45.46,-0.37,4,38.0,2.8,0.01,,-0.0,0.04
COX20,2020,2,8,2020,2020-08-07,299669.0,-0.02,44.4,44.77,-0.37,5,37.0,4.76,0.01,,-0.0,0.04
COX20,2020,2,8,2020,2020-08-10,315240.0,-0.02,44.99,45.39,-0.4,6,36.0,5.2,0.0,,-0.0,0.04
COX20,2020,2,8,2020,2020-08-11,330260.0,-0.03,44.5,44.99,-0.49,7,35.0,4.76,-0.01,,-0.0,0.04
COX20,2020,2,8,2020,2020-08-12,340269.0,-0.05,45.43,45.91,-0.48,8,34.0,3.03,-0.02,,-0.0,0.04
COX20,2020,2,8,2020,2020-08-13,355041.0,-0.04,44.96,45.43,-0.47,9,33.0,4.34,0.01,,-0.0,0.04
COX20,2020,2,8,2020,2020-08-14,367472.0,-0.06,44.8,45.33,-0.53,10,32.0,3.5,-0.02,,-0.0,0.04
COX20,2020,2,8,2020,2020-08-17,374327.0,-0.07,45.37,45.92,-0.55,11,31.0,1.87,-0.01,,-0.0,0.04
COX20,2020,2,8,2020,2020-08-18,382286.0,-0.1,45.46,46.01,-0.55,12,30.0,2.13,-0.03,,-0.0,0.04
COX20,2020,2,8,2020,2020-08-19,386857.0,-0.09,45.37,45.88,-0.51,13,29.0,1.2,0.01,,-0.0,0.04
COX20,2020,2,8,2020,2020-08-20,425714.0,-0.09,44.9,45.48,-0.58,14,28.0,10.04,0.0,,-0.0,0.04
COX20,2020,2,8,2020,2020-08-21,459317.0,-0.09,44.35,44.93,-0.58,15,27.0,7.89,0.0,,-0.0,0.04
COX20,2020,2,8,2020,2020-08-24,474623.0,-0.08,45.13,45.64,-0.51,16,26.0,3.33,0.01,,-0.0,0.04
COX20,2020,2,8,2020,2020-08-25,484192.0,-0.06,45.86,46.29,-0.43,17,25.0,2.02,0.02,,-0.0,0.04
COX20,2020,2,8,2020,2020-08-26,494001.0,-0.07,45.64,46.16,-0.52,18,24.0,2.03,-0.01,,-0.0,0.04
COX20,2020,2,8,2020,2020-08-27,502991.0,-0.05,45.09,45.6,-0.51,19,23.0,1.82,0.02,,-0.0,0.04
COX20,2020,2,8,2020,2020-08-28,485552.0,-0.05,45.05,45.81,-0.76,20,22.0,-3.47,0.0,,-0.0,0.04
COX20,2020,1,9,2020,2020-09-01,481797.0,-0.05,45.58,46.0,-0.42,1,21.0,,,pre_roll,-0.0,0.04
COX20,2020,1,9,2020,2020-09-02,483175.0,-0.04,44.43,44.87,-0.44,2,20.0,0.29,0.01,pre_roll,-0.0,0.04
COX20,2020,1,9,2020,2020-09-03,480371.0,-0.06,44.07,44.59,-0.52,3,19.0,-0.58,-0.02,pre_roll,-0.0,0.04
COX20,2020,1,9,2020,2020-09-04,465461.0,-0.05,42.66,43.18,-0.52,4,18.0,-3.1,0.01,pre_roll,-0.0,0.04
COX20,2020,1,9,2020,2020-09-07,459632.0,-0.04,42.01,42.54,-0.53,5,17.0,-1.25,0.01,during_roll,-0.0,0.04
COX20,2020,1,9,2020,2020-09-08,421052.0,-0.05,39.78,40.36,-0.58,6,16.0,-8.39,-0.01,during_roll,-0.0,0.04
COX20,2020,1,9,2020,2020-09-09,391948.0,-0.04,40.79,41.34,-0.55,7,15.0,-6.91,0.01,during_roll,-0.0,0.04
COX20,2020,1,9,2020,2020-09-10,368023.0,-0.05,40.06,40.63,-0.57,8,14.0,-6.1,-0.01,during_roll,-0.0,0.04
COX20,2020,1,9,2020,2020-09-11,361195.0,-0.07,39.83,40.43,-0.6,9,13.0,-1.86,-0.02,during_roll,-0.0,0.04
COX20,2020,1,9,2020,2020-09-14,340735.0,-0.09,39.61,40.28,-0.67,10,12.0,-5.66,-0.02,during_roll,-0.0,0.04
COX20,2020,1,9,2020,2020-09-15,306646.0,-0.08,40.53,41.15,-0.62,11,11.0,-10.0,0.01,during_roll,-0.0,0.04
COX20,2020,1,9,2020,2020-09-16,286248.0,-0.09,42.22,42.79,-0.57,12,10.0,-6.65,-0.01,during_roll,-0.0,0.04
COX20,2020,1,9,2020,2020-09-17,261171.0,-0.11,43.3,43.82,-0.52,13,9.0,-8.76,-0.02,during_roll,-0.0,0.04
COX20,2020,1,9,2020,2020-09-18,244943.0,-0.11,43.15,43.68,-0.53,14,8.0,-6.21,0.0,during_roll,-0.0,0.04
COX20,2020,1,9,2020,2020-09-21,229531.0,-0.07,41.44,41.96,-0.52,15,7.0,-6.29,0.04,during_roll,-0.0,0.04
COX20,2020,1,9,2020,2020-09-22,209778.0,-0.08,41.72,42.19,-0.47,16,6.0,-8.61,-0.01,during_roll,-0.0,0.04
COX20,2020,1,9,2020,2020-09-23,179303.0,-0.09,41.77,42.26,-0.49,17,5.0,-14.53,-0.01,during_roll,-0.0,0.04
COX20,2020,1,9,2020,2020-09-24,157055.0,-0.07,41.94,42.46,-0.52,18,4.0,-12.41,0.02,during_roll,-0.0,0.04
COX20,2020,1,9,2020,2020-09-25,134554.0,-0.06,41.92,42.41,-0.49,19,3.0,-14.33,0.01,during_roll,-0.0,0.04
COX20,2020,1,9,2020,2020-09-28,109306.0,-0.05,42.43,42.87,-0.44,20,2.0,-18.76,0.01,during_roll,-0.0,0.04
COX20,2020,1,9,2020,2020-09-29,66468.0,-0.11,41.03,41.56,-0.53,21,1.0,-39.19,-0.06,during_roll,-0.0,0.04
COX20,2020,1,9,2020,2020-09-30,64522.0,-0.9,40.95,42.3,-1.35,22,0.0,-2.93,-0.79,during_roll,-0.0,0.04
COX21,2021,3,7,2021,2021-07-01,144434.0,0.08,75.84,74.96,0.88,1,65.0,,,,-0.32,-0.07
COX21,2021,3,7,2021,2021-07-02,149648.0,0.07,76.17,75.3,0.87,2,64.0,3.61,-0.01,,-0.32,-0.07
COX21,2021,3,7,2021,2021-07-05,152083.0,0.06,77.16,76.17,0.99,3,63.0,1.63,-0.01,,-0.32,-0.07
COX21,2021,3,7,2021,2021-07-06,155023.0,0.09,74.53,73.58,0.95,4,62.0,1.93,0.03,,-0.32,-0.07
COX21,2021,3,7,2021,2021-07-07,162495.0,0.07,73.43,72.55,0.88,5,61.0,4.82,-0.02,,-0.32,-0.07
COX21,2021,3,7,2021,2021-07-08,172716.0,0.08,74.12,73.29,0.83,6,60.0,6.29,0.01,,-0.32,-0.07
COX21,2021,3,7,2021,2021-07-09,180958.0,0.1,75.55,74.74,0.81,7,59.0,4.77,0.02,,-0.32,-0.07
COX21,2021,3,7,2021,2021-07-12,185426.0,0.09,75.16,74.42,0.74,8,58.0,2.47,-0.01,,-0.32,-0.07
COX21,2021,3,7,2021,2021-07-13,192807.0,0.1,76.49,75.71,0.78,9,57.0,3.98,0.01,,-0.32,-0.07
COX21,2021,3,7,2021,2021-07-14,205807.0,0.09,74.76,73.98,0.78,10,56.0,6.74,-0.01,,-0.32,-0.07
COX21,2021,3,7,2021,2021-07-15,211131.0,0.08,73.47,72.77,0.7,11,55.0,2.59,-0.01,,-0.32,-0.07
COX21,2021,3,7,2021,2021-07-16,208249.0,0.07,73.59,72.97,0.62,12,54.0,-1.37,-0.01,,-0.32,-0.07
COX21,2021,3,7,2021,2021-07-19,209574.0,0.05,68.62,68.05,0.57,13,53.0,0.64,-0.02,,-0.32,-0.07
COX21,2021,3,7,2021,2021-07-20,209255.0,0.06,69.35,68.77,0.58,14,52.0,-0.15,0.01,,-0.32,-0.07
COX21,2021,3,7,2021,2021-07-21,227551.0,0.07,72.23,71.63,0.6,15,51.0,8.74,0.01,,-0.32,-0.07
COX21,2021,3,7,2021,2021-07-22,222041.0,0.07,73.79,73.15,0.64,16,50.0,-2.42,0.0,,-0.32,-0.07
COX21,2021,3,7,2021,2021-07-23,229482.0,0.08,74.1,73.44,0.66,17,49.0,3.35,0.01,,-0.32,-0.07
COX21,2021,3,7,2021,2021-07-26,239517.0,0.11,74.5,73.7,0.8,18,48.0,4.37,0.03,,-0.32,-0.07
COX21,2021,3,7,2021,2021-07-27,241600.0,0.11,74.48,73.52,0.96,19,47.0,0.87,0.0,,-0.32,-0.07
COX21,2021,3,7,2021,2021-07-28,243204.0,0.08,74.74,73.87,0.87,20,46.0,0.66,-0.03,,-0.32,-0.07
COX21,2021,3,7,2021,2021-07-29,256620.0,0.07,76.05,75.1,0.95,21,45.0,5.52,-0.01,,-0.32,-0.07
COX21,2021,3,7,2021,2021-07-30,269638.0,0.07,76.33,75.41,0.92,22,44.0,5.07,0.0,,-0.32,-0.07
COX21,2021,2,8,2021,2021-08-02,271045.0,0.05,72.89,72.2,0.69,1,43.0,,,,-0.32,-0.07
COX21,2021,2,8,2021,2021-08-03,274826.0,0.04,72.41,71.77,0.64,2,42.0,1.39,-0.01,,-0.32,-0.07
COX21,2021,2,8,2021,2021-08-04,287024.0,0.02,70.38,69.87,0.51,3,41.0,4.44,-0.02,,-0.32,-0.07
COX21,2021,2,8,2021,2021-08-05,293221.0,-0.0,71.29,70.8,0.49,4,40.0,2.16,-0.02,,-0.32,-0.07
COX21,2021,2,8,2021,2021-08-06,324685.0,-0.01,70.7,70.32,0.38,5,39.0,10.73,-0.01,,-0.32,-0.07
COX21,2021,2,8,2021,2021-08-09,344696.0,0.0,69.04,68.61,0.43,6,38.0,6.16,0.01,,-0.32,-0.07
COX21,2021,2,8,2021,2021-08-10,362211.0,-0.0,70.63,70.22,0.41,7,37.0,5.08,-0.0,,-0.32,-0.07
COX21,2021,2,8,2021,2021-08-11,377177.0,0.0,71.44,71.06,0.38,8,36.0,4.13,0.0,,-0.32,-0.07
COX21,2021,2,8,2021,2021-08-12,391572.0,0.01,71.31,70.91,0.4,9,35.0,3.82,0.01,,-0.32,-0.07
COX21,2021,2,8,2021,2021-08-13,408558.0,0.02,70.59,70.2,0.39,10,34.0,4.34,0.01,,-0.32,-0.07
COX21,2021,2,8,2021,2021-08-16,423272.0,0.04,69.51,69.14,0.37,11,33.0,3.6,0.02,,-0.32,-0.07
COX21,2021,2,8,2021,2021-08-17,441766.0,0.04,69.03,68.61,0.42,12,32.0,4.37,0.0,,-0.32,-0.07
COX21,2021,2,8,2021,2021-08-18,457224.0,0.05,68.23,67.77,0.46,13,31.0,3.5,0.01,,-0.32,-0.07
COX21,2021,2,8,2021,2021-08-19,469687.0,0.05,66.45,66.02,0.43,14,30.0,2.73,0.0,,-0.32,-0.07
COX21,2021,2,8,2021,2021-08-20,507681.0,0.04,65.18,64.75,0.43,15,29.0,8.09,-0.01,,-0.32,-0.07
COX21,2021,2,8,2021,2021-08-23,523369.0,0.02,68.75,68.37,0.38,16,28.0,3.09,-0.02,,-0.32,-0.07
COX21,2021,2,8,2021,2021-08-24,519642.0,0.07,71.05,70.41,0.64,17,27.0,-0.71,0.05,,-0.32,-0.07
COX21,2021,2,8,2021,2021-08-25,542247.0,0.1,72.25,71.28,0.97,18,26.0,4.35,0.03,,-0.32,-0.07
COX21,2021,2,8,2021,2021-08-26,555953.0,0.06,71.07,70.18,0.89,19,25.0,2.53,-0.04,,-0.32,-0.07
COX21,2021,2,8,2021,2021-08-27,568625.0,0.07,72.7,71.7,1.0,20,24.0,2.28,0.01,,-0.32,-0.07
COX21,2021,2,8,2021,2021-08-30,582238.0,0.11,73.41,72.23,1.18,21,23.0,2.39,0.04,,-0.32,-0.07
COX21,2021,2,8,2021,2021-08-31,586970.0,0.09,72.99,71.63,1.36,22,22.0,0.81,-0.02,,-0.32,-0.07
COX21,2021,1,9,2021,2021-09-01,569337.0,0.04,71.59,71.03,0.56,1,21.0,,,pre_roll,-0.32,-0.07
COX21,2021,1,9,2021,2021-09-02,562386.0,0.05,73.03,72.41,0.62,2,20.0,-1.22,0.01,pre_roll,-0.32,-0.07
COX21,2021,1,9,2021,2021-09-03,550789.0,0.05,72.61,71.98,0.63,3,19.0,-2.06,0.0,during_roll,-0.32,-0.07
COX21,2021,1,9,2021,2021-09-06,551421.0,0.02,72.22,71.62,0.6,4,18.0,0.11,-0.03,during_roll,-0.32,-0.07
COX21,2021,1,9,2021,2021-09-07,535156.0,0.05,71.69,71.06,0.63,5,17.0,-2.95,0.03,during_roll,-0.32,-0.07
COX21,2021,1,9,2021,2021-09-08,521625.0,0.1,72.6,71.82,0.78,6,16.0,-2.53,0.05,during_roll,-0.32,-0.07
COX21,2021,1,9,2021,2021-09-09,485786.0,0.04,71.45,70.79,0.66,7,15.0,-6.87,-0.06,during_roll,-0.32,-0.07
COX21,2021,1,9,2021,2021-09-10,449217.0,0.03,72.92,72.26,0.66,8,14.0,-7.53,-0.01,during_roll,-0.32,-0.07
COX21,2021,1,9,2021,2021-09-13,423918.0,-0.01,73.51,72.9,0.61,9,13.0,-5.63,-0.04,during_roll,-0.32,-0.07
COX21,2021,1,9,2021,2021-09-14,396634.0,-0.01,73.6,72.97,0.63,10,12.0,-6.44,0.0,during_roll,-0.32,-0.07
COX21,2021,1,9,2021,2021-09-15,382241.0,-0.03,75.46,74.78,0.68,11,11.0,-3.63,-0.02,during_roll,-0.32,-0.07
COX21,2021,1,9,2021,2021-09-16,370780.0,-0.06,75.67,74.98,0.69,12,10.0,-3.0,-0.03,during_roll,-0.32,-0.07
COX21,2021,1,9,2021,2021-09-17,352398.0,-0.02,75.34,74.56,0.78,13,9.0,-4.96,0.04,during_roll,-0.32,-0.07
COX21,2021,1,9,2021,2021-09-20,311828.0,0.04,73.92,73.07,0.85,14,8.0,-11.51,0.06,during_roll,-0.32,-0.07
COX21,2021,1,9,2021,2021-09-21,284259.0,-0.02,74.36,73.57,0.79,15,7.0,-8.84,-0.06,during_roll,-0.32,-0.07
COX21,2021,1,9,2021,2021-09-22,266513.0,-0.07,76.19,75.39,0.8,16,6.0,-6.24,-0.05,during_roll,-0.32,-0.07
COX21,2021,1,9,2021,2021-09-23,230819.0,-0.07,77.25,76.46,0.79,17,5.0,-13.39,0.0,during_roll,-0.32,-0.07
COX21,2021,1,9,2021,2021-09-24,211203.0,-0.01,78.09,77.23,0.86,18,4.0,-8.5,0.06,during_roll,-0.32,-0.07
COX21,2021,1,9,2021,2021-09-27,167892.0,-0.03,79.53,78.72,0.81,19,3.0,-20.51,-0.02,during_roll,-0.32,-0.07
COX21,2021,1,9,2021,2021-09-28,135673.0,-0.07,79.09,78.35,0.74,20,2.0,-19.19,-0.04,during_roll,-0.32,-0.07
COX21,2021,1,9,2021,2021-09-29,79371.0,-0.2,78.64,78.09,0.55,21,1.0,-41.5,-0.13,during_roll,-0.32,-0.07
COX21,2021,1,9,2021,2021-09-30,73143.0,-0.57,78.52,78.31,0.21,22,0.0,-7.85,-0.37,during_roll,-0.32,-0.07
COX22,2022,3,7,2022,2022-07-01,168970.0,0.34,111.63,107.8,3.83,1,65.0,,,,2.34,1.72
COX22,2022,3,7,2022,2022-07-04,171284.0,0.34,113.5,109.46,4.04,2,64.0,1.37,0.0,,2.34,1.72
COX22,2022,3,7,2022,2022-07-05,177233.0,0.4,102.77,98.99,3.78,3,63.0,3.47,0.06,,2.34,1.72
COX22,2022,3,7,2022,2022-07-06,177578.0,0.42,100.69,97.09,3.6,4,62.0,0.19,0.02,,2.34,1.72
COX22,2022,3,7,2022,2022-07-07,187952.0,0.4,104.65,100.98,3.67,5,61.0,5.84,-0.02,,2.34,1.72
COX22,2022,3,7,2022,2022-07-08,187513.0,0.35,107.02,103.46,3.56,6,60.0,-0.23,-0.05,,2.34,1.72
COX22,2022,3,7,2022,2022-07-11,187837.0,0.33,107.1,103.65,3.45,7,59.0,0.17,-0.02,,2.34,1.72
COX22,2022,3,7,2022,2022-07-12,184953.0,0.31,99.49,96.12,3.37,8,58.0,-1.54,-0.02,,2.34,1.72
COX22,2022,3,7,2022,2022-07-13,183279.0,0.26,99.57,96.29,3.28,9,57.0,-0.91,-0.05,,2.34,1.72
COX22,2022,3,7,2022,2022-07-14,174896.0,0.32,99.1,95.31,3.79,10,56.0,-4.57,0.06,,2.34,1.72
COX22,2022,3,7,2022,2022-07-15,172852.0,0.35,101.16,97.15,4.01,11,55.0,-1.17,0.03,,2.34,1.72
COX22,2022,3,7,2022,2022-07-18,184811.0,0.41,106.27,101.86,4.41,12,54.0,6.92,0.06,,2.34,1.72
COX22,2022,3,7,2022,2022-07-19,184499.0,0.43,107.35,102.88,4.47,13,53.0,-0.17,0.02,,2.34,1.72
COX22,2022,3,7,2022,2022-07-20,200744.0,0.37,106.92,102.37,4.55,14,52.0,8.8,-0.06,,2.34,1.72
COX22,2022,3,7,2022,2022-07-21,197670.0,0.34,103.86,99.48,4.38,15,51.0,-1.53,-0.03,,2.34,1.72
COX22,2022,3,7,2022,2022-07-22,198621.0,0.33,103.2,98.38,4.82,16,50.0,0.48,-0.01,,2.34,1.72
COX22,2022,3,7,2022,2022-07-25,208110.0,0.33,105.15,100.19,4.96,17,49.0,4.78,0.0,,2.34,1.72
COX22,2022,3,7,2022,2022-07-26,212294.0,0.3,104.4,99.46,4.94,18,48.0,2.01,-0.03,,2.34,1.72
COX22,2022,3,7,2022,2022-07-27,227151.0,0.22,106.62,101.67,4.95,19,47.0,7.0,-0.08,,2.34,1.72
COX22,2022,3,7,2022,2022-07-28,227037.0,0.2,107.14,101.83,5.31,20,46.0,-0.05,-0.02,,2.34,1.72
COX22,2022,3,7,2022,2022-07-29,225064.0,0.22,110.01,103.97,6.04,21,45.0,-0.87,0.02,,2.34,1.72
COX22,2022,2,8,2022,2022-08-01,230067.0,0.15,100.03,97.95,2.08,1,44.0,,,,2.34,1.72
COX22,2022,2,8,2022,2022-08-02,232054.0,0.14,100.54,98.64,1.9,2,43.0,0.86,-0.01,,2.34,1.72
COX22,2022,2,8,2022,2022-08-03,232714.0,0.11,96.78,95.2,1.58,3,42.0,0.28,-0.03,,2.34,1.72
COX22,2022,2,8,2022,2022-08-04,247151.0,0.12,94.12,92.5,1.62,4,41.0,6.2,0.01,,2.34,1.72
COX22,2022,2,8,2022,2022-08-05,255197.0,0.11,94.92,93.18,1.74,5,40.0,3.26,-0.01,,2.34,1.72
COX22,2022,2,8,2022,2022-08-08,270918.0,0.14,96.65,95.12,1.53,6,39.0,6.16,0.03,,2.34,1.72
COX22,2022,2,8,2022,2022-08-09,276412.0,0.14,96.31,94.85,1.46,7,38.0,2.03,0.0,,2.34,1.72
COX22,2022,2,8,2022,2022-08-10,299232.0,0.03,97.4,96.23,1.17,8,37.0,8.26,-0.11,,2.34,1.72
COX22,2022,2,8,2022,2022-08-11,317114.0,0.06,99.6,98.3,1.3,9,36.0,5.98,0.03,,2.34,1.72
COX22,2022,2,8,2022,2022-08-12,323148.0,0.06,98.15,96.9,1.25,10,35.0,1.9,0.0,,2.34,1.72
COX22,2022,2,8,2022,2022-08-15,335956.0,-0.02,95.1,94.28,0.82,11,34.0,3.96,-0.08,,2.34,1.72
COX22,2022,2,8,2022,2022-08-16,341294.0,-0.04,92.34,91.74,0.6,12,33.0,1.59,-0.02,,2.34,1.72
COX22,2022,2,8,2022,2022-08-17,345586.0,-0.04,93.65,93.02,0.63,13,32.0,1.26,0.0,,2.34,1.72
COX22,2022,2,8,2022,2022-08-18,347071.0,0.04,96.59,95.76,0.83,14,31.0,0.43,0.08,,2.34,1.72
COX22,2022,2,8,2022,2022-08-19,359996.0,-0.03,96.72,96.09,0.63,15,30.0,3.72,-0.07,,2.34,1.72
COX22,2022,2,8,2022,2022-08-22,373068.0,-0.01,96.48,95.81,0.67,16,29.0,3.63,0.02,,2.34,1.72
COX22,2022,2,8,2022,2022-08-23,381267.0,0.04,100.22,99.17,1.05,17,28.0,2.2,0.05,,2.34,1.72
COX22,2022,2,8,2022,2022-08-24,383224.0,0.0,101.22,100.34,0.88,18,27.0,0.51,-0.04,,2.34,1.72
COX22,2022,2,8,2022,2022-08-25,387524.0,-0.02,99.34,98.46,0.88,19,26.0,1.12,-0.02,,2.34,1.72
COX22,2022,2,8,2022,2022-08-26,394650.0,0.18,100.99,99.01,1.98,20,25.0,1.84,0.2,,2.34,1.72
COX22,2022,2,8,2022,2022-08-29,407573.0,0.16,105.09,102.93,2.16,21,24.0,3.27,-0.02,,2.34,1.72
COX22,2022,2,8,2022,2022-08-30,410425.0,-0.02,99.31,97.84,1.47,22,23.0,0.7,-0.18,,2.34,1.72
COX22,2022,2,8,2022,2022-08-31,404853.0,0.15,96.49,95.64,0.85,23,22.0,-1.36,0.17,,2.34,1.72
COX22,2022,1,9,2022,2022-09-01,391247.0,0.02,92.36,91.32,1.04,1,21.0,,,pre_roll,2.34,1.72
COX22,2022,1,9,2022,2022-09-02,385625.0,0.06,93.02,91.81,1.21,2,20.0,-1.44,0.04,pre_roll,2.34,1.72
COX22,2022,1,9,2022,2022-09-05,388416.0,0.01,95.74,94.4,1.34,3,19.0,0.72,-0.05,pre_roll,2.34,1.72
COX22,2022,1,9,2022,2022-09-06,362798.0,-0.19,92.83,91.97,0.86,4,18.0,-6.6,-0.2,during_roll,2.34,1.72
COX22,2022,1,9,2022,2022-09-07,351728.0,-0.11,88.0,87.21,0.79,5,17.0,-3.05,0.08,during_roll,2.34,1.72
COX22,2022,1,9,2022,2022-09-08,329021.0,-0.13,89.15,88.25,0.9,6,16.0,-6.46,-0.02,during_roll,2.34,1.72
COX22,2022,1,9,2022,2022-09-09,303541.0,-0.16,92.84,91.71,1.13,7,15.0,-7.74,-0.03,during_roll,2.34,1.72
COX22,2022,1,9,2022,2022-09-12,264266.0,-0.18,94.0,92.93,1.07,8,14.0,-12.94,-0.02,during_roll,2.34,1.72
COX22,2022,1,9,2022,2022-09-13,248360.0,-0.39,93.17,92.22,0.95,9,13.0,-6.02,-0.21,during_roll,2.34,1.72
COX22,2022,1,9,2022,2022-09-14,238817.0,-0.45,94.1,93.12,0.98,10,12.0,-3.84,-0.06,during_roll,2.34,1.72
COX22,2022,1,9,2022,2022-09-15,219752.0,-0.26,90.84,89.61,1.23,11,11.0,-7.98,0.19,during_roll,2.34,1.72
COX22,2022,1,9,2022,2022-09-16,204984.0,-0.24,91.35,90.05,1.3,12,10.0,-6.72,0.02,during_roll,2.34,1.72
COX22,2022,1,9,2022,2022-09-19,191755.0,-0.23,92.0,90.66,1.34,13,9.0,-6.45,0.01,during_roll,2.34,1.72
COX22,2022,1,9,2022,2022-09-20,175704.0,-0.33,90.62,89.4,1.22,14,8.0,-8.37,-0.1,during_roll,2.34,1.72
COX22,2022,1,9,2022,2022-09-21,166801.0,-0.46,89.83,88.8,1.03,15,7.0,-5.07,-0.13,during_roll,2.34,1.72
COX22,2022,1,9,2022,2022-09-22,155212.0,-0.5,90.46,89.53,0.93,16,6.0,-6.95,-0.04,during_roll,2.34,1.72
COX22,2022,1,9,2022,2022-09-23,149874.0,-0.3,86.15,85.03,1.12,17,5.0,-3.44,0.2,during_roll,2.34,1.72
COX22,2022,1,9,2022,2022-09-26,134389.0,-0.32,84.06,82.86,1.2,18,4.0,-10.33,-0.02,during_roll,2.34,1.72
COX22,2022,1,9,2022,2022-09-27,104106.0,-0.36,86.27,84.87,1.4,19,3.0,-22.53,-0.04,during_roll,2.34,1.72
COX22,2022,1,9,2022,2022-09-28,85110.0,-0.5,89.32,88.05,1.27,20,2.0,-18.25,-0.14,during_roll,2.34,1.72
COX22,2022,1,9,2022,2022-09-29,58364.0,-0.39,88.49,87.18,1.31,21,1.0,-31.43,0.11,during_roll,2.34,1.72
COX22,2022,1,9,2022,2022-09-30,56219.0,1.2,87.96,85.14,2.82,22,0.0,-3.68,1.59,during_roll,2.34,1.72
COX23,2023,3,7,2023,2023-07-03,198821.0,-0.02,74.65,74.47,0.18,1,64.0,,,,-0.62,-0.42
COX23,2023,3,7,2023,2023-07-04,197962.0,-0.02,76.25,76.05,0.2,2,63.0,-0.43,0.0,,-0.62,-0.42
COX23,2023,3,7,2023,2023-07-05,204658.0,-0.01,76.65,76.41,0.24,3,62.0,3.38,0.01,,-0.62,-0.42
COX23,2023,3,7,2023,2023-07-06,214799.0,0.01,76.52,76.22,0.3,4,61.0,4.96,0.02,,-0.62,-0.42
COX23,2023,3,7,2023,2023-07-07,212584.0,0.01,78.47,78.08,0.39,5,60.0,-1.03,0.0,,-0.62,-0.42
COX23,2023,3,7,2023,2023-07-10,216588.0,0.01,77.69,77.4,0.29,6,59.0,1.88,0.0,,-0.62,-0.42
COX23,2023,3,7,2023,2023-07-11,222742.0,0.01,79.4,79.07,0.33,7,58.0,2.84,0.0,,-0.62,-0.42
COX23,2023,3,7,2023,2023-07-12,231415.0,-0.0,80.11,79.79,0.32,8,57.0,3.89,-0.01,,-0.62,-0.42
COX23,2023,3,7,2023,2023-07-13,243694.0,0.0,81.36,80.99,0.37,9,56.0,5.31,0.0,,-0.62,-0.42
COX23,2023,3,7,2023,2023-07-14,253414.0,-0.01,79.87,79.6,0.27,10,55.0,3.99,-0.01,,-0.62,-0.42
COX23,2023,3,7,2023,2023-07-17,257979.0,-0.04,78.5,78.38,0.12,11,54.0,1.8,-0.03,,-0.62,-0.42
COX23,2023,3,7,2023,2023-07-18,270822.0,-0.04,79.63,79.5,0.13,12,53.0,4.98,0.0,,-0.62,-0.42
COX23,2023,3,7,2023,2023-07-19,276456.0,-0.03,79.46,79.35,0.11,13,52.0,2.08,0.01,,-0.62,-0.42
COX23,2023,3,7,2023,2023-07-20,275338.0,-0.03,79.64,79.52,0.12,14,51.0,-0.4,0.0,,-0.62,-0.42
COX23,2023,3,7,2023,2023-07-21,279357.0,-0.01,81.07,80.88,0.19,15,50.0,1.46,0.02,,-0.62,-0.42
COX23,2023,3,7,2023,2023-07-24,285101.0,-0.0,82.74,82.48,0.26,16,49.0,2.06,0.01,,-0.62,-0.42
COX23,2023,3,7,2023,2023-07-25,298192.0,0.0,83.64,83.25,0.39,17,48.0,4.59,0.0,,-0.62,-0.42
COX23,2023,3,7,2023,2023-07-26,319591.0,-0.01,82.92,82.56,0.36,18,47.0,7.18,-0.01,,-0.62,-0.42
COX23,2023,3,7,2023,2023-07-27,332012.0,0.0,84.24,83.79,0.45,19,46.0,3.89,0.01,,-0.62,-0.42
COX23,2023,3,7,2023,2023-07-28,331024.0,0.0,84.99,84.41,0.58,20,45.0,-0.3,0.0,,-0.62,-0.42
COX23,2023,3,7,2023,2023-07-31,337930.0,0.0,85.56,85.43,0.13,21,44.0,2.09,0.0,,-0.62,-0.42
COX23,2023,2,8,2023,2023-08-01,348510.0,-0.01,84.91,84.47,0.44,1,43.0,,,,-0.62,-0.42
COX23,2023,2,8,2023,2023-08-02,357800.0,-0.02,83.2,82.81,0.39,2,42.0,2.67,-0.01,,-0.62,-0.42
COX23,2023,2,8,2023,2023-08-03,368834.0,-0.01,85.14,84.69,0.45,3,41.0,3.08,0.01,,-0.62,-0.42
COX23,2023,2,8,2023,2023-08-04,378052.0,-0.01,86.24,85.78,0.46,4,40.0,2.5,0.0,,-0.62,-0.42
COX23,2023,2,8,2023,2023-08-07,384035.0,-0.0,85.34,84.94,0.4,5,39.0,1.58,0.01,,-0.62,-0.42
COX23,2023,2,8,2023,2023-08-08,404727.0,0.0,86.17,85.67,0.5,6,38.0,5.39,0.0,,-0.62,-0.42
COX23,2023,2,8,2023,2023-08-09,409695.0,0.02,87.55,86.92,0.63,7,37.0,1.23,0.02,,-0.62,-0.42
COX23,2023,2,8,2023,2023-08-10,417160.0,0.02,86.4,85.84,0.56,8,36.0,1.82,0.0,,-0.62,-0.42
COX23,2023,2,8,2023,2023-08-11,415101.0,0.06,86.81,86.14,0.67,9,35.0,-0.49,0.04,,-0.62,-0.42
COX23,2023,2,8,2023,2023-08-14,422533.0,0.08,86.21,85.51,0.7,10,34.0,1.79,0.02,,-0.62,-0.42
COX23,2023,2,8,2023,2023-08-15,428119.0,0.07,84.89,84.28,0.61,11,33.0,1.32,-0.01,,-0.62,-0.42
COX23,2023,2,8,2023,2023-08-16,432203.0,0.04,83.45,83.02,0.43,12,32.0,0.95,-0.03,,-0.62,-0.42
COX23,2023,2,8,2023,2023-08-17,441884.0,0.03,84.12,83.67,0.45,13,31.0,2.24,-0.01,,-0.62,-0.42
COX23,2023,2,8,2023,2023-08-18,456115.0,0.02,84.8,84.36,0.44,14,30.0,3.22,-0.01,,-0.62,-0.42
COX23,2023,2,8,2023,2023-08-21,471093.0,0.02,84.46,84.09,0.37,15,29.0,3.28,0.0,,-0.62,-0.42
COX23,2023,2,8,2023,2023-08-22,480179.0,0.0,84.03,83.69,0.34,16,28.0,1.93,-0.02,,-0.62,-0.42
COX23,2023,2,8,2023,2023-08-23,497775.0,-0.03,83.21,82.84,0.37,17,27.0,3.66,-0.03,,-0.62,-0.42
COX23,2023,2,8,2023,2023-08-24,509647.0,-0.01,83.36,82.92,0.44,18,26.0,2.39,0.02,,-0.62,-0.42
COX23,2023,2,8,2023,2023-08-25,501939.0,-0.01,84.48,83.95,0.53,19,25.0,-1.51,0.0,,-0.62,-0.42
COX23,2023,2,8,2023,2023-08-28,506943.0,-0.02,84.42,83.87,0.55,20,24.0,1.0,-0.01,,-0.62,-0.42
COX23,2023,2,8,2023,2023-08-29,517892.0,0.0,85.49,84.91,0.58,21,23.0,2.16,0.02,,-0.62,-0.42
COX23,2023,2,8,2023,2023-08-30,527287.0,0.0,85.86,85.24,0.62,22,22.0,1.81,0.0,,-0.62,-0.42
COX23,2023,2,8,2023,2023-08-31,537987.0,0.01,86.86,86.83,0.03,23,21.0,2.03,0.01,,-0.62,-0.42
COX23,2023,1,9,2023,2023-09-01,506279.0,0.05,88.55,87.8,0.75,1,20.0,,,pre_roll,-0.62,-0.42
COX23,2023,1,9,2023,2023-09-04,500483.0,0.05,89.0,88.25,0.75,2,19.0,-1.14,0.0,pre_roll,-0.62,-0.42
COX23,2023,1,9,2023,2023-09-05,508298.0,-0.07,90.04,89.35,0.69,3,18.0,1.56,-0.12,pre_roll,-0.62,-0.42
COX23,2023,1,9,2023,2023-09-06,494883.0,-0.07,90.6,89.86,0.74,4,17.0,-2.64,0.0,pre_roll,-0.62,-0.42
COX23,2023,1,9,2023,2023-09-07,488894.0,-0.09,89.92,89.25,0.67,5,16.0,-1.21,-0.02,pre_roll,-0.62,-0.42
COX23,2023,1,9,2023,2023-09-08,474586.0,-0.12,90.65,90.03,0.62,6,15.0,-2.93,-0.03,during_roll,-0.62,-0.42
COX23,2023,1,9,2023,2023-09-11,456241.0,-0.12,90.64,90.04,0.6,7,14.0,-3.87,0.0,during_roll,-0.62,-0.42
COX23,2023,1,9,2023,2023-09-12,435290.0,-0.09,92.06,91.33,0.73,8,13.0,-4.59,0.03,during_roll,-0.62,-0.42
COX23,2023,1,9,2023,2023-09-13,414870.0,-0.13,91.88,91.2,0.68,9,12.0,-4.69,-0.04,during_roll,-0.62,-0.42
COX23,2023,1,9,2023,2023-09-14,391537.0,-0.11,93.7,92.94,0.76,10,11.0,-5.62,0.02,during_roll,-0.62,-0.42
COX23,2023,1,9,2023,2023-09-15,391054.0,-0.1,93.93,93.04,0.89,11,10.0,-0.12,0.01,during_roll,-0.62,-0.42
COX23,2023,1,9,2023,2023-09-18,362132.0,-0.05,94.43,93.29,1.14,12,9.0,-7.4,0.05,during_roll,-0.62,-0.42
COX23,2023,1,9,2023,2023-09-19,331723.0,-0.06,94.34,93.14,1.2,13,8.0,-8.4,-0.01,during_roll,-0.62,-0.42
COX23,2023,1,9,2023,2023-09-20,293749.0,-0.06,93.53,92.35,1.18,14,7.0,-11.45,0.0,during_roll,-0.62,-0.42
COX23,2023,1,9,2023,2023-09-21,278548.0,-0.13,93.3,92.26,1.04,15,6.0,-5.17,-0.07,during_roll,-0.62,-0.42
COX23,2023,1,9,2023,2023-09-22,227988.0,-0.07,93.27,91.96,1.31,16,5.0,-18.15,0.06,during_roll,-0.62,-0.42
COX23,2023,1,9,2023,2023-09-25,201462.0,0.0,93.29,91.88,1.41,17,4.0,-11.63,0.07,during_roll,-0.62,-0.42
COX23,2023,1,9,2023,2023-09-26,154983.0,-0.0,93.96,92.43,1.53,18,3.0,-23.07,-0.0,during_roll,-0.62,-0.42
COX23,2023,1,9,2023,2023-09-27,112062.0,0.24,96.55,94.36,2.19,19,2.0,-27.69,0.24,during_roll,-0.62,-0.42
COX23,2023,1,9,2023,2023-09-28,68330.0,0.36,95.38,93.1,2.28,20,1.0,-39.02,0.12,during_roll,-0.62,-0.42
COX23,2023,1,9,2023,2023-09-29,,1.27,95.31,92.2,3.11,21,0.0,0.0,0.91,during_roll,-0.62,-0.42
COX24,2024,3,7,2024,2024-07-01,208404.0,0.07,86.6,85.72,0.88,1,65.0,,,,0.6,0.29
COX24,2024,3,7,2024,2024-07-02,208718.0,0.06,86.24,85.44,0.8,2,64.0,0.15,-0.01,,0.6,0.29
COX24,2024,3,7,2024,2024-07-03,218580.0,0.07,87.34,86.52,0.82,3,63.0,4.73,0.01,,0.6,0.29
COX24,2024,3,7,2024,2024-07-04,219434.0,0.07,87.43,86.57,0.86,4,62.0,0.39,0.0,,0.6,0.29
COX24,2024,3,7,2024,2024-07-05,226179.0,0.06,86.54,85.71,0.83,5,61.0,3.07,-0.01,,0.6,0.29
COX24,2024,3,7,2024,2024-07-08,228867.0,0.07,85.75,84.99,0.76,6,60.0,1.19,0.01,,0.6,0.29
COX24,2024,3,7,2024,2024-07-09,236211.0,0.09,84.66,83.89,0.77,7,59.0,3.21,0.02,,0.6,0.29
COX24,2024,3,7,2024,2024-07-10,245629.0,0.1,85.08,84.2,0.88,8,58.0,3.99,0.01,,0.6,0.29
COX24,2024,3,7,2024,2024-07-11,253547.0,0.11,85.4,84.42,0.98,9,57.0,3.22,0.01,,0.6,0.29
COX24,2024,3,7,2024,2024-07-12,262523.0,0.1,85.03,84.1,0.93,10,56.0,3.54,-0.01,,0.6,0.29
COX24,2024,3,7,2024,2024-07-15,269540.0,0.12,84.85,83.9,0.95,11,55.0,2.67,0.02,,0.6,0.29
COX24,2024,3,7,2024,2024-07-16,271914.0,0.11,83.73,82.8,0.93,12,54.0,0.88,-0.01,,0.6,0.29
COX24,2024,3,7,2024,2024-07-17,280639.0,0.11,85.08,83.96,1.12,13,53.0,3.21,0.0,,0.6,0.29
COX24,2024,3,7,2024,2024-07-18,295092.0,0.1,85.11,83.93,1.18,14,52.0,5.15,-0.01,,0.6,0.29
COX24,2024,3,7,2024,2024-07-19,308544.0,0.1,82.63,81.56,1.07,15,51.0,4.56,0.0,,0.6,0.29
COX24,2024,3,7,2024,2024-07-22,309882.0,0.09,82.4,81.44,0.96,16,50.0,0.43,-0.01,,0.6,0.29
COX24,2024,3,7,2024,2024-07-23,324362.0,0.11,81.01,80.07,0.94,17,49.0,4.67,0.02,,0.6,0.29
COX24,2024,3,7,2024,2024-07-24,324867.0,0.1,81.71,80.82,0.89,18,48.0,0.16,-0.01,,0.6,0.29
COX24,2024,3,7,2024,2024-07-25,341475.0,0.12,82.37,81.39,0.98,19,47.0,5.11,0.02,,0.6,0.29
COX24,2024,3,7,2024,2024-07-26,337935.0,0.11,81.13,80.28,0.85,20,46.0,-1.04,-0.01,,0.6,0.29
COX24,2024,3,7,2024,2024-07-29,331300.0,0.1,79.78,79.05,0.73,21,45.0,-1.96,-0.01,,0.6,0.29
COX24,2024,3,7,2024,2024-07-30,332672.0,0.09,78.63,78.07,0.56,22,44.0,0.41,-0.01,,0.6,0.29
COX24,2024,3,7,2024,2024-07-31,351431.0,0.1,80.72,80.84,-0.12,23,43.0,5.64,0.01,,0.6,0.29
COX24,2024,2,8,2024,2024-08-01,350436.0,0.09,79.52,78.95,0.57,1,42.0,,,,0.6,0.29
COX24,2024,2,8,2024,2024-08-02,354375.0,0.08,76.81,76.27,0.54,2,41.0,1.12,-0.01,,0.6,0.29
COX24,2024,2,8,2024,2024-08-05,356066.0,0.01,76.3,75.96,0.34,3,40.0,0.48,-0.07,,0.6,0.29
COX24,2024,2,8,2024,2024-08-06,370901.0,0.03,76.48,76.03,0.45,4,39.0,4.17,0.02,,0.6,0.29
COX24,2024,2,8,2024,2024-08-07,384756.0,0.09,78.33,77.67,0.66,5,38.0,3.74,0.06,,0.6,0.29
COX24,2024,2,8,2024,2024-08-08,394623.0,0.08,79.16,78.48,0.68,6,37.0,2.56,-0.01,,0.6,0.29
COX24,2024,2,8,2024,2024-08-09,401951.0,0.1,79.66,78.92,0.74,7,36.0,1.86,0.02,,0.6,0.29
COX24,2024,2,8,2024,2024-08-12,427570.0,0.14,82.3,81.38,0.92,8,35.0,6.37,0.04,,0.6,0.29
COX24,2024,2,8,2024,2024-08-13,436149.0,0.13,80.69,79.93,0.76,9,34.0,2.01,-0.01,,0.6,0.29
COX24,2024,2,8,2024,2024-08-14,429550.0,0.12,79.76,79.03,0.73,10,33.0,-1.51,-0.01,,0.6,0.29
COX24,2024,2,8,2024,2024-08-15,437380.0,0.12,81.04,80.17,0.87,11,32.0,1.82,0.0,,0.6,0.29
COX24,2024,2,8,2024,2024-08-16,444408.0,0.13,79.68,78.87,0.81,12,31.0,1.61,0.01,,0.6,0.29
COX24,2024,2,8,2024,2024-08-19,460682.0,0.06,77.66,77.1,0.56,13,30.0,3.66,-0.07,,0.6,0.29
COX24,2024,2,8,2024,2024-08-20,473277.0,0.08,77.2,76.58,0.62,14,29.0,2.73,0.02,,0.6,0.29
COX24,2024,2,8,2024,2024-08-21,479460.0,0.06,76.05,75.5,0.55,15,28.0,1.31,-0.02,,0.6,0.29
COX24,2024,2,8,2024,2024-08-22,488891.0,0.09,77.22,76.55,0.67,16,27.0,1.97,0.03,,0.6,0.29
COX24,2024,2,8,2024,2024-08-23,503394.0,0.13,79.02,78.15,0.87,17,26.0,2.97,0.04,,0.6,0.29
COX24,2024,2,8,2024,2024-08-26,498213.0,0.21,81.43,80.36,1.07,18,25.0,-1.03,0.08,,0.6,0.29
COX24,2024,2,8,2024,2024-08-27,506999.0,0.18,79.55,78.66,0.89,19,24.0,1.76,-0.03,,0.6,0.29
COX24,2024,2,8,2024,2024-08-28,518924.0,0.22,78.65,77.58,1.07,20,23.0,2.35,0.04,,0.6,0.29
COX24,2024,2,8,2024,2024-08-29,525910.0,0.24,79.94,78.82,1.12,21,22.0,1.35,0.02,,0.6,0.29
COX24,2024,2,8,2024,2024-08-30,516285.0,0.17,78.8,76.93,1.87,22,21.0,-1.83,-0.07,,0.6,0.29
COX24,2024,1,9,2024,2024-09-02,507377.0,0.22,77.52,76.73,0.79,1,20.0,,,pre_roll,0.6,0.29
COX24,2024,1,9,2024,2024-09-03,494426.0,0.06,73.75,73.3,0.45,2,19.0,-2.55,-0.16,during_roll,0.6,0.29
COX24,2024,1,9,2024,2024-09-04,476891.0,0.07,72.7,72.28,0.42,3,18.0,-3.55,0.01,during_roll,0.6,0.29
COX24,2024,1,9,2024,2024-09-05,464656.0,0.07,72.69,72.33,0.36,4,17.0,-2.57,0.0,during_roll,0.6,0.29
COX24,2024,1,9,2024,2024-09-06,450414.0,0.09,71.06,70.71,0.35,5,16.0,-3.07,0.02,during_roll,0.6,0.29
COX24,2024,1,9,2024,2024-09-09,437471.0,0.12,71.84,71.36,0.48,6,15.0,-2.87,0.03,during_roll,0.6,0.29
COX24,2024,1,9,2024,2024-09-10,421830.0,0.07,69.19,68.83,0.36,7,14.0,-3.58,-0.05,during_roll,0.6,0.29
COX24,2024,1,9,2024,2024-09-11,400565.0,0.08,70.61,70.17,0.44,8,13.0,-5.04,0.01,during_roll,0.6,0.29
COX24,2024,1,9,2024,2024-09-12,374635.0,0.16,71.97,71.43,0.54,9,12.0,-6.47,0.08,during_roll,0.6,0.29
COX24,2024,1,9,2024,2024-09-13,354930.0,0.15,71.61,71.05,0.56,10,11.0,-5.26,-0.01,during_roll,0.6,0.29
COX24,2024,1,9,2024,2024-09-16,347611.0,0.2,72.75,72.15,0.6,11,10.0,-2.06,0.05,during_roll,0.6,0.29
COX24,2024,1,9,2024,2024-09-17,323004.0,0.27,73.7,73.01,0.69,12,9.0,-7.08,0.07,during_roll,0.6,0.29
COX24,2024,1,9,2024,2024-09-18,310278.0,0.31,73.65,72.88,0.77,13,8.0,-3.94,0.04,during_roll,0.6,0.29
COX24,2024,1,9,2024,2024-09-19,286527.0,0.34,74.88,74.01,0.87,14,7.0,-7.65,0.03,during_roll,0.6,0.29
COX24,2024,1,9,2024,2024-09-20,263956.0,0.3,74.49,73.69,0.8,15,6.0,-7.88,-0.04,during_roll,0.6,0.29
COX24,2024,1,9,2024,2024-09-23,230917.0,0.26,73.9,73.21,0.69,16,5.0,-12.52,-0.04,during_roll,0.6,0.29
COX24,2024,1,9,2024,2024-09-24,201394.0,0.26,75.17,74.47,0.7,17,4.0,-12.79,0.0,during_roll,0.6,0.29
COX24,2024,1,9,2024,2024-09-25,174513.0,0.23,73.46,72.9,0.56,18,3.0,-13.35,-0.03,during_roll,0.6,0.29
COX24,2024,1,9,2024,2024-09-26,142337.0,0.2,71.6,71.09,0.51,19,2.0,-18.44,-0.03,during_roll,0.6,0.29
COX24,2024,1,9,2024,2024-09-27,83894.0,0.11,71.98,71.54,0.44,20,1.0,-41.06,-0.09,during_roll,0.6,0.29
COX24,2024,1,9,2024,2024-09-30,76943.0,-0.17,71.77,71.7,0.07,21,0.0,-8.29,-0.28,during_roll,0.6,0.29
COX25,2025,3,7,2025,2025-07-01,227784.0,0.2,67.11,66.23,0.88,1,65.0,,,,-0.01,-0.1
COX25,2025,3,7,2025,2025-07-02,227506.0,0.25,69.11,67.94,1.17,2,64.0,-0.12,0.05,,-0.01,-0.1
COX25,2025,3,7,2025,2025-07-03,240706.0,0.26,68.8,67.68,1.12,3,63.0,5.8,0.01,,-0.01,-0.1
COX25,2025,3,7,2025,2025-07-04,241668.0,0.23,68.3,67.22,1.08,4,62.0,0.4,-0.03,,-0.01,-0.1
COX25,2025,3,7,2025,2025-07-07,241206.0,0.25,69.58,68.43,1.15,5,61.0,-0.19,0.02,,-0.01,-0.1
COX25,2025,3,7,2025,2025-07-08,244563.0,0.24,70.15,68.98,1.17,6,60.0,1.39,-0.01,,-0.01,-0.1
COX25,2025,3,7,2025,2025-07-09,241273.0,0.28,70.19,68.97,1.22,7,59.0,-1.35,0.04,,-0.01,-0.1
COX25,2025,3,7,2025,2025-07-10,241394.0,0.25,68.64,67.56,1.08,8,58.0,0.05,-0.03,,-0.01,-0.1
COX25,2025,3,7,2025,2025-07-11,242538.0,0.25,70.36,69.16,1.2,9,57.0,0.47,0.0,,-0.01,-0.1
COX25,2025,3,7,2025,2025-07-14,259395.0,0.19,69.21,68.23,0.98,10,56.0,6.95,-0.06,,-0.01,-0.1
COX25,2025,3,7,2025,2025-07-15,258685.0,0.18,68.71,67.78,0.93,11,55.0,-0.27,-0.01,,-0.01,-0.1
COX25,2025,3,7,2025,2025-07-16,254036.0,0.17,68.52,67.55,0.97,12,54.0,-1.8,-0.01,,-0.01,-0.1
COX25,2025,3,7,2025,2025-07-17,254907.0,0.19,69.52,68.52,1.0,13,53.0,0.34,0.02,,-0.01,-0.1
COX25,2025,3,7,2025,2025-07-18,268156.0,0.16,69.28,68.4,0.88,14,52.0,5.2,-0.03,,-0.01,-0.1
COX25,2025,3,7,2025,2025-07-21,284881.0,0.16,69.21,68.38,0.83,15,51.0,6.24,0.0,,-0.01,-0.1
COX25,2025,3,7,2025,2025-07-22,299082.0,0.15,68.59,67.77,0.82,16,50.0,4.98,-0.01,,-0.01,-0.1
COX25,2025,3,7,2025,2025-07-23,305251.0,0.14,68.51,67.83,0.68,17,49.0,2.06,-0.01,,-0.01,-0.1
COX25,2025,3,7,2025,2025-07-24,306466.0,0.16,69.18,68.36,0.82,18,48.0,0.4,0.02,,-0.01,-0.1
COX25,2025,3,7,2025,2025-07-25,307504.0,0.18,68.44,67.66,0.78,19,47.0,0.34,0.02,,-0.01,-0.1
COX25,2025,3,7,2025,2025-07-28,314683.0,0.19,70.04,69.32,0.72,20,46.0,2.33,0.01,,-0.01,-0.1
COX25,2025,3,7,2025,2025-07-29,319036.0,0.17,72.51,71.68,0.83,21,45.0,1.38,-0.02,,-0.01,-0.1
COX25,2025,3,7,2025,2025-07-30,344205.0,0.22,73.24,72.47,0.77,22,44.0,7.89,0.05,,-0.01,-0.1
COX25,2025,3,7,2025,2025-07-31,359193.0,0.24,72.53,71.7,0.83,23,43.0,4.35,0.02,,-0.01,-0.1
COX25,2025,2,8,2025,2025-08-01,366777.0,0.26,69.67,68.76,0.91,1,42.0,,,,-0.01,-0.1
COX25,2025,2,8,2025,2025-08-04,364382.0,0.21,68.76,68.01,0.75,2,41.0,-0.65,-0.05,,-0.01,-0.1
COX25,2025,2,8,2025,2025-08-05,367328.0,0.18,67.64,66.97,0.67,3,40.0,0.81,-0.03,,-0.01,-0.1
COX25,2025,2,8,2025,2025-08-06,375185.0,0.18,66.89,66.27,0.62,4,39.0,2.14,0.0,,-0.01,-0.1
COX25,2025,2,8,2025,2025-08-07,391438.0,0.16,66.43,65.9,0.53,5,38.0,4.33,-0.02,,-0.01,-0.1
COX25,2025,2,8,2025,2025-08-08,391088.0,0.21,66.59,65.92,0.67,6,37.0,-0.09,0.05,,-0.01,-0.1
COX25,2025,2,8,2025,2025-08-11,412839.0,0.18,66.63,66.06,0.57,7,36.0,5.56,-0.03,,-0.01,-0.1
COX25,2025,2,8,2025,2025-08-12,437788.0,0.17,66.12,65.62,0.5,8,35.0,6.04,-0.01,,-0.01,-0.1
COX25,2025,2,8,2025,2025-08-13,468933.0,0.17,65.63,65.15,0.48,9,34.0,7.11,0.0,,-0.01,-0.1
COX25,2025,2,8,2025,2025-08-14,487046.0,0.21,66.84,66.16,0.68,10,33.0,3.86,0.04,,-0.01,-0.1
COX25,2025,2,8,2025,2025-08-15,509695.0,0.18,65.85,65.3,0.55,11,32.0,4.65,-0.03,,-0.01,-0.1
COX25,2025,2,8,2025,2025-08-18,522602.0,0.2,66.6,66.01,0.59,12,31.0,2.53,0.02,,-0.01,-0.1
COX25,2025,2,8,2025,2025-08-19,548168.0,0.19,65.79,65.3,0.49,13,30.0,4.89,-0.01,,-0.01,-0.1
COX25,2025,2,8,2025,2025-08-20,571965.0,0.2,66.84,66.31,0.53,14,29.0,4.34,0.01,,-0.01,-0.1
COX25,2025,2,8,2025,2025-08-21,596184.0,0.19,67.67,67.12,0.55,15,28.0,4.23,-0.01,,-0.01,-0.1
COX25,2025,2,8,2025,2025-08-22,607560.0,0.18,67.73,67.22,0.51,16,27.0,1.91,-0.01,,-0.01,-0.1
COX25,2025,2,8,2025,2025-08-25,603291.0,0.19,68.8,68.22,0.58,17,26.0,-0.7,0.01,,-0.01,-0.1
COX25,2025,2,8,2025,2025-08-26,595516.0,0.17,67.22,66.7,0.52,18,25.0,-1.29,-0.02,,-0.01,-0.1
COX25,2025,2,8,2025,2025-08-27,607763.0,0.2,68.05,67.44,0.61,19,24.0,2.06,0.03,,-0.01,-0.1
COX25,2025,2,8,2025,2025-08-28,627587.0,0.2,68.62,67.98,0.64,20,23.0,3.26,0.0,,-0.01,-0.1
COX25,2025,2,8,2025,2025-08-29,630083.0,0.2,68.12,67.48,0.64,21,22.0,0.4,0.0,,-0.01,-0.1
COX25,2025,1,9,2025,2025-09-01,619212.0,0.19,68.15,67.52,0.63,1,21.0,,,pre_roll,-0.01,-0.1
COX25,2025,1,9,2025,2025-09-02,606990.0,0.13,69.14,68.59,0.55,2,20.0,-1.97,-0.06,during_roll,-0.01,-0.1
COX25,2025,1,9,2025,2025-09-03,582440.0,0.11,67.6,67.16,0.44,3,19.0,-4.04,-0.02,during_roll,-0.01,-0.1
COX25,2025,1,9,2025,2025-09-04,548898.0,0.13,66.99,66.53,0.46,4,18.0,-5.76,0.02,during_roll,-0.01,-0.1
COX25,2025,1,9,2025,2025-09-05,523952.0,0.11,65.5,65.11,0.39,5,17.0,-4.54,-0.02,during_roll,-0.01,-0.1
COX25,2025,1,9,2025,2025-09-08,503615.0,0.07,66.02,65.67,0.35,6,16.0,-3.88,-0.04,during_roll,-0.01,-0.1
COX25,2025,1,9,2025,2025-09-09,476590.0,0.03,66.39,66.11,0.28,7,15.0,-5.37,-0.04,during_roll,-0.01,-0.1
COX25,2025,1,9,2025,2025-09-10,455292.0,0.04,67.49,67.16,0.33,8,14.0,-4.47,0.01,during_roll,-0.01,-0.1
COX25,2025,1,9,2025,2025-09-11,429498.0,0.08,66.37,66.01,0.36,9,13.0,-5.67,0.04,during_roll,-0.01,-0.1
COX25,2025,1,9,2025,2025-09-12,425968.0,0.08,66.99,66.54,0.45,10,12.0,-0.82,0.0,during_roll,-0.01,-0.1
COX25,2025,1,9,2025,2025-09-15,407774.0,0.05,67.44,67.04,0.4,11,11.0,-4.27,-0.03,during_roll,-0.01,-0.1
COX25,2025,1,9,2025,2025-09-16,412866.0,0.07,68.47,68.01,0.46,12,10.0,1.25,0.02,during_roll,-0.01,-0.1
COX25,2025,1,9,2025,2025-09-17,380627.0,0.1,67.95,67.46,0.49,13,9.0,-7.81,0.03,during_roll,-0.01,-0.1
COX25,2025,1,9,2025,2025-09-18,343617.0,0.12,67.44,66.92,0.52,14,8.0,-9.72,0.02,during_roll,-0.01,-0.1
COX25,2025,1,9,2025,2025-09-19,327050.0,0.2,66.68,66.04,0.64,15,7.0,-4.82,0.08,during_roll,-0.01,-0.1
COX25,2025,1,9,2025,2025-09-22,290864.0,0.19,66.57,65.97,0.6,16,6.0,-11.06,-0.01,during_roll,-0.01,-0.1
COX25,2025,1,9,2025,2025-09-23,254666.0,0.19,67.63,66.97,0.66,17,5.0,-12.44,0.0,during_roll,-0.01,-0.1
COX25,2025,1,9,2025,2025-09-24,233955.0,0.27,69.31,68.46,0.85,18,4.0,-8.13,0.08,during_roll,-0.01,-0.1
COX25,2025,1,9,2025,2025-09-25,185400.0,0.29,69.42,68.58,0.84,19,3.0,-20.75,0.02,during_roll,-0.01,-0.1
COX25,2025,1,9,2025,2025-09-26,150743.0,0.34,70.13,69.22,0.91,20,2.0,-18.69,0.05,during_roll,-0.01,-0.1
COX25,2025,1,9,2025,2025-09-29,101645.0,0.46,67.97,67.09,0.88,21,1.0,-32.57,0.12,during_roll,-0.01,-0.1
COX25,2025,1,9,2025,2025-09-30,97071.0,0.58,67.02,66.03,0.99,22,0.0,-4.5,0.12,during_roll,-0.01,-0.1
COZ16,2016,3,8,2016,2016-08-01,384247.0,-0.03,42.14,42.6,-0.46,1,65.0,,,,-0.62,-0.49
COZ16,2016,3,8,2016,2016-08-02,379401.0,-0.02,41.8,42.23,-0.43,2,64.0,-1.26,0.01,,-0.62,-0.49
COZ16,2016,3,8,2016,2016-08-03,383072.0,0.0,43.1,43.48,-0.38,3,63.0,0.97,0.02,,-0.62,-0.49
COZ16,2016,3,8,2016,2016-08-04,384968.0,-0.02,44.29,44.63,-0.34,4,62.0,0.49,-0.02,,-0.62,-0.49
COZ16,2016,3,8,2016,2016-08-05,388375.0,-0.03,44.27,44.61,-0.34,5,61.0,0.89,-0.01,,-0.62,-0.49
COZ16,2016,3,8,2016,2016-08-08,390572.0,-0.04,45.39,45.73,-0.34,6,60.0,0.57,-0.01,,-0.62,-0.49
COZ16,2016,3,8,2016,2016-08-09,390560.0,-0.03,44.98,45.35,-0.37,7,59.0,-0.0,0.01,,-0.62,-0.49
COZ16,2016,3,8,2016,2016-08-10,388918.0,-0.02,44.05,44.43,-0.38,8,58.0,-0.42,0.01,,-0.62,-0.49
COZ16,2016,3,8,2016,2016-08-11,387561.0,0.0,46.04,46.36,-0.32,9,57.0,-0.35,0.02,,-0.62,-0.49
COZ16,2016,3,8,2016,2016-08-12,390164.0,0.0,46.97,47.26,-0.29,10,56.0,0.67,0.0,,-0.62,-0.49
COZ16,2016,3,8,2016,2016-08-15,386627.0,0.01,48.35,48.61,-0.26,11,55.0,-0.91,0.01,,-0.62,-0.49
COZ16,2016,3,8,2016,2016-08-16,388543.0,0.0,49.23,49.48,-0.25,12,54.0,0.5,-0.01,,-0.62,-0.49
COZ16,2016,3,8,2016,2016-08-17,387968.0,0.01,49.85,50.08,-0.23,13,53.0,-0.15,0.01,,-0.62,-0.49
COZ16,2016,3,8,2016,2016-08-18,389323.0,0.0,50.89,51.15,-0.26,14,52.0,0.35,-0.01,,-0.62,-0.49
COZ16,2016,3,8,2016,2016-08-19,396313.0,0.0,50.88,51.19,-0.31,15,51.0,1.8,0.0,,-0.62,-0.49
COZ16,2016,3,8,2016,2016-08-22,399875.0,-0.0,49.16,49.56,-0.4,16,50.0,0.9,-0.0,,-0.62,-0.49
COZ16,2016,3,8,2016,2016-08-23,404494.0,0.0,49.96,50.32,-0.36,17,49.0,1.16,0.0,,-0.62,-0.49
COZ16,2016,3,8,2016,2016-08-24,410249.0,0.01,49.05,49.35,-0.3,18,48.0,1.42,0.01,,-0.62,-0.49
COZ16,2016,3,8,2016,2016-08-25,405327.0,0.02,49.67,49.92,-0.25,19,47.0,-1.2,0.01,,-0.62,-0.49
COZ16,2016,3,8,2016,2016-08-26,409826.0,0.01,49.92,50.15,-0.23,20,46.0,1.11,-0.01,,-0.62,-0.49
COZ16,2016,3,8,2016,2016-08-29,413533.0,0.01,49.26,49.45,-0.19,21,45.0,0.9,0.0,,-0.62,-0.49
COZ16,2016,3,8,2016,2016-08-30,419202.0,-0.01,48.37,48.73,-0.36,22,44.0,1.37,-0.02,,-0.62,-0.49
COZ16,2016,3,8,2016,2016-08-31,420290.0,0.0,47.04,46.89,0.15,23,43.0,0.26,0.01,,-0.62,-0.49
COZ16,2016,2,9,2016,2016-09-01,411173.0,0.03,45.45,45.83,-0.38,1,42.0,,,,-0.62,-0.49
COZ16,2016,2,9,2016,2016-09-02,411937.0,0.03,46.83,47.21,-0.38,2,41.0,0.19,0.0,,-0.62,-0.49
COZ16,2016,2,9,2016,2016-09-05,417401.0,0.02,47.63,48.01,-0.38,3,40.0,1.33,-0.01,,-0.62,-0.49
COZ16,2016,2,9,2016,2016-09-06,421740.0,0.02,47.26,47.65,-0.39,4,39.0,1.04,0.0,,-0.62,-0.49
COZ16,2016,2,9,2016,2016-09-07,423096.0,0.02,47.98,48.39,-0.41,5,38.0,0.32,0.0,,-0.62,-0.49
COZ16,2016,2,9,2016,2016-09-08,424606.0,-0.03,49.99,50.43,-0.44,6,37.0,0.36,-0.05,,-0.62,-0.49
COZ16,2016,2,9,2016,2016-09-09,441331.0,-0.01,48.01,48.47,-0.46,7,36.0,3.94,0.02,,-0.62,-0.49
COZ16,2016,2,9,2016,2016-09-12,440794.0,-0.02,48.32,48.81,-0.49,8,35.0,-0.12,-0.01,,-0.62,-0.49
COZ16,2016,2,9,2016,2016-09-13,456274.0,-0.0,47.1,47.58,-0.48,9,34.0,3.51,0.02,,-0.62,-0.49
COZ16,2016,2,9,2016,2016-09-14,472008.0,-0.01,45.85,46.31,-0.46,10,33.0,3.45,-0.01,,-0.62,-0.49
COZ16,2016,2,9,2016,2016-09-15,506048.0,-0.02,46.59,47.06,-0.47,11,32.0,7.21,-0.01,,-0.62,-0.49
COZ16,2016,2,9,2016,2016-09-16,494340.0,-0.01,45.77,46.24,-0.47,12,31.0,-2.31,0.01,,-0.62,-0.49
COZ16,2016,2,9,2016,2016-09-19,496359.0,-0.01,45.95,46.42,-0.47,13,30.0,0.41,0.0,,-0.62,-0.49
COZ16,2016,2,9,2016,2016-09-20,501170.0,-0.0,45.88,46.36,-0.48,14,29.0,0.97,0.01,,-0.62,-0.49
COZ16,2016,2,9,2016,2016-09-21,509106.0,0.0,46.83,47.29,-0.46,15,28.0,1.58,0.0,,-0.62,-0.49
COZ16,2016,2,9,2016,2016-09-22,526563.0,0.0,47.65,48.21,-0.56,16,27.0,3.43,0.0,,-0.62,-0.49
COZ16,2016,2,9,2016,2016-09-23,542973.0,-0.02,45.89,46.48,-0.59,17,26.0,3.12,-0.02,,-0.62,-0.49
COZ16,2016,2,9,2016,2016-09-26,549827.0,-0.01,47.35,47.93,-0.58,18,25.0,1.26,0.01,,-0.62,-0.49
COZ16,2016,2,9,2016,2016-09-27,562222.0,-0.03,45.97,46.52,-0.55,19,24.0,2.25,-0.02,,-0.62,-0.49
COZ16,2016,2,9,2016,2016-09-28,587140.0,-0.04,48.69,49.24,-0.55,20,23.0,4.43,-0.01,,-0.62,-0.49
COZ16,2016,2,9,2016,2016-09-29,588096.0,-0.05,49.24,49.81,-0.57,21,22.0,0.16,-0.01,,-0.62,-0.49
COZ16,2016,2,9,2016,2016-09-30,595367.0,-0.06,49.06,50.19,-1.13,22,21.0,1.24,-0.01,,-0.62,-0.49
COZ16,2016,1,10,2016,2016-10-03,582032.0,-0.08,50.89,51.46,-0.57,1,20.0,,,pre_roll,-0.62,-0.49
COZ16,2016,1,10,2016,2016-10-04,580412.0,-0.05,50.87,51.43,-0.56,2,19.0,-0.28,0.03,pre_roll,-0.62,-0.49
COZ16,2016,1,10,2016,2016-10-05,562351.0,-0.09,51.86,52.45,-0.59,3,18.0,-3.11,-0.04,during_roll,-0.62,-0.49
COZ16,2016,1,10,2016,2016-10-06,551044.0,-0.11,52.51,53.11,-0.6,4,17.0,-2.01,-0.02,during_roll,-0.62,-0.49
COZ16,2016,1,10,2016,2016-10-07,518826.0,-0.1,51.93,52.54,-0.61,5,16.0,-5.85,0.01,during_roll,-0.62,-0.49
COZ16,2016,1,10,2016,2016-10-10,500352.0,-0.1,53.14,53.76,-0.62,6,15.0,-3.56,0.0,during_roll,-0.62,-0.49
COZ16,2016,1,10,2016,2016-10-11,474112.0,-0.1,52.41,53.03,-0.62,7,14.0,-5.24,0.0,during_roll,-0.62,-0.49
COZ16,2016,1,10,2016,2016-10-12,469584.0,-0.12,51.81,52.47,-0.66,8,13.0,-0.96,-0.02,during_roll,-0.62,-0.49
COZ16,2016,1,10,2016,2016-10-13,450926.0,-0.13,52.03,52.7,-0.67,9,12.0,-3.97,-0.01,during_roll,-0.62,-0.49
COZ16,2016,1,10,2016,2016-10-14,424651.0,-0.16,51.95,52.64,-0.69,10,11.0,-5.83,-0.03,during_roll,-0.62,-0.49
COZ16,2016,1,10,2016,2016-10-17,407968.0,-0.16,51.52,52.24,-0.72,11,10.0,-3.93,0.0,during_roll,-0.62,-0.49
COZ16,2016,1,10,2016,2016-10-18,368279.0,-0.18,51.68,52.45,-0.77,12,9.0,-9.73,-0.02,during_roll,-0.62,-0.49
COZ16,2016,1,10,2016,2016-10-19,345114.0,-0.18,52.67,53.42,-0.75,13,8.0,-6.29,0.0,during_roll,-0.62,-0.49
COZ16,2016,1,10,2016,2016-10-20,307574.0,-0.19,51.38,52.25,-0.87,14,7.0,-10.88,-0.01,during_roll,-0.62,-0.49
COZ16,2016,1,10,2016,2016-10-21,250374.0,-0.24,51.78,52.69,-0.91,15,6.0,-18.6,-0.05,during_roll,-0.62,-0.49
COZ16,2016,1,10,2016,2016-10-24,226106.0,-0.26,51.46,52.43,-0.97,16,5.0,-9.69,-0.02,during_roll,-0.62,-0.49
COZ16,2016,1,10,2016,2016-10-25,199285.0,-0.28,50.79,51.79,-1.0,17,4.0,-11.86,-0.02,during_roll,-0.62,-0.49
COZ16,2016,1,10,2016,2016-10-26,121238.0,-0.35,49.98,51.04,-1.06,18,3.0,-39.16,-0.07,during_roll,-0.62,-0.49
COZ16,2016,1,10,2016,2016-10-27,93700.0,-0.43,50.47,51.6,-1.13,19,2.0,-22.71,-0.08,during_roll,-0.62,-0.49
COZ16,2016,1,10,2016,2016-10-28,55265.0,-0.3,49.71,50.68,-0.97,20,1.0,-41.02,0.13,during_roll,-0.62,-0.49
COZ16,2016,1,10,2016,2016-10-31,,0.38,48.3,48.61,-0.31,21,0.0,0.0,0.68,during_roll,-0.62,-0.49
COZ17,2017,3,8,2017,2017-08-01,372495.0,0.0,51.78,51.94,-0.16,1,65.0,,,,0.08,-0.34
COZ17,2017,3,8,2017,2017-08-02,383133.0,0.01,52.36,52.44,-0.08,2,64.0,2.86,0.01,,0.08,-0.34
COZ17,2017,3,8,2017,2017-08-03,379408.0,0.02,52.01,52.02,-0.01,3,63.0,-0.97,0.01,,0.08,-0.34
COZ17,2017,3,8,2017,2017-08-04,381922.0,0.0,52.42,52.46,-0.04,4,62.0,0.66,-0.02,,0.08,-0.34
COZ17,2017,3,8,2017,2017-08-07,393162.0,-0.01,52.37,52.42,-0.05,5,61.0,2.94,-0.01,,0.08,-0.34
COZ17,2017,3,8,2017,2017-08-08,394372.0,-0.01,52.14,52.19,-0.05,6,60.0,0.31,0.0,,0.08,-0.34
COZ17,2017,3,8,2017,2017-08-09,403127.0,0.02,52.7,52.65,0.05,7,59.0,2.22,0.03,,0.08,-0.34
COZ17,2017,3,8,2017,2017-08-10,396417.0,0.01,51.9,51.78,0.12,8,58.0,-1.66,-0.01,,0.08,-0.34
COZ17,2017,3,8,2017,2017-08-11,396612.0,0.02,52.1,51.94,0.16,9,57.0,0.05,0.01,,0.08,-0.34
COZ17,2017,3,8,2017,2017-08-14,402354.0,0.01,50.73,50.63,0.1,10,56.0,1.45,-0.01,,0.08,-0.34
COZ17,2017,3,8,2017,2017-08-15,403363.0,0.03,50.8,50.63,0.17,11,55.0,0.25,0.02,,0.08,-0.34
COZ17,2017,3,8,2017,2017-08-16,404342.0,0.02,50.27,50.1,0.17,12,54.0,0.24,-0.01,,0.08,-0.34
COZ17,2017,3,8,2017,2017-08-17,391966.0,0.06,51.03,50.75,0.28,13,53.0,-3.06,0.04,,0.08,-0.34
COZ17,2017,3,8,2017,2017-08-18,391340.0,0.06,52.72,52.41,0.31,14,52.0,-0.16,0.0,,0.08,-0.34
COZ17,2017,3,8,2017,2017-08-21,389472.0,0.07,51.66,51.28,0.38,15,51.0,-0.48,0.01,,0.08,-0.34
COZ17,2017,3,8,2017,2017-08-22,395013.0,0.04,51.87,51.58,0.29,16,50.0,1.42,-0.03,,0.08,-0.34
COZ17,2017,3,8,2017,2017-08-23,399132.0,0.05,52.57,52.24,0.33,17,49.0,1.04,0.01,,0.08,-0.34
COZ17,2017,3,8,2017,2017-08-24,396281.0,0.06,52.04,51.66,0.38,18,48.0,-0.71,0.01,,0.08,-0.34
COZ17,2017,3,8,2017,2017-08-25,401907.0,0.06,52.41,51.98,0.43,19,47.0,1.42,0.0,,0.08,-0.34
COZ17,2017,3,8,2017,2017-08-28,401797.0,0.05,51.89,51.42,0.47,20,46.0,-0.03,-0.01,,0.08,-0.34
COZ17,2017,3,8,2017,2017-08-29,407648.0,0.02,52.0,51.66,0.34,21,45.0,1.46,-0.03,,0.08,-0.34
COZ17,2017,3,8,2017,2017-08-30,419669.0,0.02,50.86,50.73,0.13,22,44.0,2.95,0.0,,0.08,-0.34
COZ17,2017,3,8,2017,2017-08-31,440454.0,0.03,52.38,52.86,-0.48,23,43.0,4.95,0.01,,0.08,-0.34
COZ17,2017,2,9,2017,2017-09-01,455839.0,0.02,52.75,52.79,-0.04,1,42.0,,,,0.08,-0.34
COZ17,2017,2,9,2017,2017-09-04,459377.0,0.02,52.34,52.37,-0.03,2,41.0,0.78,0.0,,0.08,-0.34
COZ17,2017,2,9,2017,2017-09-05,468928.0,0.04,53.38,53.36,0.02,3,40.0,2.08,0.02,,0.08,-0.34
COZ17,2017,2,9,2017,2017-09-06,458952.0,0.07,54.2,54.07,0.13,4,39.0,-2.13,0.03,,0.08,-0.34
COZ17,2017,2,9,2017,2017-09-07,466495.0,0.08,54.49,54.33,0.16,5,38.0,1.64,0.01,,0.08,-0.34
COZ17,2017,2,9,2017,2017-09-08,479560.0,0.09,53.78,53.58,0.2,6,37.0,2.8,0.01,,0.08,-0.34
COZ17,2017,2,9,2017,2017-09-11,493029.0,0.08,53.84,53.69,0.15,7,36.0,2.81,-0.01,,0.08,-0.34
COZ17,2017,2,9,2017,2017-09-12,511547.0,0.09,54.27,54.03,0.24,8,35.0,3.76,0.01,,0.08,-0.34
COZ17,2017,2,9,2017,2017-09-13,531436.0,0.09,55.16,54.89,0.27,9,34.0,3.89,0.0,,0.08,-0.34
COZ17,2017,2,9,2017,2017-09-14,547143.0,0.08,55.47,55.22,0.25,10,33.0,2.96,-0.01,,0.08,-0.34
COZ17,2017,2,9,2017,2017-09-15,561444.0,0.08,55.62,55.42,0.2,11,32.0,2.61,0.0,,0.08,-0.34
COZ17,2017,2,9,2017,2017-09-18,563891.0,0.1,55.48,55.25,0.23,12,31.0,0.44,0.02,,0.08,-0.34
COZ17,2017,2,9,2017,2017-09-19,576182.0,0.09,55.14,54.9,0.24,13,30.0,2.18,-0.01,,0.08,-0.34
COZ17,2017,2,9,2017,2017-09-20,593201.0,0.1,56.29,55.93,0.36,14,29.0,2.95,0.01,,0.08,-0.34
COZ17,2017,2,9,2017,2017-09-21,648789.0,0.11,56.43,56.09,0.34,15,28.0,9.37,0.01,,0.08,-0.34
COZ17,2017,2,9,2017,2017-09-22,664162.0,0.12,56.86,56.42,0.44,16,27.0,2.37,0.01,,0.08,-0.34
COZ17,2017,2,9,2017,2017-09-25,680547.0,0.12,59.02,58.43,0.59,17,26.0,2.47,0.0,,0.08,-0.34
COZ17,2017,2,9,2017,2017-09-26,684237.0,0.08,58.44,57.92,0.52,18,25.0,0.54,-0.04,,0.08,-0.34
COZ17,2017,2,9,2017,2017-09-27,679566.0,0.05,57.9,57.57,0.33,19,24.0,-0.68,-0.03,,0.08,-0.34
COZ17,2017,2,9,2017,2017-09-28,676659.0,0.05,57.41,57.16,0.25,20,23.0,-0.43,0.0,,0.08,-0.34
COZ17,2017,2,9,2017,2017-09-29,667950.0,0.04,57.54,56.79,0.75,21,22.0,-1.29,-0.01,,0.08,-0.34
COZ17,2017,1,10,2017,2017-10-02,660801.0,0.05,56.12,55.89,0.23,1,21.0,,,pre_roll,0.08,-0.34
COZ17,2017,1,10,2017,2017-10-03,645339.0,0.03,56.0,55.78,0.22,2,20.0,-2.34,-0.02,during_roll,0.08,-0.34
COZ17,2017,1,10,2017,2017-10-04,616188.0,0.01,55.8,55.6,0.2,3,19.0,-4.52,-0.02,during_roll,0.08,-0.34
COZ17,2017,1,10,2017,2017-10-05,630303.0,0.04,57.0,56.71,0.29,4,18.0,2.29,0.03,during_roll,0.08,-0.34
COZ17,2017,1,10,2017,2017-10-06,612045.0,0.03,55.62,55.36,0.26,5,17.0,-2.9,-0.01,during_roll,0.08,-0.34
COZ17,2017,1,10,2017,2017-10-09,589444.0,0.01,55.79,55.54,0.25,6,16.0,-3.69,-0.02,during_roll,0.08,-0.34
COZ17,2017,1,10,2017,2017-10-10,575608.0,0.01,56.61,56.36,0.25,7,15.0,-2.35,0.0,during_roll,0.08,-0.34
COZ17,2017,1,10,2017,2017-10-11,555120.0,0.0,56.94,56.73,0.21,8,14.0,-3.56,-0.01,during_roll,0.08,-0.34
COZ17,2017,1,10,2017,2017-10-12,545548.0,0.0,56.25,56.07,0.18,9,13.0,-1.72,0.0,during_roll,0.08,-0.34
COZ17,2017,1,10,2017,2017-10-13,541030.0,-0.02,57.17,56.95,0.22,10,12.0,-0.83,-0.02,during_roll,0.08,-0.34
COZ17,2017,1,10,2017,2017-10-16,507582.0,-0.02,57.82,57.56,0.26,11,11.0,-6.18,0.0,during_roll,0.08,-0.34
COZ17,2017,1,10,2017,2017-10-17,472400.0,0.01,57.88,57.54,0.34,12,10.0,-6.93,0.03,during_roll,0.08,-0.34
COZ17,2017,1,10,2017,2017-10-18,434133.0,0.03,58.15,57.8,0.35,13,9.0,-8.1,0.02,during_roll,0.08,-0.34
COZ17,2017,1,10,2017,2017-10-19,358351.0,0.0,57.23,56.98,0.25,14,8.0,-17.46,-0.03,during_roll,0.08,-0.34
COZ17,2017,1,10,2017,2017-10-20,315391.0,-0.08,57.75,57.58,0.17,15,7.0,-11.99,-0.08,during_roll,0.08,-0.34
COZ17,2017,1,10,2017,2017-10-23,264629.0,-0.09,57.37,57.27,0.1,16,6.0,-16.09,-0.01,during_roll,0.08,-0.34
COZ17,2017,1,10,2017,2017-10-24,230538.0,-0.1,58.33,58.17,0.16,17,5.0,-12.88,-0.01,during_roll,0.08,-0.34
COZ17,2017,1,10,2017,2017-10-25,206422.0,-0.05,58.44,58.23,0.21,18,4.0,-10.46,0.05,during_roll,0.08,-0.34
COZ17,2017,1,10,2017,2017-10-26,169757.0,-0.04,59.3,59.04,0.26,19,3.0,-17.76,0.01,during_roll,0.08,-0.34
COZ17,2017,1,10,2017,2017-10-27,141967.0,-0.01,60.44,60.13,0.31,20,2.0,-16.37,0.03,during_roll,0.08,-0.34
COZ17,2017,1,10,2017,2017-10-30,76013.0,0.03,60.9,60.59,0.31,21,1.0,-46.46,0.04,during_roll,0.08,-0.34
COZ17,2017,1,10,2017,2017-10-31,76013.0,0.15,61.37,60.94,0.43,22,0.0,0.0,0.12,during_roll,0.08,-0.34
COZ18,2018,3,8,2018,2018-08-01,302937.0,-0.08,72.39,72.67,-0.28,1,65.0,,,,0.22,0.6
COZ18,2018,3,8,2018,2018-08-02,302479.0,-0.07,73.45,73.68,-0.23,2,64.0,-0.15,0.01,,0.22,0.6
COZ18,2018,3,8,2018,2018-08-03,302955.0,-0.09,73.21,73.53,-0.32,3,63.0,0.16,-0.02,,0.22,0.6
COZ18,2018,3,8,2018,2018-08-06,307715.0,-0.1,73.75,74.07,-0.32,4,62.0,1.57,-0.01,,0.22,0.6
COZ18,2018,3,8,2018,2018-08-07,317160.0,-0.12,74.65,74.99,-0.34,5,61.0,3.07,-0.02,,0.22,0.6
COZ18,2018,3,8,2018,2018-08-08,334028.0,-0.1,72.28,72.64,-0.36,6,60.0,5.32,0.02,,0.22,0.6
COZ18,2018,3,8,2018,2018-08-09,336762.0,-0.08,72.07,72.39,-0.32,7,59.0,0.82,0.02,,0.22,0.6
COZ18,2018,3,8,2018,2018-08-10,340162.0,-0.08,72.81,73.11,-0.3,8,58.0,1.01,0.0,,0.22,0.6
COZ18,2018,3,8,2018,2018-08-13,342425.0,-0.08,72.61,72.92,-0.31,9,57.0,0.67,0.0,,0.22,0.6
COZ18,2018,3,8,2018,2018-08-14,351093.0,-0.08,72.46,72.78,-0.32,10,56.0,2.53,0.0,,0.22,0.6
COZ18,2018,3,8,2018,2018-08-15,355403.0,-0.07,70.76,71.1,-0.34,11,55.0,1.23,0.01,,0.22,0.6
COZ18,2018,3,8,2018,2018-08-16,365304.0,-0.07,71.43,71.75,-0.32,12,54.0,2.79,0.0,,0.22,0.6
COZ18,2018,3,8,2018,2018-08-17,368599.0,-0.06,71.83,72.07,-0.24,13,53.0,0.9,0.01,,0.22,0.6
COZ18,2018,3,8,2018,2018-08-20,375066.0,-0.05,72.21,72.57,-0.36,14,52.0,1.75,0.01,,0.22,0.6
COZ18,2018,3,8,2018,2018-08-21,384297.0,-0.05,72.63,72.91,-0.28,15,51.0,2.46,0.0,,0.22,0.6
COZ18,2018,3,8,2018,2018-08-22,390332.0,-0.06,74.78,75.07,-0.29,16,50.0,1.57,-0.01,,0.22,0.6
COZ18,2018,3,8,2018,2018-08-23,392390.0,-0.06,74.73,75.09,-0.36,17,49.0,0.53,0.0,,0.22,0.6
COZ18,2018,3,8,2018,2018-08-24,394491.0,-0.05,75.82,76.13,-0.31,18,48.0,0.54,0.01,,0.22,0.6
COZ18,2018,3,8,2018,2018-08-27,398064.0,-0.06,76.21,76.5,-0.29,19,47.0,0.91,-0.01,,0.22,0.6
COZ18,2018,3,8,2018,2018-08-28,398448.0,-0.05,75.95,76.29,-0.34,20,46.0,0.1,0.01,,0.22,0.6
COZ18,2018,3,8,2018,2018-08-29,399971.0,-0.04,77.14,77.46,-0.32,21,45.0,0.38,0.01,,0.22,0.6
COZ18,2018,3,8,2018,2018-08-30,403935.0,-0.01,77.77,78.02,-0.25,22,44.0,0.99,0.03,,0.22,0.6
COZ18,2018,3,8,2018,2018-08-31,402566.0,0.02,77.42,77.64,-0.22,23,43.0,-0.34,0.03,,0.22,0.6
COZ18,2018,2,9,2018,2018-09-03,410184.0,0.03,78.15,77.9,0.25,1,42.0,,,,0.22,0.6
COZ18,2018,2,9,2018,2018-09-04,414433.0,0.02,78.17,77.9,0.27,2,41.0,1.04,-0.01,,0.22,0.6
COZ18,2018,2,9,2018,2018-09-05,407562.0,0.07,77.27,76.9,0.37,3,40.0,-1.66,0.05,,0.22,0.6
COZ18,2018,2,9,2018,2018-09-06,402739.0,0.08,76.5,76.15,0.35,4,39.0,-1.18,0.01,,0.22,0.6
COZ18,2018,2,9,2018,2018-09-07,408478.0,0.08,76.83,76.47,0.36,5,38.0,1.42,0.0,,0.22,0.6
COZ18,2018,2,9,2018,2018-09-10,416467.0,0.1,77.37,76.92,0.45,6,37.0,1.96,0.02,,0.22,0.6
COZ18,2018,2,9,2018,2018-09-11,424909.0,0.07,79.06,78.56,0.5,7,36.0,2.03,-0.03,,0.22,0.6
COZ18,2018,2,9,2018,2018-09-12,430220.0,0.07,79.74,79.29,0.45,8,35.0,1.25,0.0,,0.22,0.6
COZ18,2018,2,9,2018,2018-09-13,456755.0,0.07,78.18,77.75,0.43,9,34.0,6.17,0.0,,0.22,0.6
COZ18,2018,2,9,2018,2018-09-14,475505.0,0.07,78.09,77.61,0.48,10,33.0,4.11,0.0,,0.22,0.6
COZ18,2018,2,9,2018,2018-09-17,473299.0,0.09,78.05,77.59,0.46,11,32.0,-0.46,0.02,,0.22,0.6
COZ18,2018,2,9,2018,2018-09-18,482597.0,0.08,79.03,78.53,0.5,12,31.0,1.96,-0.01,,0.22,0.6
COZ18,2018,2,9,2018,2018-09-19,497299.0,0.07,79.4,78.92,0.48,13,30.0,3.05,-0.01,,0.22,0.6
COZ18,2018,2,9,2018,2018-09-20,544621.0,0.09,78.7,78.22,0.48,14,29.0,9.52,0.02,,0.22,0.6
COZ18,2018,2,9,2018,2018-09-21,560452.0,0.12,78.8,78.24,0.56,15,28.0,2.91,0.03,,0.22,0.6
COZ18,2018,2,9,2018,2018-09-24,579813.0,0.13,81.2,80.53,0.67,16,27.0,3.45,0.01,,0.22,0.6
COZ18,2018,2,9,2018,2018-09-25,575515.0,0.13,81.87,81.26,0.61,17,26.0,-0.74,0.0,,0.22,0.6
COZ18,2018,2,9,2018,2018-09-26,573232.0,0.13,81.34,80.79,0.55,18,25.0,-0.4,0.0,,0.22,0.6
COZ18,2018,2,9,2018,2018-09-27,590669.0,0.1,81.72,81.38,0.34,19,24.0,3.04,-0.03,,0.22,0.6
COZ18,2018,2,9,2018,2018-09-28,589809.0,0.08,82.72,82.73,-0.01,20,23.0,-0.15,-0.02,,0.22,0.6
COZ18,2018,1,10,2018,2018-10-01,585925.0,0.08,84.98,84.51,0.47,1,22.0,,,pre_roll,0.22,0.6
COZ18,2018,1,10,2018,2018-10-02,564273.0,0.08,84.8,84.35,0.45,2,21.0,-3.7,0.0,during_roll,0.22,0.6
COZ18,2018,1,10,2018,2018-10-03,554769.0,0.08,86.29,85.83,0.46,3,20.0,-1.68,0.0,during_roll,0.22,0.6
COZ18,2018,1,10,2018,2018-10-04,541125.0,0.09,84.58,84.16,0.42,4,19.0,-2.46,0.01,during_roll,0.22,0.6
COZ18,2018,1,10,2018,2018-10-05,514507.0,0.1,84.16,83.79,0.37,5,18.0,-4.92,0.01,during_roll,0.22,0.6
COZ18,2018,1,10,2018,2018-10-08,508873.0,0.1,83.91,83.54,0.37,6,17.0,-1.1,0.0,during_roll,0.22,0.6
COZ18,2018,1,10,2018,2018-10-09,510411.0,0.12,85.0,84.54,0.46,7,16.0,0.3,0.02,during_roll,0.22,0.6
COZ18,2018,1,10,2018,2018-10-10,484386.0,0.13,83.09,82.65,0.44,8,15.0,-5.1,0.01,during_roll,0.22,0.6
COZ18,2018,1,10,2018,2018-10-11,456089.0,0.12,80.26,79.87,0.39,9,14.0,-5.84,-0.01,during_roll,0.22,0.6
COZ18,2018,1,10,2018,2018-10-12,432933.0,0.11,80.43,80.07,0.36,10,13.0,-5.08,-0.01,during_roll,0.22,0.6
COZ18,2018,1,10,2018,2018-10-15,413319.0,0.19,80.78,80.43,0.35,11,12.0,-4.53,0.08,during_roll,0.22,0.6
COZ18,2018,1,10,2018,2018-10-16,397768.0,0.21,81.41,81.04,0.37,12,11.0,-3.76,0.02,during_roll,0.22,0.6
COZ18,2018,1,10,2018,2018-10-17,384728.0,0.27,80.05,79.63,0.42,13,10.0,-3.28,0.06,during_roll,0.22,0.6
COZ18,2018,1,10,2018,2018-10-18,375068.0,0.38,79.29,78.75,0.54,14,9.0,-2.51,0.11,during_roll,0.22,0.6
COZ18,2018,1,10,2018,2018-10-19,342553.0,0.37,79.78,79.26,0.52,15,8.0,-8.67,-0.01,during_roll,0.22,0.6
COZ18,2018,1,10,2018,2018-10-22,307793.0,0.28,79.83,79.44,0.39,16,7.0,-10.15,-0.09,during_roll,0.22,0.6
COZ18,2018,1,10,2018,2018-10-23,238026.0,0.24,76.44,76.15,0.29,17,6.0,-22.67,-0.04,during_roll,0.22,0.6
COZ18,2018,1,10,2018,2018-10-24,209791.0,0.03,76.17,76.17,0.0,18,5.0,-11.86,-0.21,during_roll,0.22,0.6
COZ18,2018,1,10,2018,2018-10-25,193137.0,-0.01,76.89,76.88,0.01,19,4.0,-7.94,-0.04,during_roll,0.22,0.6
COZ18,2018,1,10,2018,2018-10-26,145716.0,-0.09,77.62,77.66,-0.04,20,3.0,-24.55,-0.08,during_roll,0.22,0.6
COZ18,2018,1,10,2018,2018-10-29,124424.0,-0.07,77.34,77.37,-0.03,21,2.0,-14.61,0.02,during_roll,0.22,0.6
COZ18,2018,1,10,2018,2018-10-30,83868.0,-0.06,75.91,75.95,-0.04,22,1.0,-32.59,0.01,during_roll,0.22,0.6
COZ18,2018,1,10,2018,2018-10-31,83868.0,0.45,75.47,75.04,0.43,23,0.0,0.0,0.51,during_roll,0.22,0.6
COZ19,2019,3,8,2019,2019-08-01,319050.0,0.16,60.5,59.96,0.54,1,65.0,,,,-0.38,-0.02
COZ19,2019,3,8,2019,2019-08-02,317809.0,0.16,61.89,61.32,0.57,2,64.0,-0.39,0.0,,-0.38,-0.02
COZ19,2019,3,8,2019,2019-08-05,316335.0,0.13,59.81,59.35,0.46,3,63.0,-0.46,-0.03,,-0.38,-0.02
COZ19,2019,3,8,2019,2019-08-06,324412.0,0.14,58.94,58.53,0.41,4,62.0,2.55,0.01,,-0.38,-0.02
COZ19,2019,3,8,2019,2019-08-07,328524.0,0.12,56.23,55.93,0.3,5,61.0,1.27,-0.02,,-0.38,-0.02
COZ19,2019,3,8,2019,2019-08-08,338321.0,0.14,57.38,57.04,0.34,6,60.0,2.98,0.02,,-0.38,-0.02
COZ19,2019,3,8,2019,2019-08-09,340422.0,0.13,58.53,58.19,0.34,7,59.0,0.62,-0.01,,-0.38,-0.02
COZ19,2019,3,8,2019,2019-08-12,341100.0,0.12,58.57,58.3,0.27,8,58.0,0.2,-0.01,,-0.38,-0.02
COZ19,2019,3,8,2019,2019-08-13,351176.0,0.15,61.3,60.92,0.38,9,57.0,2.95,0.03,,-0.38,-0.02
COZ19,2019,3,8,2019,2019-08-14,357532.0,0.15,59.48,59.07,0.41,10,56.0,1.81,0.0,,-0.38,-0.02
COZ19,2019,3,8,2019,2019-08-15,356350.0,0.16,58.23,57.79,0.44,11,55.0,-0.33,0.01,,-0.38,-0.02
COZ19,2019,3,8,2019,2019-08-16,354333.0,0.14,58.64,58.16,0.48,12,54.0,-0.57,-0.02,,-0.38,-0.02
COZ19,2019,3,8,2019,2019-08-19,359038.0,0.15,59.74,59.22,0.52,13,53.0,1.33,0.01,,-0.38,-0.02
COZ19,2019,3,8,2019,2019-08-20,361435.0,0.15,60.03,59.58,0.45,14,52.0,0.67,0.0,,-0.38,-0.02
COZ19,2019,3,8,2019,2019-08-21,364075.0,0.16,60.3,59.86,0.44,15,51.0,0.73,0.01,,-0.38,-0.02
COZ19,2019,3,8,2019,2019-08-22,368306.0,0.17,59.92,59.5,0.42,16,50.0,1.16,0.01,,-0.38,-0.02
COZ19,2019,3,8,2019,2019-08-23,376536.0,0.17,59.34,58.8,0.54,17,49.0,2.23,0.0,,-0.38,-0.02
COZ19,2019,3,8,2019,2019-08-26,377250.0,0.19,58.7,58.12,0.58,18,48.0,0.19,0.02,,-0.38,-0.02
COZ19,2019,3,8,2019,2019-08-27,375148.0,0.16,59.51,59.03,0.48,19,47.0,-0.56,-0.03,,-0.38,-0.02
COZ19,2019,3,8,2019,2019-08-28,374684.0,0.2,60.49,59.93,0.56,20,46.0,-0.12,0.04,,-0.38,-0.02
COZ19,2019,3,8,2019,2019-08-29,375786.0,0.2,61.08,60.49,0.59,21,45.0,0.29,0.0,,-0.38,-0.02
COZ19,2019,3,8,2019,2019-08-30,377976.0,0.23,60.43,59.25,1.18,22,44.0,0.58,0.03,,-0.38,-0.02
COZ19,2019,2,9,2019,2019-09-02,382245.0,0.24,58.66,57.86,0.8,1,43.0,,,,-0.38,-0.02
COZ19,2019,2,9,2019,2019-09-03,383907.0,0.23,58.26,57.47,0.79,2,42.0,0.43,-0.01,,-0.38,-0.02
COZ19,2019,2,9,2019,2019-09-04,389267.0,0.24,60.7,59.83,0.87,3,41.0,1.4,0.01,,-0.38,-0.02
COZ19,2019,2,9,2019,2019-09-05,397203.0,0.25,60.95,60.04,0.91,4,40.0,2.04,0.01,,-0.38,-0.02
COZ19,2019,2,9,2019,2019-09-06,401527.0,0.24,61.54,60.57,0.97,5,39.0,1.09,-0.01,,-0.38,-0.02
COZ19,2019,2,9,2019,2019-09-09,418733.0,0.2,62.59,61.63,0.96,6,38.0,4.29,-0.04,,-0.38,-0.02
COZ19,2019,2,9,2019,2019-09-10,417173.0,0.2,62.38,61.44,0.94,7,37.0,-0.37,0.0,,-0.38,-0.02
COZ19,2019,2,9,2019,2019-09-11,439228.0,0.2,60.81,59.94,0.87,8,36.0,5.29,0.0,,-0.38,-0.02
COZ19,2019,2,9,2019,2019-09-12,449907.0,0.22,60.38,59.46,0.92,9,35.0,2.43,0.02,,-0.38,-0.02
COZ19,2019,2,9,2019,2019-09-13,466168.0,0.21,60.22,59.25,0.97,10,34.0,3.61,-0.01,,-0.38,-0.02
COZ19,2019,2,9,2019,2019-09-16,479681.0,0.17,69.02,67.68,1.34,11,33.0,2.9,-0.04,,-0.38,-0.02
COZ19,2019,2,9,2019,2019-09-17,470534.0,0.2,64.55,63.56,0.99,12,32.0,-1.91,0.03,,-0.38,-0.02
COZ19,2019,2,9,2019,2019-09-18,485556.0,0.24,63.6,62.66,0.94,13,31.0,3.19,0.04,,-0.38,-0.02
COZ19,2019,2,9,2019,2019-09-19,494696.0,0.27,64.4,63.33,1.07,14,30.0,1.88,0.03,,-0.38,-0.02
COZ19,2019,2,9,2019,2019-09-20,519303.0,0.32,64.28,63.2,1.08,15,29.0,4.97,0.05,,-0.38,-0.02
COZ19,2019,2,9,2019,2019-09-23,539605.0,0.32,64.77,63.73,1.04,16,28.0,3.91,0.0,,-0.38,-0.02
COZ19,2019,2,9,2019,2019-09-24,540379.0,0.29,63.1,62.12,0.98,17,27.0,0.14,-0.03,,-0.38,-0.02
COZ19,2019,2,9,2019,2019-09-25,549149.0,0.25,62.39,61.43,0.96,18,26.0,1.62,-0.04,,-0.38,-0.02
COZ19,2019,2,9,2019,2019-09-26,558407.0,0.23,62.74,61.74,1.0,19,25.0,1.69,-0.02,,-0.38,-0.02
COZ19,2019,2,9,2019,2019-09-27,563148.0,0.21,61.91,61.04,0.87,20,24.0,0.85,-0.02,,-0.38,-0.02
COZ19,2019,2,9,2019,2019-09-30,556618.0,0.23,60.78,59.25,1.53,21,23.0,-1.16,0.02,,-0.38,-0.02
COZ19,2019,1,10,2019,2019-10-01,543417.0,0.23,58.89,58.17,0.72,1,22.0,,,pre_roll,-0.38,-0.02
COZ19,2019,1,10,2019,2019-10-02,515094.0,0.21,57.69,57.04,0.65,2,21.0,-5.21,-0.02,during_roll,-0.38,-0.02
COZ19,2019,1,10,2019,2019-10-03,494112.0,0.16,57.71,57.06,0.65,3,20.0,-4.07,-0.05,during_roll,-0.38,-0.02
COZ19,2019,1,10,2019,2019-10-04,492599.0,0.12,58.37,57.74,0.63,4,19.0,-0.31,-0.04,during_roll,-0.38,-0.02
COZ19,2019,1,10,2019,2019-10-07,460232.0,0.03,58.35,57.82,0.53,5,18.0,-6.57,-0.09,during_roll,-0.38,-0.02
COZ19,2019,1,10,2019,2019-10-08,437430.0,0.01,58.24,57.76,0.48,6,17.0,-4.95,-0.02,during_roll,-0.38,-0.02
COZ19,2019,1,10,2019,2019-10-09,410921.0,-0.03,58.32,57.84,0.48,7,16.0,-6.06,-0.04,during_roll,-0.38,-0.02
COZ19,2019,1,10,2019,2019-10-10,392306.0,-0.06,59.1,58.65,0.45,8,15.0,-4.53,-0.03,during_roll,-0.38,-0.02
COZ19,2019,1,10,2019,2019-10-11,374051.0,-0.13,60.51,60.12,0.39,9,14.0,-4.65,-0.07,during_roll,-0.38,-0.02
COZ19,2019,1,10,2019,2019-10-14,357778.0,-0.17,59.35,59.12,0.23,10,13.0,-4.35,-0.04,during_roll,-0.38,-0.02
COZ19,2019,1,10,2019,2019-10-15,352392.0,-0.23,58.74,58.54,0.2,11,12.0,-1.51,-0.06,during_roll,-0.38,-0.02
COZ19,2019,1,10,2019,2019-10-16,342843.0,-0.22,59.42,59.16,0.26,12,11.0,-2.71,0.01,during_roll,-0.38,-0.02
COZ19,2019,1,10,2019,2019-10-17,338225.0,-0.14,59.91,59.46,0.45,13,10.0,-1.35,0.08,during_roll,-0.38,-0.02
COZ19,2019,1,10,2019,2019-10-18,322185.0,-0.23,59.42,59.09,0.33,14,9.0,-4.74,-0.09,during_roll,-0.38,-0.02
COZ19,2019,1,10,2019,2019-10-21,299905.0,-0.2,58.96,58.68,0.28,15,8.0,-6.92,0.03,during_roll,-0.38,-0.02
COZ19,2019,1,10,2019,2019-10-22,278651.0,-0.25,59.7,59.44,0.26,16,7.0,-7.09,-0.05,during_roll,-0.38,-0.02
COZ19,2019,1,10,2019,2019-10-23,237064.0,-0.23,61.17,60.87,0.3,17,6.0,-14.92,0.02,during_roll,-0.38,-0.02
COZ19,2019,1,10,2019,2019-10-24,222275.0,-0.28,61.67,61.39,0.28,18,5.0,-6.24,-0.05,during_roll,-0.38,-0.02
COZ19,2019,1,10,2019,2019-10-25,212120.0,-0.24,62.02,61.73,0.29,19,4.0,-4.57,0.04,during_roll,-0.38,-0.02
COZ19,2019,1,10,2019,2019-10-28,163774.0,-0.22,61.57,61.25,0.32,20,3.0,-22.79,0.02,during_roll,-0.38,-0.02
COZ19,2019,1,10,2019,2019-10-29,144231.0,-0.23,61.59,61.23,0.36,21,2.0,-11.93,-0.01,during_roll,-0.38,-0.02
COZ19,2019,1,10,2019,2019-10-30,103527.0,-0.3,60.61,60.24,0.37,22,1.0,-28.22,-0.07,during_roll,-0.38,-0.02
COZ19,2019,1,10,2019,2019-10-31,,-0.1,60.23,59.62,0.61,23,0.0,0.0,0.2,during_roll,-0.38,-0.02
COZ20,2020,3,8,2020,2020-08-03,334436.0,0.02,44.15,44.53,-0.38,1,63.0,,,,0.11,0.08
COZ20,2020,3,8,2020,2020-08-04,335648.0,0.01,44.43,44.84,-0.41,2,62.0,0.36,-0.01,,0.11,0.08
COZ20,2020,3,8,2020,2020-08-05,335639.0,-0.01,45.17,45.57,-0.4,3,61.0,-0.0,-0.02,,0.11,0.08
COZ20,2020,3,8,2020,2020-08-06,338745.0,-0.01,45.09,45.46,-0.37,4,60.0,0.93,0.0,,0.11,0.08
COZ20,2020,3,8,2020,2020-08-07,338254.0,0.01,44.4,44.77,-0.37,5,59.0,-0.14,0.02,,0.11,0.08
COZ20,2020,3,8,2020,2020-08-10,340573.0,0.0,44.99,45.39,-0.4,6,58.0,0.69,-0.01,,0.11,0.08
COZ20,2020,3,8,2020,2020-08-11,340321.0,-0.01,44.5,44.99,-0.49,7,57.0,-0.07,-0.01,,0.11,0.08
COZ20,2020,3,8,2020,2020-08-12,345860.0,-0.01,45.43,45.91,-0.48,8,56.0,1.63,0.0,,0.11,0.08
COZ20,2020,3,8,2020,2020-08-13,346692.0,0.0,44.96,45.43,-0.47,9,55.0,0.24,0.01,,0.11,0.08
COZ20,2020,3,8,2020,2020-08-14,348003.0,0.0,44.8,45.33,-0.53,10,54.0,0.38,0.0,,0.11,0.08
COZ20,2020,3,8,2020,2020-08-17,349749.0,-0.03,45.37,45.92,-0.55,11,53.0,0.5,-0.03,,0.11,0.08
COZ20,2020,3,8,2020,2020-08-18,346194.0,-0.02,45.46,46.01,-0.55,12,52.0,-1.02,0.01,,0.11,0.08
COZ20,2020,3,8,2020,2020-08-19,351861.0,-0.01,45.37,45.88,-0.51,13,51.0,1.64,0.01,,0.11,0.08
COZ20,2020,3,8,2020,2020-08-20,356060.0,-0.01,44.9,45.48,-0.58,14,50.0,1.19,0.0,,0.11,0.08
COZ20,2020,3,8,2020,2020-08-21,357338.0,-0.01,44.35,44.93,-0.58,15,49.0,0.36,0.0,,0.11,0.08
COZ20,2020,3,8,2020,2020-08-24,363205.0,-0.01,45.13,45.64,-0.51,16,48.0,1.64,0.0,,0.11,0.08
COZ20,2020,3,8,2020,2020-08-25,361821.0,0.0,45.86,46.29,-0.43,17,47.0,-0.38,0.01,,0.11,0.08
COZ20,2020,3,8,2020,2020-08-26,366753.0,-0.03,45.64,46.16,-0.52,18,46.0,1.36,-0.03,,0.11,0.08
COZ20,2020,3,8,2020,2020-08-27,375259.0,-0.03,45.09,45.6,-0.51,19,45.0,2.32,0.0,,0.11,0.08
COZ20,2020,3,8,2020,2020-08-28,376337.0,-0.04,45.05,45.81,-0.76,20,44.0,0.29,-0.01,,0.11,0.08
COZ20,2020,2,9,2020,2020-09-01,389627.0,-0.04,45.58,46.0,-0.42,1,43.0,,,,0.11,0.08
COZ20,2020,2,9,2020,2020-09-02,389941.0,-0.01,44.43,44.87,-0.44,2,42.0,0.08,0.03,,0.11,0.08
COZ20,2020,2,9,2020,2020-09-03,396163.0,-0.03,44.07,44.59,-0.52,3,41.0,1.6,-0.02,,0.11,0.08
COZ20,2020,2,9,2020,2020-09-04,401953.0,-0.01,42.66,43.18,-0.52,4,40.0,1.46,0.02,,0.11,0.08
COZ20,2020,2,9,2020,2020-09-07,405179.0,-0.03,42.01,42.54,-0.53,5,39.0,0.8,-0.02,,0.11,0.08
COZ20,2020,2,9,2020,2020-09-08,398463.0,-0.04,39.78,40.36,-0.58,6,38.0,-1.66,-0.01,,0.11,0.08
COZ20,2020,2,9,2020,2020-09-09,401688.0,-0.04,40.79,41.34,-0.55,7,37.0,0.81,0.0,,0.11,0.08
COZ20,2020,2,9,2020,2020-09-10,407144.0,-0.02,40.06,40.63,-0.57,8,36.0,1.36,0.02,,0.11,0.08
COZ20,2020,2,9,2020,2020-09-11,427219.0,-0.02,39.83,40.43,-0.6,9,35.0,4.93,0.0,,0.11,0.08
COZ20,2020,2,9,2020,2020-09-14,440541.0,-0.03,39.61,40.28,-0.67,10,34.0,3.12,-0.01,,0.11,0.08
COZ20,2020,2,9,2020,2020-09-15,434449.0,-0.05,40.53,41.15,-0.62,11,33.0,-1.38,-0.02,,0.11,0.08
COZ20,2020,2,9,2020,2020-09-16,443303.0,-0.06,42.22,42.79,-0.57,12,32.0,2.04,-0.01,,0.11,0.08
COZ20,2020,2,9,2020,2020-09-17,443635.0,-0.06,43.3,43.82,-0.52,13,31.0,0.07,0.0,,0.11,0.08
COZ20,2020,2,9,2020,2020-09-18,446594.0,-0.06,43.15,43.68,-0.53,14,30.0,0.67,0.0,,0.11,0.08
COZ20,2020,2,9,2020,2020-09-21,460665.0,-0.05,41.44,41.96,-0.52,15,29.0,3.15,0.01,,0.11,0.08
COZ20,2020,2,9,2020,2020-09-22,476512.0,-0.02,41.72,42.19,-0.47,16,28.0,3.44,0.03,,0.11,0.08
COZ20,2020,2,9,2020,2020-09-23,485508.0,-0.03,41.77,42.26,-0.49,17,27.0,1.89,-0.01,,0.11,0.08
COZ20,2020,2,9,2020,2020-09-24,493818.0,-0.04,41.94,42.46,-0.52,18,26.0,1.71,-0.01,,0.11,0.08
COZ20,2020,2,9,2020,2020-09-25,500433.0,-0.07,41.92,42.41,-0.49,19,25.0,1.34,-0.03,,0.11,0.08
COZ20,2020,2,9,2020,2020-09-28,502980.0,-0.05,42.43,42.87,-0.44,20,24.0,0.51,0.02,,0.11,0.08
COZ20,2020,2,9,2020,2020-09-29,524456.0,-0.07,41.03,41.56,-0.53,21,23.0,4.27,-0.02,,0.11,0.08
COZ20,2020,2,9,2020,2020-09-30,537040.0,-0.08,40.95,42.3,-1.35,22,22.0,2.4,-0.01,,0.11,0.08
COZ20,2020,1,10,2020,2020-10-01,531522.0,-0.08,40.93,41.44,-0.51,1,21.0,,,pre_roll,0.11,0.08
COZ20,2020,1,10,2020,2020-10-02,526003.0,-0.09,39.27,39.81,-0.54,2,20.0,-1.04,-0.01,pre_roll,0.11,0.08
COZ20,2020,1,10,2020,2020-10-05,503509.0,-0.1,41.29,41.82,-0.53,3,19.0,-4.28,-0.01,during_roll,0.11,0.08
COZ20,2020,1,10,2020,2020-10-06,487366.0,-0.1,42.65,43.13,-0.48,4,18.0,-3.21,0.0,during_roll,0.11,0.08
COZ20,2020,1,10,2020,2020-10-07,461647.0,-0.08,41.99,42.46,-0.47,5,17.0,-5.28,0.02,during_roll,0.11,0.08
COZ20,2020,1,10,2020,2020-10-08,447091.0,-0.1,43.34,43.77,-0.43,6,16.0,-3.15,-0.02,during_roll,0.11,0.08
COZ20,2020,1,10,2020,2020-10-09,443411.0,-0.11,42.85,43.32,-0.47,7,15.0,-0.82,-0.01,during_roll,0.11,0.08
COZ20,2020,1,10,2020,2020-10-12,424904.0,-0.11,41.72,42.2,-0.48,8,14.0,-4.17,0.0,during_roll,0.11,0.08
COZ20,2020,1,10,2020,2020-10-13,408229.0,-0.11,42.45,42.9,-0.45,9,13.0,-3.92,0.0,during_roll,0.11,0.08
COZ20,2020,1,10,2020,2020-10-14,394329.0,-0.09,43.32,43.7,-0.38,10,12.0,-3.4,0.02,during_roll,0.11,0.08
COZ20,2020,1,10,2020,2020-10-15,372009.0,-0.07,43.16,43.52,-0.36,11,11.0,-5.66,0.02,during_roll,0.11,0.08
COZ20,2020,1,10,2020,2020-10-16,351025.0,-0.04,42.93,43.27,-0.34,12,10.0,-5.64,0.03,during_roll,0.11,0.08
COZ20,2020,1,10,2020,2020-10-19,332782.0,-0.02,42.62,42.98,-0.36,13,9.0,-5.2,0.02,during_roll,0.11,0.08
COZ20,2020,1,10,2020,2020-10-20,319155.0,-0.04,43.16,43.53,-0.37,14,8.0,-4.09,-0.02,during_roll,0.11,0.08
COZ20,2020,1,10,2020,2020-10-21,308196.0,-0.01,41.73,42.07,-0.34,15,7.0,-3.43,0.03,during_roll,0.11,0.08
COZ20,2020,1,10,2020,2020-10-22,260989.0,-0.03,42.46,42.78,-0.32,16,6.0,-15.32,-0.02,during_roll,0.11,0.08
COZ20,2020,1,10,2020,2020-10-23,229909.0,-0.02,41.77,42.07,-0.3,17,5.0,-11.91,0.01,during_roll,0.11,0.08
COZ20,2020,1,10,2020,2020-10-26,218235.0,-0.0,40.46,40.81,-0.35,18,4.0,-5.08,0.02,during_roll,0.11,0.08
COZ20,2020,1,10,2020,2020-10-27,166367.0,-0.07,41.2,41.61,-0.41,19,3.0,-23.77,-0.07,during_roll,0.11,0.08
COZ20,2020,1,10,2020,2020-10-28,148226.0,-0.13,39.12,39.64,-0.52,20,2.0,-10.9,-0.06,during_roll,0.11,0.08
COZ20,2020,1,10,2020,2020-10-29,75469.0,-0.18,37.65,38.26,-0.61,21,1.0,-49.09,-0.05,during_roll,0.11,0.08
COZ20,2020,1,10,2020,2020-10-30,,-0.02,37.46,37.94,-0.48,22,0.0,0.0,0.16,during_roll,0.11,0.08
COZ21,2021,3,8,2021,2021-08-02,283890.0,0.07,72.89,72.2,0.69,1,64.0,,,,0.1,-0.11
COZ21,2021,3,8,2021,2021-08-03,292076.0,0.06,72.41,71.77,0.64,2,63.0,2.88,-0.01,,0.1,-0.11
COZ21,2021,3,8,2021,2021-08-04,298514.0,0.03,70.38,69.87,0.51,3,62.0,2.2,-0.03,,0.1,-0.11
COZ21,2021,3,8,2021,2021-08-05,303222.0,0.04,71.29,70.8,0.49,4,61.0,1.58,0.01,,0.1,-0.11
COZ21,2021,3,8,2021,2021-08-06,296226.0,0.0,70.7,70.32,0.38,5,60.0,-2.31,-0.04,,0.1,-0.11
COZ21,2021,3,8,2021,2021-08-09,295923.0,0.01,69.04,68.61,0.43,6,59.0,-0.1,0.01,,0.1,-0.11
COZ21,2021,3,8,2021,2021-08-10,301207.0,-0.01,70.63,70.22,0.41,7,58.0,1.79,-0.02,,0.1,-0.11
COZ21,2021,3,8,2021,2021-08-11,303317.0,0.0,71.44,71.06,0.38,8,57.0,0.7,0.01,,0.1,-0.11
COZ21,2021,3,8,2021,2021-08-12,313649.0,-0.0,71.31,70.91,0.4,9,56.0,3.41,-0.0,,0.1,-0.11
COZ21,2021,3,8,2021,2021-08-13,316222.0,0.01,70.59,70.2,0.39,10,55.0,0.82,0.01,,0.1,-0.11
COZ21,2021,3,8,2021,2021-08-16,315331.0,0.01,69.51,69.14,0.37,11,54.0,-0.28,0.0,,0.1,-0.11
COZ21,2021,3,8,2021,2021-08-17,314653.0,0.02,69.03,68.61,0.42,12,53.0,-0.22,0.01,,0.1,-0.11
COZ21,2021,3,8,2021,2021-08-18,318521.0,0.04,68.23,67.77,0.46,13,52.0,1.23,0.02,,0.1,-0.11
COZ21,2021,3,8,2021,2021-08-19,312304.0,0.05,66.45,66.02,0.43,14,51.0,-1.95,0.01,,0.1,-0.11
COZ21,2021,3,8,2021,2021-08-20,317888.0,0.06,65.18,64.75,0.43,15,50.0,1.79,0.01,,0.1,-0.11
COZ21,2021,3,8,2021,2021-08-23,318897.0,0.03,68.75,68.37,0.38,16,49.0,0.32,-0.03,,0.1,-0.11
COZ21,2021,3,8,2021,2021-08-24,327874.0,0.06,71.05,70.41,0.64,17,48.0,2.82,0.03,,0.1,-0.11
COZ21,2021,3,8,2021,2021-08-25,339569.0,0.07,72.25,71.28,0.97,18,47.0,3.57,0.01,,0.1,-0.11
COZ21,2021,3,8,2021,2021-08-26,349853.0,0.07,71.07,70.18,0.89,19,46.0,3.03,0.0,,0.1,-0.11
COZ21,2021,3,8,2021,2021-08-27,351130.0,0.08,72.7,71.7,1.0,20,45.0,0.37,0.01,,0.1,-0.11
COZ21,2021,3,8,2021,2021-08-30,352245.0,0.07,73.41,72.23,1.18,21,44.0,0.32,-0.01,,0.1,-0.11
COZ21,2021,3,8,2021,2021-08-31,363122.0,0.07,72.99,71.63,1.36,22,43.0,3.09,0.0,,0.1,-0.11
COZ21,2021,2,9,2021,2021-09-01,379070.0,0.06,71.59,71.03,0.56,1,42.0,,,,0.1,-0.11
COZ21,2021,2,9,2021,2021-09-02,377964.0,0.08,73.03,72.41,0.62,2,41.0,-0.29,0.02,,0.1,-0.11
COZ21,2021,2,9,2021,2021-09-03,383188.0,0.08,72.61,71.98,0.63,3,40.0,1.38,0.0,,0.1,-0.11
COZ21,2021,2,9,2021,2021-09-06,386851.0,0.09,72.22,71.62,0.6,4,39.0,0.96,0.01,,0.1,-0.11
COZ21,2021,2,9,2021,2021-09-07,393977.0,0.09,71.69,71.06,0.63,5,38.0,1.84,0.0,,0.1,-0.11
COZ21,2021,2,9,2021,2021-09-08,408636.0,0.1,72.6,71.82,0.78,6,37.0,3.72,0.01,,0.1,-0.11
COZ21,2021,2,9,2021,2021-09-09,429600.0,0.08,71.45,70.79,0.66,7,36.0,5.13,-0.02,,0.1,-0.11
COZ21,2021,2,9,2021,2021-09-10,439269.0,0.08,72.92,72.26,0.66,8,35.0,2.25,0.0,,0.1,-0.11
COZ21,2021,2,9,2021,2021-09-13,448074.0,0.07,73.51,72.9,0.61,9,34.0,2.0,-0.01,,0.1,-0.11
COZ21,2021,2,9,2021,2021-09-14,469087.0,0.05,73.6,72.97,0.63,10,33.0,4.69,-0.02,,0.1,-0.11
COZ21,2021,2,9,2021,2021-09-15,484143.0,0.05,75.46,74.78,0.68,11,32.0,3.21,0.0,,0.1,-0.11
COZ21,2021,2,9,2021,2021-09-16,499202.0,0.05,75.67,74.98,0.69,12,31.0,3.11,0.0,,0.1,-0.11
COZ21,2021,2,9,2021,2021-09-17,509755.0,0.08,75.34,74.56,0.78,13,30.0,2.11,0.03,,0.1,-0.11
COZ21,2021,2,9,2021,2021-09-20,514854.0,0.08,73.92,73.07,0.85,14,29.0,1.0,0.0,,0.1,-0.11
COZ21,2021,2,9,2021,2021-09-21,531592.0,0.08,74.36,73.57,0.79,15,28.0,3.25,0.0,,0.1,-0.11
COZ21,2021,2,9,2021,2021-09-22,561321.0,0.08,76.19,75.39,0.8,16,27.0,5.59,0.0,,0.1,-0.11
COZ21,2021,2,9,2021,2021-09-23,590759.0,0.06,77.25,76.46,0.79,17,26.0,5.24,-0.02,,0.1,-0.11
COZ21,2021,2,9,2021,2021-09-24,587133.0,0.07,78.09,77.23,0.86,18,25.0,-0.61,0.01,,0.1,-0.11
COZ21,2021,2,9,2021,2021-09-27,597888.0,0.06,79.53,78.72,0.81,19,24.0,1.83,-0.01,,0.1,-0.11
COZ21,2021,2,9,2021,2021-09-28,605574.0,0.05,79.09,78.35,0.74,20,23.0,1.29,-0.01,,0.1,-0.11
COZ21,2021,2,9,2021,2021-09-29,622998.0,0.02,78.64,78.09,0.55,21,22.0,2.88,-0.03,,0.1,-0.11
COZ21,2021,2,9,2021,2021-09-30,631672.0,0.01,78.52,78.31,0.21,22,21.0,1.39,-0.01,,0.1,-0.11
COZ21,2021,1,10,2021,2021-10-01,607001.0,-0.02,79.28,78.53,0.75,1,20.0,,,pre_roll,0.1,-0.11
COZ21,2021,1,10,2021,2021-10-04,601860.0,-0.01,81.26,80.48,0.78,2,19.0,-0.85,0.01,pre_roll,0.1,-0.11
COZ21,2021,1,10,2021,2021-10-05,597896.0,-0.05,82.56,81.83,0.73,3,18.0,-0.66,-0.04,pre_roll,0.1,-0.11
COZ21,2021,1,10,2021,2021-10-06,576779.0,-0.07,81.08,80.39,0.69,4,17.0,-3.53,-0.02,during_roll,0.1,-0.11
COZ21,2021,1,10,2021,2021-10-07,556054.0,-0.08,81.95,81.27,0.68,5,16.0,-3.59,-0.01,during_roll,0.1,-0.11
COZ21,2021,1,10,2021,2021-10-08,540673.0,-0.09,82.39,81.69,0.7,6,15.0,-2.77,-0.01,during_roll,0.1,-0.11
COZ21,2021,1,10,2021,2021-10-11,519045.0,-0.07,83.65,82.92,0.73,7,14.0,-4.0,0.02,during_roll,0.1,-0.11
COZ21,2021,1,10,2021,2021-10-12,497732.0,-0.08,83.42,82.73,0.69,8,13.0,-4.11,-0.01,during_roll,0.1,-0.11
COZ21,2021,1,10,2021,2021-10-13,480058.0,-0.11,83.18,82.56,0.62,9,12.0,-3.55,-0.03,during_roll,0.1,-0.11
COZ21,2021,1,10,2021,2021-10-14,454674.0,-0.12,84.0,83.34,0.66,10,11.0,-5.29,-0.01,during_roll,0.1,-0.11
COZ21,2021,1,10,2021,2021-10-15,430442.0,-0.14,84.86,84.15,0.71,11,10.0,-5.33,-0.02,during_roll,0.1,-0.11
COZ21,2021,1,10,2021,2021-10-18,393633.0,-0.15,84.33,83.66,0.67,12,9.0,-8.55,-0.01,during_roll,0.1,-0.11
COZ21,2021,1,10,2021,2021-10-19,374415.0,-0.15,85.08,84.36,0.72,13,8.0,-4.88,0.0,during_roll,0.1,-0.11
COZ21,2021,1,10,2021,2021-10-20,340601.0,-0.2,85.82,85.15,0.67,14,7.0,-9.03,-0.05,during_roll,0.1,-0.11
COZ21,2021,1,10,2021,2021-10-21,312232.0,-0.22,84.61,83.93,0.68,15,6.0,-8.33,-0.02,during_roll,0.1,-0.11
COZ21,2021,1,10,2021,2021-10-22,292309.0,-0.18,85.53,84.64,0.89,16,5.0,-6.38,0.04,during_roll,0.1,-0.11
COZ21,2021,1,10,2021,2021-10-25,255585.0,-0.26,85.99,85.17,0.82,17,4.0,-12.56,-0.08,during_roll,0.1,-0.11
COZ21,2021,1,10,2021,2021-10-26,180194.0,-0.38,86.4,85.65,0.75,18,3.0,-29.5,-0.12,during_roll,0.1,-0.11
COZ21,2021,1,10,2021,2021-10-27,136254.0,-0.4,84.58,83.87,0.71,19,2.0,-24.38,-0.02,during_roll,0.1,-0.11
COZ21,2021,1,10,2021,2021-10-28,65609.0,-0.44,84.32,83.66,0.66,20,1.0,-51.85,-0.04,during_roll,0.1,-0.11
COZ21,2021,1,10,2021,2021-10-29,59812.0,-0.51,84.38,83.72,0.66,21,0.0,-8.84,-0.07,during_roll,0.1,-0.11
COZ22,2022,3,8,2022,2022-08-01,241637.0,0.25,100.03,97.95,2.08,1,65.0,,,,3.51,0.54
COZ22,2022,3,8,2022,2022-08-02,239775.0,0.24,100.54,98.64,1.9,2,64.0,-0.77,-0.01,,3.51,0.54
COZ22,2022,3,8,2022,2022-08-03,240550.0,0.21,96.78,95.2,1.58,3,63.0,0.32,-0.03,,3.51,0.54
COZ22,2022,3,8,2022,2022-08-04,249539.0,0.26,94.12,92.5,1.62,4,62.0,3.74,0.05,,3.51,0.54
COZ22,2022,3,8,2022,2022-08-05,250540.0,0.28,94.92,93.18,1.74,5,61.0,0.4,0.02,,3.51,0.54
COZ22,2022,3,8,2022,2022-08-08,251788.0,0.25,96.65,95.12,1.53,6,60.0,0.5,-0.03,,3.51,0.54
COZ22,2022,3,8,2022,2022-08-09,248411.0,0.24,96.31,94.85,1.46,7,59.0,-1.34,-0.01,,3.51,0.54
COZ22,2022,3,8,2022,2022-08-10,258308.0,0.19,97.4,96.23,1.17,8,58.0,3.98,-0.05,,3.51,0.54
COZ22,2022,3,8,2022,2022-08-11,262528.0,0.16,99.6,98.3,1.3,9,57.0,1.63,-0.03,,3.51,0.54
COZ22,2022,3,8,2022,2022-08-12,271546.0,0.15,98.15,96.9,1.25,10,56.0,3.44,-0.01,,3.51,0.54
COZ22,2022,3,8,2022,2022-08-15,271492.0,0.11,95.1,94.28,0.82,11,55.0,-0.02,-0.04,,3.51,0.54
COZ22,2022,3,8,2022,2022-08-16,273050.0,0.04,92.34,91.74,0.6,12,54.0,0.57,-0.07,,3.51,0.54
COZ22,2022,3,8,2022,2022-08-17,282870.0,0.01,93.65,93.02,0.63,13,53.0,3.6,-0.03,,3.51,0.54
COZ22,2022,3,8,2022,2022-08-18,283483.0,0.11,96.59,95.76,0.83,14,52.0,0.22,0.1,,3.51,0.54
COZ22,2022,3,8,2022,2022-08-19,285920.0,0.08,96.72,96.09,0.63,15,51.0,0.86,-0.03,,3.51,0.54
COZ22,2022,3,8,2022,2022-08-22,295346.0,0.04,96.48,95.81,0.67,16,50.0,3.3,-0.04,,3.51,0.54
COZ22,2022,3,8,2022,2022-08-23,300158.0,0.05,100.22,99.17,1.05,17,49.0,1.63,0.01,,3.51,0.54
COZ22,2022,3,8,2022,2022-08-24,301445.0,0.01,101.22,100.34,0.88,18,48.0,0.43,-0.04,,3.51,0.54
COZ22,2022,3,8,2022,2022-08-25,298878.0,0.0,99.34,98.46,0.88,19,47.0,-0.85,-0.01,,3.51,0.54
COZ22,2022,3,8,2022,2022-08-26,297623.0,0.12,100.99,99.01,1.98,20,46.0,-0.42,0.12,,3.51,0.54
COZ22,2022,3,8,2022,2022-08-29,307314.0,0.19,105.09,102.93,2.16,21,45.0,3.26,0.07,,3.51,0.54
COZ22,2022,3,8,2022,2022-08-30,312272.0,0.02,99.31,97.84,1.47,22,44.0,1.61,-0.17,,3.51,0.54
COZ22,2022,3,8,2022,2022-08-31,317895.0,0.09,96.49,95.64,0.85,23,43.0,1.8,0.07,,3.51,0.54
COZ22,2022,2,9,2022,2022-09-01,325380.0,0.0,92.36,91.32,1.04,1,42.0,,,,3.51,0.54
COZ22,2022,2,9,2022,2022-09-02,322832.0,0.01,93.02,91.81,1.21,2,41.0,-0.78,0.01,,3.51,0.54
COZ22,2022,2,9,2022,2022-09-05,325318.0,0.03,95.74,94.4,1.34,3,40.0,0.77,0.02,,3.51,0.54
COZ22,2022,2,9,2022,2022-09-06,332032.0,-0.03,92.83,91.97,0.86,4,39.0,2.06,-0.06,,3.51,0.54
COZ22,2022,2,9,2022,2022-09-07,334936.0,0.02,88.0,87.21,0.79,5,38.0,0.87,0.05,,3.51,0.54
COZ22,2022,2,9,2022,2022-09-08,340497.0,0.05,89.15,88.25,0.9,6,37.0,1.66,0.03,,3.51,0.54
COZ22,2022,2,9,2022,2022-09-09,352015.0,0.2,92.84,91.71,1.13,7,36.0,3.38,0.15,,3.51,0.54
COZ22,2022,2,9,2022,2022-09-12,363238.0,0.18,94.0,92.93,1.07,8,35.0,3.19,-0.02,,3.51,0.54
COZ22,2022,2,9,2022,2022-09-13,380440.0,0.17,93.17,92.22,0.95,9,34.0,4.74,-0.01,,3.51,0.54
COZ22,2022,2,9,2022,2022-09-14,392346.0,0.14,94.1,93.12,0.98,10,33.0,3.13,-0.03,,3.51,0.54
COZ22,2022,2,9,2022,2022-09-15,390463.0,0.16,90.84,89.61,1.23,11,32.0,-0.48,0.02,,3.51,0.54
COZ22,2022,2,9,2022,2022-09-16,406585.0,0.16,91.35,90.05,1.3,12,31.0,4.13,0.0,,3.51,0.54
COZ22,2022,2,9,2022,2022-09-19,410487.0,0.14,92.0,90.66,1.34,13,30.0,0.96,-0.02,,3.51,0.54
COZ22,2022,2,9,2022,2022-09-20,417271.0,0.12,90.62,89.4,1.22,14,29.0,1.65,-0.02,,3.51,0.54
COZ22,2022,2,9,2022,2022-09-21,430316.0,0.08,89.83,88.8,1.03,15,28.0,3.13,-0.04,,3.51,0.54
COZ22,2022,2,9,2022,2022-09-22,440228.0,0.06,90.46,89.53,0.93,16,27.0,2.3,-0.02,,3.51,0.54
COZ22,2022,2,9,2022,2022-09-23,437514.0,0.17,86.15,85.03,1.12,17,26.0,-0.62,0.11,,3.51,0.54
COZ22,2022,2,9,2022,2022-09-26,431412.0,0.26,84.06,82.86,1.2,18,25.0,-1.39,0.09,,3.51,0.54
COZ22,2022,2,9,2022,2022-09-27,423281.0,0.29,86.27,84.87,1.4,19,24.0,-1.88,0.03,,3.51,0.54
COZ22,2022,2,9,2022,2022-09-28,437062.0,0.18,89.32,88.05,1.27,20,23.0,3.26,-0.11,,3.51,0.54
COZ22,2022,2,9,2022,2022-09-29,449059.0,0.13,88.49,87.18,1.31,21,22.0,2.74,-0.05,,3.51,0.54
COZ22,2022,2,9,2022,2022-09-30,453979.0,0.09,87.96,85.14,2.82,22,21.0,1.1,-0.04,,3.51,0.54
COZ22,2022,1,10,2022,2022-10-03,445420.0,0.2,88.86,86.94,1.92,1,20.0,,,pre_roll,3.51,0.54
COZ22,2022,1,10,2022,2022-10-04,445516.0,0.15,91.8,89.82,1.98,2,19.0,0.02,-0.05,pre_roll,3.51,0.54
COZ22,2022,1,10,2022,2022-10-05,437941.0,0.01,93.37,91.61,1.76,3,18.0,-1.7,-0.14,pre_roll,3.51,0.54
COZ22,2022,1,10,2022,2022-10-06,428432.0,0.03,94.42,92.67,1.75,4,17.0,-2.17,0.02,pre_roll,3.51,0.54
COZ22,2022,1,10,2022,2022-10-07,423722.0,0.06,97.92,95.89,2.03,5,16.0,-1.1,0.03,during_roll,3.51,0.54
COZ22,2022,1,10,2022,2022-10-10,406234.0,-0.04,96.19,94.36,1.83,6,15.0,-4.13,-0.1,during_roll,3.51,0.54
COZ22,2022,1,10,2022,2022-10-11,391739.0,0.01,94.29,92.49,1.8,7,14.0,-3.57,0.05,during_roll,3.51,0.54
COZ22,2022,1,10,2022,2022-10-12,376228.0,-0.03,92.45,90.82,1.63,8,13.0,-3.96,-0.04,during_roll,3.51,0.54
COZ22,2022,1,10,2022,2022-10-13,356533.0,-0.06,94.57,92.92,1.65,9,12.0,-5.23,-0.03,during_roll,3.51,0.54
COZ22,2022,1,10,2022,2022-10-14,345757.0,-0.16,91.63,90.15,1.48,10,11.0,-3.02,-0.1,during_roll,3.51,0.54
COZ22,2022,1,10,2022,2022-10-17,342522.0,-0.16,91.62,90.18,1.44,11,10.0,-0.94,0.0,during_roll,3.51,0.54
COZ22,2022,1,10,2022,2022-10-18,338211.0,-0.04,90.03,88.6,1.43,12,9.0,-1.26,0.12,during_roll,3.51,0.54
COZ22,2022,1,10,2022,2022-10-19,323850.0,0.14,92.41,90.56,1.85,13,8.0,-4.25,0.18,during_roll,3.51,0.54
COZ22,2022,1,10,2022,2022-10-20,300271.0,0.09,92.38,90.45,1.93,14,7.0,-7.28,-0.05,during_roll,3.51,0.54
COZ22,2022,1,10,2022,2022-10-21,274499.0,0.27,93.5,91.34,2.16,15,6.0,-8.58,0.18,during_roll,3.51,0.54
COZ22,2022,1,10,2022,2022-10-24,243484.0,0.27,93.26,91.21,2.05,16,5.0,-11.3,0.0,during_roll,3.51,0.54
COZ22,2022,1,10,2022,2022-10-25,227246.0,0.14,93.52,91.74,1.78,17,4.0,-6.67,-0.13,during_roll,3.51,0.54
COZ22,2022,1,10,2022,2022-10-26,181678.0,0.2,95.69,93.79,1.9,18,3.0,-20.05,0.06,during_roll,3.51,0.54
COZ22,2022,1,10,2022,2022-10-27,159072.0,0.13,96.96,95.04,1.92,19,2.0,-12.44,-0.07,during_roll,3.51,0.54
COZ22,2022,1,10,2022,2022-10-28,103996.0,0.09,95.77,93.77,2.0,20,1.0,-34.62,-0.04,during_roll,3.51,0.54
COZ22,2022,1,10,2022,2022-10-31,97204.0,0.23,94.83,92.81,2.02,21,0.0,-6.53,0.14,during_roll,3.51,0.54
COZ23,2023,3,8,2023,2023-08-01,316037.0,-0.01,84.91,84.47,0.44,1,65.0,,,,-0.35,-0.44
COZ23,2023,3,8,2023,2023-08-02,309377.0,0.0,83.2,82.81,0.39,2,64.0,-2.11,0.01,,-0.35,-0.44
COZ23,2023,3,8,2023,2023-08-03,308921.0,0.01,85.14,84.69,0.45,3,63.0,-0.15,0.01,,-0.35,-0.44
COZ23,2023,3,8,2023,2023-08-04,313421.0,0.01,86.24,85.78,0.46,4,62.0,1.46,0.0,,-0.35,-0.44
COZ23,2023,3,8,2023,2023-08-07,319041.0,0.0,85.34,84.94,0.4,5,61.0,1.79,-0.01,,-0.35,-0.44
COZ23,2023,3,8,2023,2023-08-08,325663.0,0.02,86.17,85.67,0.5,6,60.0,2.08,0.02,,-0.35,-0.44
COZ23,2023,3,8,2023,2023-08-09,325721.0,0.02,87.55,86.92,0.63,7,59.0,0.02,0.0,,-0.35,-0.44
COZ23,2023,3,8,2023,2023-08-10,330678.0,0.01,86.4,85.84,0.56,8,58.0,1.52,-0.01,,-0.35,-0.44
COZ23,2023,3,8,2023,2023-08-11,333121.0,0.02,86.81,86.14,0.67,9,57.0,0.74,0.01,,-0.35,-0.44
COZ23,2023,3,8,2023,2023-08-14,341251.0,0.03,86.21,85.51,0.7,10,56.0,2.44,0.01,,-0.35,-0.44
COZ23,2023,3,8,2023,2023-08-15,350016.0,0.03,84.89,84.28,0.61,11,55.0,2.57,0.0,,-0.35,-0.44
COZ23,2023,3,8,2023,2023-08-16,357518.0,0.03,83.45,83.02,0.43,12,54.0,2.14,0.0,,-0.35,-0.44
COZ23,2023,3,8,2023,2023-08-17,363608.0,0.03,84.12,83.67,0.45,13,53.0,1.7,0.0,,-0.35,-0.44
COZ23,2023,3,8,2023,2023-08-18,361646.0,0.02,84.8,84.36,0.44,14,52.0,-0.54,-0.01,,-0.35,-0.44
COZ23,2023,3,8,2023,2023-08-21,357040.0,0.01,84.46,84.09,0.37,15,51.0,-1.27,-0.01,,-0.35,-0.44
COZ23,2023,3,8,2023,2023-08-22,367242.0,-0.0,84.03,83.69,0.34,16,50.0,2.86,-0.01,,-0.35,-0.44
COZ23,2023,3,8,2023,2023-08-23,367978.0,-0.01,83.21,82.84,0.37,17,49.0,0.2,-0.01,,-0.35,-0.44
COZ23,2023,3,8,2023,2023-08-24,390977.0,-0.01,83.36,82.92,0.44,18,48.0,6.25,0.0,,-0.35,-0.44
COZ23,2023,3,8,2023,2023-08-25,392957.0,-0.01,84.48,83.95,0.53,19,47.0,0.51,0.0,,-0.35,-0.44
COZ23,2023,3,8,2023,2023-08-28,396115.0,0.0,84.42,83.87,0.55,20,46.0,0.8,0.01,,-0.35,-0.44
COZ23,2023,3,8,2023,2023-08-29,406786.0,0.01,85.49,84.91,0.58,21,45.0,2.69,0.01,,-0.35,-0.44
COZ23,2023,3,8,2023,2023-08-30,414837.0,-0.0,85.86,85.24,0.62,22,44.0,1.98,-0.01,,-0.35,-0.44
COZ23,2023,3,8,2023,2023-08-31,423406.0,0.02,86.86,86.83,0.03,23,43.0,2.07,0.02,,-0.35,-0.44
COZ23,2023,2,9,2023,2023-09-01,439544.0,0.03,88.55,87.8,0.75,1,42.0,,,,-0.35,-0.44
COZ23,2023,2,9,2023,2023-09-04,445748.0,0.04,89.0,88.25,0.75,2,41.0,1.41,0.01,,-0.35,-0.44
COZ23,2023,2,9,2023,2023-09-05,458823.0,0.01,90.04,89.35,0.69,3,40.0,2.93,-0.03,,-0.35,-0.44
COZ23,2023,2,9,2023,2023-09-06,466427.0,0.01,90.6,89.86,0.74,4,39.0,1.66,0.0,,-0.35,-0.44
COZ23,2023,2,9,2023,2023-09-07,467928.0,0.01,89.92,89.25,0.67,5,38.0,0.32,0.0,,-0.35,-0.44
COZ23,2023,2,9,2023,2023-09-08,467757.0,-0.02,90.65,90.03,0.62,6,37.0,-0.04,-0.03,,-0.35,-0.44
COZ23,2023,2,9,2023,2023-09-11,479903.0,-0.02,90.64,90.04,0.6,7,36.0,2.6,0.0,,-0.35,-0.44
COZ23,2023,2,9,2023,2023-09-12,474469.0,-0.01,92.06,91.33,0.73,8,35.0,-1.13,0.01,,-0.35,-0.44
COZ23,2023,2,9,2023,2023-09-13,476312.0,-0.01,91.88,91.2,0.68,9,34.0,0.39,0.0,,-0.35,-0.44
COZ23,2023,2,9,2023,2023-09-14,502790.0,-0.03,93.7,92.94,0.76,10,33.0,5.56,-0.02,,-0.35,-0.44
COZ23,2023,2,9,2023,2023-09-15,489054.0,0.0,93.93,93.04,0.89,11,32.0,-2.73,0.03,,-0.35,-0.44
COZ23,2023,2,9,2023,2023-09-18,492983.0,0.09,94.43,93.29,1.14,12,31.0,0.8,0.09,,-0.35,-0.44
COZ23,2023,2,9,2023,2023-09-19,531768.0,0.11,94.34,93.14,1.2,13,30.0,7.87,0.02,,-0.35,-0.44
COZ23,2023,2,9,2023,2023-09-20,559678.0,0.12,93.53,92.35,1.18,14,29.0,5.25,0.01,,-0.35,-0.44
COZ23,2023,2,9,2023,2023-09-21,588592.0,0.08,93.3,92.26,1.04,15,28.0,5.17,-0.04,,-0.35,-0.44
COZ23,2023,2,9,2023,2023-09-22,597314.0,0.14,93.27,91.96,1.31,16,27.0,1.48,0.06,,-0.35,-0.44
COZ23,2023,2,9,2023,2023-09-25,596731.0,0.14,93.29,91.88,1.41,17,26.0,-0.1,0.0,,-0.35,-0.44
COZ23,2023,2,9,2023,2023-09-26,600979.0,0.19,93.96,92.43,1.53,18,25.0,0.71,0.05,,-0.35,-0.44
COZ23,2023,2,9,2023,2023-09-27,618542.0,0.38,96.55,94.36,2.19,19,24.0,2.92,0.19,,-0.35,-0.44
COZ23,2023,2,9,2023,2023-09-28,626169.0,0.38,95.38,93.1,2.28,20,23.0,1.23,0.0,,-0.35,-0.44
COZ23,2023,2,9,2023,2023-09-29,619883.0,0.3,95.31,92.2,3.11,21,22.0,-1.0,-0.08,,-0.35,-0.44
COZ23,2023,1,10,2023,2023-10-02,587776.0,0.33,90.71,89.06,1.65,1,21.0,,,pre_roll,-0.35,-0.44
COZ23,2023,1,10,2023,2023-10-03,566138.0,0.37,90.92,89.19,1.73,2,20.0,-3.68,0.04,during_roll,-0.35,-0.44
COZ23,2023,1,10,2023,2023-10-04,543287.0,0.4,85.81,84.19,1.62,3,19.0,-4.04,0.03,during_roll,-0.35,-0.44
COZ23,2023,1,10,2023,2023-10-05,537381.0,0.48,84.07,82.64,1.43,4,18.0,-1.09,0.08,during_roll,-0.35,-0.44
COZ23,2023,1,10,2023,2023-10-06,520472.0,0.48,84.58,83.13,1.45,5,17.0,-3.15,0.0,during_roll,-0.35,-0.44
COZ23,2023,1,10,2023,2023-10-09,514726.0,0.48,88.15,86.5,1.65,6,16.0,-1.1,0.0,during_roll,-0.35,-0.44
COZ23,2023,1,10,2023,2023-10-10,498501.0,0.34,87.65,86.23,1.42,7,15.0,-3.15,-0.14,during_roll,-0.35,-0.44
COZ23,2023,1,10,2023,2023-10-11,490728.0,0.31,85.82,84.69,1.13,8,14.0,-1.56,-0.03,during_roll,-0.35,-0.44
COZ23,2023,1,10,2023,2023-10-12,476514.0,0.33,86.0,84.81,1.19,9,13.0,-2.9,0.02,during_roll,-0.35,-0.44
COZ23,2023,1,10,2023,2023-10-13,452773.0,0.45,90.89,89.34,1.55,10,12.0,-4.98,0.12,during_roll,-0.35,-0.44
COZ23,2023,1,10,2023,2023-10-16,436893.0,0.35,89.65,88.27,1.38,11,11.0,-3.51,-0.1,during_roll,-0.35,-0.44
COZ23,2023,1,10,2023,2023-10-17,413968.0,0.33,89.9,88.56,1.34,12,10.0,-5.25,-0.02,during_roll,-0.35,-0.44
COZ23,2023,1,10,2023,2023-10-18,390248.0,0.23,91.5,90.22,1.28,13,9.0,-5.73,-0.1,during_roll,-0.35,-0.44
COZ23,2023,1,10,2023,2023-10-19,371296.0,0.21,92.38,91.01,1.37,14,8.0,-4.86,-0.02,during_roll,-0.35,-0.44
COZ23,2023,1,10,2023,2023-10-20,348511.0,0.15,92.16,90.89,1.27,15,7.0,-6.14,-0.06,during_roll,-0.35,-0.44
COZ23,2023,1,10,2023,2023-10-23,316128.0,0.2,89.83,88.69,1.14,16,6.0,-9.29,0.05,during_roll,-0.35,-0.44
COZ23,2023,1,10,2023,2023-10-24,290783.0,0.12,88.07,87.16,0.91,17,5.0,-8.02,-0.08,during_roll,-0.35,-0.44
COZ23,2023,1,10,2023,2023-10-25,268549.0,0.16,90.13,89.12,1.01,18,4.0,-7.65,0.04,during_roll,-0.35,-0.44
COZ23,2023,1,10,2023,2023-10-26,206585.0,0.16,87.93,87.05,0.88,19,3.0,-23.07,0.0,during_roll,-0.35,-0.44
COZ23,2023,1,10,2023,2023-10-27,180425.0,0.41,90.48,89.2,1.28,20,2.0,-12.66,0.25,during_roll,-0.35,-0.44
COZ23,2023,1,10,2023,2023-10-30,136666.0,0.37,87.45,86.35,1.1,21,1.0,-24.25,-0.04,during_roll,-0.35,-0.44
COZ23,2023,1,10,2023,2023-10-31,132353.0,1.82,87.41,85.02,2.39,22,0.0,-3.16,1.45,during_roll,-0.35,-0.44
COZ24,2024,3,8,2024,2024-08-01,330268.0,0.06,79.52,78.95,0.57,1,65.0,,,,-0.73,-0.78
COZ24,2024,3,8,2024,2024-08-02,333224.0,0.07,76.81,76.27,0.54,2,64.0,0.9,0.01,,-0.73,-0.78
COZ24,2024,3,8,2024,2024-08-05,320989.0,0.04,76.3,75.96,0.34,3,63.0,-3.67,-0.03,,-0.73,-0.78
COZ24,2024,3,8,2024,2024-08-06,316016.0,0.05,76.48,76.03,0.45,4,62.0,-1.55,0.01,,-0.73,-0.78
COZ24,2024,3,8,2024,2024-08-07,330610.0,0.07,78.33,77.67,0.66,5,61.0,4.62,0.02,,-0.73,-0.78
COZ24,2024,3,8,2024,2024-08-08,327462.0,0.07,79.16,78.48,0.68,6,60.0,-0.95,0.0,,-0.73,-0.78
COZ24,2024,3,8,2024,2024-08-09,330326.0,0.08,79.66,78.92,0.74,7,59.0,0.87,0.01,,-0.73,-0.78
COZ24,2024,3,8,2024,2024-08-12,330679.0,0.08,82.3,81.38,0.92,8,58.0,0.11,0.0,,-0.73,-0.78
COZ24,2024,3,8,2024,2024-08-13,334331.0,0.07,80.69,79.93,0.76,9,57.0,1.1,-0.01,,-0.73,-0.78
COZ24,2024,3,8,2024,2024-08-14,330067.0,0.06,79.76,79.03,0.73,10,56.0,-1.28,-0.01,,-0.73,-0.78
COZ24,2024,3,8,2024,2024-08-15,335173.0,0.06,81.04,80.17,0.87,11,55.0,1.55,0.0,,-0.73,-0.78
COZ24,2024,3,8,2024,2024-08-16,349488.0,0.09,79.68,78.87,0.81,12,54.0,4.27,0.03,,-0.73,-0.78
COZ24,2024,3,8,2024,2024-08-19,355567.0,0.05,77.66,77.1,0.56,13,53.0,1.74,-0.04,,-0.73,-0.78
COZ24,2024,3,8,2024,2024-08-20,358914.0,0.06,77.2,76.58,0.62,14,52.0,0.94,0.01,,-0.73,-0.78
COZ24,2024,3,8,2024,2024-08-21,362798.0,0.06,76.05,75.5,0.55,15,51.0,1.08,0.0,,-0.73,-0.78
COZ24,2024,3,8,2024,2024-08-22,360397.0,0.11,77.22,76.55,0.67,16,50.0,-0.66,0.05,,-0.73,-0.78
COZ24,2024,3,8,2024,2024-08-23,360558.0,0.12,79.02,78.15,0.87,17,49.0,0.04,0.01,,-0.73,-0.78
COZ24,2024,3,8,2024,2024-08-26,360931.0,0.17,81.43,80.36,1.07,18,48.0,0.1,0.05,,-0.73,-0.78
COZ24,2024,3,8,2024,2024-08-27,375475.0,0.16,79.55,78.66,0.89,19,47.0,4.03,-0.01,,-0.73,-0.78
COZ24,2024,3,8,2024,2024-08-28,380763.0,0.17,78.65,77.58,1.07,20,46.0,1.41,0.01,,-0.73,-0.78
COZ24,2024,3,8,2024,2024-08-29,396856.0,0.18,79.94,78.82,1.12,21,45.0,4.23,0.01,,-0.73,-0.78
COZ24,2024,3,8,2024,2024-08-30,405390.0,0.18,78.8,76.93,1.87,22,44.0,2.15,0.0,,-0.73,-0.78
COZ24,2024,2,9,2024,2024-09-02,406776.0,0.19,77.52,76.73,0.79,1,43.0,,,,-0.73,-0.78
COZ24,2024,2,9,2024,2024-09-03,403918.0,0.09,73.75,73.3,0.45,2,42.0,-0.7,-0.1,,-0.73,-0.78
COZ24,2024,2,9,2024,2024-09-04,406347.0,0.08,72.7,72.28,0.42,3,41.0,0.6,-0.01,,-0.73,-0.78
COZ24,2024,2,9,2024,2024-09-05,421676.0,0.09,72.69,72.33,0.36,4,40.0,3.77,0.01,,-0.73,-0.78
COZ24,2024,2,9,2024,2024-09-06,420817.0,0.1,71.06,70.71,0.35,5,39.0,-0.2,0.01,,-0.73,-0.78
COZ24,2024,2,9,2024,2024-09-09,433466.0,0.15,71.84,71.36,0.48,6,38.0,3.01,0.05,,-0.73,-0.78
COZ24,2024,2,9,2024,2024-09-10,452243.0,0.15,69.19,68.83,0.36,7,37.0,4.33,0.0,,-0.73,-0.78
COZ24,2024,2,9,2024,2024-09-11,473433.0,0.2,70.61,70.17,0.44,8,36.0,4.69,0.05,,-0.73,-0.78
COZ24,2024,2,9,2024,2024-09-12,481103.0,0.18,71.97,71.43,0.54,9,35.0,1.62,-0.02,,-0.73,-0.78
COZ24,2024,2,9,2024,2024-09-13,494577.0,0.19,71.61,71.05,0.56,10,34.0,2.8,0.01,,-0.73,-0.78
COZ24,2024,2,9,2024,2024-09-16,495141.0,0.18,72.75,72.15,0.6,11,33.0,0.11,-0.01,,-0.73,-0.78
COZ24,2024,2,9,2024,2024-09-17,499357.0,0.18,73.7,73.01,0.69,12,32.0,0.85,0.0,,-0.73,-0.78
COZ24,2024,2,9,2024,2024-09-18,509849.0,0.2,73.65,72.88,0.77,13,31.0,2.1,0.02,,-0.73,-0.78
COZ24,2024,2,9,2024,2024-09-19,504176.0,0.21,74.88,74.01,0.87,14,30.0,-1.11,0.01,,-0.73,-0.78
COZ24,2024,2,9,2024,2024-09-20,506487.0,0.19,74.49,73.69,0.8,15,29.0,0.46,-0.02,,-0.73,-0.78
COZ24,2024,2,9,2024,2024-09-23,511046.0,0.15,73.9,73.21,0.69,16,28.0,0.9,-0.04,,-0.73,-0.78
COZ24,2024,2,9,2024,2024-09-24,510132.0,0.15,75.17,74.47,0.7,17,27.0,-0.18,0.0,,-0.73,-0.78
COZ24,2024,2,9,2024,2024-09-25,513874.0,0.13,73.46,72.9,0.56,18,26.0,0.73,-0.02,,-0.73,-0.78
COZ24,2024,2,9,2024,2024-09-26,531752.0,0.15,71.6,71.09,0.51,19,25.0,3.48,0.02,,-0.73,-0.78
COZ24,2024,2,9,2024,2024-09-27,542204.0,0.13,71.98,71.54,0.44,20,24.0,1.97,-0.02,,-0.73,-0.78
COZ24,2024,2,9,2024,2024-09-30,533238.0,0.06,71.77,71.7,0.07,21,23.0,-1.65,-0.07,,-0.73,-0.78
COZ24,2024,1,10,2024,2024-10-01,522919.0,0.1,73.56,73.21,0.35,1,22.0,,,pre_roll,-0.73,-0.78
COZ24,2024,1,10,2024,2024-10-02,498984.0,0.08,73.9,73.54,0.36,2,21.0,-4.58,-0.02,during_roll,-0.73,-0.78
COZ24,2024,1,10,2024,2024-10-03,499394.0,0.1,77.62,77.11,0.51,3,20.0,0.08,0.02,during_roll,-0.73,-0.78
COZ24,2024,1,10,2024,2024-10-04,501612.0,0.08,78.05,77.43,0.62,4,19.0,0.44,-0.02,during_roll,-0.73,-0.78
COZ24,2024,1,10,2024,2024-10-07,490277.0,0.05,80.93,80.35,0.58,5,18.0,-2.26,-0.03,post_roll,-0.73,-0.78
COZ24,2024,1,10,2024,2024-10-08,449823.0,0.02,77.18,76.79,0.39,6,17.0,-8.25,-0.03,during_roll,-0.73,-0.78
COZ24,2024,1,10,2024,2024-10-09,423738.0,0.05,76.58,76.13,0.45,7,16.0,-5.8,0.03,during_roll,-0.73,-0.78
COZ24,2024,1,10,2024,2024-10-10,414294.0,0.03,79.4,78.86,0.54,8,15.0,-2.23,-0.02,during_roll,-0.73,-0.78
COZ24,2024,1,10,2024,2024-10-11,388317.0,-0.01,79.04,78.6,0.44,9,14.0,-6.27,-0.04,during_roll,-0.73,-0.78
COZ24,2024,1,10,2024,2024-10-14,379872.0,-0.0,77.46,77.09,0.37,10,13.0,-2.17,0.01,during_roll,-0.73,-0.78
COZ24,2024,1,10,2024,2024-10-15,361977.0,0.04,74.25,73.88,0.37,11,12.0,-4.71,0.04,during_roll,-0.73,-0.78
COZ24,2024,1,10,2024,2024-10-16,367495.0,0.04,74.22,73.79,0.43,12,11.0,1.52,0.0,during_roll,-0.73,-0.78
COZ24,2024,1,10,2024,2024-10-17,363746.0,0.08,74.45,73.98,0.47,13,10.0,-1.02,0.04,during_roll,-0.73,-0.78
COZ24,2024,1,10,2024,2024-10-18,363773.0,0.04,73.06,72.68,0.38,14,9.0,0.01,-0.04,post_roll,-0.73,-0.78
COZ24,2024,1,10,2024,2024-10-21,340692.0,0.0,74.29,73.92,0.37,15,8.0,-6.34,-0.04,during_roll,-0.73,-0.78
COZ24,2024,1,10,2024,2024-10-22,315060.0,-0.02,76.04,75.62,0.42,16,7.0,-7.52,-0.02,during_roll,-0.73,-0.78
COZ24,2024,1,10,2024,2024-10-23,286390.0,-0.0,74.96,74.56,0.4,17,6.0,-9.1,0.02,during_roll,-0.73,-0.78
COZ24,2024,1,10,2024,2024-10-24,254522.0,-0.02,74.38,74.03,0.35,18,5.0,-11.13,-0.02,during_roll,-0.73,-0.78
COZ24,2024,1,10,2024,2024-10-25,231746.0,0.0,76.05,75.63,0.42,19,4.0,-8.95,0.02,during_roll,-0.73,-0.78
COZ24,2024,1,10,2024,2024-10-28,180299.0,0.08,71.42,71.0,0.42,20,3.0,-22.2,0.08,during_roll,-0.73,-0.78
COZ24,2024,1,10,2024,2024-10-29,148378.0,0.05,71.12,70.73,0.39,21,2.0,-17.7,-0.03,during_roll,-0.73,-0.78
COZ24,2024,1,10,2024,2024-10-30,119068.0,0.02,72.55,72.16,0.39,22,1.0,-19.75,-0.03,during_roll,-0.73,-0.78
COZ24,2024,1,10,2024,2024-10-31,,-0.01,73.16,72.81,0.35,23,0.0,0.0,-0.03,during_roll,-0.73,-0.78
COZ25,2025,3,8,2025,2025-08-01,324727.0,0.17,69.67,68.76,0.91,1,65.0,,,,-0.07,0.02
COZ25,2025,3,8,2025,2025-08-04,318225.0,0.12,68.76,68.01,0.75,2,64.0,-2.0,-0.05,,-0.07,0.02
COZ25,2025,3,8,2025,2025-08-05,315929.0,0.12,67.64,66.97,0.67,3,63.0,-0.72,0.0,,-0.07,0.02
COZ25,2025,3,8,2025,2025-08-06,320542.0,0.11,66.89,66.27,0.62,4,62.0,1.46,-0.01,,-0.07,0.02
COZ25,2025,3,8,2025,2025-08-07,333786.0,0.1,66.43,65.9,0.53,5,61.0,4.13,-0.01,,-0.07,0.02
COZ25,2025,3,8,2025,2025-08-08,340421.0,0.1,66.59,65.92,0.67,6,60.0,1.99,0.0,,-0.07,0.02
COZ25,2025,3,8,2025,2025-08-11,342990.0,0.09,66.63,66.06,0.57,7,59.0,0.75,-0.01,,-0.07,0.02
COZ25,2025,3,8,2025,2025-08-12,348798.0,0.09,66.12,65.62,0.5,8,58.0,1.69,0.0,,-0.07,0.02
COZ25,2025,3,8,2025,2025-08-13,365892.0,0.1,65.63,65.15,0.48,9,57.0,4.9,0.01,,-0.07,0.02
COZ25,2025,3,8,2025,2025-08-14,371803.0,0.12,66.84,66.16,0.68,10,56.0,1.62,0.02,,-0.07,0.02
COZ25,2025,3,8,2025,2025-08-15,372161.0,0.11,65.85,65.3,0.55,11,55.0,0.1,-0.01,,-0.07,0.02
COZ25,2025,3,8,2025,2025-08-18,380514.0,0.1,66.6,66.01,0.59,12,54.0,2.24,-0.01,,-0.07,0.02
COZ25,2025,3,8,2025,2025-08-19,385270.0,0.11,65.79,65.3,0.49,13,53.0,1.25,0.01,,-0.07,0.02
COZ25,2025,3,8,2025,2025-08-20,388807.0,0.1,66.84,66.31,0.53,14,52.0,0.92,-0.01,,-0.07,0.02
COZ25,2025,3,8,2025,2025-08-21,391851.0,0.13,67.67,67.12,0.55,15,51.0,0.78,0.03,,-0.07,0.02
COZ25,2025,3,8,2025,2025-08-22,406576.0,0.12,67.73,67.22,0.51,16,50.0,3.76,-0.01,,-0.07,0.02
COZ25,2025,3,8,2025,2025-08-25,416378.0,0.11,68.8,68.22,0.58,17,49.0,2.41,-0.01,,-0.07,0.02
COZ25,2025,3,8,2025,2025-08-26,433429.0,0.11,67.22,66.7,0.52,18,48.0,4.1,0.0,,-0.07,0.02
COZ25,2025,3,8,2025,2025-08-27,452052.0,0.13,68.05,67.44,0.61,19,47.0,4.3,0.02,,-0.07,0.02
COZ25,2025,3,8,2025,2025-08-28,462459.0,0.14,68.62,67.98,0.64,20,46.0,2.3,0.01,,-0.07,0.02
COZ25,2025,3,8,2025,2025-08-29,467706.0,0.16,68.12,67.48,0.64,21,45.0,1.13,0.02,,-0.07,0.02
COZ25,2025,2,9,2025,2025-09-01,473890.0,0.18,68.15,67.52,0.63,1,44.0,,,,-0.07,0.02
COZ25,2025,2,9,2025,2025-09-02,469914.0,0.15,69.14,68.59,0.55,2,43.0,-0.84,-0.03,,-0.07,0.02
COZ25,2025,2,9,2025,2025-09-03,468229.0,0.12,67.6,67.16,0.44,3,42.0,-0.36,-0.03,,-0.07,0.02
COZ25,2025,2,9,2025,2025-09-04,478841.0,0.1,66.99,66.53,0.46,4,41.0,2.27,-0.02,,-0.07,0.02
COZ25,2025,2,9,2025,2025-09-05,492267.0,0.1,65.5,65.11,0.39,5,40.0,2.8,0.0,,-0.07,0.02
COZ25,2025,2,9,2025,2025-09-08,499296.0,0.1,66.02,65.67,0.35,6,39.0,1.43,0.0,,-0.07,0.02
COZ25,2025,2,9,2025,2025-09-09,514018.0,0.07,66.39,66.11,0.28,7,38.0,2.95,-0.03,,-0.07,0.02
COZ25,2025,2,9,2025,2025-09-10,526192.0,0.08,67.49,67.16,0.33,8,37.0,2.37,0.01,,-0.07,0.02
COZ25,2025,2,9,2025,2025-09-11,531509.0,0.09,66.37,66.01,0.36,9,36.0,1.01,0.01,,-0.07,0.02
COZ25,2025,2,9,2025,2025-09-12,550859.0,0.15,66.99,66.54,0.45,10,35.0,3.64,0.06,,-0.07,0.02
COZ25,2025,2,9,2025,2025-09-15,575890.0,0.12,67.44,67.04,0.4,11,34.0,4.54,-0.03,,-0.07,0.02
COZ25,2025,2,9,2025,2025-09-16,593877.0,0.12,68.47,68.01,0.46,12,33.0,3.12,0.0,,-0.07,0.02
COZ25,2025,2,9,2025,2025-09-17,613473.0,0.1,67.95,67.46,0.49,13,32.0,3.3,-0.02,,-0.07,0.02
COZ25,2025,2,9,2025,2025-09-18,628348.0,0.12,67.44,66.92,0.52,14,31.0,2.42,0.02,,-0.07,0.02
COZ25,2025,2,9,2025,2025-09-19,646665.0,0.17,66.68,66.04,0.64,15,30.0,2.92,0.05,,-0.07,0.02
COZ25,2025,2,9,2025,2025-09-22,666031.0,0.17,66.57,65.97,0.6,16,29.0,2.99,0.0,,-0.07,0.02
COZ25,2025,2,9,2025,2025-09-23,670189.0,0.16,67.63,66.97,0.66,17,28.0,0.62,-0.01,,-0.07,0.02
COZ25,2025,2,9,2025,2025-09-24,680653.0,0.16,69.31,68.46,0.85,18,27.0,1.56,0.0,,-0.07,0.02
COZ25,2025,2,9,2025,2025-09-25,678545.0,0.16,69.42,68.58,0.84,19,26.0,-0.31,0.0,,-0.07,0.02
COZ25,2025,2,9,2025,2025-09-26,686188.0,0.15,70.13,69.22,0.91,20,25.0,1.13,-0.01,,-0.07,0.02
COZ25,2025,2,9,2025,2025-09-29,682794.0,0.1,67.97,67.09,0.88,21,24.0,-0.49,-0.05,,-0.07,0.02
COZ25,2025,2,9,2025,2025-09-30,680064.0,0.11,67.02,66.03,0.99,22,23.0,-0.4,0.01,,-0.07,0.02
COZ25,2025,1,10,2025,2025-10-01,671059.0,0.1,65.35,65.0,0.35,1,22.0,,,pre_roll,-0.07,0.02
COZ25,2025,1,10,2025,2025-10-02,629595.0,0.12,64.11,63.81,0.3,2,21.0,-6.18,0.02,during_roll,-0.07,0.02
COZ25,2025,1,10,2025,2025-10-03,624501.0,0.15,64.53,64.16,0.37,3,20.0,-0.81,0.03,during_roll,-0.07,0.02
COZ25,2025,1,10,2025,2025-10-06,600835.0,0.15,65.47,65.07,0.4,4,19.0,-3.79,0.0,during_roll,-0.07,0.02
COZ25,2025,1,10,2025,2025-10-07,576876.0,0.19,65.45,64.94,0.51,5,18.0,-3.99,0.04,during_roll,-0.07,0.02
COZ25,2025,1,10,2025,2025-10-08,539713.0,0.22,66.25,65.68,0.57,6,17.0,-6.44,0.03,during_roll,-0.07,0.02
COZ25,2025,1,10,2025,2025-10-09,513554.0,0.19,65.22,64.74,0.48,7,16.0,-4.85,-0.03,during_roll,-0.07,0.02
COZ25,2025,1,10,2025,2025-10-10,503064.0,0.23,62.73,62.28,0.45,8,15.0,-2.04,0.04,during_roll,-0.07,0.02
COZ25,2025,1,10,2025,2025-10-13,472954.0,0.19,63.32,62.94,0.38,9,14.0,-5.99,-0.04,during_roll,-0.07,0.02
COZ25,2025,1,10,2025,2025-10-14,459362.0,0.21,62.39,62.02,0.37,10,13.0,-2.87,0.02,during_roll,-0.07,0.02
COZ25,2025,1,10,2025,2025-10-15,443143.0,0.16,61.91,61.63,0.28,11,12.0,-3.53,-0.05,during_roll,-0.07,0.02
COZ25,2025,1,10,2025,2025-10-16,435010.0,0.15,61.06,60.79,0.27,12,11.0,-1.84,-0.01,during_roll,-0.07,0.02
COZ25,2025,1,10,2025,2025-10-17,409794.0,0.13,61.29,61.1,0.19,13,10.0,-5.8,-0.02,during_roll,-0.07,0.02
COZ25,2025,1,10,2025,2025-10-20,396351.0,0.11,61.01,60.88,0.13,14,9.0,-3.28,-0.02,during_roll,-0.07,0.02
COZ25,2025,1,10,2025,2025-10-21,353291.0,0.2,61.32,61.03,0.29,15,8.0,-10.86,0.09,during_roll,-0.07,0.02
COZ25,2025,1,10,2025,2025-10-22,327481.0,0.2,62.59,62.23,0.36,16,7.0,-7.31,0.0,during_roll,-0.07,0.02
COZ25,2025,1,10,2025,2025-10-23,298388.0,0.08,65.99,65.29,0.7,17,6.0,-8.88,-0.12,during_roll,-0.07,0.02
COZ25,2025,1,10,2025,2025-10-24,275357.0,0.11,65.94,65.2,0.74,18,5.0,-7.72,0.03,during_roll,-0.07,0.02
COZ25,2025,1,10,2025,2025-10-27,241409.0,0.14,65.62,64.9,0.72,19,4.0,-12.33,0.03,during_roll,-0.07,0.02
COZ25,2025,1,10,2025,2025-10-28,202863.0,0.19,64.4,63.83,0.57,20,3.0,-15.97,0.05,during_roll,-0.07,0.02
COZ25,2025,1,10,2025,2025-10-29,176424.0,0.17,64.92,64.32,0.6,21,2.0,-13.03,-0.02,during_roll,-0.07,0.02
COZ25,2025,1,10,2025,2025-10-30,127903.0,0.15,65.0,64.37,0.63,22,1.0,-27.5,-0.02,during_roll,-0.07,0.02
COZ25,2025,1,10,2025,2025-10-31,121560.0,-0.27,65.07,64.77,0.3,23,0.0,-4.96,-0.42,during_roll,-0.07,0.02
